concept_id,taxonomy,concept_name,label,description
dei:EntityCommonStockSharesOutstanding,dei,EntityCommonStockSharesOutstanding,"Entity Common Stock, Shares Outstanding","Indicate number of shares or other units outstanding of each of registrant's classes of capital or common stock or other ownership interests, if and as stated on cover of related periodic report. Where multiple classes or units exist define each class/interest by adding class of stock items such as Common Class A [Member], Common Class B [Member] or Partnership Interest [Member] onto the Instrument [Domain] of the Entity Listings, Instrument."
dei:EntityListingParValuePerShare,dei,EntityListingParValuePerShare,"Entity Listing, Par Value Per Share",The par value per share of security quoted in same currency as Trading currency. Example: '0.01'.
dei:EntityPublicFloat,dei,EntityPublicFloat,Entity Public Float,"The aggregate market value of the voting and non-voting common equity held by non-affiliates computed by reference to the price at which the common equity was last sold, or the average bid and asked price of such common equity, as of the last business day of the registrant's most recently completed second fiscal quarter."
ecd:CoSelectedMeasureAmt,ecd,CoSelectedMeasureAmt,,
ecd:NonPeoNeoAvgCompActuallyPaidAmt,ecd,NonPeoNeoAvgCompActuallyPaidAmt,,
ecd:NonPeoNeoAvgTotalCompAmt,ecd,NonPeoNeoAvgTotalCompAmt,,
ecd:PeerGroupTotalShareholderRtnAmt,ecd,PeerGroupTotalShareholderRtnAmt,,
ecd:PeoActuallyPaidCompAmt,ecd,PeoActuallyPaidCompAmt,,
ecd:PeoTotalCompAmt,ecd,PeoTotalCompAmt,,
ecd:TotalShareholderRtnAmt,ecd,TotalShareholderRtnAmt,,
ffd:NetFeeAmt,ffd,NetFeeAmt,,
ffd:NrrtvMaxAggtOfferingPric,ffd,NrrtvMaxAggtOfferingPric,,
ffd:TtlFeeAmt,ffd,TtlFeeAmt,,
ffd:TtlOfferingAmt,ffd,TtlOfferingAmt,,
ffd:TtlOffsetAmt,ffd,TtlOffsetAmt,,
ffd:TtlPrevslyPdAmt,ffd,TtlPrevslyPdAmt,,
invest:DerivativeNotionalAmount,invest,DerivativeNotionalAmount,"Derivative, Notional Amount",Aggregate notional amount specified by the derivative(s). Expressed as an absolute value.
srt:PayablesToBrokerDealersAndClearingOrganizations,srt,PayablesToBrokerDealersAndClearingOrganizations,"Broker-Dealer, Payable to Other Broker-Dealer and Clearing Organization","Amount payable to other broker-dealer and clearing organization, including, but not limited to, security failed-to-receive, deposit received for security loaned, open transaction, and floor-brokerage payable."
srt:StockRepurchaseProgramAuthorizedAmount1,srt,StockRepurchaseProgramAuthorizedAmount1,,
us-gaap:AcceleratedShareRepurchaseProgramAdjustment,us-gaap,AcceleratedShareRepurchaseProgramAdjustment,"Accelerated Share Repurchase Program, Adjustment","The amount needed to adjust previously recorded stockholders' equity balances to the actual aggregate amounts paid, whether in cash or other consideration, to acquire all of the shares purchased under an Accelerated Share Repurchase arrangement."
us-gaap:AcceleratedShareRepurchasesFinalPricePaidPerShare,us-gaap,AcceleratedShareRepurchasesFinalPricePaidPerShare,"Accelerated Share Repurchases, Final Price Paid Per Share","Final price paid per share for the purchase of the targeted number of shares, determined by an average market price over a fixed period of time."
us-gaap:AcceleratedShareRepurchasesSettlementPaymentOrReceipt,us-gaap,AcceleratedShareRepurchasesSettlementPaymentOrReceipt,"Accelerated Share Repurchases, Settlement (Payment) or Receipt",Amount of cash receipt from (payment to) bank; or stock received from (issuance to) bank in the settlement of the accelerated share repurchase agreement.
us-gaap:AccountsAndFinancingReceivableAllowanceForCreditLoss,us-gaap,AccountsAndFinancingReceivableAllowanceForCreditLoss,"Accounts and Financing Receivable, Allowance for Credit Loss","Amount of allowance for credit loss of accounts and financing receivables. Includes, but is not limited to, notes and loan receivable."
us-gaap:AccountsAndNotesReceivableNet,us-gaap,AccountsAndNotesReceivableNet,"Accounts and Financing Receivable, after Allowance for Credit Loss","Amount, after allowance for credit loss, of accounts and financing receivable. Includes, but is not limited to, notes and loan receivable."
us-gaap:AccountsNotesAndLoansReceivableNetCurrent,us-gaap,AccountsNotesAndLoansReceivableNetCurrent,"Accounts and Financing Receivable, after Allowance for Credit Loss, Current","Amount, after allowance for credit loss, of accounts and financing receivables, classified as current. Includes, but is not limited to, notes and loan receivable."
us-gaap:AccountsPayable,us-gaap,AccountsPayable,Accounts Payable (Deprecated 2009-01-31),"Carrying value as of the balance sheet date of liabilities incurred (and for which invoices have typically been received) and payable to vendors for goods and services received that are used in an entity's business. For classified balance sheets, used to reflect the current portion of the liabilities (due within one year or within the normal operating cycle if longer); for unclassified balance sheets, used to reflect the total liabilities (regardless of due date)."
us-gaap:AccountsPayableAndAccruedLiabilities,us-gaap,AccountsPayableAndAccruedLiabilities,Accounts Payable and Accrued Liabilities (Deprecated 2009-01-31),"Carrying value as of the balance sheet date of obligations incurred and payable. pertaining to goods and services received from vendors; and for costs that are statutory in nature, are incurred in connection with contractual obligations, or accumulate over time and for which invoices have not yet been received or will not be rendered. Examples include taxes, interest, rent, salaries and benefits, and utilities. For classified balance sheets, used to reflect the current portion of the liabilities (due within one year or within the normal operating cycle if longer); for unclassified balance sheets, used to reflect the total liabilities (regardless of due date)."
us-gaap:AccountsPayableAndAccruedLiabilitiesCurrent,us-gaap,AccountsPayableAndAccruedLiabilitiesCurrent,"Accounts Payable and Accrued Liabilities, Current","Sum of the carrying values as of the balance sheet date of obligations incurred through that date and due within one year (or the operating cycle, if longer), including liabilities incurred (and for which invoices have typically been received) and payable to vendors for goods and services received, taxes, interest, rent and utilities, accrued salaries and bonuses, payroll taxes and fringe benefits."
us-gaap:AccountsPayableAndAccruedLiabilitiesCurrentAndNoncurrent,us-gaap,AccountsPayableAndAccruedLiabilitiesCurrentAndNoncurrent,Accounts Payable and Accrued Liabilities,"Sum of the carrying values as of the balance sheet date of obligations incurred through that date, including liabilities incurred and payable to vendors for goods and services received, taxes, interest, rent and utilities, compensation costs, payroll taxes and fringe benefits (other than pension and postretirement obligations), contractual rights and obligations, and statutory obligations."
us-gaap:AccountsPayableAndOtherAccruedLiabilities,us-gaap,AccountsPayableAndOtherAccruedLiabilities,Accounts Payable and Other Accrued Liabilities,"Amount of liabilities incurred and payable to vendors for goods and services received, and accrued liabilities classified as other."
us-gaap:AccountsPayableCurrent,us-gaap,AccountsPayableCurrent,"Accounts Payable, Current",Carrying value as of the balance sheet date of liabilities incurred (and for which invoices have typically been received) and payable to vendors for goods and services received that are used in an entity's business. Used to reflect the current portion of the liabilities (due within one year or within the normal operating cycle if longer).
us-gaap:AccountsPayableOtherCurrent,us-gaap,AccountsPayableOtherCurrent,"Accounts Payable, Other, Current","Amount of obligations incurred classified as other, payable within one year or the normal operating cycle, if longer."
us-gaap:AccountsPayableTradeCurrent,us-gaap,AccountsPayableTradeCurrent,"Accounts Payable, Trade, Current",Carrying value as of the balance sheet date of obligations incurred (and for which invoices have typically been received) and payable to vendors for goods and services received that are used in an entity's business. Used to reflect the current portion of the liabilities (due within one year or within the normal operating cycle if longer).
us-gaap:AccountsReceivableChangeInMethodCreditLossExpenseReversal,us-gaap,AccountsReceivableChangeInMethodCreditLossExpenseReversal,"Accounts Receivable, Change in Method, Credit Loss Expense (Reversal)",Amount of expense (reversal of expense) for expected credit loss on accounts receivable from change in methodology.
us-gaap:AccountsReceivableNet,us-gaap,AccountsReceivableNet,"Accounts Receivable, after Allowance for Credit Loss","Amount, after allowance for credit loss, of right to consideration from customer for product sold and service rendered in normal course of business."
us-gaap:AccountsReceivableNetCurrent,us-gaap,AccountsReceivableNetCurrent,"Accounts Receivable, after Allowance for Credit Loss, Current","Amount, after allowance for credit loss, of right to consideration from customer for product sold and service rendered in normal course of business, classified as current."
us-gaap:AccountsReceivableNetNoncurrent,us-gaap,AccountsReceivableNetNoncurrent,"Accounts Receivable, after Allowance for Credit Loss, Noncurrent","Amount, after allowance for credit loss, of right to consideration from customer for product sold and service rendered in normal course of business, classified as noncurrent."
us-gaap:AccretionAmortizationOfDiscountsAndPremiumsInvestments,us-gaap,AccretionAmortizationOfDiscountsAndPremiumsInvestments,"Accretion (Amortization) of Discounts and Premiums, Investments","The sum of the periodic adjustments of the differences between securities' face values and purchase prices that are charged against earnings. This is called accretion if the security was purchased at a discount and amortization if it was purchased at premium. As a noncash item, this element is an adjustment to net income when calculating cash provided by or used in operations using the indirect method."
us-gaap:AccrualForEnvironmentalLossContingencies,us-gaap,AccrualForEnvironmentalLossContingencies,Accrual for Environmental Loss Contingencies,Total costs accrued as of the balance sheet date for environmental loss contingencies.
us-gaap:AccrualForEnvironmentalLossContingenciesPayments,us-gaap,AccrualForEnvironmentalLossContingenciesPayments,"Accrual for Environmental Loss Contingencies, Payments (Deprecated 2016-01-31)",The aggregate amount disbursed during the reporting period to settle environmental loss contingencies.
us-gaap:AccrualForTaxesOtherThanIncomeTaxesCurrent,us-gaap,AccrualForTaxesOtherThanIncomeTaxesCurrent,"Accrual for Taxes Other than Income Taxes, Current",Carrying value as of the balance sheet date of obligations incurred and payable for real and property taxes. Used to reflect the current portion of the liabilities (due within one year or within the normal operating cycle if longer).
us-gaap:AccrualForTaxesOtherThanIncomeTaxesCurrentAndNoncurrent,us-gaap,AccrualForTaxesOtherThanIncomeTaxesCurrentAndNoncurrent,Accrual for Taxes Other than Income Taxes,Carrying value as of the balance sheet date of obligations incurred and payable for real and property taxes.
us-gaap:AccruedEnvironmentalLossContingenciesCurrent,us-gaap,AccruedEnvironmentalLossContingenciesCurrent,"Accrued Environmental Loss Contingencies, Current","Carrying value of the obligation (known or estimated) arising from requirements to perform activities to remediate one or more sites, payable in twelve months or in the next operating cycle if longer."
us-gaap:AccruedEnvironmentalLossContingenciesNoncurrent,us-gaap,AccruedEnvironmentalLossContingenciesNoncurrent,"Accrued Environmental Loss Contingencies, Noncurrent","Carrying value of the obligation (known or estimated) arising from requirements to perform activities to remediate one or more sites, payable after twelve months or beyond the next operating cycle if longer."
us-gaap:AccruedIncomeTaxesCurrent,us-gaap,AccruedIncomeTaxesCurrent,"Accrued Income Taxes, Current",Carrying amount as of the balance sheet date of the unpaid sum of the known and estimated amounts payable to satisfy all currently due domestic and foreign income tax obligations.
us-gaap:AccruedIncomeTaxesNoncurrent,us-gaap,AccruedIncomeTaxesNoncurrent,"Accrued Income Taxes, Noncurrent","Carrying amount as of the balance sheet date of the unpaid sum of the known and estimated amounts payable to satisfy all domestic and foreign income tax obligations due beyond one year or the operating cycle, whichever is longer. Alternate captions include income taxes payable, noncurrent."
us-gaap:AccruedIncomeTaxesPayable,us-gaap,AccruedIncomeTaxesPayable,Accrued Income Taxes Payable (Deprecated 2009-01-31),Carrying amount as of the balance sheet date of the unpaid sum of the known and estimated amounts payable to satisfy all currently due domestic and foreign income tax obligations.
us-gaap:AccruedInsuranceCurrent,us-gaap,AccruedInsuranceCurrent,"Accrued Insurance, Current",Carrying value as of the balance sheet date of obligations incurred through that date and payable to insurance entities to mitigate potential loss from various risks or to satisfy a promise to provide certain coverage's to employees. Used to reflect the current portion of the liabilities (due within one year or within the normal operating cycle if longer).
us-gaap:AccruedLiabilities,us-gaap,AccruedLiabilities,Accrued Liabilities (Deprecated 2009-01-31),"Carrying value as of the balance sheet date of obligations incurred and payable, pertaining to costs that are statutory in nature, are incurred on contractual obligations, or accumulate over time and for which invoices have not yet been received or will not be rendered. Examples include taxes, interest, rent and utilities. For classified balance sheets, used to reflect the current portion of the liabilities (due within one year or within the normal operating cycle if longer); for unclassified balance sheets, used to reflect the total liabilities (regardless of due date)."
us-gaap:AccruedLiabilitiesCurrent,us-gaap,AccruedLiabilitiesCurrent,"Accrued Liabilities, Current","Carrying value as of the balance sheet date of obligations incurred and payable, pertaining to costs that are statutory in nature, are incurred on contractual obligations, or accumulate over time and for which invoices have not yet been received or will not be rendered. Examples include taxes, interest, rent and utilities. Used to reflect the current portion of the liabilities (due within one year or within the normal operating cycle if longer)."
us-gaap:AccruedLiabilitiesForUnredeeemedGiftCards,us-gaap,AccruedLiabilitiesForUnredeeemedGiftCards,"Gift Card Liability, Current",Carrying value as of the balance sheet date of the liability for outstanding gift cards. Retail customers purchase gift cards or gift certificates that can be redeemed at a later date for merchandise or services; those unredeemed represent a liability of the entity because the revenue is being deferred.
us-gaap:AccruedMarketingCostsCurrent,us-gaap,AccruedMarketingCostsCurrent,"Accrued Marketing Costs, Current","Carrying value as of the balance sheet date of obligations incurred through that date and payable for the marketing, trade and selling of the entity's goods and services. Marketing costs would include expenditures for planning and executing the conception, pricing, promotion, and distribution of ideas, goods, and services; costs of public relations and corporate promotions; and obligations incurred and payable for sales discounts, rebates, price protection programs, etc. offered to customers and under government programs. Used to reflect the current portion of the liabilities (due within one year or within the normal operating cycle if longer)."
us-gaap:AccruedProfessionalFeesCurrentAndNoncurrent,us-gaap,AccruedProfessionalFeesCurrentAndNoncurrent,Accrued Professional Fees,"Carrying value as of the balance sheet date of obligations incurred through that date and payable for professional fees, such as for legal and accounting services received."
us-gaap:AccruedRentCurrent,us-gaap,AccruedRentCurrent,"Accrued Rent, Current",Carrying value as of the balance sheet date of obligations incurred through that date and payable for contractual rent under lease arrangements. Used to reflect the current portion of the liabilities (due within one year or within the normal operating cycle if longer).
us-gaap:AccruedRentNoncurrent,us-gaap,AccruedRentNoncurrent,"Accrued Rent, Noncurrent",Carrying value as of the balance sheet date of obligations incurred through that date and due after one year (or beyond the operating cycle if longer) for contractual rent under lease arrangements.
us-gaap:AccruedRoyaltiesCurrent,us-gaap,AccruedRoyaltiesCurrent,"Accrued Royalties, Current",Carrying value as of the balance sheet date of obligations incurred through that date and payable for royalties. Used to reflect the current portion of the liabilities (due within one year or within the normal operating cycle if longer).
us-gaap:AccumulatedDepreciationDepletionAndAmortizationPropertyPlantAndEquipment,us-gaap,AccumulatedDepreciationDepletionAndAmortizationPropertyPlantAndEquipment,"Accumulated Depreciation, Depletion and Amortization, Property, Plant, and Equipment","Amount of accumulated depreciation, depletion and amortization for physical assets used in the normal conduct of business to produce goods and services."
us-gaap:AccumulatedOtherComprehensiveIncomeLossAvailableForSaleSecuritiesAdjustmentNetOfTax,us-gaap,AccumulatedOtherComprehensiveIncomeLossAvailableForSaleSecuritiesAdjustmentNetOfTax,"AOCI, Debt Securities, Available-for-sale, Adjustment, after Tax","Amount, after tax, of accumulated unrealized gain (loss) on investment in debt security measured at fair value with change in fair value recognized in other comprehensive income (available-for-sale)."
us-gaap:AccumulatedOtherComprehensiveIncomeLossCumulativeChangesInNetGainLossFromCashFlowHedgesEffectNetOfTax,us-gaap,AccumulatedOtherComprehensiveIncomeLossCumulativeChangesInNetGainLossFromCashFlowHedgesEffectNetOfTax,"Accumulated Other Comprehensive Income (Loss), Cumulative Changes in Net Gain (Loss) from Cash Flow Hedges, Effect Net of Tax","Accumulated change, net of tax, in accumulated gains and losses from derivative instruments designated and qualifying as the effective portion of cash flow hedges. Includes an entity's share of an equity investee's Increase or Decrease in deferred hedging gains or losses."
us-gaap:AccumulatedOtherComprehensiveIncomeLossDefinedBenefitPensionAndOtherPostretirementPlansNetOfTax,us-gaap,AccumulatedOtherComprehensiveIncomeLossDefinedBenefitPensionAndOtherPostretirementPlansNetOfTax,"Accumulated Other Comprehensive (Income) Loss, Defined Benefit Plan, after Tax","Amount, after tax, of accumulated other comprehensive (income) loss for defined benefit plan, that has not been recognized in net periodic benefit cost (credit)."
us-gaap:AccumulatedOtherComprehensiveIncomeLossForeignCurrencyTranslationAdjustmentNetOfTax,us-gaap,AccumulatedOtherComprehensiveIncomeLossForeignCurrencyTranslationAdjustmentNetOfTax,"Accumulated Other Comprehensive Income (Loss), Foreign Currency Translation Adjustment, Net of Tax","Accumulated adjustment, net of tax, that results from the process of translating subsidiary financial statements and foreign equity investments into the reporting currency from the functional currency of the reporting entity, net of reclassification of realized foreign currency translation gains or losses."
us-gaap:AccumulatedOtherComprehensiveIncomeLossNetOfTax,us-gaap,AccumulatedOtherComprehensiveIncomeLossNetOfTax,"Accumulated Other Comprehensive Income (Loss), Net of Tax","Accumulated change in equity from transactions and other events and circumstances from non-owner sources, net of tax effect, at period end. Excludes Net Income (Loss), and accumulated changes in equity from transactions resulting from investments by owners and distributions to owners. Includes foreign currency translation items, certain pension adjustments, unrealized gains and losses on certain investments in debt and equity securities, other than temporary impairment (OTTI) losses related to factors other than credit losses on available-for-sale and held-to-maturity debt securities that an entity does not intend to sell and it is not more likely than not that the entity will be required to sell before recovery of the amortized cost basis, as well as changes in the fair value of derivatives related to the effective portion of a designated cash flow hedge."
us-gaap:AccumulatedOtherComprehensiveIncomeLossOtherThanTemporaryImpairmentNotCreditLossNetOfTaxAvailableforsaleDebtSecurities,us-gaap,AccumulatedOtherComprehensiveIncomeLossOtherThanTemporaryImpairmentNotCreditLossNetOfTaxAvailableforsaleDebtSecurities,"Accumulated Other Comprehensive Income (Loss), Other than Temporary Impairment, Not Credit Loss, Net of Tax, Available-for-sale, Debt Securities","Accumulated other comprehensive loss related to portion of other than temporary impairment (OTTI) due to factors other than credit losses on debt securities categorized as available-for-sale that an entity does not intend to sell and which it is not more likely than not that the entity will be required to sell before recovery of the amortized cost basis of the debt security. The amount represented by this item is net of tax, as applicable."
us-gaap:AccumulatedOtherComprehensiveIncomeLossOtherThanTemporaryImpairmentNotCreditLossNetOfTaxDebtSecurities,us-gaap,AccumulatedOtherComprehensiveIncomeLossOtherThanTemporaryImpairmentNotCreditLossNetOfTaxDebtSecurities,"Accumulated Other Comprehensive Income (Loss), Other than Temporary Impairment, Not Credit Loss, Net of Tax, Debt Securities","Total of accumulated other comprehensive loss related to that portion of other than temporary impairment (OTTI) due to factors other than credit losses on debt securities categorized either as available-for-sale or held-to-maturity that an entity does not intend to sell and which it is not more likely than not that the entity will be required to sell before recovery of the amortized cost basis of the debt security. The amount represented by this item is net of tax, as applicable."
us-gaap:AcquiredFiniteLivedIntangibleAssetAmount,us-gaap,AcquiredFiniteLivedIntangibleAssetAmount,"Acquired Finite-lived Intangible Asset, Amount (Deprecated 2013-01-31)","The aggregate amount assigned to a major class of finite-lived intangible assets acquired either individually or as part of a group of assets (in either an asset acquisition or business combination). A major class is composed of intangible assets that can be grouped together because they are similar, either by their nature or by their use in the operations of a company."
us-gaap:AcquiredFiniteLivedIntangibleAssetWeightedAverageUsefulLife,us-gaap,AcquiredFiniteLivedIntangibleAssetWeightedAverageUsefulLife,"Acquired Finite-lived Intangible Asset, Weighted Average Useful Life (Deprecated 2012-01-31)","The calculated weighted-average amortization period of a major class of finite-lived intangible assets acquired during the current period either individually or as part of a group of assets (in either an asset acquisition or business combination). A major class is composed of intangible assets that can be grouped together because they are similar, either by their nature or by their use in the operations of a company."
us-gaap:AdditionalPaidInCapital,us-gaap,AdditionalPaidInCapital,Additional Paid in Capital,"Excess of issue price over par or stated value of the entity's capital stock and amounts received from other transactions involving the entity's stock or stockholders. Includes adjustments to additional paid in capital. Some examples of such adjustments include recording the issuance of debt with a beneficial conversion feature and certain tax consequences of equity instruments awarded to employees. Use this element for the aggregate amount of additional paid-in capital associated with common and preferred stock. For additional paid-in capital associated with only common stock, use the element additional paid in capital, common stock. For additional paid-in capital associated with only preferred stock, use the element additional paid in capital, preferred stock."
us-gaap:AdditionalPaidInCapitalCommonStock,us-gaap,AdditionalPaidInCapitalCommonStock,"Additional Paid in Capital, Common Stock","Value received from shareholders in common stock-related transactions that are in excess of par value or stated value and amounts received from other stock-related transactions. Includes only common stock transactions (excludes preferred stock transactions). May be called contributed capital, capital in excess of par, capital surplus, or paid-in capital."
us-gaap:AdditionsToNoncurrentAssets,us-gaap,AdditionsToNoncurrentAssets,"Segment Reporting Information, Expenditures for Additions to Long-Lived Assets (Deprecated 2013-01-31)","Total expenditures for additions to long-lived assets other than financial instruments, long-term customer relationships of a financial institution, mortgage and other servicing rights, deferred policy acquisition costs, and deferred tax assets of the reportable segment; if the amount: (a) is included in the determination of segment assets reviewed by the chief operating decision maker or (b) is otherwise regularly provided to the chief operating decision maker, even if not included in the determination of segment assets."
us-gaap:AdjustmentsNoncashItemsToReconcileNetIncomeLossToCashProvidedByUsedInOperatingActivities,us-gaap,AdjustmentsNoncashItemsToReconcileNetIncomeLossToCashProvidedByUsedInOperatingActivities,"Adjustments, Noncash Items, to Reconcile Net Income (Loss) to Cash Provided by (Used in) Operating Activities",The aggregate amount of adjustments to net income or loss necessary to remove the effects of all items whose cash effects are investing or financing cash flows. The aggregate amount also includes all noncash expenses and income items which reduce or increase net income and are thus added back or deducted when calculating cash provided by or used in operating activities.
us-gaap:AdjustmentsNoncashItemsToReconcileNetIncomeLossToCashProvidedByUsedInOperatingActivitiesOther,us-gaap,AdjustmentsNoncashItemsToReconcileNetIncomeLossToCashProvidedByUsedInOperatingActivitiesOther,"Adjustments, Noncash Items, to Reconcile Net Income (Loss) to Cash Provided by (Used in) Operating Activities, Other (Deprecated 2011-01-31)","Transactions that do not result in cash inflows or outflows in the period in which they occur, but affect net income and thus are removed when calculating net cash flow from operating activities using the indirect cash flow method. This element is used when there is not a more specific and appropriate element."
us-gaap:AdjustmentsRelatedToTaxWithholdingForShareBasedCompensation,us-gaap,AdjustmentsRelatedToTaxWithholdingForShareBasedCompensation,"Share-based Payment Arrangement, Decrease for Tax Withholding Obligation",Amount of decrease to equity for grantee's tax withholding obligation for award under share-based payment arrangement.
us-gaap:AdjustmentsToAdditionalPaidInCapitalConvertibleDebtWithConversionFeature,us-gaap,AdjustmentsToAdditionalPaidInCapitalConvertibleDebtWithConversionFeature,"Adjustments to Additional Paid in Capital, Convertible Debt with Conversion Feature",Amount of increase (decrease) in additional paid in capital (APIC) resulting from recognition of deferred taxes for convertible debt with a beneficial conversion feature.
us-gaap:AdjustmentsToAdditionalPaidInCapitalDividendsInExcessOfRetainedEarnings,us-gaap,AdjustmentsToAdditionalPaidInCapitalDividendsInExcessOfRetainedEarnings,"Adjustments to Additional Paid in Capital, Dividends in Excess of Retained Earnings",Amount of decrease in additional paid in capital (APIC) resulting from dividends legally declared (or paid) in excess of retained earnings balance.
us-gaap:AdjustmentsToAdditionalPaidInCapitalEquityComponentOfConvertibleDebt,us-gaap,AdjustmentsToAdditionalPaidInCapitalEquityComponentOfConvertibleDebt,"Adjustments to Additional Paid in Capital, Equity Component of Convertible Debt",Adjustment to additional paid in capital resulting from the recognition of convertible debt instruments as two separate components - a debt component and an equity component. This bifurcation may result in a basis difference associated with the liability component that represents a temporary difference for purposes of applying accounting for income taxes. The initial recognition of deferred taxes for the tax effect of that temporary difference is as an adjustment to additional paid in capital.
us-gaap:AdjustmentsToAdditionalPaidInCapitalEquityComponentOfConvertibleDebtSubsequentAdjustments,us-gaap,AdjustmentsToAdditionalPaidInCapitalEquityComponentOfConvertibleDebtSubsequentAdjustments,"Adjustments to Additional Paid in Capital, Equity Component of Convertible Debt, Subsequent Adjustments",The amount of subsequent adjustments to additional paid in capital for convertible financial instruments where a component of equity and a component of debt are recognized.
us-gaap:AdjustmentsToAdditionalPaidInCapitalMarkToMarket,us-gaap,AdjustmentsToAdditionalPaidInCapitalMarkToMarket,"Adjustments to Additional Paid in Capital, Fair Value",Amount of increase (decrease) to additional paid in capital (APIC) resulting from changes in fair value of common and preferred stock issued to employee benefit trust but unearned.
us-gaap:AdjustmentsToAdditionalPaidInCapitalOther,us-gaap,AdjustmentsToAdditionalPaidInCapitalOther,"Adjustments to Additional Paid in Capital, Other",Amount of other increase (decrease) in additional paid in capital (APIC).
us-gaap:AdjustmentsToAdditionalPaidInCapitalSharebasedCompensationRequisiteServicePeriodRecognitionValue,us-gaap,AdjustmentsToAdditionalPaidInCapitalSharebasedCompensationRequisiteServicePeriodRecognitionValue,"APIC, Share-based Payment Arrangement, Increase for Cost Recognition",Amount of increase to additional paid-in capital (APIC) for recognition of cost for award under share-based payment arrangement.
us-gaap:AdjustmentsToAdditionalPaidInCapitalTaxEffectFromShareBasedCompensation,us-gaap,AdjustmentsToAdditionalPaidInCapitalTaxEffectFromShareBasedCompensation,"Adjustments to Additional Paid in Capital, Income Tax Benefit from Share-based Compensation","Amount of increase in additional paid in capital (APIC) resulting from a tax benefit associated with share-based compensation plan other than an employee stock ownership plan (ESOP). Includes, but is not limited to, excess tax benefit."
us-gaap:AdjustmentsToAdditionalPaidInCapitalWarrantIssued,us-gaap,AdjustmentsToAdditionalPaidInCapitalWarrantIssued,"Adjustments to Additional Paid in Capital, Warrant Issued",Amount of increase in additional paid in capital (APIC) resulting from the issuance of warrants. Includes allocation of proceeds of debt securities issued with detachable stock purchase warrants.
us-gaap:AdministrativeServicesRevenue,us-gaap,AdministrativeServicesRevenue,Administrative Services Revenue (Deprecated 2018-01-31),"Amount of revenue from providing administrative services, including, but not limited to, accounting, tax, legal, regulatory filing, and share registration activities of managed funds and investment accounts of independent third parties and related and affiliated entities."
us-gaap:AdvancesFromFederalHomeLoanBanks,us-gaap,AdvancesFromFederalHomeLoanBanks,Advances from Federal Home Loan Banks,"Amount of borrowings as of the balance sheet date from the Federal Home Loan Bank, which are primarily used to cover shortages in the required reserve balance and liquidity shortages."
us-gaap:AdvancesToAffiliate,us-gaap,AdvancesToAffiliate,Advances to Affiliate,Long-Term advances receivable from a party that is affiliated with the reporting entity by means of direct or indirect ownership. This does not include advances to clients.
us-gaap:AdvertisingExpense,us-gaap,AdvertisingExpense,Advertising Expense,"Amount charged to advertising expense for the period, which are expenses incurred with the objective of increasing revenue for a specified brand, product or product line."
us-gaap:AdvertisingRevenueCost,us-gaap,AdvertisingRevenueCost,Advertising Revenue Cost (Deprecated 2018-01-31),Costs incurred and are directly related to generating advertising revenues.
us-gaap:AffordableHousingTaxCreditsAndOtherTaxBenefitsAmount,us-gaap,AffordableHousingTaxCreditsAndOtherTaxBenefitsAmount,"Affordable Housing Tax Credits and Other Tax Benefits, Amount",Amount of affordable housing tax credits and other tax benefits recognized.
us-gaap:AllocatedShareBasedCompensationExpense,us-gaap,AllocatedShareBasedCompensationExpense,"Share-based Payment Arrangement, Expense",Amount of expense for award under share-based payment arrangement. Excludes amount capitalized.
us-gaap:AllowanceForDoubtfulAccountsReceivable,us-gaap,AllowanceForDoubtfulAccountsReceivable,"Accounts Receivable, Allowance for Credit Loss",Amount of allowance for credit loss on accounts receivable.
us-gaap:AllowanceForDoubtfulAccountsReceivableCurrent,us-gaap,AllowanceForDoubtfulAccountsReceivableCurrent,"Accounts Receivable, Allowance for Credit Loss, Current","Amount of allowance for credit loss on accounts receivable, classified as current."
us-gaap:AllowanceForDoubtfulAccountsReceivableWriteOffs,us-gaap,AllowanceForDoubtfulAccountsReceivableWriteOffs,"Accounts Receivable, Allowance for Credit Loss, Writeoff",Amount of direct write-downs of accounts receivable charged against the allowance.
us-gaap:AllowanceForLoanAndLeaseLossesAdjustmentsNet,us-gaap,AllowanceForLoanAndLeaseLossesAdjustmentsNet,"Allowance for Loan and Lease Losses, Adjustments, Other",Amount of other addition (reduction) in allowance reserve for credit loss.
us-gaap:AllowanceForLoanAndLeaseLossesLoansAcquired,us-gaap,AllowanceForLoanAndLeaseLossesLoansAcquired,"Allowance for Loan and Lease Losses, Loans Acquired",Amount of addition to allowance reserve for credit loss arising from purchase of loan and lease portfolios.
us-gaap:AllowanceForLoanAndLeaseLossesProvisionForLossNet,us-gaap,AllowanceForLoanAndLeaseLossesProvisionForLossNet,"Allowance for Loan and Lease Losses, Provision for Loss, Net (Deprecated 2013-01-31)","Reflects the amount charged against earnings during the period as bad debt expense, net of recoveries of previously expensed credit losses."
us-gaap:AllowanceForLoanAndLeaseLossesWriteOffs,us-gaap,AllowanceForLoanAndLeaseLossesWriteOffs,"Allowance for Loan and Lease Losses, Write-offs",Amount of loans and leases that have been written off from both loan receivables and allowance reserve for credit loss.
us-gaap:AllowanceForNotesAndLoansReceivableCurrent,us-gaap,AllowanceForNotesAndLoansReceivableCurrent,"Financing Receivable, Allowance for Credit Loss, Current","Amount of allowance for credit loss on financing receivable, classified as current."
us-gaap:AlternativeInvestmentsFairValueDisclosure,us-gaap,AlternativeInvestmentsFairValueDisclosure,"Alternative Investment, Fair Value Disclosure (Deprecated 2018-01-31)","Fair value of investment in certain entities that calculate net asset value per share. Includes, but is not limited to, by unit, membership interest, or other ownership interest. Investment includes, but is not limited to, investment in certain hedge funds, venture capital funds, private equity funds, real estate partnerships or funds. Excludes measurement of net asset value as estimate of fair value."
us-gaap:AmortizationMethodQualifiedAffordableHousingProjectInvestments,us-gaap,AmortizationMethodQualifiedAffordableHousingProjectInvestments,Amortization Method Qualified Affordable Housing Project Investments,Amount of investment in qualified affordable housing projects.
us-gaap:AmortizationMethodQualifiedAffordableHousingProjectInvestmentsAmortization,us-gaap,AmortizationMethodQualifiedAffordableHousingProjectInvestmentsAmortization,"Amortization Method Qualified Affordable Housing Project Investments, Amortization",Amount of amortization expense of investment in qualified affordable housing projects.
us-gaap:AmortizationOfAcquiredIntangibleAssets,us-gaap,AmortizationOfAcquiredIntangibleAssets,Amortization of Acquired Intangible Assets (Deprecated 2013-01-31),"The aggregate expense charged against earnings to allocate the cost of acquired intangible assets. As a noncash expense, this element is added back to net income when calculating cash provided by (used in) operations using the indirect method."
us-gaap:AmortizationOfDebtDiscountPremium,us-gaap,AmortizationOfDebtDiscountPremium,Amortization of Debt Discount (Premium),Amount of noncash expense included in interest expense to amortize debt discount and premium associated with the related debt instruments. Excludes amortization of financing costs. Alternate captions include noncash interest expense.
us-gaap:AmortizationOfFinancingCosts,us-gaap,AmortizationOfFinancingCosts,Amortization of Debt Issuance Costs,Amount of amortization expense attributable to debt issuance costs.
us-gaap:AmortizationOfFinancingCostsAndDiscounts,us-gaap,AmortizationOfFinancingCostsAndDiscounts,Amortization of Debt Issuance Costs and Discounts,Amount of amortization expense attributable to debt discount (premium) and debt issuance costs.
us-gaap:AmortizationOfIntangibleAssets,us-gaap,AmortizationOfIntangibleAssets,Amortization of Intangible Assets,"The aggregate expense charged against earnings to allocate the cost of intangible assets (nonphysical assets not used in production) in a systematic and rational manner to the periods expected to benefit from such assets. As a noncash expense, this element is added back to net income when calculating cash provided by or used in operations using the indirect method."
us-gaap:AmortizationOfLeasedAsset,us-gaap,AmortizationOfLeasedAsset,Amortization of Leased Asset,"The expense charged against earnings for the periodic recognition of capitalized leases. This element may apply to energy companies that lease mineral producing properties and to other enterprises that capitalize property, plant, or equipment obtained through capital leases."
us-gaap:AmountRecognizedInNetPeriodicBenefitCostAndOtherComprehensiveIncomeLossBeforeTax,us-gaap,AmountRecognizedInNetPeriodicBenefitCostAndOtherComprehensiveIncomeLossBeforeTax,"Defined Benefit Plan, Amount Recognized in Net Periodic Benefit Cost (Credit) and Other Comprehensive (Income) Loss, before Tax",Amount recognized in net periodic benefit cost (credit) and other comprehensive (income) loss.
us-gaap:AntidilutiveSecuritiesExcludedFromComputationOfEarningsPerShareAmount,us-gaap,AntidilutiveSecuritiesExcludedFromComputationOfEarningsPerShareAmount,"Antidilutive Securities Excluded from Computation of Earnings Per Share, Amount",Securities (including those issuable pursuant to contingent stock agreements) that could potentially dilute basic earnings per share (EPS) or earnings per unit (EPU) in the future that were not included in the computation of diluted EPS or EPU because to do so would increase EPS or EPU amounts or decrease loss per share or unit amounts for the period presented.
us-gaap:AociLossCashFlowHedgeCumulativeGainLossAfterTax,us-gaap,AociLossCashFlowHedgeCumulativeGainLossAfterTax,"AOCI, Cash Flow Hedge, Cumulative Gain (Loss), after Tax","Amount, after tax, of accumulated gain (loss) on derivative instrument designated and qualifying as cash flow hedge included in assessment of hedge effectiveness."
us-gaap:AreaOfRealEstateProperty,us-gaap,AreaOfRealEstateProperty,Area of Real Estate Property,Area of a real estate property.
us-gaap:AssetAcquisitionConsiderationTransferred,us-gaap,AssetAcquisitionConsiderationTransferred,,
us-gaap:AssetBackedSecuritiesAtCarryingValue,us-gaap,AssetBackedSecuritiesAtCarryingValue,"Asset-Backed Securities, at Carrying Value","Investments in notes or bonds that are collateralized by a specific group of underlying assets owned by the issuer of the notes or bonds which are short-term, highly liquid investments that are both readily convertible to known amounts of cash and so near their maturity that they present insignificant risk of changes in value because of changes in interest rates. Generally, only investments with original maturities of three months or less qualify under that definition. Original maturity means original maturity to the entity holding the investment. For example, both a three-month US Treasury bill and a three-year Treasury note purchased three months from maturity qualify as cash equivalents. However, a Treasury note purchased three-years ago does not become a cash equivalent when its remaining maturity is three months."
us-gaap:AssetImpairmentCharges,us-gaap,AssetImpairmentCharges,Asset Impairment Charges,"Amount of write-down of assets recognized in the income statement. Includes, but is not limited to, losses from tangible assets, intangible assets and goodwill."
us-gaap:AssetManagementFees,us-gaap,AssetManagementFees,Asset Management Fees (Deprecated 2013-01-31),"Revenue recognized in the period for (1) performance (incentive) fees based on the investment results achieved for management of certain institutional accounts and hedge funds, (2) schedule-based fees earned for management of mutual funds and closed-end funds, based either on average daily net assets or on a combination of the average daily net assets and gross income, and (3) other investment management and advisory fees."
us-gaap:AssetManagementFees1,us-gaap,AssetManagementFees1,Asset Management Fees (Deprecated 2018-01-31),"Amount of fixed fee revenue for the management of an investment fund portfolio. Excludes investment advisory, distribution and servicing, and performance fees."
us-gaap:AssetRetirementObligation,us-gaap,AssetRetirementObligation,Asset Retirement Obligation,"The carrying amount of a liability for an asset retirement obligation. An asset retirement obligation is a legal obligation associated with the disposal or retirement of a tangible long-lived asset that results from the acquisition, construction or development, or the normal operations of a long-lived asset, except for certain obligations of lessees."
us-gaap:AssetRetirementObligationAccretionExpense,us-gaap,AssetRetirementObligationAccretionExpense,"Asset Retirement Obligation, Accretion Expense",Amount of accretion expense recognized during the period that is associated with an asset retirement obligation. Accretion expense measures and incorporates changes due to the passage of time into the carrying amount of the liability.
us-gaap:AssetRetirementObligationForeignCurrencyTranslation,us-gaap,AssetRetirementObligationForeignCurrencyTranslation,"Asset Retirement Obligation, Foreign Currency Translation (Deprecated 2016-01-31)",Amount of the Increase or Decrease in the amount of asset retirement obligations for the period associated with foreign currency translation (to the extent that the entity accounts for the foreign currency effects as a separate component of the change in the liability).
us-gaap:AssetRetirementObligationForeignCurrencyTranslationGainLoss,us-gaap,AssetRetirementObligationForeignCurrencyTranslationGainLoss,"Asset Retirement Obligation, Foreign Currency Translation Gain (Loss)",Amount of foreign currency translation gain (loss) which decreases (increases) asset retirement obligations.
us-gaap:AssetRetirementObligationLiabilitiesIncurred,us-gaap,AssetRetirementObligationLiabilitiesIncurred,"Asset Retirement Obligation, Liabilities Incurred",Amount of asset retirement obligations incurred during the period.
us-gaap:AssetRetirementObligationLiabilitiesSettled,us-gaap,AssetRetirementObligationLiabilitiesSettled,"Asset Retirement Obligation, Liabilities Settled","Amount of asset retirement obligations settled, or otherwise disposed of, during the period. This may include asset retirement obligations transferred to third parties associated with the sale of a long-lived asset."
us-gaap:AssetRetirementObligationRevisionOfEstimate,us-gaap,AssetRetirementObligationRevisionOfEstimate,"Asset Retirement Obligation, Revision of Estimate",Amount of increase (decrease) in the asset retirement obligation from changes in the amount or timing of the estimated cash flows associated with the settlement of the obligation.
us-gaap:AssetRetirementObligationsNoncurrent,us-gaap,AssetRetirementObligationsNoncurrent,"Asset Retirement Obligations, Noncurrent","Noncurrent portion of the carrying amount of a liability for an asset retirement obligation. An asset retirement obligation is a legal obligation associated with the disposal or retirement of a tangible long-lived asset that results from the acquisition, construction or development, or the normal operations of a long-lived asset, except for certain obligations of lessees."
us-gaap:Assets,us-gaap,Assets,Assets,Sum of the carrying amounts as of the balance sheet date of all assets that are recognized. Assets are probable future economic benefits obtained or controlled by an entity as a result of past transactions or events.
us-gaap:AssetsCurrent,us-gaap,AssetsCurrent,"Assets, Current","Sum of the carrying amounts as of the balance sheet date of all assets that are expected to be realized in cash, sold, or consumed within one year (or the normal operating cycle, if longer). Assets are probable future economic benefits obtained or controlled by an entity as a result of past transactions or events."
us-gaap:AssetsFairValueDisclosure,us-gaap,AssetsFairValueDisclosure,"Assets, Fair Value Disclosure",Fair value portion of probable future economic benefits obtained or controlled by an entity as a result of past transactions or events.
us-gaap:AssetsFairValueDisclosureRecurring,us-gaap,AssetsFairValueDisclosureRecurring,"Assets, Fair Value Disclosure, Recurring (Deprecated 2018-01-31)",This element represents the aggregate of the assets reported on the balance sheet at period end measured at fair value on a recurring basis by the entity. This element is intended to be used in connection with the fair value disclosures required in the footnote disclosures to the financial statements.
us-gaap:AssetsHeldByInsuranceRegulators,us-gaap,AssetsHeldByInsuranceRegulators,Assets Held by Insurance Regulators,Carrying amount of cash and investment securities on deposit with state regulatory authorities in connection with capital requirements.
us-gaap:AssetsHeldForSaleAtCarryingValue,us-gaap,AssetsHeldForSaleAtCarryingValue,"Assets Held-for-sale, at Carrying Value (Deprecated 2014-01-31)",Represents the sum of the carrying value of all the Assets Held-for-Sale at the balance sheet date.
us-gaap:AssetsHeldForSaleCurrent,us-gaap,AssetsHeldForSaleCurrent,"Assets Held-for-sale, Current (Deprecated 2014-01-31)",Current assets (normally turning over within one year or one business cycle if longer) that are held for sale apart from normal operations and anticipated to be sold within one year.
us-gaap:AssetsHeldForSaleNotPartOfDisposalGroup,us-gaap,AssetsHeldForSaleNotPartOfDisposalGroup,"Assets Held-for-sale, Not Part of Disposal Group",Amount of assets held-for-sale that are not part of a disposal group.
us-gaap:AssetsHeldForSaleNotPartOfDisposalGroupCurrentOther,us-gaap,AssetsHeldForSaleNotPartOfDisposalGroupCurrentOther,"Assets Held-for-sale, Not Part of Disposal Group, Current, Other","Amount of other assets held-for-sale that are not part of a disposal group, expected to be sold within a year or the normal operating cycle, if longer."
us-gaap:AssetsHeldForSaleOtherNoncurrent,us-gaap,AssetsHeldForSaleOtherNoncurrent,"Assets Held-for-sale, Other, Noncurrent (Deprecated 2014-01-31)","Other assets that are held for sale apart from normal operations, not otherwise included elsewhere in the taxonomy and which are anticipated to be sold in less than one year, but by their nature which are not considered current (originally classified based on not being realized or converted to working capital within one year of the date of the statement of financial position or operating cycle, if longer)."
us-gaap:AssetsNoncurrent,us-gaap,AssetsNoncurrent,"Assets, Noncurrent","Sum of the carrying amounts as of the balance sheet date of all assets that are expected to be realized in cash, sold or consumed after one year or beyond the normal operating cycle, if longer."
us-gaap:AssetsOfDisposalGroupIncludingDiscontinuedOperation,us-gaap,AssetsOfDisposalGroupIncludingDiscontinuedOperation,"Disposal Group, Including Discontinued Operation, Assets",Amount classified as assets attributable to disposal group held for sale or disposed of.
us-gaap:AssetsOfDisposalGroupIncludingDiscontinuedOperationCurrent,us-gaap,AssetsOfDisposalGroupIncludingDiscontinuedOperationCurrent,"Disposal Group, Including Discontinued Operation, Assets, Current","Amount classified as assets attributable to disposal group held for sale or disposed of, expected to be disposed of within one year or the normal operating cycle, if longer."
us-gaap:AssetsSoldUnderAgreementsToRepurchaseRepurchaseLiability,us-gaap,AssetsSoldUnderAgreementsToRepurchaseRepurchaseLiability,"Assets Sold under Agreements to Repurchase, Repurchase Liability","Amount to be repaid to the counterparty to the repurchase agreement when the carrying amount (or market value, if higher than the carrying amount) of securities or other assets sold under the repurchase agreement exceeds 10 percent of total assets."
us-gaap:AvailableForSaleDebtSecuritiesAccumulatedGrossUnrealizedGainBeforeTax,us-gaap,AvailableForSaleDebtSecuritiesAccumulatedGrossUnrealizedGainBeforeTax,"Debt Securities, Available-for-sale, Accumulated Gross Unrealized Gain, before Tax","Amount, before tax, of unrealized gain in accumulated other comprehensive income (AOCI) on investment in debt security measured at fair value with change in fair value recognized in other comprehensive income (available-for-sale)."
us-gaap:AvailableForSaleDebtSecuritiesAccumulatedGrossUnrealizedLossBeforeTax,us-gaap,AvailableForSaleDebtSecuritiesAccumulatedGrossUnrealizedLossBeforeTax,"Debt Securities, Available-for-sale, Accumulated Gross Unrealized Loss, before Tax","Amount, before tax, of unrealized loss in accumulated other comprehensive income (AOCI) on investment in debt security measured at fair value with change in fair value recognized in other comprehensive income (available-for-sale)."
us-gaap:AvailableForSaleDebtSecuritiesAmortizedCostBasis,us-gaap,AvailableForSaleDebtSecuritiesAmortizedCostBasis,"Debt Securities, Available-for-sale, Amortized Cost",Amortized cost of investment in debt security measured at fair value with change in fair value recognized in other comprehensive income (available-for-sale).
us-gaap:AvailableForSaleDebtSecuritiesGrossUnrealizedGain,us-gaap,AvailableForSaleDebtSecuritiesGrossUnrealizedGain,"Debt Securities, Available-for-sale, Unrealized Gain",Amount of unrealized gain on investment in debt security measured at fair value with change in fair value recognized in other comprehensive income (available-for-sale).
us-gaap:AvailableForSaleDebtSecuritiesGrossUnrealizedLoss,us-gaap,AvailableForSaleDebtSecuritiesGrossUnrealizedLoss,"Debt Securities, Available-for-sale, Unrealized Loss",Amount of unrealized loss on investment in debt security measured at fair value with change in fair value recognized in other comprehensive income (available-for-sale).
us-gaap:AvailableForSaleEquitySecuritiesAccumulatedGrossUnrealizedGainBeforeTax,us-gaap,AvailableForSaleEquitySecuritiesAccumulatedGrossUnrealizedGainBeforeTax,"Available-for-sale Equity Securities, Accumulated Gross Unrealized Gain, before Tax",Amount before tax of unrealized gain in accumulated other comprehensive income (AOCI) on investments in equity securities classified as available-for-sale.
us-gaap:AvailableForSaleEquitySecuritiesAccumulatedGrossUnrealizedLossBeforeTax,us-gaap,AvailableForSaleEquitySecuritiesAccumulatedGrossUnrealizedLossBeforeTax,"Available-for-sale Equity Securities, Accumulated Gross Unrealized Loss, before Tax",Amount before tax of unrealized loss in accumulated other comprehensive income (AOCI) on investments in equity securities classified as available-for-sale.
us-gaap:AvailableForSaleEquitySecuritiesAmortizedCostBasis,us-gaap,AvailableForSaleEquitySecuritiesAmortizedCostBasis,"Available-for-sale Equity Securities, Amortized Cost Basis","This item represents the cost of equity securities, which are categorized neither as held-to-maturity nor trading, net of adjustments for other-than-temporary impairments recognized in earnings (less any cumulative-effect adjustments recognized, as defined), and fair value hedge accounting adjustments, if any."
us-gaap:AvailableForSaleSecurities,us-gaap,AvailableForSaleSecurities,Available-for-sale Securities,Amount of investment in debt and equity securities categorized neither as held-to-maturity nor trading.
us-gaap:AvailableForSaleSecuritiesAccumulatedGrossUnrealizedGainBeforeTax,us-gaap,AvailableForSaleSecuritiesAccumulatedGrossUnrealizedGainBeforeTax,"Available-for-sale Securities, Accumulated Gross Unrealized Gain, before Tax",Amount before tax of unrealized gain in accumulated other comprehensive income (AOCI) on investments in debt and equity securities classified as available-for-sale.
us-gaap:AvailableForSaleSecuritiesAccumulatedGrossUnrealizedLossBeforeTax,us-gaap,AvailableForSaleSecuritiesAccumulatedGrossUnrealizedLossBeforeTax,"Available-for-sale Securities, Accumulated Gross Unrealized Loss, before Tax",Amount before tax of unrealized loss in accumulated other comprehensive income (AOCI) on investments in debt and equity securities classified as available-for-sale.
us-gaap:AvailableForSaleSecuritiesAmortizedCost,us-gaap,AvailableForSaleSecuritiesAmortizedCost,"Available-for-sale Securities, Amortized Cost Basis","This item represents the cost of debt and equity securities, which are categorized neither as held-to-maturity nor trading, net of adjustments including accretion, amortization, collection of cash, previous other-than-temporary impairments recognized in earnings (less any cumulative-effect adjustments recognized, as defined), and fair value hedge accounting adjustments, if any."
us-gaap:AvailableForSaleSecuritiesAndHeldToMaturitySecurities,us-gaap,AvailableForSaleSecuritiesAndHeldToMaturitySecurities,Available-for-sale Securities and Held-to-maturity Securities,Amount of debt and equity financial instruments classified as either held-to-maturity or available-for-sale.
us-gaap:AvailableForSaleSecuritiesChangeInNetUnrealizedHoldingGainLossNetOfTax,us-gaap,AvailableForSaleSecuritiesChangeInNetUnrealizedHoldingGainLossNetOfTax,"Available-for-sale Securities, Change in Net Unrealized Holding Gain (Loss), Net of Tax (Deprecated 2018-01-31)","The change in unrealized holding gain (loss), net of tax, on available-for-sale securities included in a separate component of shareholders' equity during the period."
us-gaap:AvailableForSaleSecuritiesContinuousUnrealizedLossPosition12MonthsOrLongerAccumulatedLoss,us-gaap,AvailableForSaleSecuritiesContinuousUnrealizedLossPosition12MonthsOrLongerAccumulatedLoss,"Available-for-sale Securities, Continuous Unrealized Loss Position, 12 Months or Longer, Accumulated Loss",Amount of accumulated unrealized loss on investments in debt and equity securities classified as available-for-sale that have been in a continuous loss position for twelve months or longer.
us-gaap:AvailableForSaleSecuritiesContinuousUnrealizedLossPosition12MonthsOrLongerAggregateLosses,us-gaap,AvailableForSaleSecuritiesContinuousUnrealizedLossPosition12MonthsOrLongerAggregateLosses,"Available-for-sale Securities, Continuous Unrealized Loss Position, 12 Months or Longer, Aggregate Loss (Deprecated 2018-01-31)",Amount of unrealized loss on securities classified as available-for-sale that have been in a loss position for twelve months or longer.
us-gaap:AvailableForSaleSecuritiesContinuousUnrealizedLossPositionAccumulatedLoss,us-gaap,AvailableForSaleSecuritiesContinuousUnrealizedLossPositionAccumulatedLoss,"Available-for-sale Securities, Continuous Unrealized Loss Position, Accumulated Loss",Amount of accumulated unrealized loss on investments in debt and equity securities classified as available-for-sale in a continuous loss position.
us-gaap:AvailableForSaleSecuritiesContinuousUnrealizedLossPositionAggregateLosses,us-gaap,AvailableForSaleSecuritiesContinuousUnrealizedLossPositionAggregateLosses,"Available-for-sale Securities, Continuous Unrealized Loss Position, Aggregate Loss (Deprecated 2018-01-31)",Amount of unrealized loss on securities classified as available-for-sale.
us-gaap:AvailableForSaleSecuritiesContinuousUnrealizedLossPositionFairValue,us-gaap,AvailableForSaleSecuritiesContinuousUnrealizedLossPositionFairValue,"Available-for-sale Securities, Continuous Unrealized Loss Position, Fair Value",This item represents the aggregate fair value of investments in debt and equity securities in an unrealized loss position which are categorized neither as held-to-maturity nor trading securities.
us-gaap:AvailableForSaleSecuritiesContinuousUnrealizedLossPositionLessThan12MonthsAccumulatedLoss,us-gaap,AvailableForSaleSecuritiesContinuousUnrealizedLossPositionLessThan12MonthsAccumulatedLoss,"Available-for-sale Securities, Continuous Unrealized Loss Position, Less than 12 Months, Accumulated Loss",Amount of accumulated unrealized loss on investments in debt and equity securities classified as available-for-sale that have been in a continuous loss position for less than twelve months.
us-gaap:AvailableForSaleSecuritiesContinuousUnrealizedLossPositionLessThan12MonthsAggregateLosses,us-gaap,AvailableForSaleSecuritiesContinuousUnrealizedLossPositionLessThan12MonthsAggregateLosses,"Available-for-sale Securities, Continuous Unrealized Loss Position, Less than 12 Months, Aggregate Loss (Deprecated 2018-01-31)",Amount of unrealized loss on investments in available-for-sale securities that have been in a loss position for less than twelve months.
us-gaap:AvailableForSaleSecuritiesContinuousUnrealizedLossPositionLessThanTwelveMonthsFairValue,us-gaap,AvailableForSaleSecuritiesContinuousUnrealizedLossPositionLessThanTwelveMonthsFairValue,"Available-for-sale Securities, Continuous Unrealized Loss Position, Less than Twelve Months, Fair Value",This item represents the aggregate fair value of investments in debt and equity securities categorized neither as held-to-maturity nor trading securities that have been in a continuous unrealized loss position for less than twelve months.
us-gaap:AvailableForSaleSecuritiesContinuousUnrealizedLossPositionTwelveMonthsOrLongerFairValue,us-gaap,AvailableForSaleSecuritiesContinuousUnrealizedLossPositionTwelveMonthsOrLongerFairValue,"Available-for-sale Securities, Continuous Unrealized Loss Position, Twelve Months or Longer, Fair Value",This item represents the aggregate fair value of investments in debt and equity securities categorized neither as held-to-maturity nor trading securities that have been in a continuous unrealized loss position for twelve months or longer.
us-gaap:AvailableForSaleSecuritiesCurrent,us-gaap,AvailableForSaleSecuritiesCurrent,"Available-for-sale Securities, Current","Amount of investment in debt and equity securities categorized neither as trading securities nor held-to-maturity securities and intended be sold or mature one year or operating cycle, if longer."
us-gaap:AvailableForSaleSecuritiesDebtMaturitiesAfterFiveThroughTenYearsAmortizedCost,us-gaap,AvailableForSaleSecuritiesDebtMaturitiesAfterFiveThroughTenYearsAmortizedCost,"Debt Securities, Available-for-Sale, Amortized Cost, Maturity, Allocated and Single Maturity Date, after Year 5 Through 10","Amortized cost of investment in debt security measured at fair value with change in fair value recognized in other comprehensive income (available-for-sale), with single maturity date and allocated without single maturity date, maturing in sixth through tenth fiscal year following current fiscal year. Excludes interim and annual periods when interim periods are reported from current statement of financial position date (rolling approach)."
us-gaap:AvailableForSaleSecuritiesDebtMaturitiesAfterFiveThroughTenYearsFairValue,us-gaap,AvailableForSaleSecuritiesDebtMaturitiesAfterFiveThroughTenYearsFairValue,"Debt Securities, Available-for-Sale, Fair Value, Maturity, Allocated and Single Maturity Date, after Year 5 Through 10","Fair value of investment in debt security measured at fair value with change in fair value recognized in other comprehensive income (available-for-sale), with single maturity date and allocated without single maturity date, maturing in sixth through tenth fiscal year following current fiscal year. Excludes interim and annual periods when interim periods are reported from current statement of financial position date (rolling approach)."
us-gaap:AvailableForSaleSecuritiesDebtMaturitiesAfterOneThroughFiveYearsAmortizedCost,us-gaap,AvailableForSaleSecuritiesDebtMaturitiesAfterOneThroughFiveYearsAmortizedCost,"Debt Securities, Available-for-Sale, Amortized Cost, Maturity, Allocated and Single Maturity Date, after Year One Through Five","Amortized cost of investment in debt security measured at fair value with change in fair value recognized in other comprehensive income (available-for-sale), with single maturity date and allocated without single maturity date, maturing in second through fifth fiscal year following current fiscal year. Excludes interim and annual periods when interim periods are reported from current statement of financial position date (rolling approach)."
us-gaap:AvailableForSaleSecuritiesDebtMaturitiesAfterOneThroughFiveYearsFairValue,us-gaap,AvailableForSaleSecuritiesDebtMaturitiesAfterOneThroughFiveYearsFairValue,"Debt Securities, Available-for-Sale, Fair Value, Maturity, Allocated and Single Maturity Date, after Year One Through Five","Fair value of investment in debt security measured at fair value with change in fair value recognized in other comprehensive income (available-for-sale), with single maturity date and allocated without single maturity date, maturing in second through fifth fiscal year following current fiscal year. Excludes interim and annual periods when interim periods are reported from current statement of financial position date (rolling approach)."
us-gaap:AvailableForSaleSecuritiesDebtMaturitiesAfterTenYearsAmortizedCost,us-gaap,AvailableForSaleSecuritiesDebtMaturitiesAfterTenYearsAmortizedCost,"Debt Securities, Available-for-Sale, Amortized Cost, Maturity, Allocated and Single Maturity Date, after Year 10","Amortized cost of investment in debt security measured at fair value with change in fair value recognized in other comprehensive income (available-for-sale), with single maturity date and allocated without single maturity date, maturing after tenth fiscal year following current fiscal year. Excludes interim and annual periods when interim periods are reported from current statement of financial position date (rolling approach)."
us-gaap:AvailableForSaleSecuritiesDebtMaturitiesAfterTenYearsFairValue,us-gaap,AvailableForSaleSecuritiesDebtMaturitiesAfterTenYearsFairValue,"Debt Securities, Available-for-Sale, Fair Value, Maturity, Allocated and Single Maturity Date, after Year 10","Fair value of investment in debt security measured at fair value with change in fair value recognized in other comprehensive income (available-for-sale), with single maturity date and allocated without single maturity date, maturing after tenth fiscal year following current fiscal year. Excludes interim and annual periods when interim periods are reported from current statement of financial position date (rolling approach)."
us-gaap:AvailableForSaleSecuritiesDebtMaturitiesAmortizedCost,us-gaap,AvailableForSaleSecuritiesDebtMaturitiesAmortizedCost,"Available-for-sale Securities, Debt Maturities, Amortized Cost Basis (Deprecated 2014-01-31)","Amount of available-for-sale debt securities at cost, net of adjustments, which include, but are not limited to, accretion, amortization, collection of cash, previous other-than-temporary impairments (OTTI) recognized in earnings (less any cumulative-effect adjustments, as defined) and fair value hedge accounting adjustments."
us-gaap:AvailableForSaleSecuritiesDebtMaturitiesFairValue,us-gaap,AvailableForSaleSecuritiesDebtMaturitiesFairValue,"Available-for-sale Securities, Debt Maturities, Fair Value (Deprecated 2011-01-31)","This item represents the total of all debt securities grouped by maturity dates, at fair value, which are categorized neither as held-to-maturity nor trading securities."
us-gaap:AvailableForSaleSecuritiesDebtMaturitiesNextRollingTwelveMonthsAmortizedCostBasis,us-gaap,AvailableForSaleSecuritiesDebtMaturitiesNextRollingTwelveMonthsAmortizedCostBasis,"Debt Securities, Available-for-sale, Maturity, Allocated and Single Maturity Date, Rolling within One Year, Amortized Cost","Amortized cost of investment in debt security measured at fair value with change in fair value recognized in other comprehensive income (available-for-sale), with single maturity date and allocated without single maturity date, maturing in next rolling fiscal year following latest fiscal year. For interim and annual periods when interim period is reported on rolling approach, from latest statement of financial position date."
us-gaap:AvailableForSaleSecuritiesDebtMaturitiesNextRollingTwelveMonthsFairValue,us-gaap,AvailableForSaleSecuritiesDebtMaturitiesNextRollingTwelveMonthsFairValue,"Debt Securities, Available-for-sale, Maturity, Allocated and Single Maturity Date, Rolling within One Year, Fair Value","Fair value of investment in debt security measured at fair value with change in fair value recognized in other comprehensive income (available-for-sale), with single maturity date and allocated without single maturity date, maturing in next rolling fiscal year following latest fiscal year. For interim and annual periods when interim period is reported on rolling approach, from latest statement of financial position date."
us-gaap:AvailableForSaleSecuritiesDebtMaturitiesRollingAfterYearTenAmortizedCostBasis,us-gaap,AvailableForSaleSecuritiesDebtMaturitiesRollingAfterYearTenAmortizedCostBasis,"Debt Securities, Available-for-sale, Maturity, Allocated and Single Maturity Date, Rolling after 10 Years, Amortized Cost","Amortized cost of investment in debt security measured at fair value with change in fair value recognized in other comprehensive income (available-for-sale), with single maturity date and allocated without single maturity date, maturing after rolling tenth fiscal year following latest fiscal year. For interim and annual periods when interim period is reported on rolling approach, from latest statement of financial position date."
us-gaap:AvailableForSaleSecuritiesDebtMaturitiesRollingAfterYearTenFairValue,us-gaap,AvailableForSaleSecuritiesDebtMaturitiesRollingAfterYearTenFairValue,"Debt Securities, Available-for-sale, Maturity, Allocated and Single Maturity Date, Rolling after 10 Years, Fair Value","Fair value of investment in debt security measured at fair value with change in fair value recognized in other comprehensive income (available-for-sale), with single maturity date and allocated without single maturity date, maturing after rolling tenth fiscal year following latest fiscal year. For interim and annual periods when interim period is reported on rolling approach, from latest statement of financial position date."
us-gaap:AvailableForSaleSecuritiesDebtMaturitiesRollingYearSixThroughTenAmortizedCostBasis,us-gaap,AvailableForSaleSecuritiesDebtMaturitiesRollingYearSixThroughTenAmortizedCostBasis,"Debt Securities, Available-for-sale, Maturity, Allocated and Single Maturity Date, Rolling after Five Through Ten Years, Amortized Cost","Amortized cost of investment in debt security, measured at fair value with change in fair value recognized in other comprehensive income (available-for-sale), with single maturity date and allocated without single maturity date, maturing in rolling sixth through tenth fiscal year following latest fiscal year. For interim and annual periods when interim period is reported on rolling approach, from latest statement of financial position date."
us-gaap:AvailableForSaleSecuritiesDebtMaturitiesRollingYearSixThroughTenFairValue,us-gaap,AvailableForSaleSecuritiesDebtMaturitiesRollingYearSixThroughTenFairValue,"Debt Securities, Available-for-sale, Maturity, Allocated and Single Maturity Date, Rolling after Five Through Ten Years, Fair Value","Fair value of investment in debt security, measured at fair value with change in fair value recognized in other comprehensive income (available-for-sale), with single maturity date and allocated without single maturity date, maturing in rolling sixth through tenth fiscal year following latest fiscal year. For interim and annual periods when interim period is reported on rolling approach, from latest statement of financial position date."
us-gaap:AvailableForSaleSecuritiesDebtMaturitiesRollingYearTwoThroughFiveAmortizedCostBasis,us-gaap,AvailableForSaleSecuritiesDebtMaturitiesRollingYearTwoThroughFiveAmortizedCostBasis,"Debt Securities, Available-for-sale, Maturity, Allocated and Single Maturity Date, Rolling after One Through Five Years, Amortized Cost","Amortized cost of investment in debt security measured at fair value with change in fair value recognized in other comprehensive income (available-for-sale), with single maturity date and allocated without single maturity date, maturing in next rolling fiscal year through fifth year following latest fiscal year. For interim and annual periods when interim period is reported on rolling approach, from latest statement of financial position date."
us-gaap:AvailableForSaleSecuritiesDebtMaturitiesRollingYearTwoThroughFiveFairValue,us-gaap,AvailableForSaleSecuritiesDebtMaturitiesRollingYearTwoThroughFiveFairValue,"Debt Securities, Available-for-sale, Maturity, Allocated and Single Maturity Date, Rolling after One Through Five Years, Fair Value","Fair value of investment in debt security, measured at fair value with change in fair value recognized in other comprehensive income (available-for-sale), with single maturity date and allocated without single maturity date, maturing in next rolling fiscal year through fifth year following latest fiscal year. For interim and annual periods when interim period is reported on rolling approach, from latest statement of financial position date."
us-gaap:AvailableForSaleSecuritiesDebtMaturitiesSingleMaturityDate,us-gaap,AvailableForSaleSecuritiesDebtMaturitiesSingleMaturityDate,"Debt Securities, Available-for-sale, Maturity, Allocated and Single Maturity Date, Fair Value","Fair value of investment in debt security measured at fair value with change in fair value recognized in other comprehensive income (available-for-sale), with single maturity date and allocated without single maturity date."
us-gaap:AvailableForSaleSecuritiesDebtMaturitiesSingleMaturityDateAmortizedCostBasis,us-gaap,AvailableForSaleSecuritiesDebtMaturitiesSingleMaturityDateAmortizedCostBasis,"Debt Securities, Available-for-sale, Maturity, Allocated and Single Maturity Date, Amortized Cost","Amortized cost of investment in debt security measured at fair value with change in fair value recognized in other comprehensive income (available-for-sale), with single maturity date and allocated without single maturity date."
us-gaap:AvailableForSaleSecuritiesDebtMaturitiesWithinOneYearAmortizedCost,us-gaap,AvailableForSaleSecuritiesDebtMaturitiesWithinOneYearAmortizedCost,"Debt Securities, Available-for-Sale, Amortized Cost, Maturity, Allocated and Single Maturity Date, Year One","Amortized cost of investment in debt security measured at fair value with change in fair value recognized in other comprehensive income (available-for-sale), with single maturity date and allocated without single maturity date, maturing in next fiscal year following current fiscal year. Excludes interim and annual periods when interim periods are reported from current statement of financial position date (rolling approach)."
us-gaap:AvailableForSaleSecuritiesDebtMaturitiesWithinOneYearFairValue,us-gaap,AvailableForSaleSecuritiesDebtMaturitiesWithinOneYearFairValue,"Debt Securities, Available-for-Sale, Fair Value, Maturity, Allocated and Single Maturity Date, Year One","Fair value of investment in debt security measured at fair value with change in fair value recognized in other comprehensive income (available-for-sale), with single maturity date and allocated without single maturity date, maturing in next fiscal year following current fiscal year. Excludes interim and annual periods when interim periods are reported from current statement of financial position date (rolling approach)."
us-gaap:AvailableForSaleSecuritiesDebtMaturitiesWithoutSingleMaturityDateAmortizedCost,us-gaap,AvailableForSaleSecuritiesDebtMaturitiesWithoutSingleMaturityDateAmortizedCost,"Debt Securities, Available-for-sale, Maturity, without Single Maturity Date, Amortized Cost","Amortized cost of investment in debt security measured at fair value with change in fair value recognized in other comprehensive income (available-for-sale), without single maturity date and not allocated over maturity grouping."
us-gaap:AvailableForSaleSecuritiesDebtMaturitiesWithoutSingleMaturityDateFairValue,us-gaap,AvailableForSaleSecuritiesDebtMaturitiesWithoutSingleMaturityDateFairValue,"Debt Securities, Available-for-sale, Maturity, without Single Maturity Date, Fair Value","Fair value of investment in debt security measured at fair value with change in fair value recognized in other comprehensive income (available-for-sale), without single maturity date and not allocated over maturity grouping."
us-gaap:AvailableForSaleSecuritiesDebtSecurities,us-gaap,AvailableForSaleSecuritiesDebtSecurities,"Debt Securities, Available-for-sale",Amount of investment in debt security measured at fair value with change in fair value recognized in other comprehensive income (available-for-sale).
us-gaap:AvailableForSaleSecuritiesDebtSecuritiesCurrent,us-gaap,AvailableForSaleSecuritiesDebtSecuritiesCurrent,"Debt Securities, Available-for-sale, Current","Amount of investment in debt security measured at fair value with change in fair value recognized in other comprehensive income (available-for-sale), classified as current."
us-gaap:AvailableForSaleSecuritiesDebtSecuritiesNoncurrent,us-gaap,AvailableForSaleSecuritiesDebtSecuritiesNoncurrent,"Debt Securities, Available-for-sale, Noncurrent","Amount of investment in debt security measured at fair value with change in fair value recognized in other comprehensive income (available-for-sale), classified as noncurrent."
us-gaap:AvailableForSaleSecuritiesEquitySecurities,us-gaap,AvailableForSaleSecuritiesEquitySecurities,"Available-for-sale Securities, Equity Securities",Amount of equity securities categorized neither as held-to-maturity nor as trading.
us-gaap:AvailableForSaleSecuritiesFairValueDisclosure,us-gaap,AvailableForSaleSecuritiesFairValueDisclosure,"Available-for-sale Securities, Fair Value Disclosure (Deprecated 2013-01-31)","This element represents the portion of the balance sheet assertion valued at fair value by the entity whether such amount is presented as a separate caption or as a parenthetical disclosure. Additionally, this element may be used in connection with the fair value disclosures required in the footnote disclosures to the financial statements. The element may be used in both the balance sheet and disclosure in the same submission. This item represents Available-for-sale Securities which consist of all investments in certain debt and equity securities neither classified as trading or held-to-maturity securities. A debt security represents a creditor relationship with an enterprise. Debt securities include, among other items, US Treasury securities, US government securities, municipal securities, corporate bonds, convertible debt, commercial paper, and all securitized debt instruments. An equity security represents an ownership interest in an enterprise or the right to acquire or dispose of an ownership interest in an enterprise at fixed or determinable prices. Equity securities include, among other things, common stock, certain preferred stock, warrant rights, call options, and put options, but do not include convertible debt. An entity may opt to provide the reader with additional narrative text to better understand the nature of investments in debt and equity securities which are categorized as Available-for-sale."
us-gaap:AvailableForSaleSecuritiesGrossRealizedGainLossNet,us-gaap,AvailableForSaleSecuritiesGrossRealizedGainLossNet,"Available-for-sale Securities, Gross Realized Gain (Loss)","This item represents the difference between the gross realized gains and losses realized on the sale of debt or equity securities categorized neither as held-to-maturity nor trading securities. Additionally, this item would include any losses recognized for other than temporary impairments (OTTI) of the subject investments in debt and equity securities."
us-gaap:AvailableForSaleSecuritiesGrossRealizedGains,us-gaap,AvailableForSaleSecuritiesGrossRealizedGains,"Available-for-sale Securities, Gross Realized Gains",This item represents the gross profit realized on the sale of debt or equity securities categorized neither as held-to-maturity nor trading securities.
us-gaap:AvailableForSaleSecuritiesGrossRealizedLosses,us-gaap,AvailableForSaleSecuritiesGrossRealizedLosses,"Available-for-sale Securities, Gross Realized Losses",This item represents the gross loss realized on the sale of debt or equity securities categorized neither as held-to-maturity nor trading securities.
us-gaap:AvailableForSaleSecuritiesGrossUnrealizedGains,us-gaap,AvailableForSaleSecuritiesGrossUnrealizedGains,"Available-for-sale Securities, Gross Unrealized Gain",Amount of unrealized gain before deducting unrealized loss on investments in debt and equity securities classified as available-for-sale securities.
us-gaap:AvailableForSaleSecuritiesGrossUnrealizedLoss,us-gaap,AvailableForSaleSecuritiesGrossUnrealizedLoss,"Available-for-sale Securities, Gross Unrealized Loss",Amount of unrealized loss before deducting unrealized gain on investments in available-for-sale securities.
us-gaap:AvailableForSaleSecuritiesGrossUnrealizedLosses1,us-gaap,AvailableForSaleSecuritiesGrossUnrealizedLosses1,"Available-for-sale Securities, Gross Unrealized Losses (Deprecated 2013-01-31)","This item represents the gross unrealized losses for securities, at a point in time, which are categorized neither as held-to-maturity nor trading securities."
us-gaap:AvailableForSaleSecuritiesInUnrealizedLossPositionsQualitativeDisclosureNumberOfPositions,us-gaap,AvailableForSaleSecuritiesInUnrealizedLossPositionsQualitativeDisclosureNumberOfPositions,"Available-for-sale, Securities in Unrealized Loss Positions, Qualitative Disclosure, Number of Positions (Deprecated 2013-01-31)",Disclosure regarding factors used to determine that the impairment of securities not categorized as either held-to-maturity securities or trading securities (hence equal to available for sale securities) where cost exceeds fair value is not an other than temporary impairment (OTTI). This item contains disclosure of the number of investment positions in the available-for-sale investments determined to be temporarily impaired.
us-gaap:AvailableForSaleSecuritiesNoncurrent,us-gaap,AvailableForSaleSecuritiesNoncurrent,"Available-for-sale Securities, Noncurrent","Investments in debt and equity securities which are categorized neither as held-to-maturity nor trading and which are intended to be sold or mature more than one year from the balance sheet date or operating cycle, if longer. Such securities are reported at fair value; unrealized gains (losses) related to Available-for-sale Securities are excluded from earnings and reported in a separate component of shareholders' equity (other comprehensive income), unless the Available-for-sale security is designated as a hedge or is determined to have had an other than temporary decline in fair value below its amortized cost basis. All or a portion of the unrealized holding gain (loss) of an Available-for-sale security that is designated as being hedged in a fair value hedge is recognized in earnings during the period of the hedge, as are other than temporary declines in fair value below the cost basis for investments in equity securities and debt securities that an entity intends to sell or it is more likely than not that it will be required to sell before the recovery of its amortized cost basis. Other than temporary declines in fair value below the cost basis for debt securities categorized as Available-for-sale that an entity does not intend to sell and for which it is not more likely than not that the entity will be required to sell before the recovery of its amortized cost basis are bifurcated into credit losses and losses related to all other factors. Other than temporary declines in fair value below cost basis related to credit losses are recognized in earnings, and losses related to all other factors are recognized in other comprehensive income."
us-gaap:AvailableforsaleSecuritiesContinuousUnrealizedLossPosition12MonthsOrLongerAggregateLosses1,us-gaap,AvailableforsaleSecuritiesContinuousUnrealizedLossPosition12MonthsOrLongerAggregateLosses1,"Available-for-sale Securities, Continuous Unrealized Loss Position, 12 Months or Longer, Aggregate Losses (Deprecated 2012-01-31)",This item represents the excess of amortized cost basis over fair value of securities that have been in a loss position for twelve months or longer for those securities which are categorized neither as held-to-maturity nor trading securities.
us-gaap:AvailableforsaleSecuritiesContinuousUnrealizedLossPosition12MonthsOrLongerAggregateLosses2,us-gaap,AvailableforsaleSecuritiesContinuousUnrealizedLossPosition12MonthsOrLongerAggregateLosses2,"Available-for-sale Securities, Continuous Unrealized Loss Position, 12 Months or Longer, Aggregate Losses (Deprecated 2013-01-31)",Amount of the excess of amortized cost basis over fair value of securities that have been in a loss position for twelve months or longer for securities which are categorized neither as held-to-maturity nor trading securities.
us-gaap:AvailableforsaleSecuritiesContinuousUnrealizedLossPositionAggregateLosses1,us-gaap,AvailableforsaleSecuritiesContinuousUnrealizedLossPositionAggregateLosses1,"Available-for-sale Securities, Continuous Unrealized Loss Position, Aggregate Losses (Deprecated 2012-01-31)",This item represents the excess of amortized cost basis over fair value of securities in a loss position and which are categorized neither as held-to-maturity nor trading securities.
us-gaap:AvailableforsaleSecuritiesContinuousUnrealizedLossPositionAggregateLosses2,us-gaap,AvailableforsaleSecuritiesContinuousUnrealizedLossPositionAggregateLosses2,"Available-for-sale Securities, Continuous Unrealized Loss Position, Aggregate Losses (Deprecated 2013-01-31)",Amount of the excess of amortized cost basis over fair value of securities in a loss position and categorized neither as held-to-maturity nor trading securities.
us-gaap:AvailableforsaleSecuritiesContinuousUnrealizedLossPositionLessThan12MonthsAggregateLosses1,us-gaap,AvailableforsaleSecuritiesContinuousUnrealizedLossPositionLessThan12MonthsAggregateLosses1,"Available-for-sale Securities, Continuous Unrealized Loss Position, Less than 12 Months, Aggregate Losses (Deprecated 2012-01-31)",This item represents the excess of amortized cost basis over fair value of securities that have been in a loss position for less than twelve months for those securities which are categorized neither as held-to-maturity nor trading securities.
us-gaap:AvailableforsaleSecuritiesContinuousUnrealizedLossPositionLessThan12MonthsAggregateLosses2,us-gaap,AvailableforsaleSecuritiesContinuousUnrealizedLossPositionLessThan12MonthsAggregateLosses2,"Available-for-sale Securities, Continuous Unrealized Loss Position, Less than 12 Months, Aggregate Losses (Deprecated 2013-01-31)",Amount of the excess of amortized cost basis over fair value of securities that have been in a loss position for less than twelve months for securities categorized neither as held-to-maturity nor trading securities.
us-gaap:AvailableforsaleSecuritiesGrossRealizedGainLossExcludingOtherThanTemporaryImpairments,us-gaap,AvailableforsaleSecuritiesGrossRealizedGainLossExcludingOtherThanTemporaryImpairments,"Available-for-sale Securities, Gross Realized Gain (Loss), Excluding Other than Temporary Impairments",This item represents the difference between the gross realized gains and losses realized on the sale of debt or equity securities categorized neither as held-to-maturity nor trading securities.
us-gaap:AvailableforsaleSecuritiesGrossRealizedLossesExcludingOtherThanTemporaryImpairments,us-gaap,AvailableforsaleSecuritiesGrossRealizedLossesExcludingOtherThanTemporaryImpairments,"Available-for-sale Securities, Realized Losses, Excluding Other than Temporary Impairments",Amount of loss realized on the sale of debt or equity securities classified as available-for-sale. Excludes other than temporary impairments (OTTI).
us-gaap:AvailableforsaleSecuritiesGrossUnrealizedGain,us-gaap,AvailableforsaleSecuritiesGrossUnrealizedGain,"Available-for-sale Securities, Gross Unrealized Gains (Deprecated 2013-01-31)","This item represents the gross unrealized gains for securities, at a point in time, which are categorized neither as held-to-maturity nor trading securities."
us-gaap:AvailableforsaleSecuritiesGrossUnrealizedGainLoss1,us-gaap,AvailableforsaleSecuritiesGrossUnrealizedGainLoss1,"Available-for-sale Securities, Gross Unrealized Gain (Loss) (Deprecated 2018-01-31)",Amount of unrealized gain (loss) on investments in debt and equity securities classified as available-for-sale securities.
us-gaap:AvailableforsaleSecuritiesInUnrealizedLossPositionsQualitativeDisclosureNumberOfPositions1,us-gaap,AvailableforsaleSecuritiesInUnrealizedLossPositionsQualitativeDisclosureNumberOfPositions1,"Available-for-sale, Securities in Unrealized Loss Positions, Qualitative Disclosure, Number of Positions",Number of investment positions in available-for-sale investments in a continuous unrealized loss position for which an other-than-temporary impairment (OTTI) has not been recognized in the income statement.
us-gaap:BeneficialInterest,us-gaap,BeneficialInterest,Beneficial Interest Liability,"Obligation reflecting another party's right to economic interests in another entity or trust under a contractual right. For example, an investor may purchase a beneficial interest in a securitization transaction."
us-gaap:BrokerageCommissionsRevenue,us-gaap,BrokerageCommissionsRevenue,Brokerage Commissions Revenue,Amount of commission revenue from buying and selling securities on behalf of customers.
us-gaap:BuildingsAndImprovementsGross,us-gaap,BuildingsAndImprovementsGross,"Buildings and Improvements, Gross","Amount before accumulated depreciation of building structures held for productive use including addition, improvement, or renovation to the structure, including, but not limited to, interior masonry, interior flooring, electrical, and plumbing."
us-gaap:BusinessAcquisitionContingentConsiderationPotentialCashPayment,us-gaap,BusinessAcquisitionContingentConsiderationPotentialCashPayment,"Business Acquisition, Contingent Consideration, Potential Cash Payment (Deprecated 2013-01-31)",Amount of potential cash payments that could result from the contingent consideration arrangement.
us-gaap:BusinessAcquisitionCostOfAcquiredEntityCashPaid,us-gaap,BusinessAcquisitionCostOfAcquiredEntityCashPaid,"Business Acquisition, Cost of Acquired Entity, Cash Paid (Deprecated 2013-01-31)",Amount of cash paid to acquire the entity.
us-gaap:BusinessAcquisitionCostOfAcquiredEntityEquityInterestsIssuedAndIssuable,us-gaap,BusinessAcquisitionCostOfAcquiredEntityEquityInterestsIssuedAndIssuable,"Business Acquisition, Cost of Acquired Entity, Equity Interests Issued and Issuable (Deprecated 2013-01-31)","The acquisition-date fair value of the equity interests of the acquirer, including the number of instruments or interests issued or issuable in consideration for the business combination."
us-gaap:BusinessAcquisitionCostOfAcquiredEntityLiabilitiesIncurred,us-gaap,BusinessAcquisitionCostOfAcquiredEntityLiabilitiesIncurred,"Business Acquisition, Cost of Acquired Entity, Liabilities Incurred (Deprecated 2013-01-31)","Fair Value of the liabilities incurred by the acquirer to former owners of the acquiree, including the fair value of any contingent consideration. If liabilities transferred as consideration remain within the combined entity after the business combination (for example, because the assets or liabilities were transferred to the acquiree rather than to its former owners), and the acquirer therefore retains control of them; in that situation, the acquirer measures those liabilities at their carrying amounts immediately before the acquisition date."
us-gaap:BusinessAcquisitionCostOfAcquiredEntityOtherNoncashConsideration,us-gaap,BusinessAcquisitionCostOfAcquiredEntityOtherNoncashConsideration,"Business Acquisition, Cost of Acquired Entity, Other Noncash Consideration (Deprecated 2013-01-31)","Fair value of noncash consideration given by the acquirer to acquire the entity. Does not include cash paid, the fair value of debt and securities issued and liabilities incurred to acquire the entity."
us-gaap:BusinessAcquisitionCostOfAcquiredEntityPurchasePrice,us-gaap,BusinessAcquisitionCostOfAcquiredEntityPurchasePrice,"Business Acquisition, Cost of Acquired Entity, Purchase Price (Deprecated 2013-01-31)","The total cost of the acquired entity including the cash paid to shareholders of acquired entities, fair value of debt and equity securities issued to shareholders of acquired entities, the fair value of the liabilities assumed, and direct costs of the acquisition."
us-gaap:BusinessAcquisitionCostOfAcquiredEntityTransactionCosts,us-gaap,BusinessAcquisitionCostOfAcquiredEntityTransactionCosts,"Business Acquisition, Transaction Costs","Amount of direct costs of the business combination including legal, accounting, and other costs incurred to consummate the business acquisition."
us-gaap:BusinessAcquisitionEquityInterestsIssuedOrIssuableNumberOfSharesIssued,us-gaap,BusinessAcquisitionEquityInterestsIssuedOrIssuableNumberOfSharesIssued,"Business Acquisition, Equity Interest Issued or Issuable, Number of Shares",Number of shares of equity interests issued or issuable to acquire entity.
us-gaap:BusinessAcquisitionPercentageOfVotingInterestsAcquired,us-gaap,BusinessAcquisitionPercentageOfVotingInterestsAcquired,"Business Acquisition, Percentage of Voting Interests Acquired",Percentage of voting equity interests acquired at the acquisition date in the business combination.
us-gaap:BusinessAcquisitionProFormaEarningsPerShareBasic,us-gaap,BusinessAcquisitionProFormaEarningsPerShareBasic,"Business Acquisition, Pro Forma Earnings Per Share, Basic",The pro forma basic net income per share for a period as if the business combination or combinations had been completed at the beginning of a period.
us-gaap:BusinessAcquisitionProFormaEarningsPerShareDiluted,us-gaap,BusinessAcquisitionProFormaEarningsPerShareDiluted,"Business Acquisition, Pro Forma Earnings Per Share, Diluted",The pro forma diluted net income per share for a period as if the business combination or combinations had been completed at the beginning of a period.
us-gaap:BusinessAcquisitionProFormaIncomeLossFromContinuingOperationsBeforeChangesInAccountingAndExtraordinaryItemsNetOfTax,us-gaap,BusinessAcquisitionProFormaIncomeLossFromContinuingOperationsBeforeChangesInAccountingAndExtraordinaryItemsNetOfTax,"Business Acquisition, Pro Forma Income (Loss) from Continuing Operations before Changes in Accounting and Extraordinary Items, Net of Tax (Deprecated 2011-01-31)","The pro forma income from continuing operations before changes in accounting and extraordinary items, net of tax effect, for the period as if the business combination or combinations had been completed at the beginning of a period."
us-gaap:BusinessAcquisitionProFormaIncomeLossFromContinuingOperationsBeforeChangesInAccountingAndExtraordinaryItemsNetOfTaxPerShareBasic,us-gaap,BusinessAcquisitionProFormaIncomeLossFromContinuingOperationsBeforeChangesInAccountingAndExtraordinaryItemsNetOfTaxPerShareBasic,"Business Acquisition, Pro Forma Income (Loss) from Continuing Operations, Net of Tax, Per Share, Basic","Per basic share amount of pro forma income from continuing operations, after tax, as if the business combination had been completed at the beginning of a period."
us-gaap:BusinessAcquisitionProFormaIncomeLossFromContinuingOperationsBeforeChangesInAccountingAndExtraordinaryItemsNetOfTaxPerShareDiluted,us-gaap,BusinessAcquisitionProFormaIncomeLossFromContinuingOperationsBeforeChangesInAccountingAndExtraordinaryItemsNetOfTaxPerShareDiluted,"Business Acquisition, Pro Forma Income (Loss) from Continuing Operations, Net of Tax, Per Share, Diluted","Per diluted share amount of pro forma income from continuing operations, after tax, as if the business combination had been completed at the beginning of a period."
us-gaap:BusinessAcquisitionProFormaNetIncomeLoss,us-gaap,BusinessAcquisitionProFormaNetIncomeLoss,"Business Acquisition, Pro Forma Net Income (Loss) (Deprecated 2011-01-31)",The pro forma net Income or Loss for the period as if the business combination or combinations had been completed at the beginning of a period.
us-gaap:BusinessAcquisitionProFormaRevenue,us-gaap,BusinessAcquisitionProFormaRevenue,"Business Acquisition, Pro Forma Revenue (Deprecated 2011-01-31)",The pro forma revenue for a period as if the business combination or combinations had been completed at the beginning of the period.
us-gaap:BusinessAcquisitionPurchasePriceAllocationAmortizableIntangibleAssets,us-gaap,BusinessAcquisitionPurchasePriceAllocationAmortizableIntangibleAssets,"Business Acquisition, Purchase Price Allocation, Amortizable Intangible Assets (Deprecated 2013-01-31)",The amount of acquisition cost of a business combination allocated to an identifiable intangible asset that will be amortized.
us-gaap:BusinessAcquisitionPurchasePriceAllocationAssetsAcquired,us-gaap,BusinessAcquisitionPurchasePriceAllocationAssetsAcquired,"Business Acquisition, Purchase Price Allocation, Assets Acquired (Deprecated 2013-01-31)",The amount of acquisition cost of a business combination allocated to assets acquired.
us-gaap:BusinessAcquisitionPurchasePriceAllocationAssetsAcquiredLiabilitiesAssumedNet,us-gaap,BusinessAcquisitionPurchasePriceAllocationAssetsAcquiredLiabilitiesAssumedNet,"Business Acquisition, Purchase Price Allocation, Assets Acquired (Liabilities Assumed), Net (Deprecated 2013-01-31)","The total purchase price of the acquired entity. This includes cash paid to equity interest holders of the acquired entity, fair value of debt and equity securities issued to equity holders of the acquired entity, and transaction costs paid to third parties to consummate the acquisition."
us-gaap:BusinessAcquisitionPurchasePriceAllocationCurrentAssets,us-gaap,BusinessAcquisitionPurchasePriceAllocationCurrentAssets,"Business Acquisition, Purchase Price Allocation, Current Assets (Deprecated 2013-01-31)",The amount of acquisition cost of a business combination allocated to current assets.
us-gaap:BusinessAcquisitionPurchasePriceAllocationCurrentAssetsCashAndCashEquivalents,us-gaap,BusinessAcquisitionPurchasePriceAllocationCurrentAssetsCashAndCashEquivalents,"Business Acquisition, Purchase Price Allocation, Current Assets, Cash and Cash Equivalents (Deprecated 2013-01-31)",The amount of cash and cash equivalents acquired in a business combination.
us-gaap:BusinessAcquisitionPurchasePriceAllocationCurrentAssetsInventory,us-gaap,BusinessAcquisitionPurchasePriceAllocationCurrentAssetsInventory,"Business Acquisition, Purchase Price Allocation, Current Assets, Inventory (Deprecated 2013-01-31)","The amount of acquisition cost of a business combination allocated to inventory, including finished goods, work-in-process, and raw materials."
us-gaap:BusinessAcquisitionPurchasePriceAllocationCurrentAssetsPrepaidExpenseAndOtherAssets,us-gaap,BusinessAcquisitionPurchasePriceAllocationCurrentAssetsPrepaidExpenseAndOtherAssets,"Business Acquisition, Purchase Price Allocation, Current Assets, Prepaid Expense and Other Assets (Deprecated 2013-01-31)","The amount of acquisition cost of a business combination allocated to prepaid expenses and other current assets. Does not include amounts allocated to cash and cash equivalents, marketable securities, receivables, inventory, and assets not to be used."
us-gaap:BusinessAcquisitionPurchasePriceAllocationCurrentAssetsReceivables,us-gaap,BusinessAcquisitionPurchasePriceAllocationCurrentAssetsReceivables,"Business Acquisition, Purchase Price Allocation, Current Assets, Receivables (Deprecated 2013-01-31)",The amount of acquisition cost of a business combination allocated to receivables.
us-gaap:BusinessAcquisitionPurchasePriceAllocationCurrentLiabilities,us-gaap,BusinessAcquisitionPurchasePriceAllocationCurrentLiabilities,"Business Acquisition, Purchase Price Allocation, Current Liabilities (Deprecated 2013-01-31)",The amount of acquisition cost of a business combination allocated to current liabilities of the acquired entity.
us-gaap:BusinessAcquisitionPurchasePriceAllocationCurrentLiabilitiesAccountsPayable,us-gaap,BusinessAcquisitionPurchasePriceAllocationCurrentLiabilitiesAccountsPayable,"Business Acquisition, Purchase Price Allocation, Current Liabilities, Accounts Payable (Deprecated 2013-01-31)",The amount of acquisition cost of a business combination allocated to accounts payable of the acquired entity.
us-gaap:BusinessAcquisitionPurchasePriceAllocationCurrentLiabilitiesAccruedLiabilities,us-gaap,BusinessAcquisitionPurchasePriceAllocationCurrentLiabilitiesAccruedLiabilities,"Business Acquisition, Purchase Price Allocation, Current Liabilities, Accrued Liabilities (Deprecated 2013-01-31)",The amount of acquisition cost of a business combination allocated to accrued expenses of the acquired entity.
us-gaap:BusinessAcquisitionPurchasePriceAllocationGoodwillAmount,us-gaap,BusinessAcquisitionPurchasePriceAllocationGoodwillAmount,"Business Acquisition, Purchase Price Allocation, Goodwill Amount (Deprecated 2013-01-31)","Amount of goodwill arising from a business combination, which is the excess of the cost of the acquired entity over the amounts assigned to assets acquired and liabilities assumed."
us-gaap:BusinessAcquisitionPurchasePriceAllocationLiabilitiesAssumed,us-gaap,BusinessAcquisitionPurchasePriceAllocationLiabilitiesAssumed,"Business Acquisition, Purchase Price Allocation, Liabilities Assumed (Deprecated 2013-01-31)",The amount of acquisition cost of a business combination allocated to liabilities assumed.
us-gaap:BusinessAcquisitionPurchasePriceAllocationNoncurrentAssets,us-gaap,BusinessAcquisitionPurchasePriceAllocationNoncurrentAssets,"Business Acquisition, Purchase Price Allocation, Noncurrent Assets (Deprecated 2013-01-31)",The amount of acquisition cost of a business combination allocated to noncurrent assets.
us-gaap:BusinessAcquisitionPurchasePriceAllocationNoncurrentLiabilitiesLongTermDebt,us-gaap,BusinessAcquisitionPurchasePriceAllocationNoncurrentLiabilitiesLongTermDebt,"Business Acquisition, Purchase Price Allocation, Noncurrent Liabilities, Long-term Debt (Deprecated 2013-01-31)",The amount of acquisition cost of a business combination allocated to the noncurrent portion of the long-term debt assumed from the acquired entity.
us-gaap:BusinessAcquisitionPurchasePriceAllocationNotesPayableAndLongTermDebt,us-gaap,BusinessAcquisitionPurchasePriceAllocationNotesPayableAndLongTermDebt,"Business Acquisition, Purchase Price Allocation, Notes Payable and Long-term Debt (Deprecated 2013-01-31)",The amount of acquisition cost of a business combination allocated to notes payables and long-term debt assumed from the acquired entity.
us-gaap:BusinessAcquisitionPurchasePriceAllocationOtherNoncurrentAssets,us-gaap,BusinessAcquisitionPurchasePriceAllocationOtherNoncurrentAssets,"Business Acquisition, Purchase Price Allocation, Other Noncurrent Assets (Deprecated 2013-01-31)",Amount of acquisition cost of a business combination allocated to other noncurrent assets not separately disclosed.
us-gaap:BusinessAcquisitionPurchasePriceAllocationOtherNoncurrentLiabilities,us-gaap,BusinessAcquisitionPurchasePriceAllocationOtherNoncurrentLiabilities,"Business Acquisition, Purchase Price Allocation, Other Noncurrent Liabilities (Deprecated 2013-01-31)",Amount of acquisition cost of a business combination allocated to other noncurrent liabilities not separately disclosed.
us-gaap:BusinessAcquisitionPurchasePriceAllocationProjectedBenefitObligationAsset,us-gaap,BusinessAcquisitionPurchasePriceAllocationProjectedBenefitObligationAsset,"Business Acquisition, Purchase Price Allocation, Projected Benefit Obligation (Asset) (Deprecated 2013-01-31)",The amount of acquisition cost of a business combination allocated to a liability for the projected benefit obligation in excess of plan assets or an asset for plan assets in excess of the projected benefit obligation of a single-employer defined benefit pension plan.
us-gaap:BusinessAcquisitionPurchasePriceAllocationPropertyPlantAndEquipment,us-gaap,BusinessAcquisitionPurchasePriceAllocationPropertyPlantAndEquipment,"Business Acquisition, Purchase Price Allocation, Property, Plant and Equipment (Deprecated 2013-01-31)","The amount of acquisition cost of a business combination allocated to property, plant and equipment to be used in ongoing operations."
us-gaap:BusinessAcquisitionsProFormaNetIncomeLoss,us-gaap,BusinessAcquisitionsProFormaNetIncomeLoss,"Business Acquisition, Pro Forma Net Income (Loss)",The pro forma net Income or Loss for the period as if the business combination or combinations had been completed at the beginning of a period.
us-gaap:BusinessAcquisitionsProFormaRevenue,us-gaap,BusinessAcquisitionsProFormaRevenue,"Business Acquisition, Pro Forma Revenue",The pro forma revenue for a period as if the business combination or combinations had been completed at the beginning of the period.
us-gaap:BusinessCombinationAcquisitionRelatedCosts,us-gaap,BusinessCombinationAcquisitionRelatedCosts,"Business Combination, Acquisition Related Costs","This element represents acquisition-related costs incurred to effect a business combination which costs have been expensed during the period. Such costs include finder's fees; advisory, legal, accounting, valuation, and other professional or consulting fees; general administrative costs, including the costs of maintaining an internal acquisitions department; and may include costs of registering and issuing debt and equity securities."
us-gaap:BusinessCombinationBargainPurchaseGainRecognizedAmount,us-gaap,BusinessCombinationBargainPurchaseGainRecognizedAmount,"Business Combination, Bargain Purchase, Gain Recognized, Amount","In a business combination in which the amount of net identifiable assets acquired and liabilities assumed exceeds the aggregate consideration transferred or to be transferred (as defined), this element represents the amount of gain recognized by the entity."
us-gaap:BusinessCombinationConsiderationTransferred,us-gaap,BusinessCombinationConsiderationTransferred,"Business Combination, Consideration Transferred (Deprecated 2013-01-31)","This element represents the acquisition-date fair value of the total consideration transferred which consists of the sum of the acquisition-date fair values of the assets transferred by the acquirer, the liabilities incurred by the acquirer to former owners of the acquiree, and the equity interests issued by the acquirer."
us-gaap:BusinessCombinationConsiderationTransferred1,us-gaap,BusinessCombinationConsiderationTransferred1,"Business Combination, Consideration Transferred","Amount of consideration transferred, consisting of acquisition-date fair value of assets transferred by the acquirer, liabilities incurred by the acquirer, and equity interest issued by the acquirer."
us-gaap:BusinessCombinationConsiderationTransferredEquityInterestsIssuedAndIssuable,us-gaap,BusinessCombinationConsiderationTransferredEquityInterestsIssuedAndIssuable,"Business Combination, Consideration Transferred, Equity Interests Issued and Issuable","Amount of equity interests of the acquirer, including instruments or interests issued or issuable in consideration for the business combination."
us-gaap:BusinessCombinationConsiderationTransferredLiabilitiesIncurred,us-gaap,BusinessCombinationConsiderationTransferredLiabilitiesIncurred,"Business Combination, Consideration Transferred, Liabilities Incurred",Amount of liabilities incurred by the acquirer as part of consideration transferred in a business combination.
us-gaap:BusinessCombinationConsiderationTransferredOther1,us-gaap,BusinessCombinationConsiderationTransferredOther1,"Business Combination, Consideration Transferred, Other","Amount of tangible or intangible assets, including a business or subsidiary of the acquirer transferred by the entity to the former owners of the acquiree. Excludes cash."
us-gaap:BusinessCombinationContingentConsiderationArrangementsChangeInAmountOfContingentConsiderationLiability1,us-gaap,BusinessCombinationContingentConsiderationArrangementsChangeInAmountOfContingentConsiderationLiability1,"Business Combination, Contingent Consideration Arrangements, Change in Amount of Contingent Consideration, Liability","Amount of increase (decrease) in the value of a contingent consideration liability, including, but not limited to, differences arising upon settlement."
us-gaap:BusinessCombinationContingentConsiderationLiability,us-gaap,BusinessCombinationContingentConsiderationLiability,"Business Combination, Contingent Consideration, Liability",Amount of liability recognized arising from contingent consideration in a business combination.
us-gaap:BusinessCombinationIntegrationRelatedCosts,us-gaap,BusinessCombinationIntegrationRelatedCosts,"Business Combination, Integration Related Costs","Costs incurred to effect a business combination which have been expensed during the period. Such costs could include business integration costs, systems integration and conversion costs, and severance and other employee-related costs."
us-gaap:BusinessCombinationProFormaInformationEarningsOrLossOfAcquireeSinceAcquisitionDateActual,us-gaap,BusinessCombinationProFormaInformationEarningsOrLossOfAcquireeSinceAcquisitionDateActual,"Business Combination, Pro Forma Information, Earnings or Loss of Acquiree since Acquisition Date, Actual",This element represents the amount of earnings or loss of the acquiree since the acquisition date included in the consolidated income statement for the reporting period.
us-gaap:BusinessCombinationProFormaInformationRevenueOfAcquireeSinceAcquisitionDateActual,us-gaap,BusinessCombinationProFormaInformationRevenueOfAcquireeSinceAcquisitionDateActual,"Business Combination, Pro Forma Information, Revenue of Acquiree since Acquisition Date, Actual",This element represents the amount of revenue of the acquiree since the acquisition date included in the consolidated income statement for the reporting period.
us-gaap:BusinessCombinationRecognizedIdentifiableAssetsAcquiredAndLiabilitiesAssumedCurrentLiabilities,us-gaap,BusinessCombinationRecognizedIdentifiableAssetsAcquiredAndLiabilitiesAssumedCurrentLiabilities,"Business Combination, Recognized Identifiable Assets Acquired and Liabilities Assumed, Current Liabilities","Amount of liabilities due within one year or within the normal operating cycle, if longer, assumed at the acquisition date."
us-gaap:BusinessCombinationRecognizedIdentifiableAssetsAcquiredAndLiabilitiesAssumedDeferredTaxAssetsNoncurrent,us-gaap,BusinessCombinationRecognizedIdentifiableAssetsAcquiredAndLiabilitiesAssumedDeferredTaxAssetsNoncurrent,"Business Combination, Recognized Identifiable Assets Acquired and Liabilities Assumed, Deferred Tax Assets Noncurrent","Amount, after allocation of valuation allowance, of deferred tax asset attributable to deductible temporary differences and carryforwards acquired at the acquisition date, classified as noncurrent."
us-gaap:BusinessCombinationRecognizedIdentifiableAssetsAcquiredAndLiabilitiesAssumedDeferredTaxLiabilities,us-gaap,BusinessCombinationRecognizedIdentifiableAssetsAcquiredAndLiabilitiesAssumedDeferredTaxLiabilities,"Business Combination, Recognized Identifiable Assets Acquired and Liabilities Assumed, Deferred Tax Liabilities",Amount of deferred tax liability attributable to taxable temporary differences assumed at the acquisition date.
us-gaap:BusinessCombinationRecognizedIdentifiableAssetsAcquiredAndLiabilitiesAssumedDeferredTaxLiabilitiesNoncurrent,us-gaap,BusinessCombinationRecognizedIdentifiableAssetsAcquiredAndLiabilitiesAssumedDeferredTaxLiabilitiesNoncurrent,"Business Combination, Recognized Identifiable Assets Acquired and Liabilities Assumed, Deferred Tax Liabilities Noncurrent",Amount of deferred tax liability attributable to taxable temporary difference assumed at the acquisition date that are classified as noncurrent.
us-gaap:BusinessCombinationRecognizedIdentifiableAssetsAcquiredAndLiabilitiesAssumedIntangibleAssetsOtherThanGoodwill,us-gaap,BusinessCombinationRecognizedIdentifiableAssetsAcquiredAndLiabilitiesAssumedIntangibleAssetsOtherThanGoodwill,"Business Combination, Recognized Identifiable Assets Acquired and Liabilities Assumed, Intangible Assets, Other than Goodwill","Amount of intangible assets, excluding goodwill, acquired at the acquisition date."
us-gaap:BusinessCombinationRecognizedIdentifiableAssetsAcquiredAndLiabilitiesAssumedIntangibles,us-gaap,BusinessCombinationRecognizedIdentifiableAssetsAcquiredAndLiabilitiesAssumedIntangibles,"Business Combination, Recognized Identifiable Assets Acquired and Liabilities Assumed, Finite-Lived Intangibles",The amount of identifiable intangible assets recognized as of the acquisition date.
us-gaap:BusinessCombinationRecognizedIdentifiableAssetsAcquiredAndLiabilitiesAssumedLiabilities,us-gaap,BusinessCombinationRecognizedIdentifiableAssetsAcquiredAndLiabilitiesAssumedLiabilities,"Business Combination, Recognized Identifiable Assets Acquired and Liabilities Assumed, Liabilities",Amount of liabilities assumed at the acquisition date.
us-gaap:BusinessCombinationRecognizedIdentifiableAssetsAcquiredAndLiabilitiesAssumedNet,us-gaap,BusinessCombinationRecognizedIdentifiableAssetsAcquiredAndLiabilitiesAssumedNet,"Business Combination, Recognized Identifiable Assets Acquired and Liabilities Assumed, Net",Amount recognized as of the acquisition date for the identifiable assets acquired in excess of (less than) the aggregate liabilities assumed.
us-gaap:BusinessCombinationRecognizedIdentifiableAssetsAcquiredAndLiabilitiesAssumedNoncurrentLiabilitiesOther,us-gaap,BusinessCombinationRecognizedIdentifiableAssetsAcquiredAndLiabilitiesAssumedNoncurrentLiabilitiesOther,"Business Combination, Recognized Identifiable Assets Acquired and Liabilities Assumed, Noncurrent Liabilities, Other","Amount of other liabilities due after one year or the normal operating cycle, if longer, assumed at the acquisition date."
us-gaap:BusinessCombinationRecognizedIdentifiableAssetsAcquiredAndLiabilitiesAssumedOtherNoncurrentAssets,us-gaap,BusinessCombinationRecognizedIdentifiableAssetsAcquiredAndLiabilitiesAssumedOtherNoncurrentAssets,"Business Combination, Recognized Identifiable Assets Acquired and Liabilities Assumed, Other Noncurrent Assets","Amount of other assets expected to be realized or consumed after one year or the normal operating cycle, if longer, acquired at the acquisition date."
us-gaap:BusinessCombinationRecognizedIdentifiableAssetsAcquiredAndLiabilitiesAssumedPropertyPlantAndEquipment,us-gaap,BusinessCombinationRecognizedIdentifiableAssetsAcquiredAndLiabilitiesAssumedPropertyPlantAndEquipment,"Business Combination, Recognized Identifiable Assets Acquired and Liabilities Assumed, Property, Plant, and Equipment","The amount of property, plant, and equipment recognized as of the acquisition date."
us-gaap:BusinessCombinationStepAcquisitionEquityInterestInAcquireeRemeasurementGain,us-gaap,BusinessCombinationStepAcquisitionEquityInterestInAcquireeRemeasurementGain,"Business Combination, Step Acquisition, Equity Interest in Acquiree, Remeasurement Gain","In a business combination achieved in stages, this element represents the amount of gain recognized by the entity as a result of remeasuring to fair value the equity interest in the acquiree it held before the business combination."
us-gaap:BusinessCombinationStepAcquisitionEquityInterestInAcquireeRemeasurementGainOrLoss,us-gaap,BusinessCombinationStepAcquisitionEquityInterestInAcquireeRemeasurementGainOrLoss,"Business Combination, Step Acquisition, Equity Interest in Acquiree, Remeasurement Gain (Loss), Net","In a business combination achieved in stages, this element represents the amount of net gain (loss) recognized by the entity as a result of remeasuring to fair value the equity interest in the acquiree it held before the business combination."
us-gaap:BusinessExitCosts,us-gaap,BusinessExitCosts,Business Exit Costs (Deprecated 2013-01-31),"The charge against earnings in the period, comprised of costs incurred associated with an exit or disposal activity other than for a discontinued operations as defined under generally accepted accounting principles. Costs of such activities include those for one-time termination benefits, termination of an operating lease or other contract, consolidating or closing facilities, and relocating employees, and costs associated with an ongoing benefit arrangement, but excludes costs associated with the retirement of a long-lived asset."
us-gaap:BusinessExitCosts1,us-gaap,BusinessExitCosts1,Business Exit Costs,"Amount of expenses associated with exit or disposal activities pursuant to an authorized plan. Includes, but is not limited to, one-time termination benefits, termination of an operating lease or other contract, consolidating or closing facilities, and relocating employees, and termination benefits associated with an ongoing benefit arrangement. Excludes expenses associated with special or contractual termination benefits, a discontinued operation or an asset retirement obligation."
us-gaap:Capital,us-gaap,Capital,"Banking Regulation, Total Capital, Actual",Amount of total capital as defined by regulatory framework.
us-gaap:CapitalExpenditureDiscontinuedOperations,us-gaap,CapitalExpenditureDiscontinuedOperations,"Capital Expenditure, Discontinued Operations",Amount of capital expenditure attributable to discontinued operations.
us-gaap:CapitalExpendituresIncurredButNotYetPaid,us-gaap,CapitalExpendituresIncurredButNotYetPaid,Capital Expenditures Incurred but Not yet Paid,Future cash outflow to pay for purchases of fixed assets that have occurred.
us-gaap:CapitalLeaseObligations,us-gaap,CapitalLeaseObligations,Capital Lease Obligations,"Amount equal to the present value (the principal) at the beginning of the lease term of minimum lease payments during the lease term (excluding that portion of the payments representing executory costs such as insurance, maintenance, and taxes to be paid by the lessor, together with any profit thereon) net of payments or other amounts applied to the principal through the balance sheet date."
us-gaap:CapitalLeaseObligationsCurrent,us-gaap,CapitalLeaseObligationsCurrent,"Capital Lease Obligations, Current","Amount of capital lease obligation due within one year or the normal operating cycle, if longer."
us-gaap:CapitalLeaseObligationsIncurred,us-gaap,CapitalLeaseObligationsIncurred,Lease Obligation Incurred,Amount of increase in lease obligation from new lease.
us-gaap:CapitalLeaseObligationsNoncurrent,us-gaap,CapitalLeaseObligationsNoncurrent,"Capital Lease Obligations, Noncurrent","Amount equal to the present value (the principal) at the beginning of the lease term of minimum lease payments during the lease term (excluding that portion of the payments representing executory costs such as insurance, maintenance, and taxes to be paid by the lessor, together with any profit thereon) net of payments or other amounts applied to the principal, through the balance sheet date and due to be paid more than one year (or one operating cycle, if longer) after the balance sheet date."
us-gaap:CapitalLeasedAssetsGross,us-gaap,CapitalLeasedAssetsGross,"Capital Leased Assets, Gross",Amount before accumulated depreciation of leased physical assets used in the normal conduct of business to produce goods and services.
us-gaap:CapitalLeasesBalanceSheetAssetsByMajorClassNet,us-gaap,CapitalLeasesBalanceSheetAssetsByMajorClassNet,"Capital Leases, Balance Sheet, Assets by Major Class, Net",The total gross amount less the charge for the use of the long-lived depreciable assets subject to a lease meeting the criteria for capitalization.
us-gaap:CapitalLeasesFutureMinimumPaymentsDue,us-gaap,CapitalLeasesFutureMinimumPaymentsDue,"Capital Leases, Future Minimum Payments Due",Amount of minimum lease payments for capital leases.
us-gaap:CapitalLeasesFutureMinimumPaymentsDueCurrent,us-gaap,CapitalLeasesFutureMinimumPaymentsDueCurrent,"Capital Leases, Future Minimum Payments Due, Next Twelve Months","Amount of minimum lease payments for capital leases due in the next fiscal year following the latest fiscal year. Excludes interim and annual periods when interim periods are reported on a rolling approach, from latest balance sheet date."
us-gaap:CapitalLeasesFutureMinimumPaymentsDueInFiveYears,us-gaap,CapitalLeasesFutureMinimumPaymentsDueInFiveYears,"Capital Leases, Future Minimum Payments Due in Five Years","Amount of minimum lease payments for capital leases due in the fifth fiscal year following the latest fiscal year. Excludes interim and annual periods when interim periods are reported on a rolling approach, from latest balance sheet date."
us-gaap:CapitalLeasesFutureMinimumPaymentsDueInFourYears,us-gaap,CapitalLeasesFutureMinimumPaymentsDueInFourYears,"Capital Leases, Future Minimum Payments Due in Four Years","Amount of minimum lease payments for capital leases due in the fourth fiscal year following the latest fiscal year. Excludes interim and annual periods when interim periods are reported on a rolling approach, from latest balance sheet date."
us-gaap:CapitalLeasesFutureMinimumPaymentsDueInThreeYears,us-gaap,CapitalLeasesFutureMinimumPaymentsDueInThreeYears,"Capital Leases, Future Minimum Payments Due in Three Years","Amount of minimum lease payments for capital leases due in the third fiscal year following the latest fiscal year. Excludes interim and annual periods when interim periods are reported on a rolling approach, from latest balance sheet date."
us-gaap:CapitalLeasesFutureMinimumPaymentsDueInTwoYears,us-gaap,CapitalLeasesFutureMinimumPaymentsDueInTwoYears,"Capital Leases, Future Minimum Payments Due in Two Years","Amount of minimum lease payments for capital leases due in the second fiscal year following the latest fiscal year. Excludes interim and annual periods when interim periods are reported on a rolling approach, from latest balance sheet date."
us-gaap:CapitalLeasesFutureMinimumPaymentsDueThereafter,us-gaap,CapitalLeasesFutureMinimumPaymentsDueThereafter,"Capital Leases, Future Minimum Payments Due Thereafter","Amount of minimum lease payments for capital leases due after the fifth fiscal year following the latest fiscal year. Excludes interim and annual periods when interim periods are reported on a rolling approach, from latest balance sheet date."
us-gaap:CapitalLeasesFutureMinimumPaymentsExecutoryCosts,us-gaap,CapitalLeasesFutureMinimumPaymentsExecutoryCosts,"Capital Leases, Future Minimum Payments, Executory Costs","Amounts to be paid by lessee to lessor for maintenance, insurance, and tax expenses related to the leased asset."
us-gaap:CapitalLeasesFutureMinimumPaymentsInterestIncludedInPayments,us-gaap,CapitalLeasesFutureMinimumPaymentsInterestIncludedInPayments,"Capital Leases, Future Minimum Payments, Interest Included in Payments",Amount necessary to reduce net minimum lease payments to present value for capital leases.
us-gaap:CapitalLeasesFutureMinimumPaymentsNetMinimumPayments,us-gaap,CapitalLeasesFutureMinimumPaymentsNetMinimumPayments,"Capital Leases, Future Minimum Payments, Net Minimum Payments (Deprecated 2012-01-31)","The total contractually required rental payments on capitalized leases net of deductions for: (i) executory costs, including any profit thereon, included in the minimum lease payments and (ii) the amount of imputed interest necessary to reduce the net minimum lease payments to present value."
us-gaap:CapitalLeasesFutureMinimumPaymentsNetMinimumPayments1,us-gaap,CapitalLeasesFutureMinimumPaymentsNetMinimumPayments1,"Capital Leases, Future Minimum Payments, Net Minimum Payments","Amount of minimum lease payments for capital leases net of executory costs, which include amounts paid by the lessee to the lessor for insurance, maintenance and taxes."
us-gaap:CapitalLeasesFutureMinimumPaymentsPresentValueOfNetMinimumPayments,us-gaap,CapitalLeasesFutureMinimumPaymentsPresentValueOfNetMinimumPayments,"Capital Leases, Future Minimum Payments, Present Value of Net Minimum Payments","Present value of minimum lease payments for capital leases net of executory costs, including amounts paid by the lessee to the lessor for insurance, maintenance and taxes."
us-gaap:CapitalLeasesFutureMinimumPaymentsRemainderOfFiscalYear,us-gaap,CapitalLeasesFutureMinimumPaymentsRemainderOfFiscalYear,"Capital Leases, Future Minimum Payments, Remainder of Fiscal Year","Amount of minimum lease payments for capital leases due in the remainder of the fiscal year following the latest fiscal year. Excludes interim and annual periods when interim periods are reported on a rolling approach, from latest balance sheet date."
us-gaap:CapitalLeasesIncomeStatementAmortizationExpense,us-gaap,CapitalLeasesIncomeStatementAmortizationExpense,"Capital Leases, Income Statement, Amortization Expense",The charge for the use of long-lived depreciable capital leased assets for the period.
us-gaap:CapitalLeasesLesseeBalanceSheetAssetsByMajorClassAccumulatedDeprecation,us-gaap,CapitalLeasesLesseeBalanceSheetAssetsByMajorClassAccumulatedDeprecation,"Capital Leases, Lessee Balance Sheet, Assets by Major Class, Accumulated Depreciation",The total charge for the use of long-lived depreciable assets subject to a lease meeting the criteria for capitalization.
us-gaap:CapitalRequiredForCapitalAdequacyToRiskWeightedAssets,us-gaap,CapitalRequiredForCapitalAdequacyToRiskWeightedAssets,"Banking Regulation, Total Risk-Based Capital Ratio, Capital Adequacy, Minimum",Ratio of minimum total risk-based capital to risk-weighted assets required for capital adequacy as defined by regulatory framework.
us-gaap:CapitalRequiredToBeWellCapitalizedToRiskWeightedAssets,us-gaap,CapitalRequiredToBeWellCapitalizedToRiskWeightedAssets,"Banking Regulation, Total Risk-Based Capital Ratio, Well Capitalized, Minimum",Ratio of minimum total risk-based capital to risk-weighted assets categorized as well capitalized as defined by regulatory framework for prompt corrective action.
us-gaap:CapitalUnitsAuthorized,us-gaap,CapitalUnitsAuthorized,"Capital Units, Authorized",Number of authorized capital units or capital shares. This element is relevant to issuers of face-amount certificates and registered investment companies.
us-gaap:CapitalizedComputerSoftwareAdditions,us-gaap,CapitalizedComputerSoftwareAdditions,"Capitalized Computer Software, Additions",Additions made to capitalized computer software costs during the period.
us-gaap:CapitalizedComputerSoftwareAmortization,us-gaap,CapitalizedComputerSoftwareAmortization,"Capitalized Computer Software, Amortization (Deprecated 2016-01-31)","For each income statement presented, the amount charged to expense for amortization of capitalized computer software costs."
us-gaap:CapitalizedComputerSoftwareAmortization1,us-gaap,CapitalizedComputerSoftwareAmortization1,"Capitalized Computer Software, Amortization",Amount of expense for amortization of capitalized computer software costs.
us-gaap:CapitalizedComputerSoftwareGross,us-gaap,CapitalizedComputerSoftwareGross,"Capitalized Computer Software, Gross","Amount before accumulated amortization of capitalized costs for computer software, including but not limited to, acquired and internally developed computer software."
us-gaap:CapitalizedComputerSoftwarePeriodIncreaseDecrease,us-gaap,CapitalizedComputerSoftwarePeriodIncreaseDecrease,"Capitalized Computer Software, Period Increase (Decrease)",Amount of increase (decrease) in capitalized computer software costs.
us-gaap:CapitalizedExploratoryWellCostAdditionsPendingDeterminationOfProvedReserves,us-gaap,CapitalizedExploratoryWellCostAdditionsPendingDeterminationOfProvedReserves,"Capitalized Exploratory Well Cost, Additions Pending Determination of Proved Reserves",Additions to capitalized exploratory well costs that were added during the reporting period pending the determination of proved reserves.
us-gaap:CapitalizedExploratoryWellCostChargedToExpense,us-gaap,CapitalizedExploratoryWellCostChargedToExpense,"Capitalized Exploratory Well Cost, Charged to Expense (Deprecated 2016-01-31)",Capitalized exploratory well costs that were expensed during the year because proved reserves were not found at the exploratory well.
us-gaap:CapitalizedExploratoryWellCostChargedToExpense1,us-gaap,CapitalizedExploratoryWellCostChargedToExpense1,"Capitalized Exploratory Well Cost, Charged to Expense",Amount of expense for capitalized exploratory well costs for which proved reserves were not found at the exploratory well.
us-gaap:CapitalizedExploratoryWellCosts,us-gaap,CapitalizedExploratoryWellCosts,Capitalized Exploratory Well Costs,The amount of capitalized exploratory well costs that is pending the determination of proved reserves. This does not include amounts that were capitalized and subsequently expensed in the same annual period.
us-gaap:CapitalizedExploratoryWellCostsThatHaveBeenCapitalizedForPeriodGreaterThanOneYear,us-gaap,CapitalizedExploratoryWellCostsThatHaveBeenCapitalizedForPeriodGreaterThanOneYear,Capitalized Exploratory Well Costs that Have Been Capitalized for Period Greater than One Year,The amount of exploratory well costs that have been capitalized for a period of greater than one year after the completion of drilling.
us-gaap:CapitalizedExploratoryWellCostsThatHaveBeenCapitalizedForPeriodOfOneYearOrLess,us-gaap,CapitalizedExploratoryWellCostsThatHaveBeenCapitalizedForPeriodOfOneYearOrLess,Capitalized Exploratory Well Costs that Have Been Capitalized for Period of One Year or Less,The amount of exploratory well costs that have been capitalized for a period of one year or less after the completion of drilling.
us-gaap:Cash,us-gaap,Cash,Cash,Amount of currency on hand as well as demand deposits with banks or financial institutions. Includes other kinds of accounts that have the general characteristics of demand deposits. Excludes cash and cash equivalents within disposal group and discontinued operation.
us-gaap:CashAcquiredFromAcquisition,us-gaap,CashAcquiredFromAcquisition,Cash Acquired from Acquisition,"The cash inflow associated with the acquisition of business during the period (for example, cash that was held by the acquired business)."
us-gaap:CashAndCashEquivalentsAtCarryingValue,us-gaap,CashAndCashEquivalentsAtCarryingValue,"Cash and Cash Equivalents, at Carrying Value","Amount of currency on hand as well as demand deposits with banks or financial institutions. Includes other kinds of accounts that have the general characteristics of demand deposits. Also includes short-term, highly liquid investments that are both readily convertible to known amounts of cash and so near their maturity that they present insignificant risk of changes in value because of changes in interest rates. Excludes cash and cash equivalents within disposal group and discontinued operation."
us-gaap:CashAndCashEquivalentsAtCarryingValueIncludingDiscontinuedOperations,us-gaap,CashAndCashEquivalentsAtCarryingValueIncludingDiscontinuedOperations,"Cash and Cash Equivalents, at Carrying Value, Including Discontinued Operations","For the entity and the disposal group, cash includes currency on hand as well as demand deposits with banks or financial institutions. It also includes other kinds of accounts that have the general characteristics of demand deposits in that the Entity may deposit additional funds at any time and also effectively may withdraw funds at any time without prior notice or penalty. Cash equivalents, excluding items classified as marketable securities, include short-term, highly liquid investments that are both readily convertible to known amounts of cash, and so near their maturity that they present minimal risk of changes in value because of changes in interest rates. Generally, only investments with original maturities of three months or less qualify under that definition. Original maturity means original maturity to the entity holding the investment. For example, both a three-month US Treasury bill and a three-year Treasury note purchased three months from maturity qualify as cash equivalents. However, a Treasury note purchased three years ago does not become a cash equivalent when its remaining maturity is three months. Compensating balance arrangements that do not legally restrict the withdrawal or usage of cash amounts may be reported as Cash and Cash Equivalents, while legally restricted deposits held as compensating balances against borrowing arrangements, contracts entered into with others, or company statements of intention with regard to particular deposits are not generally reported as cash and cash equivalents."
us-gaap:CashAndCashEquivalentsFairValueDisclosure,us-gaap,CashAndCashEquivalentsFairValueDisclosure,"Cash and Cash Equivalents, Fair Value Disclosure","Fair value portion of currency on hand as well as demand deposits with banks or financial institutions. Includes other kinds of accounts that have the general characteristics of demand deposits. Also includes short-term, highly liquid investments that are both readily convertible to known amounts of cash and so near their maturity that they present insignificant risk of changes in value because of changes in interest rates."
us-gaap:CashAndCashEquivalentsPeriodIncreaseDecrease,us-gaap,CashAndCashEquivalentsPeriodIncreaseDecrease,"Cash and Cash Equivalents, Period Increase (Decrease)","Amount of increase (decrease) in cash and cash equivalents. Cash and cash equivalents are the amount of currency on hand as well as demand deposits with banks or financial institutions. Includes other kinds of accounts that have the general characteristics of demand deposits. Also includes short-term, highly liquid investments that are both readily convertible to known amounts of cash and so near their maturity that they present insignificant risk of changes in value because of changes in interest rates. Includes effect from exchange rate changes."
us-gaap:CashAndDueFromBanks,us-gaap,CashAndDueFromBanks,Cash and Due from Banks,"For banks and other depository institutions: Includes cash on hand (currency and coin), cash items in process of collection, noninterest bearing deposits due from other financial institutions (including corporate credit unions), and noninterest bearing balances with the Federal Reserve Banks, Federal Home Loan Banks and central banks."
us-gaap:CashCashEquivalentsAndShortTermInvestments,us-gaap,CashCashEquivalentsAndShortTermInvestments,"Cash, Cash Equivalents, and Short-term Investments","Cash includes currency on hand as well as demand deposits with banks or financial institutions. It also includes other kinds of accounts that have the general characteristics of demand deposits in that the customer may deposit additional funds at any time and effectively may withdraw funds at any time without prior notice or penalty. Cash equivalents, excluding items classified as marketable securities, include short-term, highly liquid Investments that are both readily convertible to known amounts of cash, and so near their maturity that they present minimal risk of changes in value because of changes in interest rates. Generally, only investments with original maturities of three months or less qualify under that definition. Original maturity means original maturity to the entity holding the investment. For example, both a three-month US Treasury bill and a three-year Treasury note purchased three months from maturity qualify as cash equivalents. However, a Treasury note purchased three years ago does not become a cash equivalent when its remaining maturity is three months. Short-term investments, exclusive of cash equivalents, generally consist of marketable securities intended to be sold within one year (or the normal operating cycle if longer) and may include trading securities, available-for-sale securities, or held-to-maturity securities (if maturing within one year), as applicable."
us-gaap:CashCashEquivalentsRestrictedCashAndRestrictedCashEquivalents,us-gaap,CashCashEquivalentsRestrictedCashAndRestrictedCashEquivalents,"Cash, Cash Equivalents, Restricted Cash and Restricted Cash Equivalents","Amount of cash and cash equivalents, and cash and cash equivalents restricted to withdrawal or usage. Excludes amount for disposal group and discontinued operations. Cash includes, but is not limited to, currency on hand, demand deposits with banks or financial institutions, and other accounts with general characteristics of demand deposits. Cash equivalents include, but are not limited to, short-term, highly liquid investments that are both readily convertible to known amounts of cash and so near their maturity that they present insignificant risk of changes in value because of changes in interest rates."
us-gaap:CashCashEquivalentsRestrictedCashAndRestrictedCashEquivalentsIncludingDisposalGroupAndDiscontinuedOperations,us-gaap,CashCashEquivalentsRestrictedCashAndRestrictedCashEquivalentsIncludingDisposalGroupAndDiscontinuedOperations,"Cash, Cash Equivalents, Restricted Cash and Restricted Cash Equivalents, Including Disposal Group and Discontinued Operations","Amount of cash and cash equivalents, and cash and cash equivalents restricted to withdrawal or usage; including, but not limited to, disposal group and discontinued operations. Cash includes, but is not limited to, currency on hand, demand deposits with banks or financial institutions, and other accounts with general characteristics of demand deposits. Cash equivalents include, but are not limited to, short-term, highly liquid investments that are both readily convertible to known amounts of cash and so near their maturity that they present insignificant risk of changes in value because of changes in interest rates."
us-gaap:CashCashEquivalentsRestrictedCashAndRestrictedCashEquivalentsPeriodIncreaseDecreaseIncludingExchangeRateEffect,us-gaap,CashCashEquivalentsRestrictedCashAndRestrictedCashEquivalentsPeriodIncreaseDecreaseIncludingExchangeRateEffect,"Cash, Cash Equivalents, Restricted Cash and Restricted Cash Equivalents, Period Increase (Decrease), Including Exchange Rate Effect","Amount of increase (decrease) in cash, cash equivalents, and cash and cash equivalents restricted to withdrawal or usage; including effect from exchange rate change. Cash includes, but is not limited to, currency on hand, demand deposits with banks or financial institutions, and other accounts with general characteristics of demand deposits. Cash equivalents include, but are not limited to, short-term, highly liquid investments that are both readily convertible to known amounts of cash and so near their maturity that they present insignificant risk of changes in value because of changes in interest rates."
us-gaap:CashCashEquivalentsRestrictedCashAndRestrictedCashEquivalentsPeriodIncreaseDecreaseIncludingExchangeRateEffectContinuingOperations,us-gaap,CashCashEquivalentsRestrictedCashAndRestrictedCashEquivalentsPeriodIncreaseDecreaseIncludingExchangeRateEffectContinuingOperations,,
us-gaap:CashCashEquivalentsRestrictedCashAndRestrictedCashEquivalentsPeriodIncreaseDecreaseIncludingExchangeRateEffectDisposalGroupIncludingDiscontinuedOperations,us-gaap,CashCashEquivalentsRestrictedCashAndRestrictedCashEquivalentsPeriodIncreaseDecreaseIncludingExchangeRateEffectDisposalGroupIncludingDiscontinuedOperations,,
us-gaap:CashEquivalentsAtCarryingValue,us-gaap,CashEquivalentsAtCarryingValue,"Cash Equivalents, at Carrying Value","Amount of short-term, highly liquid investments that are both readily convertible to known amounts of cash and so near their maturity that they present insignificant risk of changes in value because of changes in interest rates. Excludes cash and cash equivalents within disposal group and discontinued operation."
us-gaap:CashFlowHedgeGainLossToBeReclassifiedWithinTwelveMonths,us-gaap,CashFlowHedgeGainLossToBeReclassifiedWithinTwelveMonths,Cash Flow Hedge Gain (Loss) to be Reclassified within Twelve Months,The estimated net amount of existing gains or losses on cash flow hedges at the reporting date expected to be reclassified to earnings within the next 12 months.
us-gaap:CashFlowsBetweenSecuritizationSpecialPurposeEntitySPEAndTransferorOtherCashFlowsReceivedOnRetainedInterests,us-gaap,CashFlowsBetweenSecuritizationSpecialPurposeEntitySPEAndTransferorOtherCashFlowsReceivedOnRetainedInterests,"Cash Flows Between Securitization or Asset-backed Financing Arrangement Special Purpose Entity (SPE) and Transferor, Other Cash Flows Received on Retained Interests (Deprecated 2009-01-31)","This amount represents total cash flows received from retained interests by the transferor other than servicing fees. Other cash flows include, for example, all cash flows from interest-only strips and cash above the minimum required level in cash collateral accounts."
us-gaap:CashFlowsBetweenSecuritizationSpecialPurposeEntitySPEAndTransferorPurchasesOfDelinquentOrForeclosedAssets,us-gaap,CashFlowsBetweenSecuritizationSpecialPurposeEntitySPEAndTransferorPurchasesOfDelinquentOrForeclosedAssets,"Cash Flows Between Securitization or Asset-backed Financing Arrangement Special Purpose Entity (SPE) and Transferor, Purchases of Previously Transferred Financial Assets (Deprecated 2009-01-31)","The amount of cash outflow used to purchase previously transferred financial assets (or its underlying collateral), including delinquent or foreclosed assets, from the securitization or asset-backed financing arrangement SPE."
us-gaap:CashFlowsBetweenSecuritizationSpecialPurposeEntitySPEAndTransferorServicingFeesReceived,us-gaap,CashFlowsBetweenSecuritizationSpecialPurposeEntitySPEAndTransferorServicingFeesReceived,"Cash Flows Between Securitization or Asset-backed Financing Arrangement Special Purpose Entity (SPE) and Transferor, Servicing Fees Received (Deprecated 2009-01-31)",The amount of servicing fees from the securitization or asset-backed financing arrangement SPE.
us-gaap:CashReserveDepositRequiredAndMade,us-gaap,CashReserveDepositRequiredAndMade,Cash Reserve Deposit Required and Made,Cash deposited in a special reserve account for the exclusive benefit of customers pursuant to SEC Regulations.
us-gaap:CertainLoansAcquiredInTransferNotAccountedForAsDebtSecuritiesAccretableYield,us-gaap,CertainLoansAcquiredInTransferNotAccountedForAsDebtSecuritiesAccretableYield,"Certain Loans Acquired in Transfer Not Accounted for as Debt Securities, Accretable Yield",Amount of the excess of a loan's cash flows expected to be collected over the investor's initial investment in acquired loans not accounted for as debt securities with evidence of deterioration of credit quality.
us-gaap:CertainLoansAcquiredInTransferNotAccountedForAsDebtSecuritiesAccretableYieldAccretion,us-gaap,CertainLoansAcquiredInTransferNotAccountedForAsDebtSecuritiesAccretableYieldAccretion,"Certain Loans Acquired in Transfer Not Accounted for as Debt Securities, Accretable Yield, Accretion","Amount of accretion recognized for the excess of a loan's cash flows expected to be collected over the investor's initial investment in acquired loans not accounted for as debt securities, with evidence of deterioration of credit quality."
us-gaap:CertainLoansAcquiredInTransferNotAccountedForAsDebtSecuritiesAccretableYieldReclassificationsToNonaccretableDifference,us-gaap,CertainLoansAcquiredInTransferNotAccountedForAsDebtSecuritiesAccretableYieldReclassificationsToNonaccretableDifference,"Certain Loans Acquired in Transfer Not Accounted for as Debt Securities, Accretable Yield, Reclassifications to Nonaccretable Difference","Change in the estimate of cash flows expected to be collected, after acquisition of a loan not accounted for as a debt security, with evidence of deterioration of credit quality since origination that was acquired by completion of a transfer for which it is probable, at acquisition, that the investor will be unable to collect all contractually required payments receivable, which results in a decrease in accretable yield (for example, if it is probable that expected cash flows will be less than previously expected)."
us-gaap:CertainLoansAcquiredInTransferNotAccountedForAsDebtSecuritiesAllowanceForLoanLosses,us-gaap,CertainLoansAcquiredInTransferNotAccountedForAsDebtSecuritiesAllowanceForLoanLosses,"Certain Loans Acquired in Transfer Not Accounted for as Debt Securities, Allowance for Loan Losses","Reserve for loans impairments recorded after acquisition as a result of current information and events which result in it being probable that estimated cash flows will be less than previously expected or because actual cash flows are less than cash flows previously expected. This relates to loans not accounted for as debt securities, with evidence of deterioration of credit quality since origination that was acquired by completion of a transfer for which it is probable, at acquisition, that the investor will be unable to collect all contractually required payments receivable."
us-gaap:CertainLoansAcquiredInTransferNotAccountedForAsDebtSecuritiesCarryingAmountNet,us-gaap,CertainLoansAcquiredInTransferNotAccountedForAsDebtSecuritiesCarryingAmountNet,"Certain Loans Acquired in Transfer Not Accounted for as Debt Securities, Carrying Amount, Net","The recorded balance, net of any applicable reductions (for example, unamortized accretable yield and allowance for loan losses). This relates to loans not accounted for debt securities with evidence of deterioration of credit quality since origination that were acquired by completion of a transfer for which it is probable, at acquisition, that the investor will be unable to collect all contractually required payments receivable."
us-gaap:CertainLoansAcquiredInTransferNotAccountedForAsDebtSecuritiesConsumerOutstandingBalance,us-gaap,CertainLoansAcquiredInTransferNotAccountedForAsDebtSecuritiesConsumerOutstandingBalance,"Certain Loans Acquired in Transfer Not Accounted for as Debt Securities, Consumer, Outstanding Balance","The undiscounted sum of all amounts, including amounts deemed principal, interest, fees, penalties, and other under the loan, owed to the investor at the reporting date, whether or not currently due and whether or not any such amounts have been written or charged off by the investor. This relates to consumer loans not accounted for as debt securities, with evidence of deterioration of credit quality since origination that were acquired by completion of a transfer for which it is probable, at acquisition, that the investor will be unable to collect all contractually required payments receivable."
us-gaap:CertainLoansAcquiredInTransferNotAccountedForAsDebtSecuritiesOutstandingBalance,us-gaap,CertainLoansAcquiredInTransferNotAccountedForAsDebtSecuritiesOutstandingBalance,"Certain Loans Acquired in Transfer Not Accounted for as Debt Securities, Outstanding Balance","The undiscounted sum of all amounts, including amounts deemed principal, interest, fees, penalties, and other under the loan, owed to the investor at the reporting date, whether or not currently due and whether or not any such amounts have been written or charged off by the investor. This relates to loans not accounted for as debt securities, with evidence of deterioration of credit quality since origination that were acquired by completion of a transfer for which it is probable, at acquisition, that the investor will be unable to collect all contractually required payments receivable."
us-gaap:CertainLoansAndDebtSecuritiesAcquiredInTransferAllowanceForCreditLossesDueToSubsequentImpairment,us-gaap,CertainLoansAndDebtSecuritiesAcquiredInTransferAllowanceForCreditLossesDueToSubsequentImpairment,"Certain Loans and Debt Securities Acquired in Transfer, Allowance for Credit Losses Due to Subsequent Impairment","For loans and debt securities, 1) for which at acquisition it was probable that the investor would be unable to collect all contractually required payments receivable, and 2) for which it is further probable that the investor will not be able to collect all cash flows expected at acquisition (plus any additional cash flows expected due to changes in estimate after acquisition), the allowance for credit losses recorded to reflect the impairment since acquisition."
us-gaap:ChangeInUnrealizedGainLossOnFairValueHedgingInstruments,us-gaap,ChangeInUnrealizedGainLossOnFairValueHedgingInstruments,Change in Unrealized Gain (Loss) on Fair Value Hedging Instruments (Deprecated 2013-01-31),The amount recognized in earnings related to the change in fair value during the period of derivative or nonderivative instruments designated as fair value hedging instruments.
us-gaap:ChangeInUnrealizedGainLossOnFairValueHedgingInstruments1,us-gaap,ChangeInUnrealizedGainLossOnFairValueHedgingInstruments1,Change in Unrealized Gain (Loss) on Fair Value Hedging Instruments,Amount of gain (loss) from the increase (decrease) in fair value of derivative and nonderivative instruments designated as fair value hedging instruments recognized in the income statement.
us-gaap:ChangeInUnrealizedGainLossOnHedgedItemInFairValueHedge,us-gaap,ChangeInUnrealizedGainLossOnHedgedItemInFairValueHedge,Change in Unrealized Gain (Loss) on Hedged Item in Fair Value Hedge (Deprecated 2013-01-31),The amount recognized in earnings related to the change in fair value during the period of the hedged item in a fair value hedge.
us-gaap:ChangeInUnrealizedGainLossOnHedgedItemInFairValueHedge1,us-gaap,ChangeInUnrealizedGainLossOnHedgedItemInFairValueHedge1,Change in Unrealized Gain (Loss) on Hedged Item in Fair Value Hedge,Amount of the increase (decrease) in fair value of the hedged item in a fair value hedge recognized in the income statement.
us-gaap:ClassOfWarrantOrRightExercisePriceOfWarrantsOrRights,us-gaap,ClassOfWarrantOrRightExercisePriceOfWarrantsOrRights,"Class of Warrant or Right, Exercise Price of Warrants or Rights (Deprecated 2014-01-31)",Exercise price per share or per unit of warrants or rights outstanding.
us-gaap:ClassOfWarrantOrRightExercisePriceOfWarrantsOrRights1,us-gaap,ClassOfWarrantOrRightExercisePriceOfWarrantsOrRights1,"Class of Warrant or Right, Exercise Price of Warrants or Rights",Exercise price per share or per unit of warrants or rights outstanding.
us-gaap:ClassOfWarrantOrRightNumberOfSecuritiesCalledByEachWarrantOrRight,us-gaap,ClassOfWarrantOrRightNumberOfSecuritiesCalledByEachWarrantOrRight,"Class of Warrant or Right, Number of Securities Called by Each Warrant or Right","Number of securities into which each warrant or right may be converted. For example, but not limited to, each warrant may be converted into two shares."
us-gaap:ClassOfWarrantOrRightNumberOfSecuritiesCalledByWarrantsOrRights,us-gaap,ClassOfWarrantOrRightNumberOfSecuritiesCalledByWarrantsOrRights,"Class of Warrant or Right, Number of Securities Called by Warrants or Rights","Number of securities into which the class of warrant or right may be converted. For example, but not limited to, 500,000 warrants may be converted into 1,000,000 shares."
us-gaap:ClassOfWarrantOrRightOutstanding,us-gaap,ClassOfWarrantOrRightOutstanding,"Class of Warrant or Right, Outstanding",Number of warrants or rights outstanding.
us-gaap:CollateralAlreadyPostedAggregateFairValue,us-gaap,CollateralAlreadyPostedAggregateFairValue,"Collateral Already Posted, Aggregate Fair Value","The aggregate fair value of assets that are already posted, at the end of the reporting period, as collateral for derivative instruments with credit-risk-related contingent features."
us-gaap:CommercialPaper,us-gaap,CommercialPaper,Commercial Paper,"Carrying value as of the balance sheet date of short-term borrowings using unsecured obligations issued by banks, corporations and other borrowers to investors. The maturities of these money market securities generally do not exceed 270 days."
us-gaap:CommissionsPayableToBrokerDealersAndClearingOrganizations,us-gaap,CommissionsPayableToBrokerDealersAndClearingOrganizations,Commissions Payable to Broker-Dealers and Clearing Organizations,Amount payable to broker-dealers or clearing organizations for executing or clearing trades or orders.
us-gaap:CommitmentsAndContingencies,us-gaap,CommitmentsAndContingencies,Commitments and Contingencies,"Represents the caption on the face of the balance sheet to indicate that the entity has entered into (1) purchase or supply arrangements that will require expending a portion of its resources to meet the terms thereof, and (2) is exposed to potential losses or, less frequently, gains, arising from (a) possible claims against a company's resources due to future performance under contract terms, and (b) possible losses or likely gains from uncertainties that will ultimately be resolved when one or more future events that are deemed likely to occur do occur or fail to occur."
us-gaap:CommitmentsFairValueDisclosure,us-gaap,CommitmentsFairValueDisclosure,"Commitments, Fair Value Disclosure","Fair value portion of arrangements with third parties, including, but not limited to, operating lease arrangement and arrangement in which the entity has agreed to expend funds to procure goods or services, or has agreed to commit resources to supply goods or services."
us-gaap:CommonStockCapitalSharesReservedForFutureIssuance,us-gaap,CommonStockCapitalSharesReservedForFutureIssuance,"Common Stock, Capital Shares Reserved for Future Issuance",Aggregate number of common shares reserved for future issuance.
us-gaap:CommonStockDividendsPerShareCashPaid,us-gaap,CommonStockDividendsPerShareCashPaid,"Common Stock, Dividends, Per Share, Cash Paid",Aggregate dividends paid during the period for each share of common stock outstanding.
us-gaap:CommonStockDividendsPerShareDeclared,us-gaap,CommonStockDividendsPerShareDeclared,"Common Stock, Dividends, Per Share, Declared",Aggregate dividends declared during the period for each share of common stock outstanding.
us-gaap:CommonStockHeldInTrust,us-gaap,CommonStockHeldInTrust,Common Stock Held in Trust,Value of common stock held in trust.
us-gaap:CommonStockIncludingAdditionalPaidInCapital,us-gaap,CommonStockIncludingAdditionalPaidInCapital,"Common Stock, Including Additional Paid in Capital (Deprecated 2013-01-31)",Aggregate of par value plus amounts in excess of par value or issuance value (in cases of no-par value stock) for common stock held by shareholders. Aggregate value for common stock issued and outstanding.
us-gaap:CommonStockNoParValue,us-gaap,CommonStockNoParValue,"Common Stock, No Par Value",Face amount per share of no-par value common stock.
us-gaap:CommonStockParOrStatedValuePerShare,us-gaap,CommonStockParOrStatedValuePerShare,"Common Stock, Par or Stated Value Per Share",Face amount or stated value per share of common stock.
us-gaap:CommonStockSharesAuthorized,us-gaap,CommonStockSharesAuthorized,"Common Stock, Shares Authorized",The maximum number of common shares permitted to be issued by an entity's charter and bylaws.
us-gaap:CommonStockSharesIssued,us-gaap,CommonStockSharesIssued,"Common Stock, Shares, Issued","Total number of common shares of an entity that have been sold or granted to shareholders (includes common shares that were issued, repurchased and remain in the treasury). These shares represent capital invested by the firm's shareholders and owners, and may be all or only a portion of the number of shares authorized. Shares issued include shares outstanding and shares held in the treasury."
us-gaap:CommonStockSharesOutstanding,us-gaap,CommonStockSharesOutstanding,"Common Stock, Shares, Outstanding",Number of shares of common stock outstanding. Common stock represent the ownership interest in a corporation.
us-gaap:CommonStockValue,us-gaap,CommonStockValue,"Common Stock, Value, Issued","Aggregate par or stated value of issued nonredeemable common stock (or common stock redeemable solely at the option of the issuer). This item includes treasury stock repurchased by the entity. Note: elements for number of nonredeemable common shares, par value and other disclosure concepts are in another section within stockholders' equity."
us-gaap:CommonStocksIncludingAdditionalPaidInCapital,us-gaap,CommonStocksIncludingAdditionalPaidInCapital,"Common Stocks, Including Additional Paid in Capital",Amount of par value plus amounts in excess of par value or issuance value for common stock issued.
us-gaap:CommunicationsAndInformationTechnology,us-gaap,CommunicationsAndInformationTechnology,Communications and Information Technology,The amount of expense in the period for communications and data processing expense.
us-gaap:ComprehensiveIncomeNetOfTax,us-gaap,ComprehensiveIncomeNetOfTax,"Comprehensive Income (Loss), Net of Tax, Attributable to Parent","Amount after tax of increase (decrease) in equity from transactions and other events and circumstances from net income and other comprehensive income, attributable to parent entity. Excludes changes in equity resulting from investments by owners and distributions to owners."
us-gaap:ComprehensiveIncomeNetOfTaxAttributableToNoncontrollingInterest,us-gaap,ComprehensiveIncomeNetOfTaxAttributableToNoncontrollingInterest,"Comprehensive Income (Loss), Net of Tax, Attributable to Noncontrolling Interest","Amount after tax of increase (decrease) in equity from transactions and other events and circumstances from net income (loss) and other comprehensive income (loss), attributable to noncontrolling interests. Excludes changes in equity resulting from investments by owners and distributions to owners."
us-gaap:ComprehensiveIncomeNetOfTaxIncludingPortionAttributableToNoncontrollingInterest,us-gaap,ComprehensiveIncomeNetOfTaxIncludingPortionAttributableToNoncontrollingInterest,"Comprehensive Income (Loss), Net of Tax, Including Portion Attributable to Noncontrolling Interest",Amount after tax of increase (decrease) in equity from transactions and other events and circumstances from net income and other comprehensive income. Excludes changes in equity resulting from investments by owners and distributions to owners.
us-gaap:ConcentrationRiskPercentage1,us-gaap,ConcentrationRiskPercentage1,"Concentration Risk, Percentage","""For an entity that discloses a concentration risk in relation to quantitative amount, which serves as the """"benchmark"""" (or denominator) in the equation, this concept represents the concentration percentage derived from the division."""
us-gaap:ConstructionInProgressGross,us-gaap,ConstructionInProgressGross,"Construction in Progress, Gross",Amount of structure or a modification to a structure under construction. Includes recently completed structures or modifications to structures that have not been placed into service.
us-gaap:ConstructionLoanNoncurrent,us-gaap,ConstructionLoanNoncurrent,"Long-term Construction Loan, Noncurrent","This element represents the noncurrent portion of a long-term real estate loan to finance building costs. The funds are disbursed as needed or in accordance with a prearranged plan; generally, a portion of the funds is disbursed at inception and the remainder as construction progresses. The money is repaid on completion of the project (generally one to seven years), usually from the proceeds of a mortgage loan. The rate is normally higher than the prime rate, and there is usually an origination fee. The effective yield on these loans tends to be high, and the lender has a security interest in the real property."
us-gaap:ConstructionPayableCurrentAndNoncurrent,us-gaap,ConstructionPayableCurrentAndNoncurrent,Construction Payable,"Carrying value as of the balance sheet date of obligations incurred and payable for the acquisition of merchandise, materials, supplies and services pertaining to construction projects such as a housing development or factory expansion not classified as trade payables."
us-gaap:ContinuingInvolvementWithTransferredFinancialAssetsPrincipalAmountOutstanding,us-gaap,ContinuingInvolvementWithTransferredFinancialAssetsPrincipalAmountOutstanding,"Continuing Involvement with Transferred Financial Assets, Principal Amount Outstanding","Principal amount of transferred financial assets in which the transferor has continuing involvement with the assets underlying the transaction. Continuing involvement includes, but is not limited to, servicing, recourse, and restrictions on transferor's interests in transferred financial assets."
us-gaap:ContractWithCustomerAssetNet,us-gaap,ContractWithCustomerAssetNet,"Contract with Customer, Asset, after Allowance for Credit Loss","Amount, after allowance for credit loss, of right to consideration in exchange for good or service transferred to customer when right is conditioned on something other than passage of time."
us-gaap:ContractWithCustomerLiability,us-gaap,ContractWithCustomerLiability,"Contract with Customer, Liability",Amount of obligation to transfer good or service to customer for which consideration has been received or is receivable.
us-gaap:ContractWithCustomerLiabilityCurrent,us-gaap,ContractWithCustomerLiabilityCurrent,"Contract with Customer, Liability, Current","Amount of obligation to transfer good or service to customer for which consideration has been received or is receivable, classified as current."
us-gaap:ContractWithCustomerLiabilityIncreaseDecreaseForContractAcquiredInBusinessCombination,us-gaap,ContractWithCustomerLiabilityIncreaseDecreaseForContractAcquiredInBusinessCombination,"Contract with Customer, Liability, Increase (Decrease) for Contract Acquired in Business Combination","Amount of increase (decrease) in obligation to transfer good or service to customer for which consideration from customer has been received or is due, from business combination."
us-gaap:ContractWithCustomerLiabilityNoncurrent,us-gaap,ContractWithCustomerLiabilityNoncurrent,"Contract with Customer, Liability, Noncurrent","Amount of obligation to transfer good or service to customer for which consideration has been received or is receivable, classified as noncurrent."
us-gaap:ContractWithCustomerLiabilityRevenueRecognized,us-gaap,ContractWithCustomerLiabilityRevenueRecognized,"Contract with Customer, Liability, Revenue Recognized",Amount of revenue recognized that was previously included in balance of obligation to transfer good or service to customer for which consideration from customer has been received or is due.
us-gaap:ContractWithCustomerRefundLiability,us-gaap,ContractWithCustomerRefundLiability,"Contract with Customer, Refund Liability","Amount of liability for consideration received or receivable from customer which is not included in transaction price, when consideration is expected to be refunded to customer."
us-gaap:ContractWithCustomerRefundLiabilityCurrent,us-gaap,ContractWithCustomerRefundLiabilityCurrent,"Contract with Customer, Refund Liability, Current","Amount of liability for consideration received or receivable from customer which is not included in transaction price, when consideration is expected to be refunded to customer, classified as current."
us-gaap:ContractWithCustomerRightToRecoverProduct,us-gaap,ContractWithCustomerRightToRecoverProduct,"Contract with Customer, Right to Recover Product",Amount of right to recover product from customer on settling refund liability.
us-gaap:ContractualObligation,us-gaap,ContractualObligation,Contractual Obligation,"Amount of contractual obligation, including but not limited to, long-term debt, capital lease obligations, operating lease obligations, purchase obligations, and other commitments."
us-gaap:ContractualObligationDueAfterFifthYear,us-gaap,ContractualObligationDueAfterFifthYear,"Contractual Obligation, to be Paid, after Year Five",Amount of contractual obligation to be paid after fifth fiscal year following current fiscal year. Excludes interim and annual periods when interim periods are reported from current statement of financial position date (rolling approach).
us-gaap:ContractualObligationDueInFifthYear,us-gaap,ContractualObligationDueInFifthYear,"Contractual Obligation, to be Paid, Year Five",Amount of contractual obligation to be paid in fifth fiscal year following current fiscal year. Excludes interim and annual periods when interim periods are reported from current statement of financial position date (rolling approach).
us-gaap:ContractualObligationDueInFourthYear,us-gaap,ContractualObligationDueInFourthYear,"Contractual Obligation, to be Paid, Year Four",Amount of contractual obligation to be paid in fourth fiscal year following current fiscal year. Excludes interim and annual periods when interim periods are reported from current statement of financial position date (rolling approach).
us-gaap:ContractualObligationDueInNextTwelveMonths,us-gaap,ContractualObligationDueInNextTwelveMonths,"Contractual Obligation, to be Paid, Year One",Amount of contractual obligation to be paid in next fiscal year following current fiscal year. Excludes interim and annual periods when interim periods are reported from current statement of financial position date (rolling approach).
us-gaap:ContractualObligationDueInSecondYear,us-gaap,ContractualObligationDueInSecondYear,"Contractual Obligation, to be Paid, Year Two",Amount of contractual obligation to be paid in second fiscal year following current fiscal year. Excludes interim and annual periods when interim periods are reported from current statement of financial position date (rolling approach).
us-gaap:ContractualObligationDueInThirdYear,us-gaap,ContractualObligationDueInThirdYear,"Contractual Obligation, to be Paid, Year Three",Amount of contractual obligation to be paid in third fiscal year following current fiscal year. Excludes interim and annual periods when interim periods are reported from current statement of financial position date (rolling approach).
us-gaap:ContractualObligationFutureMinimumPaymentsDueRemainderOfFiscalYear,us-gaap,ContractualObligationFutureMinimumPaymentsDueRemainderOfFiscalYear,"Contractual Obligation, to be Paid, Remainder of Fiscal Year",Amount of contractual obligation to be paid in remainder of current fiscal year.
us-gaap:ContractuallySpecifiedServicingFeesAmount,us-gaap,ContractuallySpecifiedServicingFeesAmount,"Contractually Specified Servicing Fees, Amount","All amounts that, per contract, are due to the servicer in exchange for servicing the financial asset and would no longer be received by a servicer if the beneficial owners of the serviced assets (or their trustees or agents) were to exercise their actual or potential authority under the contract to shift the servicing to another servicer. Depending on the servicing contract, those fees may include some or all of the difference between the interest rate collected on the asset being serviced and the rate to be paid to the beneficial owners of the asset."
us-gaap:ConversionOfStockAmountConverted1,us-gaap,ConversionOfStockAmountConverted1,"Conversion of Stock, Amount Converted","""The value of the stock converted in a noncash (or part noncash) transaction. Noncash is defined as transactions during a period that do not result in cash receipts or cash payments in the period. """"Part noncash"""" refers to that portion of the transaction not resulting in cash receipts or cash payments in the period."""
us-gaap:ConvertibleDebt,us-gaap,ConvertibleDebt,Convertible Debt,"Including the current and noncurrent portions, carrying amount of debt identified as being convertible into another form of financial instrument (typically the entity's common stock) as of the balance sheet date, which originally required full repayment more than twelve months after issuance or greater than the normal operating cycle of the company."
us-gaap:ConvertibleDebtCurrent,us-gaap,ConvertibleDebtCurrent,"Convertible Debt, Current","The portion of the carrying value of long-term convertible debt as of the balance sheet date that is scheduled to be repaid within one year or in the normal operating cycle if longer. Convertible debt is a financial instrument which can be exchanged for a specified amount of another security, typically the entity's common stock, at the option of the issuer or the holder."
us-gaap:ConvertibleDebtFairValueDisclosures,us-gaap,ConvertibleDebtFairValueDisclosures,"Convertible Debt, Fair Value Disclosures","Fair value portion of borrowing which can be exchanged for a specified number of another security at the option of the issuer or the holder, for example, but not limited to, the entity's common stock."
us-gaap:ConvertibleDebtNoncurrent,us-gaap,ConvertibleDebtNoncurrent,"Convertible Debt, Noncurrent","Carrying amount of long-term convertible debt as of the balance sheet date, net of the amount due in the next twelve months or greater than the normal operating cycle, if longer. The debt is convertible into another form of financial instrument, typically the entity's common stock."
us-gaap:ConvertibleLongTermNotesPayable,us-gaap,ConvertibleLongTermNotesPayable,"Convertible Notes Payable, Noncurrent","Carrying value as of the balance sheet date of long-term debt (with maturities initially due after one year or beyond the operating cycle if longer) identified as Convertible Notes Payable, excluding current portion. Convertible Notes Payable is a written promise to pay a note which can be exchanged for a specified amount of another, related security, at the option of the issuer and the holder."
us-gaap:ConvertibleNotesPayableCurrent,us-gaap,ConvertibleNotesPayableCurrent,"Convertible Notes Payable, Current","Carrying value as of the balance sheet date of the portion of long-term debt due within one year or the operating cycle if longer identified as Convertible Notes Payable. Convertible Notes Payable is a written promise to pay a note which can be exchanged for a specified amount of another, related security, at the option of the issuer and the holder."
us-gaap:ConvertiblePreferredStockNonredeemableOrRedeemableIssuerOptionValue,us-gaap,ConvertiblePreferredStockNonredeemableOrRedeemableIssuerOptionValue,"Convertible Preferred Stock, Nonredeemable or Redeemable, Issuer Option, Value",Value of outstanding nonredeemable convertible preferred stock or outstanding convertible preferred stock that is redeemable solely at the option of the issuer.
us-gaap:CostMethodInvestments,us-gaap,CostMethodInvestments,Cost Method Investments,"Amount, after adjustment, of cost-method investment. Adjustments include, but are not limited to, dividends received in excess of earnings after date of investment that are considered a return of investment and other than temporary impairments."
us-gaap:CostMethodInvestmentsFairValueDisclosure,us-gaap,CostMethodInvestmentsFairValueDisclosure,"Cost Method Investments, Fair Value Disclosure",Fair value portion of investments accounted under the cost method.
us-gaap:CostOfGoodsAndServicesSold,us-gaap,CostOfGoodsAndServicesSold,Cost of Goods and Services Sold,The aggregate costs related to goods produced and sold and services rendered by an entity during the reporting period. This excludes costs incurred during the reporting period related to financial services rendered and other revenue generating activities.
us-gaap:CostOfGoodsAndServicesSoldDepreciation,us-gaap,CostOfGoodsAndServicesSoldDepreciation,"Cost, Depreciation",Amount of expense for allocation of cost of tangible asset over its useful life directly used in production of good and rendering of service.
us-gaap:CostOfGoodsSold,us-gaap,CostOfGoodsSold,Cost of Goods Sold (Deprecated 2018-01-31),Total costs related to goods produced and sold during the reporting period.
us-gaap:CostOfGoodsSoldAmortization,us-gaap,CostOfGoodsSoldAmortization,"Cost of Goods Sold, Amortization (Deprecated 2018-01-31)",The amount of expense recognized in the current period that reflects the allocation of the costs of intangible assets over the expected benefit period of such assets. This element applies only to intangible assets used in the production of goods.
us-gaap:CostOfGoodsSoldSalesTypeLease,us-gaap,CostOfGoodsSoldSalesTypeLease,"Cost of Goods Sold, Sales-type Lease",Cost of goods sold for sales-type financing lease.
us-gaap:CostOfReimbursableExpense,us-gaap,CostOfReimbursableExpense,Cost of Reimbursable Expense (Deprecated 2018-01-31),Cost associated with reimbursable income. This occurs when a services entity incurs expenses on behalf of the client and passes through the cost of reimbursable expenses to a client.
us-gaap:CostOfRevenue,us-gaap,CostOfRevenue,Cost of Revenue,The aggregate cost of goods produced and sold and services rendered during the reporting period.
us-gaap:CostOfServices,us-gaap,CostOfServices,Cost of Services (Deprecated 2018-01-31),Total costs related to services rendered by an entity during the reporting period.
us-gaap:CostOfServicesEnergyServices,us-gaap,CostOfServicesEnergyServices,"Cost of Services, Energy Services (Deprecated 2018-01-31)",Cost incurred in providing energy services during the reporting period.
us-gaap:CostsAndExpenses,us-gaap,CostsAndExpenses,Costs and Expenses,Total costs of sales and operating expenses for the period.
us-gaap:CreditDerivativeCurrentFairValue,us-gaap,CreditDerivativeCurrentFairValue,"Credit Derivative, Current Fair Value (Deprecated 2013-01-31)",Discloses the fair value of the credit derivative (or each group of similar credit derivatives) as of the date of the statement of financial position.
us-gaap:CreditDerivativeMaximumExposureUndiscounted,us-gaap,CreditDerivativeMaximumExposureUndiscounted,"Credit Derivative, Maximum Exposure, Undiscounted","Maximum potential amount of future undiscounted payments that could be required under the credit derivative, before reduction for potential recoveries under recourse or collateralization provisions."
us-gaap:CreditRiskDerivativeAssetsAtFairValue,us-gaap,CreditRiskDerivativeAssetsAtFairValue,"Credit Risk Derivative Assets, at Fair Value",Fair value of credit risk derivative asset.
us-gaap:CreditRiskDerivativeLiabilitiesAtFairValue,us-gaap,CreditRiskDerivativeLiabilitiesAtFairValue,"Credit Risk Derivative Liabilities, at Fair Value",Fair value of credit risk derivative liability.
us-gaap:CreditRiskDerivativesAtFairValueNet,us-gaap,CreditRiskDerivativesAtFairValueNet,"Credit Risk Derivatives, at Fair Value, Net",Fair value of credit risk derivative asset after deduction of credit risk derivative liability.
us-gaap:CryptoAssetAddition,us-gaap,CryptoAssetAddition,,
us-gaap:CryptoAssetCost,us-gaap,CryptoAssetCost,,
us-gaap:CryptoAssetFairValue,us-gaap,CryptoAssetFairValue,,
us-gaap:CryptoAssetFairValueNoncurrent,us-gaap,CryptoAssetFairValueNoncurrent,,
us-gaap:CryptoAssetUnrealizedGainLossOperatingAndNonoperating,us-gaap,CryptoAssetUnrealizedGainLossOperatingAndNonoperating,,
us-gaap:CumulativeEffectOfInitialAdoptionOfFIN48,us-gaap,CumulativeEffectOfInitialAdoptionOfFIN48,Cumulative Effect of Initial Adoption of FIN 48 (Deprecated 2011-01-31),"Cumulative net-of-tax effect of initial adoption of FIN 48 - Accounting for Uncertainty in Income Taxes on the opening balance of retained earnings. The cumulative-effect adjustment does not include items that would not be recognized in earnings, such as the effect of adopting this Interpretation on tax positions related to business combinations. The amount of that cumulative-effect adjustment is the difference between the net amount of assets and liabilities recognized in the statement of financial position prior to the application of this Interpretation and the net amount of assets and liabilities recognized as a result of applying the provisions of this Interpretation."
us-gaap:CumulativeEffectOfInitialAdoptionOfNewAccountingPrinciple,us-gaap,CumulativeEffectOfInitialAdoptionOfNewAccountingPrinciple,Cumulative Effect of Initial Adoption of New Accounting Principle (Deprecated 2011-01-31),"Cumulative effect of initial adoption of new accounting principle on beginning retained earnings, net of tax. This element can be used, generally, for the adjustment to retained earnings of a new accounting principle."
us-gaap:CumulativeEffectOfNewAccountingPrincipleInPeriodOfAdoption,us-gaap,CumulativeEffectOfNewAccountingPrincipleInPeriodOfAdoption,Cumulative Effect of New Accounting Principle in Period of Adoption (Deprecated 2020-01-31),"Amount after tax of increase (decrease) to equity or (increase) decrease to net assets, resulting from the cumulative effect adjustment of a new accounting principle applied in the period of adoption."
us-gaap:CumulativeEffectOnRetainedEarningsNetOfTax1,us-gaap,CumulativeEffectOnRetainedEarningsNetOfTax1,"Cumulative Effect on Retained Earnings, Net of Tax (Deprecated 2020-01-31)",Amount of the cumulative effect on retained earnings net of related income tax effect.
us-gaap:CurrentFederalStateAndLocalTaxExpenseBenefit,us-gaap,CurrentFederalStateAndLocalTaxExpenseBenefit,"Current Federal, State and Local, Tax Expense (Benefit)","Amount of current state, local, and federal tax expense (benefit) pertaining to income (loss) from continuing operations."
us-gaap:CurrentFederalTaxExpenseBenefit,us-gaap,CurrentFederalTaxExpenseBenefit,Current Federal Tax Expense (Benefit),Amount of current federal tax expense (benefit) pertaining to income (loss) from continuing operations.
us-gaap:CurrentForeignTaxExpenseBenefit,us-gaap,CurrentForeignTaxExpenseBenefit,Current Foreign Tax Expense (Benefit),Amount of current foreign income tax expense (benefit) pertaining to income (loss) from continuing operations.
us-gaap:CurrentIncomeTaxExpenseBenefit,us-gaap,CurrentIncomeTaxExpenseBenefit,Current Income Tax Expense (Benefit),Amount of current income tax expense (benefit) pertaining to taxable income (loss) from continuing operations.
us-gaap:CurrentStateAndLocalTaxExpenseBenefit,us-gaap,CurrentStateAndLocalTaxExpenseBenefit,Current State and Local Tax Expense (Benefit),Amount of current state and local tax expense (benefit) pertaining to income (loss) from continuing operations.
us-gaap:CustomerAdvancesAndDeposits,us-gaap,CustomerAdvancesAndDeposits,Customer Advances and Deposits,"Refundable consideration, usually cash, held by the entity pending satisfactory completion of the entity's obligations or pending the closing of a contract."
us-gaap:CustomerAdvancesCurrent,us-gaap,CustomerAdvancesCurrent,"Customer Advances, Current",The current portion of prepayments received from customers for goods or services to be provided in the future.
us-gaap:CustomerDepositsCurrent,us-gaap,CustomerDepositsCurrent,"Customer Deposits, Current",The current portion of money or property received from customers which is either to be returned upon satisfactory contract completion or applied to customer receivables in accordance with the terms of the contract or the understandings.
us-gaap:CustomerFunds,us-gaap,CustomerFunds,Customer Funds,Carrying amount as of the balance sheet date of amounts received from and refundable to customers unless used by them to obtain goods and services from the entity.
us-gaap:CustomerLoyaltyProgramLiabilityCurrent,us-gaap,CustomerLoyaltyProgramLiabilityCurrent,"Customer Loyalty Program Liability, Current","Value of deferred revenue or cost to provide products or services, which is expected to be recognized in income or incurred within one year or the normal operating cycle, if longer, resulting from customer loyalty program. Excludes liability associated with frequent flier programs. Includes liability associated with customer loyalty programs for other businesses, for example, but is not limited to, hotels, supermarkets, credit card companies, automobile rental companies, and book sellers."
us-gaap:DebtAndEquitySecuritiesGainLoss,us-gaap,DebtAndEquitySecuritiesGainLoss,"Debt and Equity Securities, Gain (Loss)",Amount of unrealized and realized gain (loss) on investment in debt and equity securities.
us-gaap:DebtConversionConvertedInstrumentAmount1,us-gaap,DebtConversionConvertedInstrumentAmount1,"Debt Conversion, Converted Instrument, Amount","""The value of the financial instrument(s) that the original debt is being converted into in a noncash (or part noncash) transaction. """"Part noncash"""" refers to that portion of the transaction not resulting in cash receipts or cash payments in the period."""
us-gaap:DebtConversionConvertedInstrumentSharesIssued1,us-gaap,DebtConversionConvertedInstrumentSharesIssued1,"Debt Conversion, Converted Instrument, Shares Issued","""The number of shares issued in exchange for the original debt being converted in a noncash (or part noncash) transaction. """"Part noncash"""" refers to that portion of the transaction not resulting in cash receipts or payments in the period."""
us-gaap:DebtConversionOriginalDebtAmount,us-gaap,DebtConversionOriginalDebtAmount,"Debt Conversion, Original Debt, Amount (Deprecated 2011-01-31)","The amount of the original debt being converted in a noncash (or part noncash) transaction. ""Part noncash"" refers to that portion of the transaction not resulting in cash receipts or cash payments in the period."
us-gaap:DebtConversionOriginalDebtAmount1,us-gaap,DebtConversionOriginalDebtAmount1,"Debt Conversion, Original Debt, Amount","""The amount of the original debt being converted in a noncash (or part noncash) transaction. """"Part noncash"""" refers to that portion of the transaction not resulting in cash receipts or cash payments in the period."""
us-gaap:DebtCurrent,us-gaap,DebtCurrent,"Debt, Current","Amount of short-term debt and current maturity of long-term debt and capital lease obligations due within one year or the normal operating cycle, if longer."
us-gaap:DebtInstrumentBasisSpreadOnVariableRate1,us-gaap,DebtInstrumentBasisSpreadOnVariableRate1,"Debt Instrument, Basis Spread on Variable Rate",Percentage points added to the reference rate to compute the variable rate on the debt instrument.
us-gaap:DebtInstrumentCarryingAmount,us-gaap,DebtInstrumentCarryingAmount,"Long-term Debt, Gross","Amount, before unamortized (discount) premium and debt issuance costs, of long-term debt. Includes, but is not limited to, notes payable, bonds payable, commercial loans, mortgage loans, convertible debt, subordinated debt and other types of debt."
us-gaap:DebtInstrumentConvertibleCarryingAmountOfTheEquityComponent,us-gaap,DebtInstrumentConvertibleCarryingAmountOfTheEquityComponent,"Debt Instrument, Convertible, Carrying Amount of Equity Component",The carrying amount of the equity component of convertible debt which may be settled in cash upon conversion.
us-gaap:DebtInstrumentConvertibleConversionPrice1,us-gaap,DebtInstrumentConvertibleConversionPrice1,"Debt Instrument, Convertible, Conversion Price",The price per share of the conversion feature embedded in the debt instrument.
us-gaap:DebtInstrumentConvertibleConversionRatio,us-gaap,DebtInstrumentConvertibleConversionRatio,"Debt Instrument, Convertible, Conversion Ratio (Deprecated 2013-01-31)",The ratio applied to the debt for purposes of determining the number of shares of the equity security into which the debt will be converted.
us-gaap:DebtInstrumentConvertibleConversionRatio1,us-gaap,DebtInstrumentConvertibleConversionRatio1,"Debt Instrument, Convertible, Conversion Ratio",Ratio applied to the conversion of debt instrument into equity with equity shares divided by debt principal amount.
us-gaap:DebtInstrumentConvertibleEffectiveInterestRate,us-gaap,DebtInstrumentConvertibleEffectiveInterestRate,"Debt Instrument, Convertible, Effective Interest Rate (Deprecated 2013-01-31)","The effective interest rate on the liability component of convertible debt instrument which may be settled in cash upon conversion, including partial cash settlement."
us-gaap:DebtInstrumentConvertibleIfConvertedValueInExcessOfPrincipal,us-gaap,DebtInstrumentConvertibleIfConvertedValueInExcessOfPrincipal,"Debt Instrument, Convertible, If-converted Value in Excess of Principal","The amount by which the convertible debt's if-converted value exceeds its principle amount at the balance sheet date, regardless of whether the instrument is currently convertible. This element applies to public companies only."
us-gaap:DebtInstrumentConvertibleInterestExpense,us-gaap,DebtInstrumentConvertibleInterestExpense,"Debt Instrument, Convertible, Interest Expense (Deprecated 2013-01-31)","Interest expense related to convertible debt instruments which has been recognized for the period, including the contractual interest coupon and amortization of the debt discount, if any."
us-gaap:DebtInstrumentConvertibleNumberOfEquityInstruments,us-gaap,DebtInstrumentConvertibleNumberOfEquityInstruments,"Debt Instrument, Convertible, Number of Equity Instruments",The number of equity instruments that the holder of the debt instrument would receive if the debt was converted to equity.
us-gaap:DebtInstrumentConvertibleThresholdPercentageOfStockPriceTrigger,us-gaap,DebtInstrumentConvertibleThresholdPercentageOfStockPriceTrigger,"Debt Instrument, Convertible, Threshold Percentage of Stock Price Trigger",Minimum percentage of common stock price to conversion price of convertible debt instruments to determine eligibility of conversion.
us-gaap:DebtInstrumentConvertibleThresholdTradingDays,us-gaap,DebtInstrumentConvertibleThresholdTradingDays,"Debt Instrument, Convertible, Threshold Trading Days",Threshold number of specified trading days that common stock price to conversion price of convertible debt instruments must exceed threshold percentage within a specified consecutive trading period to trigger conversion feature.
us-gaap:DebtInstrumentDecreaseForgiveness,us-gaap,DebtInstrumentDecreaseForgiveness,"Debt Instrument, Decrease, Forgiveness",Decrease for amounts of indebtedness forgiven by the holder of the debt instrument.
us-gaap:DebtInstrumentFaceAmount,us-gaap,DebtInstrumentFaceAmount,"Debt Instrument, Face Amount",Face (par) amount of debt instrument at time of issuance.
us-gaap:DebtInstrumentFairValue,us-gaap,DebtInstrumentFairValue,"Debt Instrument, Fair Value Disclosure","Fair value portion of debt instrument payable, including, but not limited to, notes payable and loans payable."
us-gaap:DebtInstrumentFeeAmount,us-gaap,DebtInstrumentFeeAmount,"Debt Instrument, Fee Amount",Amount of the fee that accompanies borrowing money under the debt instrument.
us-gaap:DebtInstrumentInterestRateDuringPeriod,us-gaap,DebtInstrumentInterestRateDuringPeriod,"Debt Instrument, Interest Rate During Period",The average effective interest rate during the reporting period.
us-gaap:DebtInstrumentInterestRateEffectivePercentage,us-gaap,DebtInstrumentInterestRateEffectivePercentage,"Debt Instrument, Interest Rate, Effective Percentage",Effective interest rate for the funds borrowed under the debt agreement considering interest compounding and original issue discount or premium.
us-gaap:DebtInstrumentInterestRateStatedPercentage,us-gaap,DebtInstrumentInterestRateStatedPercentage,"Debt Instrument, Interest Rate, Stated Percentage","Contractual interest rate for funds borrowed, under the debt agreement."
us-gaap:DebtInstrumentInterestRateStatedPercentageRateRangeMaximum,us-gaap,DebtInstrumentInterestRateStatedPercentageRateRangeMaximum,"Debt Instrument, Interest Rate, Stated Percentage Rate Range, Maximum (Deprecated 2016-01-31)","Maximum contractual interest rate for funds borrowed, under the debt agreement."
us-gaap:DebtInstrumentInterestRateStatedPercentageRateRangeMinimum,us-gaap,DebtInstrumentInterestRateStatedPercentageRateRangeMinimum,"Debt Instrument, Interest Rate, Stated Percentage Rate Range, Minimum (Deprecated 2016-01-31)","Minimum contractual interest rate for funds borrowed, under the debt agreement."
us-gaap:DebtInstrumentPrincipalOutstanding,us-gaap,DebtInstrumentPrincipalOutstanding,"Debt Instrument, Principal Outstanding (Deprecated 2011-01-31)","Amount of outstanding principal due under the debt instrument at the end of the reporting period, before deducting unamortized discount or premium, if any."
us-gaap:DebtInstrumentRedemptionPricePercentage,us-gaap,DebtInstrumentRedemptionPricePercentage,"Debt Instrument, Redemption Price, Percentage",Percentage price of original principal amount of debt at which debt can be redeemed by the issuer.
us-gaap:DebtInstrumentRedemptionPricePercentageOfPrincipalAmountRedeemed,us-gaap,DebtInstrumentRedemptionPricePercentageOfPrincipalAmountRedeemed,"Debt Instrument, Redemption Price, Percentage of Principal Amount Redeemed",Percentage of principal amount of debt redeemed.
us-gaap:DebtInstrumentUnamortizedDiscount,us-gaap,DebtInstrumentUnamortizedDiscount,"Debt Instrument, Unamortized Discount","Amount, after accumulated amortization, of debt discount."
us-gaap:DebtInstrumentUnamortizedDiscountPremiumAndDebtIssuanceCostsNet,us-gaap,DebtInstrumentUnamortizedDiscountPremiumAndDebtIssuanceCostsNet,"Debt Instrument, Unamortized Discount (Premium) and Debt Issuance Costs, Net",Amount of unamortized debt discount (premium) and debt issuance costs.
us-gaap:DebtInstrumentUnamortizedDiscountPremiumNet,us-gaap,DebtInstrumentUnamortizedDiscountPremiumNet,"Debt Instrument, Unamortized Discount (Premium), Net","Amount, after accumulated amortization, of debt discount (premium)."
us-gaap:DebtInstrumentUnamortizedPremium,us-gaap,DebtInstrumentUnamortizedPremium,"Debt Instrument, Unamortized Premium","Amount, after accumulated amortization, of debt premium."
us-gaap:DebtInstrumentUnusedBorrowingCapacityAmount,us-gaap,DebtInstrumentUnusedBorrowingCapacityAmount,"Debt Instrument, Unused Borrowing Capacity, Amount",Amount of unused borrowing capacity under the long-term financing arrangement that is available to the entity as of the balance sheet date.
us-gaap:DebtLongtermAndShorttermCombinedAmount,us-gaap,DebtLongtermAndShorttermCombinedAmount,"Debt, Long-term and Short-term, Combined Amount","Represents the aggregate of total long-term debt, including current maturities and short-term debt."
us-gaap:DebtRelatedCommitmentFeesAndDebtIssuanceCosts,us-gaap,DebtRelatedCommitmentFeesAndDebtIssuanceCosts,Debt Related Commitment Fees and Debt Issuance Costs,Represents the charge against earnings during the period for commitment fees and debt issuance expenses.
us-gaap:DebtSecuritiesAvailableForSaleAccruedInterestWriteoff,us-gaap,DebtSecuritiesAvailableForSaleAccruedInterestWriteoff,"Debt Securities, Available-for-Sale, Accrued Interest Writeoff","Amount of writeoff of accrued interest on investment in debt security measured at fair value with change in fair value recognized in other comprehensive income (available-for-sale), recognized by reversing interest income."
us-gaap:DebtSecuritiesAvailableForSaleAllowanceForCreditLoss,us-gaap,DebtSecuritiesAvailableForSaleAllowanceForCreditLoss,"Debt Securities, Available-for-sale, Allowance for Credit Loss",Amount of allowance for credit loss on investment in debt security measured at fair value with change in fair value recognized in other comprehensive income (available-for-sale).
us-gaap:DebtSecuritiesAvailableForSaleAllowanceForCreditLossNotPreviouslyRecorded,us-gaap,DebtSecuritiesAvailableForSaleAllowanceForCreditLossNotPreviouslyRecorded,"Debt Securities, Available-for-sale, Allowance for Credit Loss, Not Previously Recorded","Amount of expense for credit loss on investment in debt security measured at fair value with change in fair value recognized in other comprehensive income (available-for-sale), for which no credit loss was previously recorded."
us-gaap:DebtSecuritiesAvailableForSaleAllowanceForCreditLossPeriodIncreaseDecrease,us-gaap,DebtSecuritiesAvailableForSaleAllowanceForCreditLossPeriodIncreaseDecrease,"Debt Securities, Available-for-sale, Allowance for Credit Loss, Period Increase (Decrease)",Amount of increase (decrease) in allowance for credit loss of investment in debt security measured at fair value with change in fair value recognized in other comprehensive income (available-for-sale).
us-gaap:DebtSecuritiesAvailableForSaleAllowanceForCreditLossRecovery,us-gaap,DebtSecuritiesAvailableForSaleAllowanceForCreditLossRecovery,"Debt Securities, Available-for-sale, Allowance for Credit Loss, Recovery","Amount of increase in allowance for credit loss on investment in debt security measured at fair value with change in fair value recognized in other comprehensive income (available-for-sale), from recovery."
us-gaap:DebtSecuritiesAvailableForSaleAmortizedCostAllowanceForCreditLossExcludingAccruedInterest,us-gaap,DebtSecuritiesAvailableForSaleAmortizedCostAllowanceForCreditLossExcludingAccruedInterest,,
us-gaap:DebtSecuritiesAvailableForSaleAmortizedCostExcludingAccruedInterestAfterAllowanceForCreditLoss,us-gaap,DebtSecuritiesAvailableForSaleAmortizedCostExcludingAccruedInterestAfterAllowanceForCreditLoss,,
us-gaap:DebtSecuritiesAvailableForSaleAmortizedCostExcludingAccruedInterestBeforeAllowanceForCreditLoss,us-gaap,DebtSecuritiesAvailableForSaleAmortizedCostExcludingAccruedInterestBeforeAllowanceForCreditLoss,,
us-gaap:DebtSecuritiesAvailableForSaleAndHeldToMaturity,us-gaap,DebtSecuritiesAvailableForSaleAndHeldToMaturity,"Debt Securities, Available-for-sale and Held-to-maturity",Amount of investment in debt security measured at amortized cost (held-to-maturity) and investment in debt security measured at fair value with change in fair value recognized in other comprehensive income (available-for-sale).
us-gaap:DebtSecuritiesAvailableForSaleAndHeldToMaturityAllowanceForCreditLoss,us-gaap,DebtSecuritiesAvailableForSaleAndHeldToMaturityAllowanceForCreditLoss,,
us-gaap:DebtSecuritiesAvailableForSaleAndHeldToMaturityAmortizedCostAfterAllowanceForCreditLoss,us-gaap,DebtSecuritiesAvailableForSaleAndHeldToMaturityAmortizedCostAfterAllowanceForCreditLoss,,
us-gaap:DebtSecuritiesAvailableForSaleAndHeldToMaturityCumulativeUnrecognizedGain,us-gaap,DebtSecuritiesAvailableForSaleAndHeldToMaturityCumulativeUnrecognizedGain,,
us-gaap:DebtSecuritiesAvailableForSaleAndHeldToMaturityCumulativeUnrecognizedLoss,us-gaap,DebtSecuritiesAvailableForSaleAndHeldToMaturityCumulativeUnrecognizedLoss,,
us-gaap:DebtSecuritiesAvailableForSaleAndHeldToMaturityFairValue,us-gaap,DebtSecuritiesAvailableForSaleAndHeldToMaturityFairValue,,
us-gaap:DebtSecuritiesAvailableForSaleContinuousUnrealizedLossPosition12MonthsOrLonger,us-gaap,DebtSecuritiesAvailableForSaleContinuousUnrealizedLossPosition12MonthsOrLonger,"Debt Securities, Available-for-sale, Continuous Unrealized Loss Position, 12 Months or Longer","Amount of investment in debt security measured at fair value with change in fair value recognized in other comprehensive income (available-for-sale), in continuous unrealized loss position for more than 12 months, without allowance for credit loss. Includes beneficial interest in securitized financial asset."
us-gaap:DebtSecuritiesAvailableForSaleContinuousUnrealizedLossPosition12MonthsOrLongerAccumulatedLoss,us-gaap,DebtSecuritiesAvailableForSaleContinuousUnrealizedLossPosition12MonthsOrLongerAccumulatedLoss,"Debt Securities, Available-for-sale, Continuous Unrealized Loss Position, 12 Months or Longer, Accumulated Loss","Amount of accumulated unrealized loss on investment in debt security measured at fair value with change in fair value recognized in other comprehensive income (available-for-sale), in continuous unrealized loss position for 12 months or longer, without allowance for credit loss. Includes beneficial interest in securitized financial asset."
us-gaap:DebtSecuritiesAvailableForSaleContinuousUnrealizedLossPositionLessThan12Months,us-gaap,DebtSecuritiesAvailableForSaleContinuousUnrealizedLossPositionLessThan12Months,"Debt Securities, Available-for-sale, Continuous Unrealized Loss Position, Less than 12 Months","Amount of investment in debt security measured at fair value with change in fair value recognized in other comprehensive income (available-for-sale), in continuous unrealized loss position for less than 12 months, without allowance for credit loss. Includes beneficial interest in securitized financial asset."
us-gaap:DebtSecuritiesAvailableForSaleContinuousUnrealizedLossPositionLessThan12MonthsAccumulatedLoss,us-gaap,DebtSecuritiesAvailableForSaleContinuousUnrealizedLossPositionLessThan12MonthsAccumulatedLoss,"Debt Securities, Available-for-sale, Continuous Unrealized Loss Position, Less than 12 Months, Accumulated Loss","Amount of accumulated unrealized loss on investment in debt security measured at fair value with change in fair value recognized in other comprehensive income (available-for-sale), in continuous unrealized loss position for less than 12 months, without allowance for credit loss. Includes beneficial interest in securitized financial asset."
us-gaap:DebtSecuritiesAvailableForSaleExcludingAccruedInterest,us-gaap,DebtSecuritiesAvailableForSaleExcludingAccruedInterest,,
us-gaap:DebtSecuritiesAvailableForSaleGainLoss,us-gaap,DebtSecuritiesAvailableForSaleGainLoss,"Debt Securities, Available-for-sale, Gain (Loss)",Amount of unrealized and realized gain (loss) on investment in debt security measured at fair value with change in fair value recognized in other comprehensive income (available-for-sale).
us-gaap:DebtSecuritiesAvailableForSaleMaturityAfter10YearsWeightedAverageYield,us-gaap,DebtSecuritiesAvailableForSaleMaturityAfter10YearsWeightedAverageYield,"Debt Securities, Available-for-Sale, Weighted Average Yield, Maturity, after Year 10","Weighted average yield of investment in debt security measured at fair value with change in fair value recognized in other comprehensive income (available-for-sale), maturing after tenth fiscal year following current fiscal year. Excludes interim and annual periods when interim periods are reported from current statement of financial position date (rolling approach)."
us-gaap:DebtSecuritiesAvailableForSaleMaturityAfterFiveThroughTenYearsWeightedAverageYield,us-gaap,DebtSecuritiesAvailableForSaleMaturityAfterFiveThroughTenYearsWeightedAverageYield,"Debt Securities, Available-for-Sale, Weighted Average Yield, Maturity, after Year 5 Through 10","Weighted average yield of investment in debt security measured at fair value with change in fair value recognized in other comprehensive income (available-for-sale), maturing in sixth through tenth fiscal year following current fiscal year. Excludes interim and annual periods when interim periods are reported from current statement of financial position date (rolling approach)."
us-gaap:DebtSecuritiesAvailableForSaleMaturityAfterOneThroughFiveYearsWeightedAverageYield,us-gaap,DebtSecuritiesAvailableForSaleMaturityAfterOneThroughFiveYearsWeightedAverageYield,"Debt Securities, Available-for-Sale, Weighted Average Yield, Maturity, after Year One Through Five","Weighted average yield of investment in debt security measured at fair value with change in fair value recognized in other comprehensive income (available-for-sale), maturing in second through fifth fiscal year following current fiscal year. Excludes interim and annual periods when interim periods are reported from current statement of financial position date (rolling approach)."
us-gaap:DebtSecuritiesAvailableForSaleMaturityWithinOneYearWeightedAverageYield,us-gaap,DebtSecuritiesAvailableForSaleMaturityWithinOneYearWeightedAverageYield,"Debt Securities, Available-for-Sale, Weighted Average Yield, Maturity, Year One","Weighted average yield of investment in debt security measured at fair value with change in fair value recognized in other comprehensive income (available-for-sale), maturing in next fiscal year following current fiscal year. Excludes interim and annual periods when interim periods are reported from current statement of financial position date (rolling approach)."
us-gaap:DebtSecuritiesAvailableForSaleRealizedGain,us-gaap,DebtSecuritiesAvailableForSaleRealizedGain,"Debt Securities, Available-for-sale, Realized Gain",Amount of realized gain on investment in debt security measured at fair value with change in fair value recognized in other comprehensive income (available-for-sale).
us-gaap:DebtSecuritiesAvailableForSaleRealizedGainLoss,us-gaap,DebtSecuritiesAvailableForSaleRealizedGainLoss,"Debt Securities, Available-for-sale, Realized Gain (Loss)",Amount of realized gain (loss) on investment in debt security measured at fair value with change in fair value recognized in other comprehensive income (available-for-sale).
us-gaap:DebtSecuritiesAvailableForSaleRealizedLoss,us-gaap,DebtSecuritiesAvailableForSaleRealizedLoss,"Debt Securities, Available-for-sale, Realized Loss",Amount of realized loss on investment in debt security measured at fair value with change in fair value recognized in other comprehensive income (available-for-sale).
us-gaap:DebtSecuritiesAvailableForSaleRealizedLossExcludingOtherThanTemporaryImpairment,us-gaap,DebtSecuritiesAvailableForSaleRealizedLossExcludingOtherThanTemporaryImpairment,"Debt Securities, Available-for-sale, Realized Loss, Excluding Other-than-temporary Impairment","Amount of realized loss on investment in debt security measured at fair value with change in fair value recognized in other comprehensive income (available-for-sale), excluding other-than-temporary impairment (OTTI)."
us-gaap:DebtSecuritiesAvailableForSaleRestricted,us-gaap,DebtSecuritiesAvailableForSaleRestricted,"Debt Securities, Available-for-sale, Restricted",Amount of restricted investment in debt security measured at fair value with change in fair value recognized in other comprehensive income (available-for-sale).
us-gaap:DebtSecuritiesAvailableForSaleUnrealizedGainLoss,us-gaap,DebtSecuritiesAvailableForSaleUnrealizedGainLoss,"Debt Securities, Available-for-sale, Unrealized Gain (Loss)",Amount of unrealized gain (loss) on investment in debt security measured at fair value with change in fair value recognized in other comprehensive income (available-for-sale).
us-gaap:DebtSecuritiesAvailableForSaleUnrealizedLossPosition,us-gaap,DebtSecuritiesAvailableForSaleUnrealizedLossPosition,"Debt Securities, Available-for-sale, Unrealized Loss Position","Amount of investment in debt security measured at fair value with change in fair value recognized in other comprehensive income (available-for-sale), in unrealized loss position without allowance for credit loss."
us-gaap:DebtSecuritiesAvailableForSaleUnrealizedLossPositionAccumulatedLoss,us-gaap,DebtSecuritiesAvailableForSaleUnrealizedLossPositionAccumulatedLoss,"Debt Securities, Available-for-sale, Unrealized Loss Position, Accumulated Loss","Amount of accumulated unrealized loss on investment in debt security measured at fair value with change in fair value recognized in other comprehensive income (available-for-sale), in unrealized loss position, without allowance for credit loss. Includes beneficial interest in securitized financial asset."
us-gaap:DebtSecuritiesAvailableForSaleWeightedAverageYield,us-gaap,DebtSecuritiesAvailableForSaleWeightedAverageYield,,
us-gaap:DebtSecuritiesCurrent,us-gaap,DebtSecuritiesCurrent,"Debt Securities, Current","Amount of investment in debt security measured at amortized cost (held-to-maturity), investment in debt security measured at fair value with change in fair value recognized in other comprehensive income (available-for-sale) and investment in debt security measured at fair value with change in fair value recognized in net income (trading); classified as current."
us-gaap:DebtSecuritiesGainLoss,us-gaap,DebtSecuritiesGainLoss,"Debt Securities, Gain (Loss)","Amount of unrealized and realized gain (loss) on investment in debt security measured at amortized cost (held-to-maturity), investment in debt security measured at fair value with change in fair value recognized in other comprehensive income (available-for-sale) and investment in debt security measured at fair value with change in fair value recognized in net income (trading)."
us-gaap:DebtSecuritiesHeldToMaturityAccruedInterestBeforeAllowanceForCreditLoss,us-gaap,DebtSecuritiesHeldToMaturityAccruedInterestBeforeAllowanceForCreditLoss,"Debt Securities, Held-to-Maturity, Accrued Interest, before Allowance for Credit Loss","Amount, before allowance for credit loss, of accrued interest on investment in debt security measured at amortized cost (held-to-maturity)."
us-gaap:DebtSecuritiesHeldToMaturityAccruedInterestWriteoff,us-gaap,DebtSecuritiesHeldToMaturityAccruedInterestWriteoff,"Debt Securities, Held-to-Maturity, Accrued Interest, Writeoff",Amount of writeoff of accrued interest on investment in debt security measured at amortized cost (held-to-maturity) recognized by reversing interest income.
us-gaap:DebtSecuritiesHeldToMaturityAllowanceForCreditLoss,us-gaap,DebtSecuritiesHeldToMaturityAllowanceForCreditLoss,"Debt Securities, Held-to-maturity, Allowance for Credit Loss",Amount of allowance for credit loss for debt security measured at amortized cost (held-to-maturity).
us-gaap:DebtSecuritiesHeldToMaturityAllowanceForCreditLossExcludingAccruedInterest,us-gaap,DebtSecuritiesHeldToMaturityAllowanceForCreditLossExcludingAccruedInterest,,
us-gaap:DebtSecuritiesHeldToMaturityCreditLossExpenseReversal,us-gaap,DebtSecuritiesHeldToMaturityCreditLossExpenseReversal,"Debt Securities, Held-to-maturity, Credit Loss Expense (Reversal)",Amount of expense (reversal of expense) for expected credit loss on investment in debt security measured at amortized cost (held-to-maturity).
us-gaap:DebtSecuritiesHeldToMaturityExcludingAccruedInterestAfterAllowanceForCreditLoss,us-gaap,DebtSecuritiesHeldToMaturityExcludingAccruedInterestAfterAllowanceForCreditLoss,,
us-gaap:DebtSecuritiesHeldToMaturityExcludingAccruedInterestBeforeAllowanceForCreditLoss,us-gaap,DebtSecuritiesHeldToMaturityExcludingAccruedInterestBeforeAllowanceForCreditLoss,,
us-gaap:DebtSecuritiesHeldToMaturityMaturityAfter10YearsWeightedAverageYield,us-gaap,DebtSecuritiesHeldToMaturityMaturityAfter10YearsWeightedAverageYield,"Debt Securities, Held-to-Maturity, Weighted Average Yield, Maturity, after Year 10",Weighted average yield of investment in debt security measured at amortized cost (held-to-maturity) maturing after tenth fiscal year following current fiscal year. Excludes interim and annual periods when interim periods are reported from current statement of financial position date (rolling approach).
us-gaap:DebtSecuritiesHeldToMaturityMaturityAfterFiveThroughTenYearsWeightedAverageYield,us-gaap,DebtSecuritiesHeldToMaturityMaturityAfterFiveThroughTenYearsWeightedAverageYield,"Debt Securities, Held-to-Maturity, Weighted Average Yield, Maturity, after Year 5 Through 10",Weighted average yield of investment in debt security measured at amortized cost (held-to-maturity) maturing in sixth through tenth fiscal year following current fiscal year. Excludes interim and annual periods when interim periods are reported from current statement of financial position date (rolling approach).
us-gaap:DebtSecuritiesHeldToMaturityMaturityAfterOneThroughFiveYearsWeightedAverageYield,us-gaap,DebtSecuritiesHeldToMaturityMaturityAfterOneThroughFiveYearsWeightedAverageYield,"Debt Securities, Held-to-Maturity, Weighted Average Yield, Maturity, after Year One Through Five",Weighted average yield of investment in debt security measured at amortized cost (held-to-maturity) maturing in second through fifth fiscal year following current fiscal year. Excludes interim and annual periods when interim periods are reported from current statement of financial position date (rolling approach).
us-gaap:DebtSecuritiesHeldToMaturityMaturityWithinOneYearWeightedAverageYield,us-gaap,DebtSecuritiesHeldToMaturityMaturityWithinOneYearWeightedAverageYield,"Debt Securities, Held-to-Maturity, Weighted Average Yield, Maturity, Year One",Weighted average yield of investment in debt security measured at amortized cost (held-to-maturity) maturing in next fiscal year following current fiscal year. Excludes interim and annual periods when interim periods are reported from current statement of financial position date (rolling approach).
us-gaap:DebtSecuritiesHeldToMaturityPurchase,us-gaap,DebtSecuritiesHeldToMaturityPurchase,"Debt Securities, Held-to-maturity, Purchase",Amount of increase from purchase of debt security measured at amortized cost (held-to-maturity).
us-gaap:DebtSecuritiesHeldToMaturityWeightedAverageYield,us-gaap,DebtSecuritiesHeldToMaturityWeightedAverageYield,,
us-gaap:DebtSecuritiesRealizedGainLoss,us-gaap,DebtSecuritiesRealizedGainLoss,"Debt Securities, Realized Gain (Loss)","Amount of realized gain (loss) on investment in debt security measured at fair value with change in fair value recognized in other comprehensive income (available-for-sale), investment in debt security measured at amortized cost (held-to-maturity) and investment in debt security measured at fair value with change in fair value recognized in net income (trading)."
us-gaap:DecreaseInRestrictedCash,us-gaap,DecreaseInRestrictedCash,Decrease in Restricted Cash,Amount of cash inflow associated with funds that are not available for withdrawal or use (such as funds held in escrow) and are associated with underlying transactions that are classified as investing activities.
us-gaap:DecreaseInUnrecognizedTaxBenefitsIsReasonablyPossible,us-gaap,DecreaseInUnrecognizedTaxBenefitsIsReasonablyPossible,Decrease in Unrecognized Tax Benefits is Reasonably Possible,Amount of decrease reasonably possible in the next twelve months for the unrecognized tax benefit.
us-gaap:DeferredCompensationArrangementWithIndividualCompensationExpense,us-gaap,DeferredCompensationArrangementWithIndividualCompensationExpense,"Deferred Compensation Arrangement with Individual, Compensation Expense",The compensation expense recognized during the period pertaining to the deferred compensation arrangement.
us-gaap:DeferredCompensationLiabilityClassifiedNoncurrent,us-gaap,DeferredCompensationLiabilityClassifiedNoncurrent,"Deferred Compensation Liability, Classified, Noncurrent","Aggregate carrying value as of the balance sheet date of the liabilities for all deferred compensation arrangements payable beyond one year (or the operating cycle, if longer)."
us-gaap:DeferredCompensationLiabilityCurrentAndNoncurrent,us-gaap,DeferredCompensationLiabilityCurrentAndNoncurrent,"Deferred Compensation Liability, Current and Noncurrent",Aggregate carrying value as of the balance sheet date of the liabilities for all deferred compensation arrangements. Represents currently earned compensation under compensation arrangements that is not actually paid until a later date.
us-gaap:DeferredFederalIncomeTaxExpenseBenefit,us-gaap,DeferredFederalIncomeTaxExpenseBenefit,Deferred Federal Income Tax Expense (Benefit),Amount of deferred federal income tax expense (benefit) pertaining to income (loss) from continuing operations.
us-gaap:DeferredFederalStateAndLocalTaxExpenseBenefit,us-gaap,DeferredFederalStateAndLocalTaxExpenseBenefit,"Deferred Federal, State and Local, Tax Expense (Benefit)","Amount of deferred state, local, and federal tax expense (benefit) pertaining to income (loss) from continuing operations."
us-gaap:DeferredFinanceCostsNet,us-gaap,DeferredFinanceCostsNet,"Debt Issuance Costs, Net","Amount, after accumulated amortization, of debt issuance costs. Includes, but is not limited to, legal, accounting, underwriting, printing, and registration costs."
us-gaap:DeferredForeignIncomeTaxExpenseBenefit,us-gaap,DeferredForeignIncomeTaxExpenseBenefit,Deferred Foreign Income Tax Expense (Benefit),Amount of deferred foreign income tax expense (benefit) pertaining to income (loss) from continuing operations.
us-gaap:DeferredIncomeTaxAssetsNet,us-gaap,DeferredIncomeTaxAssetsNet,"Deferred Income Tax Assets, Net","Amount, after allocation of valuation allowances and deferred tax liability, of deferred tax asset attributable to deductible differences and carryforwards, with jurisdictional netting."
us-gaap:DeferredIncomeTaxExpenseBenefit,us-gaap,DeferredIncomeTaxExpenseBenefit,Deferred Income Tax Expense (Benefit),Amount of deferred income tax expense (benefit) pertaining to income (loss) from continuing operations.
us-gaap:DeferredIncomeTaxLiabilities,us-gaap,DeferredIncomeTaxLiabilities,"Deferred Tax Liabilities, Gross",Amount of deferred tax liability attributable to taxable temporary differences.
us-gaap:DeferredIncomeTaxLiabilitiesNet,us-gaap,DeferredIncomeTaxLiabilitiesNet,"Deferred Income Tax Liabilities, Net","Amount, after deferred tax asset, of deferred tax liability attributable to taxable differences with jurisdictional netting."
us-gaap:DeferredIncomeTaxesAndOtherLiabilitiesNoncurrent,us-gaap,DeferredIncomeTaxesAndOtherLiabilitiesNoncurrent,"Deferred Income Taxes and Other Liabilities, Noncurrent","Amount of deferred tax liability attributable to taxable temporary differences, after deferred tax asset, and other liabilities expected to be paid after one year or operating cycle, if longer."
us-gaap:DeferredIncomeTaxesAndTaxCredits,us-gaap,DeferredIncomeTaxesAndTaxCredits,Deferred Income Taxes and Tax Credits,Amount of deferred income tax expense (benefit) and income tax credits.
us-gaap:DeferredOfferingCosts,us-gaap,DeferredOfferingCosts,Deferred Offering Costs,Specific incremental costs directly attributable to a proposed or actual offering of securities which are deferred at the end of the reporting period.
us-gaap:DeferredRentCredit,us-gaap,DeferredRentCredit,Deferred Rent Credit,"The cumulative difference between the rental payments required by a lease agreement and the rental income or expense recognized on a straight-line basis, or other systematic and rational basis more representative of the time pattern in which use or benefit is granted or derived from the leased property, expected to be recognized in income or expense over the term of the leased property by the lessor or lessee, respectively."
us-gaap:DeferredRentCreditNoncurrent,us-gaap,DeferredRentCreditNoncurrent,"Deferred Rent Credit, Noncurrent","For a classified balance sheet, the cumulative difference between the rental income or payments required by a lease agreement and the rental income or expense recognized on a straight-line basis, or other systematic and rational basis more representative of the time pattern in which use or benefit is granted or derived from the leased property, expected to be recognized in income or expense, by the lessor or lessee, respectively, more than one year after the balance sheet date."
us-gaap:DeferredRevenue,us-gaap,DeferredRevenue,Deferred Revenue,Amount of deferred income and obligation to transfer product and service to customer for which consideration has been received or is receivable.
us-gaap:DeferredRevenueAdditions,us-gaap,DeferredRevenueAdditions,"Deferred Revenue, Additions","Amount of deferred revenue recognized for transactions arising during the current reporting period. Deferred revenue is a liability as of the balance sheet date related to a revenue producing activity for which revenue has not yet been recognized. Generally, an Entity records deferred revenue when it receives consideration from a customer before achieving certain criteria that must be met for revenue to be recognized in conformity with GAAP."
us-gaap:DeferredRevenueAndCredits,us-gaap,DeferredRevenueAndCredits,Deferred Revenue and Credits,Total carrying amount of consideration received or receivable as of the balance sheet date representing potential earnings that were not as yet recognized as revenue or other forms of income in conformity with GAAP.
us-gaap:DeferredRevenueCurrent,us-gaap,DeferredRevenueCurrent,"Deferred Revenue, Current","Amount of deferred income and obligation to transfer product and service to customer for which consideration has been received or is receivable, classified as current."
us-gaap:DeferredRevenueNoncurrent,us-gaap,DeferredRevenueNoncurrent,"Deferred Revenue, Noncurrent","Amount of deferred income and obligation to transfer product and service to customer for which consideration has been received or is receivable, classified as noncurrent."
us-gaap:DeferredRevenueRevenueRecognized,us-gaap,DeferredRevenueRevenueRecognized,"Deferred Revenue, Revenue Recognized (Deprecated 2016-01-31)","Amount of previously reported deferred or unearned revenue that was recognized as revenue during the period. Deferred revenue is a liability related to a revenue producing activity for which revenue has not yet been recognized. Generally, an entity records deferred revenue when it receives consideration from a customer before achieving certain criteria that must be met for revenue to be recognized in conformity with GAAP."
us-gaap:DeferredRevenueRevenueRecognized1,us-gaap,DeferredRevenueRevenueRecognized1,"Deferred Revenue, Revenue Recognized",Amount of revenue recognized that was previously reported as deferred or unearned revenue.
us-gaap:DeferredStateAndLocalIncomeTaxExpenseBenefit,us-gaap,DeferredStateAndLocalIncomeTaxExpenseBenefit,Deferred State and Local Income Tax Expense (Benefit),Amount of deferred state and local tax expense (benefit) pertaining to income (loss) from continuing operations.
us-gaap:DeferredTaxAndOtherLiabilitiesNoncurrent,us-gaap,DeferredTaxAndOtherLiabilitiesNoncurrent,"Deferred Tax and Other Liabilities, Noncurrent","Amount, after deferred tax asset, of deferred tax liability attributable to taxable differences, with jurisdictional netting, and liabilities classified as noncurrent and other."
us-gaap:DeferredTaxAssetsCapitalLossCarryforwards,us-gaap,DeferredTaxAssetsCapitalLossCarryforwards,"Deferred Tax Assets, Capital Loss Carryforwards",Amount before allocation of valuation allowances of deferred tax asset attributable to deductible capital loss carryforwards.
us-gaap:DeferredTaxAssetsDeferredIncome,us-gaap,DeferredTaxAssetsDeferredIncome,"Deferred Tax Assets, Deferred Income",Amount before allocation of valuation allowances of deferred tax asset attributable to deductible temporary differences from deferred income.
us-gaap:DeferredTaxAssetsDerivativeInstruments,us-gaap,DeferredTaxAssetsDerivativeInstruments,"Deferred Tax Assets, Derivative Instruments",Amount before allocation of valuation allowances of deferred tax asset attributable to deductible temporary differences from derivative instruments.
us-gaap:DeferredTaxAssetsGoodwillAndIntangibleAssets,us-gaap,DeferredTaxAssetsGoodwillAndIntangibleAssets,"Deferred Tax Assets, Goodwill and Intangible Assets",Amount before allocation of valuation allowances of deferred tax asset attributable to deductible temporary differences from intangible assets including goodwill.
us-gaap:DeferredTaxAssetsGross,us-gaap,DeferredTaxAssetsGross,"Deferred Tax Assets, Gross",Amount before allocation of valuation allowances of deferred tax asset attributable to deductible temporary differences and carryforwards.
us-gaap:DeferredTaxAssetsGrossCurrent,us-gaap,DeferredTaxAssetsGrossCurrent,"Deferred Tax Assets, Gross, Current",Amount before allocation of valuation allowances of deferred tax asset attributable to deductible temporary differences and carryforwards classified as current.
us-gaap:DeferredTaxAssetsGrossNoncurrent,us-gaap,DeferredTaxAssetsGrossNoncurrent,"Deferred Tax Assets, Gross, Noncurrent","Amount, before allocation of valuation allowance, of deferred tax asset attributable to deductible temporary differences and carryforwards, classified as noncurrent."
us-gaap:DeferredTaxAssetsInProcessResearchAndDevelopment,us-gaap,DeferredTaxAssetsInProcessResearchAndDevelopment,"Deferred Tax Assets, in Process Research and Development",Amount before allocation of valuation allowances of deferred tax asset attributable to deductible temporary differences from in-process research and development costs expensed in connection with a business combination.
us-gaap:DeferredTaxAssetsInventory,us-gaap,DeferredTaxAssetsInventory,"Deferred Tax Assets, Inventory",Amount before allocation of valuation allowances of deferred tax asset attributable to deductible temporary differences from inventory.
us-gaap:DeferredTaxAssetsInvestments,us-gaap,DeferredTaxAssetsInvestments,"Deferred Tax Assets, Investments",Amount before allocation of valuation allowances of deferred tax asset attributable to deductible temporary differences from investments (excludes investments in subsidiaries and equity method investments).
us-gaap:DeferredTaxAssetsLiabilitiesNet,us-gaap,DeferredTaxAssetsLiabilitiesNet,"Deferred Tax Assets, Net","Amount, after allocation of valuation allowances and deferred tax liability, of deferred tax asset attributable to deductible differences and carryforwards, without jurisdictional netting."
us-gaap:DeferredTaxAssetsLiabilitiesNetCurrent,us-gaap,DeferredTaxAssetsLiabilitiesNetCurrent,"Deferred Tax Assets, Net, Current","Amount, after allocation of valuation allowances and deferred tax liability, of deferred tax asset attributable to deductible differences and carryforwards, netted by jurisdiction and classified as current."
us-gaap:DeferredTaxAssetsLiabilitiesNetNoncurrent,us-gaap,DeferredTaxAssetsLiabilitiesNetNoncurrent,"Deferred Tax Assets, Net, Noncurrent","Amount, after allocation of valuation allowances and deferred tax liability, of deferred tax asset attributable to deductible differences and carryforwards, with jurisdictional netting and classified as noncurrent."
us-gaap:DeferredTaxAssetsNet,us-gaap,DeferredTaxAssetsNet,"Deferred Tax Assets, Net of Valuation Allowance",Amount after allocation of valuation allowances of deferred tax asset attributable to deductible temporary differences and carryforwards.
us-gaap:DeferredTaxAssetsNetCurrent,us-gaap,DeferredTaxAssetsNetCurrent,"Deferred Tax Assets, Net of Valuation Allowance, Current",Amount after allocation of valuation allowances of deferred tax asset attributable to deductible temporary differences and carryforwards classified as current.
us-gaap:DeferredTaxAssetsNetNoncurrent,us-gaap,DeferredTaxAssetsNetNoncurrent,"Deferred Tax Assets, Net of Valuation Allowance, Noncurrent",Amount after allocation of valuation allowances of deferred tax asset attributable to deductible temporary differences and carryforwards classified as noncurrent.
us-gaap:DeferredTaxAssetsOperatingLossCarryforwards,us-gaap,DeferredTaxAssetsOperatingLossCarryforwards,"Deferred Tax Assets, Operating Loss Carryforwards",Amount before allocation of valuation allowances of deferred tax asset attributable to deductible operating loss carryforwards.
us-gaap:DeferredTaxAssetsOperatingLossCarryforwardsDomestic,us-gaap,DeferredTaxAssetsOperatingLossCarryforwardsDomestic,"Deferred Tax Assets, Operating Loss Carryforwards, Domestic",Amount before allocation of valuation allowances of deferred tax asset attributable to deductible domestic operating loss carryforwards. Excludes state and local operating loss carryforwards.
us-gaap:DeferredTaxAssetsOperatingLossCarryforwardsForeign,us-gaap,DeferredTaxAssetsOperatingLossCarryforwardsForeign,"Deferred Tax Assets, Operating Loss Carryforwards, Foreign",Amount before allocation of valuation allowances of deferred tax asset attributable to deductible foreign operating loss carryforwards.
us-gaap:DeferredTaxAssetsOperatingLossCarryforwardsStateAndLocal,us-gaap,DeferredTaxAssetsOperatingLossCarryforwardsStateAndLocal,"Deferred Tax Assets, Operating Loss Carryforwards, State and Local",Amount before allocation of valuation allowances of deferred tax asset attributable to deductible state and local operating loss carryforwards.
us-gaap:DeferredTaxAssetsOther,us-gaap,DeferredTaxAssetsOther,"Deferred Tax Assets, Other","Amount, before allocation of valuation allowance, of deferred tax asset attributable to deductible temporary differences, classified as other."
us-gaap:DeferredTaxAssetsOtherComprehensiveLoss,us-gaap,DeferredTaxAssetsOtherComprehensiveLoss,"Deferred Tax Assets, Other Comprehensive Loss",Amount before allocation of valuation allowances of deferred tax asset attributable to deductible temporary differences from unrealized losses in other comprehensive income.
us-gaap:DeferredTaxAssetsPropertyPlantAndEquipment,us-gaap,DeferredTaxAssetsPropertyPlantAndEquipment,"Deferred Tax Assets, Property, Plant and Equipment","Amount before allocation of valuation allowances of deferred tax asset attributable to deductible temporary differences from property, plant, and equipment."
us-gaap:DeferredTaxAssetsStateTaxes,us-gaap,DeferredTaxAssetsStateTaxes,"Deferred Tax Assets, State Taxes",Amount before allocation of valuation allowances of deferred tax asset attributable to deductible temporary differences from state taxes.
us-gaap:DeferredTaxAssetsTaxCreditCarryforwards,us-gaap,DeferredTaxAssetsTaxCreditCarryforwards,"Deferred Tax Assets, Tax Credit Carryforwards","Amount, before allocation of a valuation allowances, of deferred tax assets attributable to deductible tax credit carryforwards including, but not limited to, research, foreign, general business, alternative minimum tax, and other deductible tax credit carryforwards."
us-gaap:DeferredTaxAssetsTaxCreditCarryforwardsForeign,us-gaap,DeferredTaxAssetsTaxCreditCarryforwardsForeign,"Deferred Tax Assets, Tax Credit Carryforwards, Foreign",Amount before allocation of valuation allowances of deferred tax asset attributable to deductible foreign tax credit carryforwards.
us-gaap:DeferredTaxAssetsTaxCreditCarryforwardsOther,us-gaap,DeferredTaxAssetsTaxCreditCarryforwardsOther,"Deferred Tax Assets, Tax Credit Carryforwards, Other","Amount, before allocation of valuation allowance, of deferred tax asset attributable to deductible tax credit carryforwards, classified as other."
us-gaap:DeferredTaxAssetsTaxCreditCarryforwardsResearch,us-gaap,DeferredTaxAssetsTaxCreditCarryforwardsResearch,"Deferred Tax Assets, Tax Credit Carryforwards, Research",Amount before allocation of valuation allowances of deferred tax asset attributable to deductible research tax credit carryforwards.
us-gaap:DeferredTaxAssetsTaxDeferredExpense,us-gaap,DeferredTaxAssetsTaxDeferredExpense,"Deferred Tax Assets, Tax Deferred Expense","Amount, before allocation of valuation allowances, of deferred tax asset attributable to deductible differences from reserves and accruals, compensation and benefit costs, and other provisions, reserves, and allowances."
us-gaap:DeferredTaxAssetsTaxDeferredExpenseCompensationAndBenefits,us-gaap,DeferredTaxAssetsTaxDeferredExpenseCompensationAndBenefits,"Deferred Tax Assets, Tax Deferred Expense, Compensation and Benefits",Amount before allocation of valuation allowances of deferred tax asset attributable to deductible temporary differences from compensation and benefits costs.
us-gaap:DeferredTaxAssetsTaxDeferredExpenseCompensationAndBenefitsEmployeeBenefits,us-gaap,DeferredTaxAssetsTaxDeferredExpenseCompensationAndBenefitsEmployeeBenefits,"Deferred Tax Assets, Tax Deferred Expense, Compensation and Benefits, Employee Benefits","Amount, before allocation of valuation allowance, of deferred tax asset attributable to deductible temporary differences from employee benefits, classified as other."
us-gaap:DeferredTaxAssetsTaxDeferredExpenseCompensationAndBenefitsPensions,us-gaap,DeferredTaxAssetsTaxDeferredExpenseCompensationAndBenefitsPensions,"Deferred Tax Assets, Tax Deferred Expense, Compensation and Benefits, Pensions",Amount before allocation of valuation allowances of deferred tax asset attributable to deductible temporary differences from pension benefits.
us-gaap:DeferredTaxAssetsTaxDeferredExpenseCompensationAndBenefitsShareBasedCompensationCost,us-gaap,DeferredTaxAssetsTaxDeferredExpenseCompensationAndBenefitsShareBasedCompensationCost,"Deferred Tax Assets, Tax Deferred Expense, Compensation and Benefits, Share-based Compensation Cost",Amount before allocation of valuation allowances of deferred tax asset attributable to deductible temporary differences from share-based compensation.
us-gaap:DeferredTaxAssetsTaxDeferredExpenseOther,us-gaap,DeferredTaxAssetsTaxDeferredExpenseOther,"Deferred Tax Assets, Tax Deferred Expense, Other","Amount, before allocation of valuation allowance, of deferred tax asset attributable to deductible temporary differences from provisions, reserves, allowances, and accruals, classified as other."
us-gaap:DeferredTaxAssetsTaxDeferredExpenseReservesAndAccruals,us-gaap,DeferredTaxAssetsTaxDeferredExpenseReservesAndAccruals,"Deferred Tax Assets, Tax Deferred Expense, Reserves and Accruals",Amount before allocation of valuation allowances of deferred tax asset attributable to deductible temporary differences from reserves and accruals.
us-gaap:DeferredTaxAssetsTaxDeferredExpenseReservesAndAccrualsAccruedLiabilities,us-gaap,DeferredTaxAssetsTaxDeferredExpenseReservesAndAccrualsAccruedLiabilities,"Deferred Tax Assets, Tax Deferred Expense, Reserves and Accruals, Accrued Liabilities",Amount before allocation of valuation allowances of deferred tax asset attributable to deductible temporary differences from accrued liabilities.
us-gaap:DeferredTaxAssetsTaxDeferredExpenseReservesAndAccrualsAssetRetirementObligations,us-gaap,DeferredTaxAssetsTaxDeferredExpenseReservesAndAccrualsAssetRetirementObligations,"Deferred Tax Assets, Tax Deferred Expense, Reserves and Accruals, Asset Retirement Obligations",Amount before allocation of valuation allowances of deferred tax asset attributable to deductible temporary differences from asset retirement obligations. An asset retirement obligation is a legal obligation associated with the disposal or retirement from service of a tangible long-lived asset.
us-gaap:DeferredTaxAssetsTaxDeferredExpenseReservesAndAccrualsImpairmentLosses,us-gaap,DeferredTaxAssetsTaxDeferredExpenseReservesAndAccrualsImpairmentLosses,"Deferred Tax Assets, Tax Deferred Expense, Reserves and Accruals, Impairment Losses",Amount before allocation of valuation allowances of deferred tax asset attributable to deductible temporary differences from estimated impairment losses.
us-gaap:DeferredTaxAssetsTaxDeferredExpenseReservesAndAccrualsLegalSettlements,us-gaap,DeferredTaxAssetsTaxDeferredExpenseReservesAndAccrualsLegalSettlements,"Deferred Tax Assets, Tax Deferred Expense, Reserves and Accruals, Legal Settlements",Amount before allocation of valuation allowances of deferred tax asset attributable to deductible temporary differences from the estimated loss from legal settlements.
us-gaap:DeferredTaxAssetsTaxDeferredExpenseReservesAndAccrualsLossReserves,us-gaap,DeferredTaxAssetsTaxDeferredExpenseReservesAndAccrualsLossReserves,"Deferred Tax Assets, Tax Deferred Expense, Reserves and Accruals, Loss Reserves",Amount before allocation of valuation allowances of deferred tax asset attributable to deductible temporary differences from loss reserves other than estimated credit losses.
us-gaap:DeferredTaxAssetsTaxDeferredExpenseReservesAndAccrualsOther,us-gaap,DeferredTaxAssetsTaxDeferredExpenseReservesAndAccrualsOther,"Deferred Tax Assets, Tax Deferred Expense, Reserves and Accruals, Other","Amount, before allocation of valuation allowance, of deferred tax asset attributable to deductible temporary differences from reserves and accruals, classified as other."
us-gaap:DeferredTaxAssetsTaxDeferredExpenseReservesAndAccrualsProvisionForLoanLosses,us-gaap,DeferredTaxAssetsTaxDeferredExpenseReservesAndAccrualsProvisionForLoanLosses,"Deferred Tax Assets, Tax Deferred Expense, Reserves and Accruals, Provision for Loan Losses",Amount before allocation of valuation allowances of deferred tax asset attributable to deductible temporary differences from the provision for loan losses.
us-gaap:DeferredTaxAssetsTaxDeferredExpenseReservesAndAccrualsRestructuringCharges,us-gaap,DeferredTaxAssetsTaxDeferredExpenseReservesAndAccrualsRestructuringCharges,"Deferred Tax Assets, Tax Deferred Expense, Reserves and Accruals, Restructuring Charges",Amount before allocation of valuation allowances of deferred tax asset attributable to deductible temporary differences from restructuring reserve.
us-gaap:DeferredTaxAssetsUnrealizedLossesOnAvailableforSaleSecuritiesGross,us-gaap,DeferredTaxAssetsUnrealizedLossesOnAvailableforSaleSecuritiesGross,"Deferred Tax Assets, Unrealized Losses on Available-for-Sale Securities, Gross",Amount before allocation of valuation allowances of deferred tax asset attributable to deductible temporary differences from unrealized losses on available-for-sale securities.
us-gaap:DeferredTaxAssetsValuationAllowance,us-gaap,DeferredTaxAssetsValuationAllowance,"Deferred Tax Assets, Valuation Allowance",Amount of deferred tax assets for which it is more likely than not that a tax benefit will not be realized.
us-gaap:DeferredTaxExpenseFromStockOptionsExercised,us-gaap,DeferredTaxExpenseFromStockOptionsExercised,Deferred Tax Expense from Stock Options Exercised,Amount of deferred tax expense from write-off of the deferred tax asset related to deductible stock options at exercise.
us-gaap:DeferredTaxLiabilities,us-gaap,DeferredTaxLiabilities,"Deferred Tax Liabilities, Net","Amount, after deferred tax asset, of deferred tax liability attributable to taxable differences without jurisdictional netting."
us-gaap:DeferredTaxLiabilitiesCurrent,us-gaap,DeferredTaxLiabilitiesCurrent,"Deferred Tax Liabilities, Net, Current","Amount, after deferred tax asset, of deferred tax liability attributable to taxable differences, with jurisdictional netting and classified as current."
us-gaap:DeferredTaxLiabilitiesDeferredExpense,us-gaap,DeferredTaxLiabilitiesDeferredExpense,"Deferred Tax Liabilities, Deferred Expense",Amount of deferred tax liability attributable to taxable temporary differences from capitalized costs.
us-gaap:DeferredTaxLiabilitiesDeferredExpenseCapitalizedInventoryCosts,us-gaap,DeferredTaxLiabilitiesDeferredExpenseCapitalizedInventoryCosts,"Deferred Tax Liabilities, Inventory",Amount of deferred tax consequences attributable to taxable temporary differences derived from inventory.
us-gaap:DeferredTaxLiabilitiesDerivatives,us-gaap,DeferredTaxLiabilitiesDerivatives,"Deferred Tax Liabilities, Derivatives",Amount of deferred tax liability attributable to taxable temporary differences from derivatives.
us-gaap:DeferredTaxLiabilitiesGoodwillAndIntangibleAssetsIntangibleAssets,us-gaap,DeferredTaxLiabilitiesGoodwillAndIntangibleAssetsIntangibleAssets,"Deferred Tax Liabilities, Intangible Assets",Amount of deferred tax liability attributable to taxable temporary differences from intangible assets other than goodwill.
us-gaap:DeferredTaxLiabilitiesInvestments,us-gaap,DeferredTaxLiabilitiesInvestments,"Deferred Tax Liabilities, Investments",Amount of deferred tax liability attributable to taxable temporary differences from investments (excludes investments in subsidiaries and equity method investments).
us-gaap:DeferredTaxLiabilitiesLeasingArrangements,us-gaap,DeferredTaxLiabilitiesLeasingArrangements,"Deferred Tax Liabilities, Leasing Arrangements",Amount of deferred tax liability attributable to taxable temporary differences from leasing arrangements.
us-gaap:DeferredTaxLiabilitiesMortgageServicingRights,us-gaap,DeferredTaxLiabilitiesMortgageServicingRights,"Deferred Tax Liabilities, Mortgage Servicing Rights",Amount of deferred tax liability attributable to taxable temporary differences from mortgage servicing rights.
us-gaap:DeferredTaxLiabilitiesNoncurrent,us-gaap,DeferredTaxLiabilitiesNoncurrent,"Deferred Tax Liabilities, Net, Noncurrent","Amount, after deferred tax asset, of deferred tax liability attributable to taxable differences, with jurisdictional netting and classified as noncurrent."
us-gaap:DeferredTaxLiabilitiesOther,us-gaap,DeferredTaxLiabilitiesOther,"Deferred Tax Liabilities, Other",Amount of deferred tax liability attributable to taxable temporary differences classified as other.
us-gaap:DeferredTaxLiabilitiesOtherComprehensiveIncome,us-gaap,DeferredTaxLiabilitiesOtherComprehensiveIncome,"Deferred Tax Liabilities, Other Comprehensive Income",Amount of deferred tax liability attributable to taxable temporary differences from unrealized gains in other comprehensive income.
us-gaap:DeferredTaxLiabilitiesPropertyPlantAndEquipment,us-gaap,DeferredTaxLiabilitiesPropertyPlantAndEquipment,"Deferred Tax Liabilities, Property, Plant and Equipment","Amount of deferred tax liability attributable to taxable temporary differences from property, plant, and equipment."
us-gaap:DeferredTaxLiabilitiesTaxDeferredIncome,us-gaap,DeferredTaxLiabilitiesTaxDeferredIncome,"Deferred Tax Liabilities, Tax Deferred Income",Amount of deferred tax liability attributable to taxable temporary differences from tax deferred revenue or income classified as other.
us-gaap:DeferredTaxLiabilitiesUndistributedForeignEarnings,us-gaap,DeferredTaxLiabilitiesUndistributedForeignEarnings,"Deferred Tax Liabilities, Undistributed Foreign Earnings","Amount of deferred tax liability attributable to taxable temporary differences from undistributed earnings of subsidiary and other recognized entity not within country of domicile. Includes, but is not limited to, other basis differences."
us-gaap:DeferredTaxLiabilityNotRecognizedAmountOfUnrecognizedDeferredTaxLiability,us-gaap,DeferredTaxLiabilityNotRecognizedAmountOfUnrecognizedDeferredTaxLiability,"Deferred Tax Liability Not Recognized, Amount of Unrecognized Deferred Tax Liability (Deprecated 2013-01-31)",The amount of the deferred tax liability which was not recognized because of the exceptions to comprehensive recognition of deferred taxes.
us-gaap:DeferredTaxLiabilityNotRecognizedAmountOfUnrecognizedDeferredTaxLiabilityUndistributedEarningsOfForeignSubsidiaries,us-gaap,DeferredTaxLiabilityNotRecognizedAmountOfUnrecognizedDeferredTaxLiabilityUndistributedEarningsOfForeignSubsidiaries,"Deferred Tax Liability Not Recognized, Amount of Unrecognized Deferred Tax Liability, Undistributed Earnings of Foreign Subsidiaries",Amount of deferred tax liability not recognized because of the exceptions to comprehensive recognition of deferred taxes related to undistributed earnings of foreign subsidiaries.
us-gaap:DeferredTaxLiabilityNotRecognizedCumulativeAmountOfTemporaryDifference,us-gaap,DeferredTaxLiabilityNotRecognizedCumulativeAmountOfTemporaryDifference,"Deferred Tax Liability Not Recognized, Cumulative Amount of Temporary Difference (Deprecated 2013-01-31)",The cumulative amount of the temporary difference for which a deferred tax liability has not been provided because of the exceptions to comprehensive recognition of deferred taxes.
us-gaap:DefinedBenefitPensionPlanCurrentAndNoncurrentLiabilities,us-gaap,DefinedBenefitPensionPlanCurrentAndNoncurrentLiabilities,"Liability, Defined Benefit Pension Plan","Amount of liability, recognized in statement of financial position, for defined benefit pension plan. Excludes other postretirement benefit plan."
us-gaap:DefinedBenefitPlanAccumulatedOtherComprehensiveIncomeBeforeTax,us-gaap,DefinedBenefitPlanAccumulatedOtherComprehensiveIncomeBeforeTax,"Defined Benefit Plan, Accumulated Other Comprehensive (Income) Loss, before Tax","Amount, before tax, of accumulated other comprehensive (income) loss for defined benefit plan, that has not been recognized in net periodic benefit cost (credit)."
us-gaap:DefinedBenefitPlanActualReturnOnPlanAssetsStillHeld,us-gaap,DefinedBenefitPlanActualReturnOnPlanAssetsStillHeld,"Defined Benefit Plan, Plan Assets Level 3 Reconciliation, Increase (Decrease) for Actual Return (Loss) on Plan Assets Still Held","Amount, measured using unobservable inputs, of increase (decrease) in plan assets of defined benefit plan from actual return (loss) on assets still held."
us-gaap:DefinedBenefitPlanAmortizationOfNetGainsLosses,us-gaap,DefinedBenefitPlanAmortizationOfNetGainsLosses,"Defined Benefit Plan, Amortization of Net Gains (Losses) (Deprecated 2013-01-31)",The amounts in accumulated other comprehensive income related to gains and losses that are not recognized immediately and are expected to be recognized as components of net periodic benefit cost over the next fiscal year that follows the most recent annual statement of financial position presented.
us-gaap:DefinedBenefitPlanAmortizationOfNetPriorServiceCostCredit,us-gaap,DefinedBenefitPlanAmortizationOfNetPriorServiceCostCredit,"Defined Benefit Plan, Amortization of Net Prior Service Cost (Credit) (Deprecated 2013-01-31)",The amounts in accumulated other comprehensive income related to prior service cost or credit expected to be recognized as components of net periodic benefit cost over the next fiscal year that follows the most recent annual statement of financial position presented.
us-gaap:DefinedBenefitPlanAmortizationOfNetTransitionAssetObligation,us-gaap,DefinedBenefitPlanAmortizationOfNetTransitionAssetObligation,"Defined Benefit Plan, Future Amortization of Transition Obligation (Asset) (Deprecated 2017-01-31)",Amount included in accumulated other comprehensive income (AOCI) related to transition obligation (asset) expected to be recognized as components of net periodic benefit cost (credit) for the fiscal year that follows the most recent annual statement of financial position.
us-gaap:DefinedBenefitPlanAmountsRecognizedInOtherComprehensiveIncomeLossNetGainLossBeforeTax,us-gaap,DefinedBenefitPlanAmountsRecognizedInOtherComprehensiveIncomeLossNetGainLossBeforeTax,"Other Comprehensive Income (Loss), Defined Benefit Plan, Gain (Loss), after Reclassification Adjustment, before Tax","Amount, before tax, after reclassification adjustment, of increase (decrease) in accumulated other comprehensive income from gain (loss) of defined benefit plan."
us-gaap:DefinedBenefitPlanAssetsForPlanBenefitsNoncurrent,us-gaap,DefinedBenefitPlanAssetsForPlanBenefitsNoncurrent,"Assets for Plan Benefits, Defined Benefit Plan","Amount of asset, recognized in statement of financial position, for overfunded defined benefit pension and other postretirement plans."
us-gaap:DefinedBenefitPlanAssumptionsUsedCalculatingBenefitObligationDiscountRate,us-gaap,DefinedBenefitPlanAssumptionsUsedCalculatingBenefitObligationDiscountRate,"Defined Benefit Plan, Assumptions Used Calculating Benefit Obligation, Discount Rate","Weighted average rate for present value of future retirement benefits cash flows, used to determine benefit obligation of defined benefit plan."
us-gaap:DefinedBenefitPlanAssumptionsUsedCalculatingNetPeriodicBenefitCostDiscountRate,us-gaap,DefinedBenefitPlanAssumptionsUsedCalculatingNetPeriodicBenefitCostDiscountRate,"Defined Benefit Plan, Assumptions Used Calculating Net Periodic Benefit Cost, Discount Rate","Weighted average rate for present value of future retirement benefits cash flows, used to determine net periodic benefit cost of defined benefit plan."
us-gaap:DefinedBenefitPlanAssumptionsUsedCalculatingNetPeriodicBenefitCostExpectedLongTermReturnOnAssets,us-gaap,DefinedBenefitPlanAssumptionsUsedCalculatingNetPeriodicBenefitCostExpectedLongTermReturnOnAssets,"Defined Benefit Plan, Assumptions Used Calculating Net Periodic Benefit Cost, Expected Long-term Rate of Return on Plan Assets","Weighted average rate of return on plan assets, reflecting average rate of earnings expected on existing plan assets and expected contributions, used to determine net periodic benefit cost of defined benefit plan."
us-gaap:DefinedBenefitPlanAssumptionsUsedCalculatingNetPeriodicBenefitCostRateOfCompensationIncrease,us-gaap,DefinedBenefitPlanAssumptionsUsedCalculatingNetPeriodicBenefitCostRateOfCompensationIncrease,"Defined Benefit Plan, Assumptions Used Calculating Net Periodic Benefit Cost, Rate of Compensation Increase","Weighted average rate of compensation increase used to determine net periodic benefit cost of defined benefit plan. Plan includes, but is not limited to, pay-related defined benefit plan."
us-gaap:DefinedBenefitPlanBenefitObligation,us-gaap,DefinedBenefitPlanBenefitObligation,"Defined Benefit Plan, Benefit Obligation",Amount of actuarial present value of benefits attributed to service rendered by employee for defined benefit plan.
us-gaap:DefinedBenefitPlanBenefitObligationIncreaseDecreaseForRemeasurementDueToSettlement,us-gaap,DefinedBenefitPlanBenefitObligationIncreaseDecreaseForRemeasurementDueToSettlement,"Defined Benefit Plan, Benefit Obligation, (Increase) Decrease for Remeasurement due to Settlement",Amount of (increase) decrease to benefit obligation of defined benefit plan from remeasurement due to settlement. Excludes decrease to benefit obligation for settlement payment.
us-gaap:DefinedBenefitPlanBenefitObligationPrescriptionDrugSubsidyReceipt,us-gaap,DefinedBenefitPlanBenefitObligationPrescriptionDrugSubsidyReceipt,"Defined Benefit Plan, Benefit Obligation, Prescription Drug Subsidy Receipt","Amount, before benefit payment, of receipt from prescription drug subsidy which increases benefit obligation of defined benefit postretirement plan."
us-gaap:DefinedBenefitPlanChangeInFairValueOfPlanAssetsLevel3ReconciliationPeriodIncreaseDecrease,us-gaap,DefinedBenefitPlanChangeInFairValueOfPlanAssetsLevel3ReconciliationPeriodIncreaseDecrease,"Defined Benefit Plan, Plan Assets Level 3 Reconciliation, Period Increase (Decrease)","Amount, measured using unobservable inputs, of increase (decrease) in plan assets of defined benefit plan."
us-gaap:DefinedBenefitPlanCurtailments,us-gaap,DefinedBenefitPlanCurtailments,"Defined Benefit Plan, Benefit Obligation, (Increase) Decrease for Curtailment",Amount of (increase) decrease in benefit obligation of defined benefit plan from event reducing expected years of future service of present employees or eliminating accrual of benefits for some or all future services of present employees.
us-gaap:DefinedBenefitPlanEffectOfOnePercentagePointDecreaseOnAccumulatedPostretirementBenefitObligation,us-gaap,DefinedBenefitPlanEffectOfOnePercentagePointDecreaseOnAccumulatedPostretirementBenefitObligation,"Defined Benefit Plan, Effect of One Percentage Point Decrease on Accumulated Postretirement Benefit Obligation (Deprecated 2012-01-31)",The effect of a one-percentage-point decrease in the assumed health care cost trend rates on the accumulated postretirement benefit obligation for health care benefits.
us-gaap:DefinedBenefitPlanEffectOfOnePercentagePointDecreaseOnAccumulatedPostretirementBenefitObligation1,us-gaap,DefinedBenefitPlanEffectOfOnePercentagePointDecreaseOnAccumulatedPostretirementBenefitObligation1,"Defined Benefit Plan, Effect of One Percentage Point Decrease on Accumulated Postretirement Benefit Obligation",Amount of decrease in accumulated postretirement benefit obligation from one-percentage-point decrease in assumed health care cost trend rate.
us-gaap:DefinedBenefitPlanEffectOfOnePercentagePointDecreaseOnServiceAndInterestCostComponents,us-gaap,DefinedBenefitPlanEffectOfOnePercentagePointDecreaseOnServiceAndInterestCostComponents,"Defined Benefit Plan, Effect of One Percentage Point Decrease on Service and Interest Cost Components (Deprecated 2012-01-31)",The effect of a one-percentage- point decrease in the assumed health care cost trend rates on the aggregate of the service and interest cost components of net periodic postretirement health care benefit costs.
us-gaap:DefinedBenefitPlanEffectOfOnePercentagePointDecreaseOnServiceAndInterestCostComponents1,us-gaap,DefinedBenefitPlanEffectOfOnePercentagePointDecreaseOnServiceAndInterestCostComponents1,"Defined Benefit Plan, Effect of One Percentage Point Decrease on Service and Interest Cost Components",Amount of decrease in service and interest cost components of net periodic postretirement benefit cost from one-percentage-point decrease in assumed health care cost trend rate.
us-gaap:DefinedBenefitPlanEffectOfOnePercentagePointIncreaseOnAccumulatedPostretirementBenefitObligation,us-gaap,DefinedBenefitPlanEffectOfOnePercentagePointIncreaseOnAccumulatedPostretirementBenefitObligation,"Defined Benefit Plan, Effect of One Percentage Point Increase on Accumulated Postretirement Benefit Obligation",Amount of increase in accumulated postretirement benefit obligation from one-percentage-point increase in assumed health care cost trend rate.
us-gaap:DefinedBenefitPlanEffectOfOnePercentagePointIncreaseOnServiceAndInterestCostComponents,us-gaap,DefinedBenefitPlanEffectOfOnePercentagePointIncreaseOnServiceAndInterestCostComponents,"Defined Benefit Plan, Effect of One Percentage Point Increase on Service and Interest Cost Components",Amount of increase in service and interest cost components of net periodic postretirement benefit cost from one-percentage-point increase in assumed health care cost trend rate.
us-gaap:DefinedBenefitPlanExpectedAmortizationOfGainLossNextFiscalYear,us-gaap,DefinedBenefitPlanExpectedAmortizationOfGainLossNextFiscalYear,"Defined Benefit Plan, Expected Amortization of Gain (Loss), Next Fiscal Year",Amount included in accumulated other comprehensive income (loss) for gain (loss) of defined benefit plan expected to be recognized in net periodic benefit (cost) credit for fiscal year following most recent annual statement of financial position.
us-gaap:DefinedBenefitPlanExpectedAmortizationOfPriorServiceCostCreditNextFiscalYear,us-gaap,DefinedBenefitPlanExpectedAmortizationOfPriorServiceCostCreditNextFiscalYear,"Defined Benefit Plan, Expected Amortization of Prior Service Cost (Credit), Next Fiscal Year",Amount included in accumulated other comprehensive (income) loss for prior service cost (credit) expected to be recognized in net periodic benefit cost (credit) for fiscal year following most recent annual statement of financial position.
us-gaap:DefinedBenefitPlanExpectedAmortizationOfTransitionAssetObligationNextFiscalYear,us-gaap,DefinedBenefitPlanExpectedAmortizationOfTransitionAssetObligationNextFiscalYear,"Defined Benefit Plan, Expected Amortization of Transition Asset (Obligation), Next Fiscal Year",Amount included in accumulated other comprehensive income (loss) for transition asset (obligation) expected to be recognized in net periodic benefit (cost) credit for fiscal year following most recent annual statement of financial position.
us-gaap:DefinedBenefitPlanExpectedFutureBenefitPaymentsFiveFiscalYearsThereafter,us-gaap,DefinedBenefitPlanExpectedFutureBenefitPaymentsFiveFiscalYearsThereafter,"Defined Benefit Plan, Expected Future Benefit Payment, after Year Five for Next Five Years",Amount of benefit for defined benefit plan expected to be paid in five fiscal years after fifth fiscal year following current fiscal year.
us-gaap:DefinedBenefitPlanExpectedFutureBenefitPaymentsNextTwelveMonths,us-gaap,DefinedBenefitPlanExpectedFutureBenefitPaymentsNextTwelveMonths,"Defined Benefit Plan, Expected Future Benefit Payment, Year One",Amount of benefit for defined benefit plan expected to be paid in next fiscal year following current fiscal year.
us-gaap:DefinedBenefitPlanExpectedFutureBenefitPaymentsYearFive,us-gaap,DefinedBenefitPlanExpectedFutureBenefitPaymentsYearFive,"Defined Benefit Plan, Expected Future Benefit Payment, Year Five",Amount of benefit for defined benefit plan expected to be paid in fifth fiscal year following current fiscal year.
us-gaap:DefinedBenefitPlanExpectedFutureBenefitPaymentsYearFour,us-gaap,DefinedBenefitPlanExpectedFutureBenefitPaymentsYearFour,"Defined Benefit Plan, Expected Future Benefit Payment, Year Four",Amount of benefit for defined benefit plan expected to be paid in fourth fiscal year following current fiscal year.
us-gaap:DefinedBenefitPlanExpectedFutureBenefitPaymentsYearThree,us-gaap,DefinedBenefitPlanExpectedFutureBenefitPaymentsYearThree,"Defined Benefit Plan, Expected Future Benefit Payment, Year Three",Amount of benefit for defined benefit plan expected to be paid in third fiscal year following current fiscal year.
us-gaap:DefinedBenefitPlanExpectedFutureBenefitPaymentsYearTwo,us-gaap,DefinedBenefitPlanExpectedFutureBenefitPaymentsYearTwo,"Defined Benefit Plan, Expected Future Benefit Payment, Year Two",Amount of benefit for defined benefit plan expected to be paid in second fiscal year following current fiscal year.
us-gaap:DefinedBenefitPlanExpectedFutureEmployerContributionsRemainderOfFiscalYear,us-gaap,DefinedBenefitPlanExpectedFutureEmployerContributionsRemainderOfFiscalYear,"Defined Benefit Plan, Expected Future Employer Contributions, Remainder of Fiscal Year",Amount of contribution expected to be received by defined benefit plan from employer in remainder of current fiscal year. Excludes contribution previously paid by employer in current fiscal year.
us-gaap:DefinedBenefitPlanFairValueOfPlanAssets,us-gaap,DefinedBenefitPlanFairValueOfPlanAssets,"Defined Benefit Plan, Plan Assets, Amount","Amount of asset segregated and restricted to provide benefit under defined benefit plan. Asset includes, but is not limited to, stock, bond, other investment, earning from investment, and contribution by employer and employee."
us-gaap:DefinedBenefitPlanFundedStatusOfPlan,us-gaap,DefinedBenefitPlanFundedStatusOfPlan,"Defined Benefit Plan, Funded (Unfunded) Status of Plan","Amount of funded (unfunded) status of defined benefit plan, measured as difference between fair value of plan assets and benefit obligation. Includes, but is not limited to, overfunded (underfunded) status."
us-gaap:DefinedBenefitPlanFutureAmortizationOfGainLoss,us-gaap,DefinedBenefitPlanFutureAmortizationOfGainLoss,"Defined Benefit Plan, Future Amortization of Gain (Loss) (Deprecated 2017-01-31)",Amount included in accumulated other comprehensive income (AOCI) related to gain (loss) expected to be recognized as components of net periodic benefit cost for the fiscal year that follows the most recent annual statement of financial position.
us-gaap:DefinedBenefitPlanFutureAmortizationOfPriorServiceCostCredit,us-gaap,DefinedBenefitPlanFutureAmortizationOfPriorServiceCostCredit,"Defined Benefit Plan, Future Amortization of Prior Service Cost (Credit) (Deprecated 2017-01-31)",Amount included in accumulated other comprehensive income (AOCI) related to prior service cost (credit) expected to be recognized as components of net periodic benefit cost for the fiscal year that follows the most recent annual statement of financial position.
us-gaap:DefinedBenefitPlanGrossPrescriptionDrugSubsidyReceiptsReceived,us-gaap,DefinedBenefitPlanGrossPrescriptionDrugSubsidyReceiptsReceived,"Defined Benefit Plan, Gross Prescription Drug Subsidy Receipts Received (Deprecated 2017-01-31)","Amount of the period's gross receipts received from the prescription drug subsidy, which is to be used in the roll forward of the accumulated postretirement benefit obligation of an applicable postretirement benefit plan."
us-gaap:DefinedBenefitPlanHealthCareCostTrendRateAssumedForNextFiscalYear,us-gaap,DefinedBenefitPlanHealthCareCostTrendRateAssumedForNextFiscalYear,"Defined Benefit Plan, Health Care Cost Trend Rate Assumed for Next Fiscal Year (Deprecated 2017-01-31)","The assumed health care cost trend rate for the next year used to measure the expected cost of benefits covered by the plan (gross eligible charges). This is based upon the annual rate of change in the cost of health care benefits currently provided by the postretirement benefit plan, due to factors other than changes in the composition of the plan population by age and dependency status."
us-gaap:DefinedBenefitPlanHealthCareCostTrendRateAssumedNextFiscalYear,us-gaap,DefinedBenefitPlanHealthCareCostTrendRateAssumedNextFiscalYear,"Defined Benefit Plan, Health Care Cost Trend Rate Assumed, Next Fiscal Year","Assumed rate, for next fiscal year, based on annual change in cost of health care cost benefits used to measure expected cost of benefits covered by defined benefit postretirement plan. Factors include, but are not limited to, estimate of health care inflation, change in health care utilization or delivery pattern, technological advances, and change in health status of participant. Excludes factors for change in composition of plan population by age and dependency status."
us-gaap:DefinedBenefitPlanNetPeriodicBenefitCost,us-gaap,DefinedBenefitPlanNetPeriodicBenefitCost,"Defined Benefit Plan, Net Periodic Benefit Cost (Credit)",Amount of net periodic benefit cost (credit) for defined benefit plan.
us-gaap:DefinedBenefitPlanPensionPlansWithAccumulatedBenefitObligationsInExcessOfPlanAssetsAggregateAccumulatedBenefitObligation,us-gaap,DefinedBenefitPlanPensionPlansWithAccumulatedBenefitObligationsInExcessOfPlanAssetsAggregateAccumulatedBenefitObligation,"Defined Benefit Plan, Plan with Accumulated Benefit Obligation in Excess of Plan Assets, Accumulated Benefit Obligation",Amount of accumulated benefit obligation for defined benefit plan with accumulated benefit obligation in excess of plan assets.
us-gaap:DefinedBenefitPlanPensionPlansWithAccumulatedBenefitObligationsInExcessOfPlanAssetsAggregateFairValueOfPlanAssets,us-gaap,DefinedBenefitPlanPensionPlansWithAccumulatedBenefitObligationsInExcessOfPlanAssetsAggregateFairValueOfPlanAssets,"Defined Benefit Plan, Plan with Accumulated Benefit Obligation in Excess of Plan Assets, Plan Assets",Amount of plan asset for defined benefit plan with accumulated benefit obligation in excess of plan assets.
us-gaap:DefinedBenefitPlanPensionPlansWithAccumulatedBenefitObligationsInExcessOfPlanAssetsAggregateProjectedBenefitObligation,us-gaap,DefinedBenefitPlanPensionPlansWithAccumulatedBenefitObligationsInExcessOfPlanAssetsAggregateProjectedBenefitObligation,"Defined Benefit Plan, Pension Plan with Accumulated Benefit Obligation in Excess of Plan Assets, Projected Benefit Obligation",Amount of projected benefit obligation for defined benefit pension plan with accumulated benefit obligation in excess of plan assets.
us-gaap:DefinedBenefitPlanPlanAmendments,us-gaap,DefinedBenefitPlanPlanAmendments,"Defined Benefit Plan, Benefit Obligation, Increase (Decrease) for Plan Amendment",Amount of increase (decrease) in benefit obligation of defined benefit plan from change in terms of existing plan or initiation of new plan.
us-gaap:DefinedBenefitPlanPlanAssetsLevel3ReconciliationDecreaseForSale,us-gaap,DefinedBenefitPlanPlanAssetsLevel3ReconciliationDecreaseForSale,"Defined Benefit Plan, Plan Assets Level 3 Reconciliation, Decrease for Sale","Amount, measured using unobservable input, of decrease in plan asset of defined benefit plan from sale."
us-gaap:DefinedBenefitPlanPlanAssetsLevel3ReconciliationDecreaseForSettlement,us-gaap,DefinedBenefitPlanPlanAssetsLevel3ReconciliationDecreaseForSettlement,"Defined Benefit Plan, Plan Assets Level 3 Reconciliation, Decrease for Settlement","Amount, measured using unobservable input, of decrease in plan asset of defined benefit plan from settlement of trade associated with underlying investment."
us-gaap:DefinedBenefitPlanPlanAssetsTargetAllocationPercentage,us-gaap,DefinedBenefitPlanPlanAssetsTargetAllocationPercentage,"Defined Benefit Plan, Plan Assets, Target Allocation, Percentage","Percentage of target investment allocation to total plan assets. Includes, but is not limited to, percentage on weighted-average basis if more than one plan."
us-gaap:DefinedBenefitPlanRecognizedNetGainLossDueToSettlements1,us-gaap,DefinedBenefitPlanRecognizedNetGainLossDueToSettlements1,"Defined Benefit Plan, Net Periodic Benefit Cost (Credit), Gain (Loss) Due to Settlement",Amount of gain (loss) recognized in net periodic benefit (cost) credit from irrevocable action relieving primary responsibility for benefit obligation and eliminating risk related to obligation and assets used to effect settlement.
us-gaap:DefinedBenefitPlanSettlementsBenefitObligation,us-gaap,DefinedBenefitPlanSettlementsBenefitObligation,"Defined Benefit Plan, Benefit Obligation, (Increase) Decrease for Settlement","Amount of (increase) decrease to benefit obligation of defined benefit plan from irrevocable action relieving primary responsibility for benefit obligation and eliminating risk for obligation and assets used to effect settlement. Includes, but is not limited to, lump-sum cash payment to participant in exchange for right to receive specified benefits, purchase of nonparticipating annuity contract and change from remeasurement."
us-gaap:DefinedBenefitPlanSpecialTerminationBenefits,us-gaap,DefinedBenefitPlanSpecialTerminationBenefits,"Defined Benefit Plan, Benefit Obligation, Special and Contractual Termination Benefits",Amount of increase in benefit obligation for benefits provided to employees payable from defined benefit plan or payable upon retirement.
us-gaap:DefinedBenefitPlanTargetAllocationPercentageOfAssetsDebtSecurities,us-gaap,DefinedBenefitPlanTargetAllocationPercentageOfAssetsDebtSecurities,"Defined Benefit Plan, Target Allocation Percentage of Assets, Debt Securities (Deprecated 2012-01-31)",Target allocation percentage of investments in debt securities to total plan assets presented on a weighted-average basis as of the measurement date of the latest statement of financial position.
us-gaap:DefinedBenefitPlanTargetAllocationPercentageOfAssetsEquitySecurities,us-gaap,DefinedBenefitPlanTargetAllocationPercentageOfAssetsEquitySecurities,"Defined Benefit Plan, Target Allocation Percentage of Assets, Equity Securities (Deprecated 2012-01-31)",Target allocation percentage of investments in equity securities to total plan assets presented on a weighted-average basis as of the measurement date of the latest statement of financial position.
us-gaap:DefinedBenefitPlanTargetPlanAssetAllocations,us-gaap,DefinedBenefitPlanTargetPlanAssetAllocations,"Defined Benefit Plan, Target Plan Asset Allocations (Deprecated 2017-01-31)",Target allocation of investments of this type to total plan assets presented on a weighted average basis.
us-gaap:DefinedBenefitPlanTransfersBetweenMeasurementLevels,us-gaap,DefinedBenefitPlanTransfersBetweenMeasurementLevels,"Defined Benefit Plan, Plan Assets Level 3 Reconciliation, Increase (Decrease) for Assets Transferred into (out of) Level 3","Amount, measured using unobservable inputs, of increase (decrease) in plan assets of defined benefit plan, for assets transferred into (out of) Level 3 of fair value hierarchy. Includes, but is not limited to, transfer due to change in observability of significant inputs."
us-gaap:DefinedBenefitPlanUltimateHealthCareCostTrendRate,us-gaap,DefinedBenefitPlanUltimateHealthCareCostTrendRate,"Defined Benefit Plan, Ultimate Health Care Cost Trend Rate (Deprecated 2017-01-31)",The ultimate trend rate for health care costs.
us-gaap:DefinedBenefitPlanUltimateHealthCareCostTrendRate1,us-gaap,DefinedBenefitPlanUltimateHealthCareCostTrendRate1,"Defined Benefit Plan, Ultimate Health Care Cost Trend Rate",Ultimate trend rate for health care cost for defined benefit postretirement plan.
us-gaap:DefinedBenefitPlanWeightedAverageAssetAllocations,us-gaap,DefinedBenefitPlanWeightedAverageAssetAllocations,"Defined Benefit Plan, Plan Assets, Actual Allocation, Percentage","Percentage of actual investment allocation to total plan assets. Includes, but is not limited to, percentage on weighted-average basis if more than one plan."
us-gaap:DefinedContributionPlanCostRecognized,us-gaap,DefinedContributionPlanCostRecognized,"Defined Contribution Plan, Cost",Amount of cost for defined contribution plan.
us-gaap:DefinedContributionPlanEmployerDiscretionaryContributionAmount,us-gaap,DefinedContributionPlanEmployerDiscretionaryContributionAmount,"Defined Contribution Plan, Employer Discretionary Contribution Amount",Amount of discretionary contributions made by an employer to a defined contribution plan.
us-gaap:DefinedContributionPlanEmployerMatchingContributionPercent,us-gaap,DefinedContributionPlanEmployerMatchingContributionPercent,"Defined Contribution Plan, Employer Matching Contribution, Percent of Employees' Gross Pay",Percentage of employees' gross pay for which the employer contributes a matching contribution to a defined contribution plan.
us-gaap:DefinedContributionPlanEmployerMatchingContributionPercentOfMatch,us-gaap,DefinedContributionPlanEmployerMatchingContributionPercentOfMatch,"Defined Contribution Plan, Employer Matching Contribution, Percent of Match",Percentage employer matches of the employee's percentage contribution matched.
us-gaap:DefinedContributionPlanEmployersMatchingContributionAnnualVestingPercentage,us-gaap,DefinedContributionPlanEmployersMatchingContributionAnnualVestingPercentage,"Defined Contribution Plan, Employers Matching Contribution, Annual Vesting Percentage",Percentage of employer's matching contributions to a defined contribution plan that vests in a given year.
us-gaap:DefinedContributionPlanMaximumAnnualContributionPerEmployeeAmount,us-gaap,DefinedContributionPlanMaximumAnnualContributionPerEmployeeAmount,"Defined Contribution Plan, Maximum Annual Contribution Per Employee, Amount (Deprecated 2013-01-31)","Maximum amount per employee, by the terms of the plan, that the employer may contribute to a defined contribution plan."
us-gaap:DefinedContributionPlanMaximumAnnualContributionPerEmployeePercent,us-gaap,DefinedContributionPlanMaximumAnnualContributionPerEmployeePercent,"Defined Contribution Plan, Maximum Annual Contribution Per Employee, Percent (Deprecated 2013-01-31)","Maximum percentage of employee gross pay, by the terms of the plan, that the employer may contribute to a defined contribution plan."
us-gaap:DefinedContributionPlanMaximumAnnualContributionsPerEmployeeAmount,us-gaap,DefinedContributionPlanMaximumAnnualContributionsPerEmployeeAmount,"Defined Contribution Plan, Maximum Annual Contributions Per Employee, Amount",Maximum amount the employee may contribute to a defined contribution plan.
us-gaap:DefinedContributionPlanMaximumAnnualContributionsPerEmployeePercent,us-gaap,DefinedContributionPlanMaximumAnnualContributionsPerEmployeePercent,"Defined Contribution Plan, Maximum Annual Contributions Per Employee, Percent",Maximum percentage of employee gross pay the employee may contribute to a defined contribution plan.
us-gaap:DepositLiabilitiesAccruedInterest,us-gaap,DepositLiabilitiesAccruedInterest,"Deposit Liabilities, Accrued Interest",Amount of accrued but unpaid interest on deposit liabilities.
us-gaap:Deposits,us-gaap,Deposits,Deposits,"The aggregate of all deposit liabilities held by the entity, including foreign and domestic, interest and noninterest bearing; may include demand deposits, saving deposits, Negotiable Order of Withdrawal (NOW) and time deposits among others."
us-gaap:DepositsAssets,us-gaap,DepositsAssets,Deposits Assets,Carrying value of amounts transferred to third parties for security purposes that are expected to be returned or applied towards payment in the future.
us-gaap:DepositsAssetsNoncurrent,us-gaap,DepositsAssetsNoncurrent,"Deposits Assets, Noncurrent","Carrying value of amounts transferred to third parties for security purposes that are expected to be returned or applied towards payment after one year or beyond the operating cycle, if longer."
us-gaap:DepositsDomestic,us-gaap,DepositsDomestic,"Deposits, Domestic",The aggregate of all domestic interest-bearing and noninterest-bearing deposit liabilities.
us-gaap:DepositsForeign,us-gaap,DepositsForeign,"Deposits, Foreign",The aggregate of all foreign interest-bearing and noninterest-bearing deposit liabilities.
us-gaap:DepositsReceivedForSecuritiesLoanedAtCarryingValue,us-gaap,DepositsReceivedForSecuritiesLoanedAtCarryingValue,"Deposits Received for Securities Loaned, at Carrying Value",The amount of cash received as security in return for loaning securities to another party.
us-gaap:Depreciation,us-gaap,Depreciation,Depreciation,The amount of expense recognized in the current period that reflects the allocation of the cost of tangible assets over the assets' useful lives. Includes production and non-production related depreciation.
us-gaap:DepreciationAmortizationAndAccretionNet,us-gaap,DepreciationAmortizationAndAccretionNet,"Depreciation, Amortization and Accretion, Net","The aggregate net amount of depreciation, amortization, and accretion recognized during an accounting period. As a noncash item, the net amount is added back to net income when calculating cash provided by or used in operations using the indirect method."
us-gaap:DepreciationAndAmortization,us-gaap,DepreciationAndAmortization,"Depreciation, Depletion and Amortization, Nonproduction","The current period expense charged against earnings on long-lived, physical assets not used in production, and which are not intended for resale, to allocate or recognize the cost of such assets over their useful lives; or to record the reduction in book value of an intangible asset over the benefit period of such asset; or to reflect consumption during the period of an asset that is not used in production."
us-gaap:DepreciationDepletionAndAmortization,us-gaap,DepreciationDepletionAndAmortization,"Depreciation, Depletion and Amortization","The aggregate expense recognized in the current period that allocates the cost of tangible assets, intangible assets, or depleting assets to periods that benefit from use of the assets."
us-gaap:DerivativeAmountOfHedgedItem,us-gaap,DerivativeAmountOfHedgedItem,"Derivative, Amount of Hedged Item",Amount of hedged item in hedging relationship. Excludes hedged asset or liability.
us-gaap:DerivativeAssetAfterOffsetSubjectToMasterNettingArrangement,us-gaap,DerivativeAssetAfterOffsetSubjectToMasterNettingArrangement,,
us-gaap:DerivativeAssetCollateralObligationToReturnCashOffset,us-gaap,DerivativeAssetCollateralObligationToReturnCashOffset,"Derivative Asset, Collateral, Obligation to Return Cash, Offset",Amount of obligation to return cash collateral under master netting arrangements offset against derivative assets.
us-gaap:DerivativeAssetDesignatedAsHedgingInstrumentFairValue,us-gaap,DerivativeAssetDesignatedAsHedgingInstrumentFairValue,"Derivative Asset Designated as Hedging Instrument, Fair Value (Deprecated 2011-01-31)","Fair value of a derivative asset (or nonderivative instrument) that is designated and qualifies as a hedging instrument, presented on a gross basis even when the derivative instrument is subject to master netting arrangements and qualifies for net presentation in the statement of financial position."
us-gaap:DerivativeAssetFairValueAfterOffsetAndDeductionSubjectToMasterNettingArrangement,us-gaap,DerivativeAssetFairValueAfterOffsetAndDeductionSubjectToMasterNettingArrangement,,
us-gaap:DerivativeAssetFairValueGrossAssetIncludingNotSubjectToMasterNettingArrangement,us-gaap,DerivativeAssetFairValueGrossAssetIncludingNotSubjectToMasterNettingArrangement,"Derivative Asset, Fair Value, Gross Asset Including Not Subject to Master Netting Arrangement","Fair value, before effects of master netting arrangements, of a financial asset or other contract with one or more underlyings, notional amount or payment provision or both, and the contract can be net settled by means outside the contract or delivery of an asset. Includes assets not subject to a master netting arrangement and elected not to be offset."
us-gaap:DerivativeAssetFairValueGrossLiability,us-gaap,DerivativeAssetFairValueGrossLiability,"Derivative Asset, Fair Value, Gross Liability","Fair value of liability associated with financial asset or other contract with one or more underlyings, notional amount or payment provision or both, and the contract can be net settled by means outside the contract or delivery of an asset."
us-gaap:DerivativeAssetFairValueGrossLiabilityAndObligationToReturnCashOffset,us-gaap,DerivativeAssetFairValueGrossLiabilityAndObligationToReturnCashOffset,"Derivative Asset, Fair Value, Gross Liability and Obligation to Return Cash, Offset","Fair value of liability associated with financial asset or other contract with one or more underlyings, notional amount or payment provision or both, and the contract can be net settled by means outside the contract or delivery of an asset, and obligation to return cash collateral under master netting arrangements."
us-gaap:DerivativeAssetFairValueNet,us-gaap,DerivativeAssetFairValueNet,"Derivative Asset, Fair Value, Net (Deprecated 2013-01-31)",Fair value of the gross assets less the gross liabilities of a derivative asset or group of derivative assets.
us-gaap:DerivativeAssetFairValueOffsetAgainstCollateralNetOfNotSubjectToMasterNettingArrangementPolicyElection,us-gaap,DerivativeAssetFairValueOffsetAgainstCollateralNetOfNotSubjectToMasterNettingArrangementPolicyElection,"Derivative Asset, Fair Value, Offset Against Collateral, Net of Not Subject to Master Netting Arrangement, Policy Election","Fair value, after effects of master netting arrangements, deduction of assets not subject to a master netting arrangement and elected not to be offset, of financial asset or other contract with one or more underlyings, notional amount or payment provision or both, and the contract can be net settled by means outside the contract or delivery of an asset, offset against an obligation to return collateral."
us-gaap:DerivativeAssetNotDesignatedAsHedgingInstrumentFairValue,us-gaap,DerivativeAssetNotDesignatedAsHedgingInstrumentFairValue,"Derivative Asset Not Designated as Hedging Instrument, Fair Value (Deprecated 2011-01-31)","Fair value of a derivative asset that is not designated or qualifying as a hedging instrument, presented on a gross basis even when the derivative instrument is subject to master netting arrangements and qualifies for net presentation in the statement of financial position."
us-gaap:DerivativeAssetNotOffsetPolicyElectionDeduction,us-gaap,DerivativeAssetNotOffsetPolicyElectionDeduction,"Derivative Asset, Not Offset, Policy Election Deduction","Fair value of financial asset or other contract with one or more underlyings, notional amount or payment provision or both, and the contract can be net settled by means outside the contract or delivery of an asset, elected not to be offset, deducted from derivative assets."
us-gaap:DerivativeAssetNotSubjectToMasterNettingArrangement,us-gaap,DerivativeAssetNotSubjectToMasterNettingArrangement,"Derivative Asset, Not Subject to Master Netting Arrangement","Fair value of financial asset or other contract with one or more underlyings, notional amount or payment provision or both, and the contract can be net settled by means outside the contract or delivery of an asset, not subject to a master netting arrangement."
us-gaap:DerivativeAssetSecuritiesPurchasedUnderAgreementsToResellSecuritiesBorrowed,us-gaap,DerivativeAssetSecuritiesPurchasedUnderAgreementsToResellSecuritiesBorrowed,"Derivative Asset, Securities Purchased under Agreements to Resell, Securities Borrowed","Amount, after the effects of master netting arrangements, of derivative assets, securities purchased under agreements to resell and securities borrowed. Includes assets not subject to a master netting arrangement and not elected to be offset."
us-gaap:DerivativeAssetSecuritiesPurchasedUnderAgreementsToResellSecuritiesBorrowedAmountOffsetAgainstCollateral,us-gaap,DerivativeAssetSecuritiesPurchasedUnderAgreementsToResellSecuritiesBorrowedAmountOffsetAgainstCollateral,"Derivative Asset, Securities Purchased under Agreements to Resell, Securities Borrowed, Amount Offset Against Collateral","Amount, after effects of master netting arrangements, of derivative assets, securities purchased under agreements to resell and securities borrowed offset against an obligation to return collateral under a master netting arrangement. Includes assets not subject to a master netting arrangement and not elected to be offset."
us-gaap:DerivativeAssetSecuritiesPurchasedUnderAgreementsToResellSecuritiesBorrowedCollateralObligationToReturnCash,us-gaap,DerivativeAssetSecuritiesPurchasedUnderAgreementsToResellSecuritiesBorrowedCollateralObligationToReturnCash,"Derivative Asset, Securities Purchased under Agreements to Resell, Securities Borrowed, Collateral, Obligation to Return Cash","Amount of obligation to return cash collateral under master netting arrangements that have not been offset against derivative assets, securities purchased under agreements to resell and securities borrowed."
us-gaap:DerivativeAssetSecuritiesPurchasedUnderAgreementsToResellSecuritiesBorrowedCollateralObligationToReturnSecurities,us-gaap,DerivativeAssetSecuritiesPurchasedUnderAgreementsToResellSecuritiesBorrowedCollateralObligationToReturnSecurities,"Derivative Asset, Securities Purchased under Agreements to Resell, Securities Borrowed, Collateral, Obligation to Return Securities","Amount of obligation to return securities collateral under master netting arrangements that have not been offset against derivative assets, securities purchased under agreements to resell and securities borrowed."
us-gaap:DerivativeAssetSecuritiesPurchasedUnderAgreementsToResellSecuritiesBorrowedGross,us-gaap,DerivativeAssetSecuritiesPurchasedUnderAgreementsToResellSecuritiesBorrowedGross,"Derivative Asset, Securities Purchased under Agreements to Resell, Securities Borrowed, Gross","Amount, before effects of master netting arrangements, of derivative assets, securities purchased under agreements to resell and securities borrowed. Includes assets elected not to be offset. Excludes assets not subject to a master netting arrangement."
us-gaap:DerivativeAssetSecuritiesPurchasedUnderAgreementsToResellSecuritiesBorrowedLiability,us-gaap,DerivativeAssetSecuritiesPurchasedUnderAgreementsToResellSecuritiesBorrowedLiability,"Derivative Asset, Securities Purchased under Agreements to Resell, Securities Borrowed, Liability","Amount of liability associated with derivative assets, securities purchased under agreements to resell and securities borrowed."
us-gaap:DerivativeAssetSecuritiesPurchasedUnderAgreementsToResellSecuritiesBorrowedNotOffsetPolicyElectionDeduction,us-gaap,DerivativeAssetSecuritiesPurchasedUnderAgreementsToResellSecuritiesBorrowedNotOffsetPolicyElectionDeduction,"Derivative Asset, Securities Purchased under Agreements to Resell, Securities Borrowed, Not Offset, Policy Election Deduction","Amount of derivative assets, securities purchased under agreements to resell and securities borrowed, elected not to be offset, deducted from derivative assets, securities purchased under agreements to resell and securities borrowed."
us-gaap:DerivativeAssetSecuritiesPurchasedUnderAgreementsToResellSecuritiesBorrowedOffsetAgainstCollateralNetOfNotSubjectToMasterNettingArrangementPolicyElection,us-gaap,DerivativeAssetSecuritiesPurchasedUnderAgreementsToResellSecuritiesBorrowedOffsetAgainstCollateralNetOfNotSubjectToMasterNettingArrangementPolicyElection,"Derivative Asset, Securities Purchased under Agreements to Resell, Securities Borrowed, Offset Against Collateral, Net of Not Subject to Master Netting Arrangement, Policy Election","Amount, after effects of master netting arrangements, deduction of assets not subject to a master netting arrangement and elected not to be offset, of derivative assets, securities purchased under agreements to resell and securities borrowed, offset against an obligation to return collateral under a master netting arrangement."
us-gaap:DerivativeAssets,us-gaap,DerivativeAssets,Derivative Asset,"Fair value, after the effects of master netting arrangements, of a financial asset or other contract with one or more underlyings, notional amount or payment provision or both, and the contract can be net settled by means outside the contract or delivery of an asset. Includes assets not subject to a master netting arrangement and not elected to be offset."
us-gaap:DerivativeAssetsCurrent,us-gaap,DerivativeAssetsCurrent,"Derivative Asset, Current","Fair value, after the effects of master netting arrangements, of a financial asset or other contract with one or more underlyings, notional amount or payment provision or both, and the contract can be net settled by means outside the contract or delivery of an asset, expected to be settled within one year or normal operating cycle, if longer. Includes assets not subject to a master netting arrangement and not elected to be offset."
us-gaap:DerivativeCollateralObligationToReturnCash,us-gaap,DerivativeCollateralObligationToReturnCash,"Derivative, Collateral, Obligation to Return Cash",Amount of obligation to return cash collateral under master netting arrangements that have not been offset against derivative assets.
us-gaap:DerivativeCollateralObligationToReturnSecurities,us-gaap,DerivativeCollateralObligationToReturnSecurities,"Derivative, Collateral, Obligation to Return Securities",Amount of obligation to return securities collateral under master netting arrangements that have not been offset against derivative assets.
us-gaap:DerivativeCollateralRightToReclaimCash,us-gaap,DerivativeCollateralRightToReclaimCash,"Derivative, Collateral, Right to Reclaim Cash",Amount of right to receive cash collateral under master netting arrangements that have not been offset against derivative liabilities.
us-gaap:DerivativeCollateralRightToReclaimSecurities,us-gaap,DerivativeCollateralRightToReclaimSecurities,"Derivative, Collateral, Right to Reclaim Securities",Amount of right to receive securities collateral under master netting arrangements that have not been offset against derivative liabilities.
us-gaap:DerivativeCostOfHedge,us-gaap,DerivativeCostOfHedge,"Derivative, Cost of Hedge","The premium (cost) of a hedge, expensed during the period."
us-gaap:DerivativeCreditRiskValuationAdjustmentDerivativeAssets,us-gaap,DerivativeCreditRiskValuationAdjustmentDerivativeAssets,"Derivative Credit Risk Valuation Adjustment, Derivative Assets",Amount of credit risk valuation adjustment to derivative assets to properly reflect the credit quality of the counterparties.
us-gaap:DerivativeCreditRiskValuationAdjustmentDerivativeLiabilities,us-gaap,DerivativeCreditRiskValuationAdjustmentDerivativeLiabilities,"Derivative Credit Risk Valuation Adjustment, Derivative Liabilities",Amount of credit risk valuation adjustment to derivative liabilities to properly reflect the credit quality of the entity.
us-gaap:DerivativeExcludedComponentGainLossRecognizedInEarnings,us-gaap,DerivativeExcludedComponentGainLossRecognizedInEarnings,"Derivative, Excluded Component, Gain (Loss), Recognized in Earnings","Amount of gain (loss) from excluded component of derivative hedge, recognized in earnings. Excludes recognition under systematic and rational method."
us-gaap:DerivativeFairValueOfDerivativeAsset,us-gaap,DerivativeFairValueOfDerivativeAsset,"Derivative Asset, Fair Value, Gross Asset","Fair value, before effects of master netting arrangements, of a financial asset or other contract with one or more underlyings, notional amount or payment provision or both, and the contract can be net settled by means outside the contract or delivery of an asset. Includes assets elected not to be offset. Excludes assets not subject to a master netting arrangement."
us-gaap:DerivativeFairValueOfDerivativeAssetAmountNotOffsetAgainstCollateral,us-gaap,DerivativeFairValueOfDerivativeAssetAmountNotOffsetAgainstCollateral,"Derivative Asset, Fair Value, Amount Not Offset Against Collateral","Fair value, after offset of derivative liability, of financial asset or other contract with one or more underlyings, notional amount or payment provision or both, and the contract can be net settled by means outside the contract or delivery of an asset, before offset against an obligation to return collateral under a master netting arrangement. Includes assets elected not to be offset. Excludes assets not subject to a master netting arrangement."
us-gaap:DerivativeFairValueOfDerivativeAssetAmountOffsetAgainstCollateral,us-gaap,DerivativeFairValueOfDerivativeAssetAmountOffsetAgainstCollateral,"Derivative Asset, Fair Value, Amount Offset Against Collateral","Fair value, after effects of master netting arrangements, of financial asset or other contract with one or more underlyings, notional amount or payment provision or both, and the contract can be net settled by means outside the contract or delivery of an asset offset against an obligation to return collateral. Includes assets not subject to a master netting arrangement and not elected to be offset."
us-gaap:DerivativeFairValueOfDerivativeLiability,us-gaap,DerivativeFairValueOfDerivativeLiability,"Derivative Liability, Fair Value, Gross Liability","Fair value, before effects of master netting arrangements, of a financial liability or contract with one or more underlyings, notional amount or payment provision or both, and the contract can be net settled by means outside the contract or delivery of an asset. Includes liabilities elected not to be offset. Excludes liabilities not subject to a master netting arrangement."
us-gaap:DerivativeFairValueOfDerivativeLiabilityAmountNotOffsetAgainstCollateral,us-gaap,DerivativeFairValueOfDerivativeLiabilityAmountNotOffsetAgainstCollateral,"Derivative Liability, Fair Value, Amount Not Offset Against Collateral","Fair value, after offset of derivative asset, of financial liability or contract with one or more underlyings, notional amount or payment provision or both, and the contract can be net settled by means outside the contract or delivery of an asset, elected not to be and before offset against a right to receive collateral under a master netting arrangement. Includes liabilities elected not to be offset. Excludes liabilities not subject to a master netting arrangement."
us-gaap:DerivativeFairValueOfDerivativeLiabilityAmountOffsetAgainstCollateral,us-gaap,DerivativeFairValueOfDerivativeLiabilityAmountOffsetAgainstCollateral,"Derivative Liability, Fair Value, Amount Offset Against Collateral","Fair value, after effects of master netting arrangements, of financial liability or contract with one or more underlyings, notional amount or payment provision or both, and the contract can be net settled by means outside the contract or delivery of an asset offset against the right to receive collateral. Includes liabilities not subject to a master netting arrangement and not elected to be offset."
us-gaap:DerivativeFairValueOfDerivativeNet,us-gaap,DerivativeFairValueOfDerivativeNet,"Derivative, Fair Value, Net",Fair value of the assets less the liabilities of a derivative or group of derivatives.
us-gaap:DerivativeInstrumentsGainLossReclassifiedFromAccumulatedOCIIntoIncomeEffectivePortionNet,us-gaap,DerivativeInstrumentsGainLossReclassifiedFromAccumulatedOCIIntoIncomeEffectivePortionNet,"Derivative Instruments, Gain (Loss) Reclassified from Accumulated OCI into Income, Effective Portion, Net",The effective portion of net gain (loss) reclassified from accumulated other comprehensive income into income on derivative instruments designated and qualifying as hedging instruments.
us-gaap:DerivativeInstrumentsGainLossRecognizedInIncomeIneffectivePortionAndAmountExcludedFromEffectivenessTestingNet,us-gaap,DerivativeInstrumentsGainLossRecognizedInIncomeIneffectivePortionAndAmountExcludedFromEffectivenessTestingNet,"Derivative Instruments, Gain (Loss) Recognized in Income, Ineffective Portion and Amount Excluded from Effectiveness Testing, Net","The portion of gains and losses (net) on derivative instruments designated and qualifying as hedging instruments representing (a) the amount of the hedge ineffectiveness and (b) the amount, if any, excluded from the assessment of hedge effectiveness."
us-gaap:DerivativeInstrumentsGainLossRecognizedInIncomeNet,us-gaap,DerivativeInstrumentsGainLossRecognizedInIncomeNet,"Derivative Instruments, Gain (Loss) Recognized in Income, Net (Deprecated 2013-01-31)","The amount of net gains and losses recognized in income during the period on derivative instruments designated and qualifying as hedging instruments in fair value hedges and related hedged items designated and qualifying in fair value hedges, on derivative instruments designated and qualifying as hedging instruments in cash flow hedges, and on derivative instruments not designated as hedging instruments."
us-gaap:DerivativeInstrumentsGainLossRecognizedInOtherComprehensiveIncomeEffectivePortionNet,us-gaap,DerivativeInstrumentsGainLossRecognizedInOtherComprehensiveIncomeEffectivePortionNet,"Derivative Instruments, Gain (Loss) Recognized in Other Comprehensive Income (Loss), Effective Portion, Net (Deprecated 2018-01-31)",The effective portion of gains and losses (net) on derivative instruments designated and qualifying as hedging instruments that was recognized in other comprehensive income during the current period.
us-gaap:DerivativeInstrumentsInHedgesAssetsAtFairValue,us-gaap,DerivativeInstrumentsInHedgesAssetsAtFairValue,"Derivative Instruments in Hedges, Assets, at Fair Value","Aggregate fair value of all derivative assets designated as hedging instruments. Includes instruments designated as cash flow hedges, fair value hedges, and hedges of net investments in foreign operations."
us-gaap:DerivativeInstrumentsInHedgesLiabilitiesAtFairValue,us-gaap,DerivativeInstrumentsInHedgesLiabilitiesAtFairValue,"Derivative Instruments in Hedges, Liabilities, at Fair Value","Aggregate fair value of all derivative liabilities designated as hedging instruments. Includes instruments designated as cash flow hedges, fair value hedges, and hedges of net investments in foreign operations."
us-gaap:DerivativeInstrumentsNotDesignatedAsHedgingInstrumentsGainLossNet,us-gaap,DerivativeInstrumentsNotDesignatedAsHedgingInstrumentsGainLossNet,"Derivative Instruments Not Designated as Hedging Instruments, Gain (Loss), Net",Amount of realized and unrealized gain (loss) of derivative instruments not designated or qualifying as hedging instruments.
us-gaap:DerivativeLiabilities,us-gaap,DerivativeLiabilities,Derivative Liability,"Fair value, after the effects of master netting arrangements, of a financial liability or contract with one or more underlyings, notional amount or payment provision or both, and the contract can be net settled by means outside the contract or delivery of an asset. Includes liabilities not subject to a master netting arrangement and not elected to be offset."
us-gaap:DerivativeLiabilitiesCurrent,us-gaap,DerivativeLiabilitiesCurrent,"Derivative Liability, Current","Fair value, after the effects of master netting arrangements, of a financial liability or contract with one or more underlyings, notional amount or payment provision or both, and the contract can be net settled by means outside the contract or delivery of an asset, expected to be settled within one year or normal operating cycle, if longer. Includes assets not subject to a master netting arrangement and not elected to be offset."
us-gaap:DerivativeLiabilitiesNoncurrent,us-gaap,DerivativeLiabilitiesNoncurrent,"Derivative Liability, Noncurrent","Fair value, after the effects of master netting arrangements, of a financial liability or contract with one or more underlyings, notional amount or payment provision or both, and the contract can be net settled by means outside the contract or delivery of an asset, expected to be settled after one year or the normal operating cycle, if longer. Includes assets not subject to a master netting arrangement and not elected to be offset."
us-gaap:DerivativeLiabilityAfterOffsetSubjectToMasterNettingArrangement,us-gaap,DerivativeLiabilityAfterOffsetSubjectToMasterNettingArrangement,,
us-gaap:DerivativeLiabilityCollateralRightToReclaimCashOffset,us-gaap,DerivativeLiabilityCollateralRightToReclaimCashOffset,"Derivative Liability, Collateral, Right to Reclaim Cash, Offset",Amount of right to receive cash collateral under master netting arrangements offset against derivative liabilities.
us-gaap:DerivativeLiabilityDesignatedAsHedgingInstrumentFairValue,us-gaap,DerivativeLiabilityDesignatedAsHedgingInstrumentFairValue,"Derivative Liability Designated as Hedging Instrument, Fair Value (Deprecated 2011-01-31)","Fair value of a derivative liability (or nonderivative instrument) that is designated and qualifies as a hedging instrument, presented on a gross basis even when the derivative instrument is subject to master netting arrangements and qualifies for net presentation in the statement of financial position."
us-gaap:DerivativeLiabilityFairValueAfterOffsetAndDeductionSubjectToMasterNettingArrangement,us-gaap,DerivativeLiabilityFairValueAfterOffsetAndDeductionSubjectToMasterNettingArrangement,,
us-gaap:DerivativeLiabilityFairValueGrossAsset,us-gaap,DerivativeLiabilityFairValueGrossAsset,"Derivative Liability, Fair Value, Gross Asset","Fair value of asset associated with financial liability or contract with one or more underlyings, notional amount or payment provision or both, and the contract can be net settled by means outside the contract or delivery of an asset."
us-gaap:DerivativeLiabilityFairValueGrossAssetAndRightToReclaimCashOffset,us-gaap,DerivativeLiabilityFairValueGrossAssetAndRightToReclaimCashOffset,"Derivative Liability, Fair Value, Gross Asset and Right to Reclaim Cash, Offset","Fair value of asset associated with financial liability or contract with one or more underlyings, notional amount or payment provision or both, and the contract can be net settled by means outside the contract or delivery of an asset, and right to receive cash collateral under master netting arrangements."
us-gaap:DerivativeLiabilityFairValueGrossLiabilityIncludingNotSubjectToMasterNettingArrangement,us-gaap,DerivativeLiabilityFairValueGrossLiabilityIncludingNotSubjectToMasterNettingArrangement,"Derivative Liability, Fair Value, Gross Liability Including Not Subject to Master Netting Arrangement","Fair value, before effects of master netting arrangements, of a financial liability or contract with one or more underlyings, notional amount or payment provision or both, and the contract can be net settled by means outside the contract or delivery of an asset. Includes liabilities not subject to a master netting arrangement and elected not to be offset."
us-gaap:DerivativeLiabilityFairValueNet,us-gaap,DerivativeLiabilityFairValueNet,"Derivative Liability, Fair Value, Net (Deprecated 2012-01-31)",Fair value as of the balance sheet date of the gross assets less the gross liabilities of a derivative liability or group of derivative liabilities.
us-gaap:DerivativeLiabilityFairValueNet1,us-gaap,DerivativeLiabilityFairValueNet1,"Derivative Liability, Fair Value, Net (Deprecated 2013-01-31)",Fair value of the gross liabilities less the gross assets of a derivative liability or group of derivative liabilities.
us-gaap:DerivativeLiabilityFairValueOffsetAgainstCollateralNetOfNotSubjectToMasterNettingArrangementPolicyElection,us-gaap,DerivativeLiabilityFairValueOffsetAgainstCollateralNetOfNotSubjectToMasterNettingArrangementPolicyElection,"Derivative Liability, Fair Value, Offset Against Collateral, Net of Not Subject to Master Netting Arrangement, Policy Election","Fair value, after effects of master netting arrangements, deduction of liabilities not subject to a master netting arrangement and elected not to be offset, of financial liability or contract with one or more underlyings, notional amount or payment provision or both, and the contract can be net settled by means outside the contract or delivery of an asset, offset against the right to receive collateral."
us-gaap:DerivativeLiabilityNotDesignatedAsHedgingInstrumentFairValue,us-gaap,DerivativeLiabilityNotDesignatedAsHedgingInstrumentFairValue,"Derivative Liability Not Designated as Hedging Instrument, Fair Value (Deprecated 2011-01-31)","Fair value of a derivative liability that is not designated or qualifying as a hedging instrument, presented on a gross basis even when the derivative instrument is subject to master netting arrangements and qualifies for net presentation in the statement of financial position."
us-gaap:DerivativeLiabilityNotOffsetPolicyElectionDeduction,us-gaap,DerivativeLiabilityNotOffsetPolicyElectionDeduction,"Derivative Liability, Not Offset, Policy Election Deduction","Fair value of financial liability or contract with one or more underlyings, notional amount or payment provision or both, and the contract can be net settled by means outside the contract or delivery of an asset, elected not to be offset, deducted from derivative liabilities."
us-gaap:DerivativeLiabilityNotSubjectToMasterNettingArrangement,us-gaap,DerivativeLiabilityNotSubjectToMasterNettingArrangement,"Derivative Liability, Not Subject to Master Netting Arrangement","Fair value of financial liability or contract with one or more underlyings, notional amount or payment provision or both, and the contract can be net settled by means outside the contract or delivery of an asset, not subject to a master netting arrangement."
us-gaap:DerivativeLiabilitySecuritiesSoldUnderAgreementsToResellSecuritiesLoaned,us-gaap,DerivativeLiabilitySecuritiesSoldUnderAgreementsToResellSecuritiesLoaned,"Derivative Liability, Securities Sold under Agreements to Repurchase, Securities Loaned","Amount, after the effects of master netting arrangements, of derivative liabilities, securities sold under agreements to repurchase and securities loaned. Includes liabilities not subject to a master netting arrangement and not elected to be offset."
us-gaap:DerivativeLiabilitySecuritiesSoldUnderAgreementsToResellSecuritiesLoanedAmountOffsetAgainstCollateral,us-gaap,DerivativeLiabilitySecuritiesSoldUnderAgreementsToResellSecuritiesLoanedAmountOffsetAgainstCollateral,"Derivative Liability, Securities Sold under Agreements to Repurchase, Securities Loaned, Amount Offset Against Collateral","Amount, after effects of master netting arrangements, of derivative liabilities, securities sold under agreements to repurchase and securities loaned offset against a right to receive collateral. Includes liabilities not subject to a master netting arrangement and not elected to be offset."
us-gaap:DerivativeLiabilitySecuritiesSoldUnderAgreementsToResellSecuritiesLoanedAsset,us-gaap,DerivativeLiabilitySecuritiesSoldUnderAgreementsToResellSecuritiesLoanedAsset,"Derivative Liability, Securities Sold under Agreements to Repurchase, Securities Loaned, Asset","Amount of asset associated with derivative liabilities, securities sold under agreements to repurchase and securities loaned."
us-gaap:DerivativeLiabilitySecuritiesSoldUnderAgreementsToResellSecuritiesLoanedCollateralRightToReclaimCash,us-gaap,DerivativeLiabilitySecuritiesSoldUnderAgreementsToResellSecuritiesLoanedCollateralRightToReclaimCash,"Derivative Liability, Securities Sold under Agreements to Repurchase, Securities Loaned, Collateral, Right to Reclaim Cash","Amount of right to receive cash collateral under master netting arrangements that have not been offset against derivative liabilities, securities sold under agreements to repurchase and securities loaned."
us-gaap:DerivativeLiabilitySecuritiesSoldUnderAgreementsToResellSecuritiesLoanedCollateralRightToReclaimSecurities,us-gaap,DerivativeLiabilitySecuritiesSoldUnderAgreementsToResellSecuritiesLoanedCollateralRightToReclaimSecurities,"Derivative Liability, Securities Sold under Agreements to Repurchase, Securities Loaned, Collateral, Right to Reclaim Securities","Amount of right to receive securities collateral under master netting arrangements that have not been offset against derivative liabilities, securities sold under agreements to repurchase and securities loaned."
us-gaap:DerivativeLiabilitySecuritiesSoldUnderAgreementsToResellSecuritiesLoanedGross,us-gaap,DerivativeLiabilitySecuritiesSoldUnderAgreementsToResellSecuritiesLoanedGross,"Derivative Liability, Securities Sold under Agreements to Repurchase, Securities Loaned, Gross","Amount, before effects of master netting arrangements, of derivative liabilities, securities sold under agreements to repurchase and securities loaned. Includes liabilities elected not to be offset. Excludes liabilities not subject to a master netting arrangement."
us-gaap:DerivativeLiabilitySecuritiesSoldUnderAgreementsToResellSecuritiesLoanedNotOffsetPolicyElectionDeduction,us-gaap,DerivativeLiabilitySecuritiesSoldUnderAgreementsToResellSecuritiesLoanedNotOffsetPolicyElectionDeduction,"Derivative Liability, Securities Sold under Agreements to Repurchase, Securities Loaned, Not Offset, Policy Election Deduction","Amount of derivative liabilities, securities sold under agreements to repurchase and securities loaned, elected not to be offset, deducted from derivative liabilities, securities sold under agreements to repurchase and securities loaned."
us-gaap:DerivativeLiabilitySecuritiesSoldUnderAgreementsToResellSecuritiesLoanedOffsetAgainstCollateralNetOfNotSubjectToMasterNettingArrangementPolicyElection,us-gaap,DerivativeLiabilitySecuritiesSoldUnderAgreementsToResellSecuritiesLoanedOffsetAgainstCollateralNetOfNotSubjectToMasterNettingArrangementPolicyElection,"Derivative Liability, Securities Sold under Agreements to Repurchase, Securities Loaned, Offset Against Collateral, Net of Not Subject to Master Netting Arrangement, Policy Election","Amount, after effects of master netting arrangements, deduction of liabilities not subject to a master netting arrangement and elected not to be offset, of derivative liabilities, securities sold under agreements to repurchase and securities loaned, offset against a right to receive collateral."
us-gaap:DerivativeNetHedgeIneffectivenessGainLoss,us-gaap,DerivativeNetHedgeIneffectivenessGainLoss,"Derivative, Net Hedge Ineffectiveness Gain (Loss)",Amount of gain (loss) from the ineffectiveness of the hedge.
us-gaap:DerivativeNetLiabilityPositionAggregateFairValue,us-gaap,DerivativeNetLiabilityPositionAggregateFairValue,"Derivative, Net Liability Position, Aggregate Fair Value","The aggregate fair value amounts of derivative instruments that contain credit-risk-related contingent features that are in a net liability position at the end of the reporting period. For nonderivative instruments that are designated and qualify as hedging instruments, the fair value amounts are the carrying value of the nonderivative hedging instrument, including the adjustment for the foreign currency transaction gain (loss) on that instrument."
us-gaap:DerivativeNonmonetaryNotionalAmountEnergyMeasure,us-gaap,DerivativeNonmonetaryNotionalAmountEnergyMeasure,"Derivative, Nonmonetary Notional Amount, Energy Measure",Nominal energy measure used to calculate payments on a derivative instrument.
us-gaap:DerivativeNotionalAmount,us-gaap,DerivativeNotionalAmount,"Derivative, Notional Amount",Nominal or face amount used to calculate payment on derivative.
us-gaap:DerivativePriceRiskOptionStrikePrice,us-gaap,DerivativePriceRiskOptionStrikePrice,"Derivative, Price Risk Option Strike Price",The strike price on the price risk option contract such as a put option or a call option.
us-gaap:DilutiveSecuritiesEffectOnBasicEarningsPerShareOther,us-gaap,DilutiveSecuritiesEffectOnBasicEarningsPerShareOther,"Dilutive Securities, Effect on Basic Earnings Per Share, Dilutive Convertible Securities","Amount of increase (decrease) to net income used for calculating diluted earnings per share (EPS), resulting from the assumed exercise of dilutive convertible securities excluding adjustments related to ESOP convertible preferred stock, stock options, and restrictive stock units."
us-gaap:DiscontinuedOperationGainLossOnDisposalOfDiscontinuedOperationNetOfTax,us-gaap,DiscontinuedOperationGainLossOnDisposalOfDiscontinuedOperationNetOfTax,"Discontinued Operation, Gain (Loss) on Disposal of Discontinued Operation, Net of Tax",Amount after tax of gain (loss) not previously recognized resulting from the disposal of a discontinued operation.
us-gaap:DiscontinuedOperationIncomeLossFromDiscontinuedOperationBeforeIncomeTax,us-gaap,DiscontinuedOperationIncomeLossFromDiscontinuedOperationBeforeIncomeTax,"Discontinued Operation, Income (Loss) from Discontinued Operation, before Income Tax","Amount before tax of income (loss) from a discontinued operation. Includes, but is not limited to, the income (loss) from operations during the phase-out period, gain (loss) on disposal, gain (loss) for reversal of write-down (write-down) to fair value, less cost to sell, and adjustments to a prior period gain (loss) on disposal."
us-gaap:DiscontinuedOperationIncomeLossFromDiscontinuedOperationNetOfTaxPerBasicShare,us-gaap,DiscontinuedOperationIncomeLossFromDiscontinuedOperationNetOfTaxPerBasicShare,"Discontinued Operation, Income (Loss) from Discontinued Operation, Net of Tax, Per Basic Share","Per basic share amount, after tax, of income (loss) from the day-to-day business activities of the discontinued operation."
us-gaap:DiscontinuedOperationIncomeLossFromDiscontinuedOperationNetOfTaxPerDilutedShare,us-gaap,DiscontinuedOperationIncomeLossFromDiscontinuedOperationNetOfTaxPerDilutedShare,"Discontinued Operation, Income (Loss) from Discontinued Operation, Net of Tax, Per Diluted Share","Per diluted share amount, after tax, of income (loss) from the day-to-day business activities of the discontinued operation."
us-gaap:DiscontinuedOperationTaxEffectOfDiscontinuedOperation,us-gaap,DiscontinuedOperationTaxEffectOfDiscontinuedOperation,"Discontinued Operation, Tax Effect of Discontinued Operation","Amount of tax expense (benefit) related to a discontinued operation. Includes, but is not limited to, tax expense (benefit) related to income (loss) from operations during the phase-out period, tax expense (benefit) related to gain (loss) on disposal, tax expense (benefit) related to gain (loss) for reversal of write-down (write-down) to fair value, less cost to sell, and tax expense (benefit) related to adjustments of a prior period gain (loss) on disposal."
us-gaap:DiscontinuedOperationTaxExpenseBenefitFromProvisionForGainLossOnDisposal,us-gaap,DiscontinuedOperationTaxExpenseBenefitFromProvisionForGainLossOnDisposal,"Discontinued Operation, Tax (Expense) Benefit from Provision for (Gain) Loss on Disposal","Amount of tax (expense) benefit on (gain) loss recognized for the (reversal of write-down) write-down to fair value, less cost to sell, of a discontinued operation."
us-gaap:DisposalGroupDeferredGainOnDisposal,us-gaap,DisposalGroupDeferredGainOnDisposal,"Disposal Group, Deferred Gain on Disposal","""The excess amount received or due over net assets in a transaction accounted for as a divestiture where a subsidiary, business or operating assets are """"sold"""" by the entity to a newly formed, thinly capitalized, highly leveraged buyer. This gain is not yet recognized and is disclosed on the balance sheet as an offset against the carrying amount of the securities received."""
us-gaap:DisposalGroupIncludingDiscontinuedOperationAccountsNotesAndLoansReceivableNet,us-gaap,DisposalGroupIncludingDiscontinuedOperationAccountsNotesAndLoansReceivableNet,"Disposal Group, Including Discontinued Operation, Accounts, Notes and Loans Receivable, Net","Amount classified as accounts, notes and loans receivable attributable to disposal group held for sale or disposed of."
us-gaap:DisposalGroupIncludingDiscontinuedOperationAccountsPayableCurrent,us-gaap,DisposalGroupIncludingDiscontinuedOperationAccountsPayableCurrent,"Disposal Group, Including Discontinued Operation, Accounts Payable, Current","Amount classified as accounts payable attributable to disposal group held for sale or disposed of, expected to be disposed of within one year or the normal operating cycle, if longer."
us-gaap:DisposalGroupIncludingDiscontinuedOperationAccruedIncomeTaxesPayable,us-gaap,DisposalGroupIncludingDiscontinuedOperationAccruedIncomeTaxesPayable,"Disposal Group, Including Discontinued Operation, Accrued Income Tax Payable, Current","Amount classified as income tax obligations attributable to disposal group held for sale or disposed of, expected to be disposed of within one year or the normal operating cycle, if longer."
us-gaap:DisposalGroupIncludingDiscontinuedOperationAccruedLiabilitiesCurrent,us-gaap,DisposalGroupIncludingDiscontinuedOperationAccruedLiabilitiesCurrent,"Disposal Group, Including Discontinued Operation, Accrued Liabilities, Current","Amount classified as accrued liabilities attributable to disposal group held for sale or disposed of, expected to be disposed of within one year or the normal operating cycle, if longer."
us-gaap:DisposalGroupIncludingDiscontinuedOperationAssetsNoncurrent,us-gaap,DisposalGroupIncludingDiscontinuedOperationAssetsNoncurrent,"Disposal Group, Including Discontinued Operation, Assets, Noncurrent","Amount classified as assets attributable to disposal group held for sale or disposed of, expected to be disposed of after one year or the normal operating cycle, if longer."
us-gaap:DisposalGroupIncludingDiscontinuedOperationCashAndCashEquivalents,us-gaap,DisposalGroupIncludingDiscontinuedOperationCashAndCashEquivalents,"Disposal Group, Including Discontinued Operation, Cash and Cash Equivalents",Amount classified as cash and cash equivalents attributable to disposal group held for sale or disposed of.
us-gaap:DisposalGroupIncludingDiscontinuedOperationCostsOfGoodsSold,us-gaap,DisposalGroupIncludingDiscontinuedOperationCostsOfGoodsSold,"Disposal Group, Including Discontinued Operation, Costs of Goods Sold","Amount of costs of goods sold attributable to disposal group, including, but not limited to, discontinued operation."
us-gaap:DisposalGroupIncludingDiscontinuedOperationDeferredTaxAssets,us-gaap,DisposalGroupIncludingDiscontinuedOperationDeferredTaxAssets,"Disposal Group, Including Discontinued Operation, Deferred Tax Assets",Amount classified as deferred tax assets attributable to disposal group held for sale or disposed of.
us-gaap:DisposalGroupIncludingDiscontinuedOperationDeferredTaxLiabilities,us-gaap,DisposalGroupIncludingDiscontinuedOperationDeferredTaxLiabilities,"Disposal Group, Including Discontinued Operation, Deferred Tax Liabilities",Amount classified as deferred tax liabilities attributable to disposal group held for sale or disposed of.
us-gaap:DisposalGroupIncludingDiscontinuedOperationDepreciationAndAmortization,us-gaap,DisposalGroupIncludingDiscontinuedOperationDepreciationAndAmortization,"Disposal Group, Including Discontinued Operation, Depreciation and Amortization","Amount of depreciation and amortization expense attributable to disposal group, including, but not limited to, discontinued operation."
us-gaap:DisposalGroupIncludingDiscontinuedOperationGeneralAndAdministrativeExpense,us-gaap,DisposalGroupIncludingDiscontinuedOperationGeneralAndAdministrativeExpense,"Disposal Group, Including Discontinued Operation, General and Administrative Expense","Amount of general and administrative expense attributable to disposal group, including, but not limited to, discontinued operation."
us-gaap:DisposalGroupIncludingDiscontinuedOperationGoodwill1,us-gaap,DisposalGroupIncludingDiscontinuedOperationGoodwill1,"Disposal Group, Including Discontinued Operation, Goodwill",Amount classified as goodwill attributable to disposal group held for sale or disposed of.
us-gaap:DisposalGroupIncludingDiscontinuedOperationGrossProfitLoss,us-gaap,DisposalGroupIncludingDiscontinuedOperationGrossProfitLoss,"Disposal Group, Including Discontinued Operation, Gross Profit (Loss)","Amount of gross profit attributable to disposal group, including, but not limited to, discontinued operation."
us-gaap:DisposalGroupIncludingDiscontinuedOperationIntangibleAssetsNoncurrent,us-gaap,DisposalGroupIncludingDiscontinuedOperationIntangibleAssetsNoncurrent,"Disposal Group, Including Discontinued Operation, Intangible Assets, Noncurrent","Amount classified as intangible assets, excluding goodwill, attributable to disposal group held for sale or disposed of, expected to be disposed of beyond one year or the normal operating cycle, if longer."
us-gaap:DisposalGroupIncludingDiscontinuedOperationInterestExpense,us-gaap,DisposalGroupIncludingDiscontinuedOperationInterestExpense,"Disposal Group, Including Discontinued Operation, Interest Expense","Amount of interest expense attributable to disposal group, including, but not limited to, discontinued operation."
us-gaap:DisposalGroupIncludingDiscontinuedOperationInterestIncome,us-gaap,DisposalGroupIncludingDiscontinuedOperationInterestIncome,"Disposal Group, Including Discontinued Operation, Interest Income","Amount of interest income attributable to disposal group, including, but not limited to, discontinued operation."
us-gaap:DisposalGroupIncludingDiscontinuedOperationInventory1,us-gaap,DisposalGroupIncludingDiscontinuedOperationInventory1,"Disposal Group, Including Discontinued Operation, Inventory",Amount classified as inventory attributable to disposal group held for sale or disposed of.
us-gaap:DisposalGroupIncludingDiscontinuedOperationOtherAssets,us-gaap,DisposalGroupIncludingDiscontinuedOperationOtherAssets,"Disposal Group, Including Discontinued Operation, Other Assets",Amount classified as other assets attributable to disposal group held for sale or disposed of.
us-gaap:DisposalGroupIncludingDiscontinuedOperationOtherExpense,us-gaap,DisposalGroupIncludingDiscontinuedOperationOtherExpense,"Disposal Group, Including Discontinued Operation, Other Expense","Amount of other expense attributable to disposal group, including, but not limited to, discontinued operation."
us-gaap:DisposalGroupIncludingDiscontinuedOperationOtherNoncurrentAssets,us-gaap,DisposalGroupIncludingDiscontinuedOperationOtherNoncurrentAssets,"Disposal Group, Including Discontinued Operation, Other Assets, Noncurrent","Amount classified as other assets attributable to disposal group held for sale or disposed of, expected to be disposed of after one year or the normal operating cycle, if longer."
us-gaap:DisposalGroupIncludingDiscontinuedOperationOtherNoncurrentLiabilities,us-gaap,DisposalGroupIncludingDiscontinuedOperationOtherNoncurrentLiabilities,"Disposal Group, Including Discontinued Operation, Other Liabilities, Noncurrent","Amount classified as other liabilities attributable to disposal group held for sale or disposed of, expected to be disposed of beyond one year or the normal operating cycle, if longer."
us-gaap:DisposalGroupIncludingDiscontinuedOperationPensionPlanBenefitObligation,us-gaap,DisposalGroupIncludingDiscontinuedOperationPensionPlanBenefitObligation,"Disposal Group, Including Discontinued Operation, Pension Plan Benefit Obligation",Amount classified as defined benefit plan benefit obligations attributable to disposal group held for sale or disposed of.
us-gaap:DisposalGroupIncludingDiscontinuedOperationPrepaidAndOtherAssets,us-gaap,DisposalGroupIncludingDiscontinuedOperationPrepaidAndOtherAssets,"Disposal Group, Including Discontinued Operation, Prepaid and Other Assets",Amount classified as prepaid and other assets attributable to disposal group held for sale or disposed of.
us-gaap:DisposalGroupIncludingDiscontinuedOperationPropertyPlantAndEquipment,us-gaap,DisposalGroupIncludingDiscontinuedOperationPropertyPlantAndEquipment,"Disposal Group, Including Discontinued Operation, Property, Plant and Equipment","Amount classified as property, plant and equipment attributable to disposal group held for sale or disposed of."
us-gaap:DisposalGroupIncludingDiscontinuedOperationPropertyPlantAndEquipmentNet,us-gaap,DisposalGroupIncludingDiscontinuedOperationPropertyPlantAndEquipmentNet,"Disposal Group, Including Discontinued Operation, Property, Plant, and Equipment, Net (Deprecated 2014-01-31)","For the disposal group, including a component of the entity (discontinued operation), carrying value (net of accumulated depreciation and any write-downs) of tangible assets that are held by an entity for use in the production or supply of goods and services, for rental to others, or for administrative purposes and that are expected to provide economic benefit for more than one year. Examples include land, buildings, machinery and equipment, and other types of furniture and equipment including, but not limited to, office equipment, furniture and fixtures, and computer equipment and software."
us-gaap:DisposalGroupIncludingDiscontinuedOperationRevenue,us-gaap,DisposalGroupIncludingDiscontinuedOperationRevenue,"Disposal Group, Including Discontinued Operation, Revenue","Amount of revenue attributable to disposal group, including, but not limited to, discontinued operation."
us-gaap:DisposalGroupNotDiscontinuedOperationGainLossOnDisposal,us-gaap,DisposalGroupNotDiscontinuedOperationGainLossOnDisposal,"Disposal Group, Not Discontinued Operation, Gain (Loss) on Disposal",Amount before tax of gain (loss) recognized on the sale or disposal of a disposal group. Excludes discontinued operations.
us-gaap:DistributedEarnings,us-gaap,DistributedEarnings,Distributed Earnings,"The total amount of dividends declared in the period for each class of stock and the contractual amount of dividends (or interest on participating income bonds) that must be paid for the period (for example, unpaid cumulative dividends). Dividends declared in the current period do not include dividends declared in respect of prior-period unpaid cumulative dividends. Preferred dividends that are cumulative only if earned are deducted only to the extent that they are earned."
us-gaap:Dividends,us-gaap,Dividends,Dividends,"Amount of paid and unpaid cash, stock, and paid-in-kind (PIK) dividends declared, for example, but not limited to, common and preferred stock."
us-gaap:DividendsCash,us-gaap,DividendsCash,"Dividends, Cash","Amount of paid and unpaid cash dividends declared for classes of stock, for example, but not limited to, common and preferred."
us-gaap:DividendsCommonStock,us-gaap,DividendsCommonStock,"Dividends, Common Stock","Amount of paid and unpaid common stock dividends declared with the form of settlement in cash, stock and payment-in-kind (PIK)."
us-gaap:DividendsCommonStockCash,us-gaap,DividendsCommonStockCash,"Dividends, Common Stock, Cash",Amount of paid and unpaid common stock dividends declared with the form of settlement in cash.
us-gaap:DividendsPayableAmountPerShare,us-gaap,DividendsPayableAmountPerShare,"Dividends Payable, Amount Per Share","The per share amount of a dividend declared, but not paid, as of the financial reporting date."
us-gaap:DividendsPayableCurrent,us-gaap,DividendsPayableCurrent,"Dividends Payable, Current",Carrying value as of the balance sheet date of dividends declared but unpaid on equity securities issued by the entity and outstanding. Used to reflect the current portion of the liabilities (due within one year or within the normal operating cycle if longer).
us-gaap:DividendsPreferredStock,us-gaap,DividendsPreferredStock,"Dividends, Preferred Stock","Amount of paid and unpaid preferred stock dividends declared with the form of settlement in cash, stock and payment-in-kind (PIK)."
us-gaap:DividendsStock,us-gaap,DividendsStock,"Dividends, Stock","Amount of paid and unpaid stock dividends declared for classes of stock, for example, but not limited to, common and preferred."
us-gaap:DueToOtherRelatedPartiesClassifiedCurrent,us-gaap,DueToOtherRelatedPartiesClassifiedCurrent,"Due to Other Related Parties, Current","Amount payable to related parties classified as other, due within one year or the normal operating cycle, if longer."
us-gaap:DueToRelatedPartiesCurrent,us-gaap,DueToRelatedPartiesCurrent,"Due to Related Parties, Current","Carrying amount as of the balance sheet date of obligations due all related parties. For classified balance sheets, represents the current portion of such liabilities (due within one year or within the normal operating cycle if longer)."
us-gaap:DueToRelatedPartiesCurrentAndNoncurrent,us-gaap,DueToRelatedPartiesCurrentAndNoncurrent,Due to Related Parties,Carrying amount as of the balance sheet date of obligations due all related parties.
us-gaap:DueToRelatedPartiesNoncurrent,us-gaap,DueToRelatedPartiesNoncurrent,"Due to Related Parties, Noncurrent",Portion of the carrying amount as of the balance sheet date of obligations due all related parties that is payable after one year or beyond the normal operating cycle if longer.
us-gaap:EarningsPerShareBasic,us-gaap,EarningsPerShareBasic,"Earnings Per Share, Basic",The amount of net income (loss) for the period per each share of common stock or unit outstanding during the reporting period.
us-gaap:EarningsPerShareBasicAndDiluted,us-gaap,EarningsPerShareBasicAndDiluted,"Earnings Per Share, Basic and Diluted",The amount of net income or loss for the period per each share in instances when basic and diluted earnings per share are the same amount and reported as a single line item on the face of the financial statements. Basic earnings per share is the amount of net income or loss for the period per each share of common stock or unit outstanding during the reporting period. Diluted earnings per share includes the amount of net income or loss for the period available to each share of common stock or common unit outstanding during the reporting period and to each share or unit that would have been outstanding assuming the issuance of common shares or units for all dilutive potential common shares or units outstanding during the reporting period.
us-gaap:EarningsPerShareDiluted,us-gaap,EarningsPerShareDiluted,"Earnings Per Share, Diluted",The amount of net income (loss) for the period available to each share of common stock or common unit outstanding during the reporting period and to each share or unit that would have been outstanding assuming the issuance of common shares or units for all dilutive potential common shares or units outstanding during the reporting period.
us-gaap:EffectOfExchangeRateOnCashAndCashEquivalents,us-gaap,EffectOfExchangeRateOnCashAndCashEquivalents,Effect of Exchange Rate on Cash and Cash Equivalents,Amount of increase (decrease) from the effect of exchange rate changes on cash and cash equivalent balances held in foreign currencies.
us-gaap:EffectOfExchangeRateOnCashCashEquivalentsRestrictedCashAndRestrictedCashEquivalents,us-gaap,EffectOfExchangeRateOnCashCashEquivalentsRestrictedCashAndRestrictedCashEquivalents,"Effect of Exchange Rate on Cash, Cash Equivalents, Restricted Cash and Restricted Cash Equivalents","Amount of increase (decrease) from effect of exchange rate changes on cash and cash equivalents, and cash and cash equivalents restricted to withdrawal or usage; held in foreign currencies. Excludes amounts for disposal group and discontinued operations. Cash includes, but is not limited to, currency on hand, demand deposits with banks or financial institutions, and other accounts with general characteristics of demand deposits. Cash equivalents include, but are not limited to, short-term, highly liquid investments that are both readily convertible to known amounts of cash and so near their maturity that they present insignificant risk of changes in value because of changes in interest rates."
us-gaap:EffectOfExchangeRateOnCashCashEquivalentsRestrictedCashAndRestrictedCashEquivalentsIncludingDisposalGroupAndDiscontinuedOperations,us-gaap,EffectOfExchangeRateOnCashCashEquivalentsRestrictedCashAndRestrictedCashEquivalentsIncludingDisposalGroupAndDiscontinuedOperations,"Effect of Exchange Rate on Cash, Cash Equivalents, Restricted Cash and Restricted Cash Equivalents, Including Disposal Group and Discontinued Operations","Amount of increase (decrease) from effect of exchange rate changes on cash and cash equivalents, and cash and cash equivalents restricted to withdrawal or usage; held in foreign currencies; including, but not limited to, disposal group and discontinued operations. Cash includes, but is not limited to, currency on hand, demand deposits with banks or financial institutions, and other accounts with general characteristics of demand deposits. Cash equivalents include, but are not limited to, short-term, highly liquid investments that are both readily convertible to known amounts of cash and so near their maturity that they present insignificant risk of changes in value because of changes in interest rates."
us-gaap:EffectOfLIFOInventoryLiquidationOnIncome,us-gaap,EffectOfLIFOInventoryLiquidationOnIncome,Effect of LIFO Inventory Liquidation on Income,The effect of liquidating LIFO (last in first out) inventory layers on income.
us-gaap:EffectiveIncomeTaxRateContinuingOperations,us-gaap,EffectiveIncomeTaxRateContinuingOperations,"Effective Income Tax Rate Reconciliation, Percent",Percentage of current income tax expense (benefit) and deferred income tax expense (benefit) pertaining to continuing operations.
us-gaap:EffectiveIncomeTaxRateReconciliationAtFederalStatutoryIncomeTaxRate,us-gaap,EffectiveIncomeTaxRateReconciliationAtFederalStatutoryIncomeTaxRate,"Effective Income Tax Rate Reconciliation, at Federal Statutory Income Tax Rate, Percent",Percentage of domestic federal statutory tax rate applicable to pretax income (loss).
us-gaap:EffectiveIncomeTaxRateReconciliationChangeInDeferredTaxAssetsValuationAllowance,us-gaap,EffectiveIncomeTaxRateReconciliationChangeInDeferredTaxAssetsValuationAllowance,"Effective Income Tax Rate Reconciliation, Change in Deferred Tax Assets Valuation Allowance, Percent",Percentage of the difference between reported income tax expense (benefit) and expected income tax expense (benefit) computed by applying the domestic federal statutory income tax rates to pretax income (loss) from continuing operations attributable to changes in the valuation allowance for deferred tax assets.
us-gaap:EffectiveIncomeTaxRateReconciliationChangeInEnactedTaxRate,us-gaap,EffectiveIncomeTaxRateReconciliationChangeInEnactedTaxRate,"Effective Income Tax Rate Reconciliation, Change in Enacted Tax Rate, Percent",Percentage of the difference between reported income tax expense (benefit) and expected income tax expense (benefit) computed by applying the domestic federal statutory income tax rates to pretax income (loss) from continuing operations attributable to changes in the income tax rates.
us-gaap:EffectiveIncomeTaxRateReconciliationCrossBorderOtherAmount,us-gaap,EffectiveIncomeTaxRateReconciliationCrossBorderOtherAmount,,
us-gaap:EffectiveIncomeTaxRateReconciliationCrossBorderOtherPercent,us-gaap,EffectiveIncomeTaxRateReconciliationCrossBorderOtherPercent,,
us-gaap:EffectiveIncomeTaxRateReconciliationCrossBorderTaxEffectAmount,us-gaap,EffectiveIncomeTaxRateReconciliationCrossBorderTaxEffectAmount,,
us-gaap:EffectiveIncomeTaxRateReconciliationCrossBorderTaxEffectPercent,us-gaap,EffectiveIncomeTaxRateReconciliationCrossBorderTaxEffectPercent,,
us-gaap:EffectiveIncomeTaxRateReconciliationDeductions,us-gaap,EffectiveIncomeTaxRateReconciliationDeductions,"Effective Income Tax Rate Reconciliation, Deduction, Percent","Percentage of difference between reported income tax expense (benefit) and expected income tax expense (benefit) computed by applying domestic federal statutory income tax rate to pretax income (loss) from continuing operations attributable to deduction. Includes, but is not limited to, dividend deduction, deduction for dividend paid to employee stock ownership plan (ESOP), Medicare prescription drug benefit subsidy deduction, and other deductions."
us-gaap:EffectiveIncomeTaxRateReconciliationDeductionsOther,us-gaap,EffectiveIncomeTaxRateReconciliationDeductionsOther,"Effective Income Tax Rate Reconciliation, Deduction, Other, Percent",Percentage of the difference between reported income tax expense (benefit) and expected income tax expense (benefit) computed by applying the domestic federal statutory income tax rates to pretax income (loss) from continuing operations attributable to other deductions.
us-gaap:EffectiveIncomeTaxRateReconciliationDeductionsQualifiedProductionActivities,us-gaap,EffectiveIncomeTaxRateReconciliationDeductionsQualifiedProductionActivities,"Effective Income Tax Rate Reconciliation, Deduction, Qualified Production Activity, Percent",Percentage of the difference between reported income tax expense (benefit) and expected income tax expense (benefit) computed by applying the domestic federal statutory income tax rates to pretax income (loss) from continuing operations attributable to deduction for qualified production activity.
us-gaap:EffectiveIncomeTaxRateReconciliationDispositionOfAssets,us-gaap,EffectiveIncomeTaxRateReconciliationDispositionOfAssets,"Effective Income Tax Rate Reconciliation, Disposition of Asset, Percent","Percentage of difference between reported income tax expense (benefit) and expected income tax expense (benefit) computed by applying domestic federal statutory income tax rate to pretax income (loss) from continuing operations, attributable to disposition of asset. Includes, but is not limited to, intra-entity transfer of asset other than inventory."
us-gaap:EffectiveIncomeTaxRateReconciliationDispositionOfBusiness,us-gaap,EffectiveIncomeTaxRateReconciliationDispositionOfBusiness,"Effective Income Tax Rate Reconciliation, Disposition of Business, Percent",Percentage of the difference between reported income tax expense (benefit) and expected income tax expense (benefit) computed by applying the domestic federal statutory income tax rates to pretax income (loss) from continuing operations attributable to disposition of a business not qualifying as a discontinued operation.
us-gaap:EffectiveIncomeTaxRateReconciliationFdiiAmount,us-gaap,EffectiveIncomeTaxRateReconciliationFdiiAmount,,
us-gaap:EffectiveIncomeTaxRateReconciliationFdiiPercent,us-gaap,EffectiveIncomeTaxRateReconciliationFdiiPercent,,
us-gaap:EffectiveIncomeTaxRateReconciliationForeignIncomeTaxRateDifferential,us-gaap,EffectiveIncomeTaxRateReconciliationForeignIncomeTaxRateDifferential,"Effective Income Tax Rate Reconciliation, Foreign Income Tax Rate Differential, Percent",Percentage of the difference between reported income tax expense (benefit) and expected income tax expense (benefit) computed by applying the domestic federal statutory income tax rates to pretax income (loss) from continuing operations applicable to statutory income tax expense (benefit) outside of the country of domicile.
us-gaap:EffectiveIncomeTaxRateReconciliationGiltiAmount,us-gaap,EffectiveIncomeTaxRateReconciliationGiltiAmount,,
us-gaap:EffectiveIncomeTaxRateReconciliationNondeductibleExpense,us-gaap,EffectiveIncomeTaxRateReconciliationNondeductibleExpense,"Effective Income Tax Rate Reconciliation, Nondeductible Expense, Percent",Percentage of the difference between reported income tax expense (benefit) and expected income tax expense (benefit) computed by applying the domestic federal statutory income tax rates to pretax income (loss) from continuing operations attributable to nondeductible expenses.
us-gaap:EffectiveIncomeTaxRateReconciliationNondeductibleExpenseOther,us-gaap,EffectiveIncomeTaxRateReconciliationNondeductibleExpenseOther,"Effective Income Tax Rate Reconciliation, Nondeductible Expense, Other, Percent",Percentage of the difference between reported income tax expense (benefit) and expected income tax expense (benefit) computed by applying the domestic federal statutory income tax rates to pretax income (loss) from continuing operations attributable to other nondeductible expenses.
us-gaap:EffectiveIncomeTaxRateReconciliationNondeductibleExpenseResearchAndDevelopment,us-gaap,EffectiveIncomeTaxRateReconciliationNondeductibleExpenseResearchAndDevelopment,"Effective Income Tax Rate Reconciliation, Nondeductible Expense, Research and Development, Percent",Percentage of the difference between reported income tax expense (benefit) and expected income tax expense (benefit) computed by applying the domestic federal statutory income tax rates to pretax income (loss) from continuing operations attributable to research and development expense.
us-gaap:EffectiveIncomeTaxRateReconciliationNondeductibleExpenseShareBasedCompensationCost,us-gaap,EffectiveIncomeTaxRateReconciliationNondeductibleExpenseShareBasedCompensationCost,"Effective Income Tax Rate Reconciliation, Nondeductible Expense, Share-based Payment Arrangement, Percent","Percentage of difference between reported income tax expense (benefit) and expected income tax expense (benefit) computed by applying domestic federal statutory income tax rate to pretax income (loss) from continuing operation, attributable to nondeductible expense for share-based payment arrangement."
us-gaap:EffectiveIncomeTaxRateReconciliationOtherAdjustments,us-gaap,EffectiveIncomeTaxRateReconciliationOtherAdjustments,"Effective Income Tax Rate Reconciliation, Other Adjustments, Percent",Percentage of the difference between reported income tax expense (benefit) and expected income tax expense (benefit) computed by applying the domestic federal statutory income tax rates to pretax income (loss) from continuing operations attributable to other adjustments.
us-gaap:EffectiveIncomeTaxRateReconciliationOtherReconcilingItemsPercent,us-gaap,EffectiveIncomeTaxRateReconciliationOtherReconcilingItemsPercent,"Effective Income Tax Rate Reconciliation,Other Reconciling Items, Percent","Percentage of the difference, between reported income tax expense (benefit) and the expected income tax expense (benefit) computed by applying the domestic federal statutory income tax rates to pretax income (loss) from continuing operations, that is attributable to tax exempt income, equity in earnings (loss) of an unconsolidated subsidiary, minority interest income (expense), tax holiday, disposition of a business, disposition of an asset, repatriation of foreign earnings, repatriation of foreign earnings jobs creation act of 2004, change in enacted tax rate, prior year income taxes, change in deferred tax asset valuation allowance, and other adjustments."
us-gaap:EffectiveIncomeTaxRateReconciliationPriorYearIncomeTaxes,us-gaap,EffectiveIncomeTaxRateReconciliationPriorYearIncomeTaxes,"Effective Income Tax Rate Reconciliation, Prior Year Income Taxes, Percent",Percentage of the difference between reported income tax expense (benefit) and expected income tax expense (benefit) computed by applying the domestic federal statutory income tax rates to pretax income (loss) from continuing operations attributable to revisions of previously reported income tax expense.
us-gaap:EffectiveIncomeTaxRateReconciliationRepatriationOfForeignEarnings,us-gaap,EffectiveIncomeTaxRateReconciliationRepatriationOfForeignEarnings,"Effective Income Tax Rate Reconciliation, Repatriation of Foreign Earnings, Percent",Percentage of the difference between reported income tax expense (benefit) and expected income tax expense (benefit) computed by applying the domestic federal statutory income tax rates to pretax income (loss) from continuing operations attributable to the repatriation of foreign earnings.
us-gaap:EffectiveIncomeTaxRateReconciliationShareBasedCompensationExcessTaxBenefitAmount,us-gaap,EffectiveIncomeTaxRateReconciliationShareBasedCompensationExcessTaxBenefitAmount,"Effective Income Tax Rate Reconciliation, Tax Expense (Benefit), Share-based Payment Arrangement, Amount","Amount of difference between reported income tax expense (benefit) and expected income tax expense (benefit) computed by applying domestic federal statutory income tax rate to pretax income (loss) from continuing operation, attributable to expense for award under share-based payment arrangement. Excludes expense determined to be nondeductible upon grant or after for award under share-based payment arrangement."
us-gaap:EffectiveIncomeTaxRateReconciliationShareBasedCompensationExcessTaxBenefitPercent,us-gaap,EffectiveIncomeTaxRateReconciliationShareBasedCompensationExcessTaxBenefitPercent,"Effective Income Tax Rate Reconciliation, Tax Expense (Benefit), Share-based Payment Arrangement, Percent","Percentage of difference between reported income tax expense (benefit) and expected income tax expense (benefit) computed by applying domestic federal statutory income tax rate to pretax income (loss) from continuing operation, attributable to expense for award under share-based payment arrangement. Excludes expense determined to be nondeductible upon grant or after for award under share-based payment arrangement."
us-gaap:EffectiveIncomeTaxRateReconciliationStateAndLocalIncomeTaxes,us-gaap,EffectiveIncomeTaxRateReconciliationStateAndLocalIncomeTaxes,"Effective Income Tax Rate Reconciliation, State and Local Income Taxes, Percent","Percentage of the difference between reported income tax expense (benefit) and expected income tax expense (benefit) computed by applying the domestic federal statutory income tax rates to pretax income (loss) from continuing operations applicable to state and local income tax expense (benefit), net of federal tax expense (benefit)."
us-gaap:EffectiveIncomeTaxRateReconciliationTaxContingencies,us-gaap,EffectiveIncomeTaxRateReconciliationTaxContingencies,"Effective Income Tax Rate Reconciliation, Tax Contingency, Percent","Percentage of the difference between reported income tax expense (benefit) and expected income tax expense (benefit) computed by applying the domestic federal statutory income tax rates to pretax income (loss) from continuing operations attributable to income tax contingencies. Includes, but not limited to, domestic tax contingency, foreign tax contingency, state and local tax contingency, and other contingencies."
us-gaap:EffectiveIncomeTaxRateReconciliationTaxCreditEnergyRelatedAmount,us-gaap,EffectiveIncomeTaxRateReconciliationTaxCreditEnergyRelatedAmount,,
us-gaap:EffectiveIncomeTaxRateReconciliationTaxCreditEnergyRelatedPercent,us-gaap,EffectiveIncomeTaxRateReconciliationTaxCreditEnergyRelatedPercent,,
us-gaap:EffectiveIncomeTaxRateReconciliationTaxCredits,us-gaap,EffectiveIncomeTaxRateReconciliationTaxCredits,"Effective Income Tax Rate Reconciliation, Tax Credit, Percent","Percentage of the difference between reported income tax expense (benefit) and expected income tax expense (benefit) computed by applying the domestic federal statutory income tax rates to pretax income (loss) from continuing operations attributable to tax credits. Including, but not limited to, research credit, foreign tax credit, investment tax credit, and other tax credits."
us-gaap:EffectiveIncomeTaxRateReconciliationTaxCreditsForeign,us-gaap,EffectiveIncomeTaxRateReconciliationTaxCreditsForeign,"Effective Income Tax Rate Reconciliation, Tax Credit, Foreign, Percent",Percentage of the difference between reported income tax expense (benefit) and expected income tax expense (benefit) computed by applying the domestic federal statutory income tax rates to pretax income (loss) from continuing operations attributable to foreign tax credit.
us-gaap:EffectiveIncomeTaxRateReconciliationTaxCreditsOther,us-gaap,EffectiveIncomeTaxRateReconciliationTaxCreditsOther,"Effective Income Tax Rate Reconciliation, Tax Credit, Other, Percent",Percentage of the difference between reported income tax expense (benefit) and expected income tax expense (benefit) computed by applying the domestic federal statutory income tax rates to pretax income (loss) from continuing operations attributable to other tax credits.
us-gaap:EffectiveIncomeTaxRateReconciliationTaxCreditsResearch,us-gaap,EffectiveIncomeTaxRateReconciliationTaxCreditsResearch,"Effective Income Tax Rate Reconciliation, Tax Credit, Research, Percent",Percentage of the difference between reported income tax expense (benefit) and expected income tax expense (benefit) computed by applying the domestic federal statutory income tax rates to pretax income (loss) from continuing operations attributable to research tax credit.
us-gaap:EffectiveIncomeTaxRateReconciliationTaxCutsAndJobsActOf2017Amount,us-gaap,EffectiveIncomeTaxRateReconciliationTaxCutsAndJobsActOf2017Amount,"Effective Income Tax Rate Reconciliation, Tax Cuts and Jobs Act, Amount","Amount of reported income tax expense (benefit) in excess of (less than) expected income tax expense (benefit) computed by applying domestic federal statutory income tax rate to pretax income (loss) from continuing operations, attributable to Tax Cuts and Jobs Act."
us-gaap:EffectiveIncomeTaxRateReconciliationTaxCutsAndJobsActOf2017Percent,us-gaap,EffectiveIncomeTaxRateReconciliationTaxCutsAndJobsActOf2017Percent,"Effective Income Tax Rate Reconciliation, Tax Cuts and Jobs Act, Percent","Percentage of reported income tax expense (benefit) in excess of (less than) expected income tax expense (benefit) computed by applying domestic federal statutory income tax rate to pretax income (loss) from continuing operations, attributable to Tax Cuts and Jobs Act."
us-gaap:EffectiveIncomeTaxRateReconciliationTaxCutsAndJobsActOf2017TransitionTaxOnAccumulatedForeignEarningsAmount,us-gaap,EffectiveIncomeTaxRateReconciliationTaxCutsAndJobsActOf2017TransitionTaxOnAccumulatedForeignEarningsAmount,"Effective Income Tax Rate Reconciliation, Tax Cuts and Jobs Act, Transition Tax on Accumulated Foreign Earnings, Amount","Amount of reported income tax expense (benefit) in excess of (less than) expected income tax expense (benefit) computed by applying domestic federal statutory income tax rate to pretax income (loss) from continuing operations, attributable to increase (decrease) from transition tax on accumulated earnings of controlled foreign corporation deemed repatriated pursuant to Tax Cuts and Jobs Act."
us-gaap:EffectiveIncomeTaxRateReconciliationTaxCutsAndJobsActOf2017TransitionTaxOnAccumulatedForeignEarningsPercent,us-gaap,EffectiveIncomeTaxRateReconciliationTaxCutsAndJobsActOf2017TransitionTaxOnAccumulatedForeignEarningsPercent,"Effective Income Tax Rate Reconciliation, Tax Cuts and Jobs Act, Transition Tax on Accumulated Foreign Earnings, Percent","Percentage of reported income tax expense (benefit) in excess of (less than) expected income tax expense (benefit) computed by applying domestic federal statutory income tax rate to pretax income (loss) from continuing operations, attributable to increase (decrease) from transition tax on accumulated earnings of controlled foreign corporation deemed repatriated pursuant to Tax Cuts and Jobs Act."
us-gaap:EffectiveIncomeTaxRateReconciliationTaxExemptIncome,us-gaap,EffectiveIncomeTaxRateReconciliationTaxExemptIncome,"Effective Income Tax Rate Reconciliation, Tax Exempt Income, Percent",Percentage of the difference between reported income tax expense (benefit) and expected income tax expense (benefit) computed by applying the domestic federal statutory income tax rates to pretax income (loss) from continuing operations attributable to income (loss) exempt from income taxes.
us-gaap:EffectiveIncomeTaxRateReconciliationTaxSettlements,us-gaap,EffectiveIncomeTaxRateReconciliationTaxSettlements,"Effective Income Tax Rate Reconciliation, Tax Settlement, Percent","Percentage of the difference between reported income tax expense (benefit) and expected income tax expense (benefit) computed by applying the domestic federal statutory income tax rates to pretax income (loss) from continuing operations attributable to income tax settlements. Including, but not limited to, domestic tax settlement, foreign tax settlement, state and local tax settlement, and other tax settlements."
us-gaap:EffectiveIncomeTaxRateReconciliationTaxSettlementsDomestic,us-gaap,EffectiveIncomeTaxRateReconciliationTaxSettlementsDomestic,"Effective Income Tax Rate Reconciliation, Tax Settlement, Domestic, Percent",Percentage of the difference between reported income tax expense (benefit) and expected income tax expense (benefit) computed by applying the domestic federal statutory income tax rates to pretax income (loss) from continuing operations attributable to domestic income tax settlement.
us-gaap:EmployeeRelatedLiabilitiesCurrent,us-gaap,EmployeeRelatedLiabilitiesCurrent,"Employee-related Liabilities, Current","Total of the carrying values as of the balance sheet date of obligations incurred through that date and payable for obligations related to services received from employees, such as accrued salaries and bonuses, payroll taxes and fringe benefits. Used to reflect the current portion of the liabilities (due within one year or within the normal operating cycle if longer)."
us-gaap:EmployeeRelatedLiabilitiesCurrentAndNoncurrent,us-gaap,EmployeeRelatedLiabilitiesCurrentAndNoncurrent,Employee-related Liabilities,"Total of the carrying values as of the balance sheet date of obligations incurred through that date and payable for obligations related to services received from employees, such as accrued salaries and bonuses, payroll taxes and fringe benefits."
us-gaap:EmployeeServiceShareBasedCompensationAllocationOfRecognizedPeriodCostsCapitalizedAmount,us-gaap,EmployeeServiceShareBasedCompensationAllocationOfRecognizedPeriodCostsCapitalizedAmount,"Share-based Payment Arrangement, Amount Capitalized",Amount of cost capitalized for award under share-based payment arrangement.
us-gaap:EmployeeServiceShareBasedCompensationCashFlowEffectCashUsedToSettleAwards,us-gaap,EmployeeServiceShareBasedCompensationCashFlowEffectCashUsedToSettleAwards,"Share-based Payment Arrangement, Cash Used to Settle Award",Aggregate cash paid by the entity during the period to settle equity instruments granted under equity-based payment arrangements.
us-gaap:EmployeeServiceShareBasedCompensationCashReceivedFromExerciseOfStockOptions,us-gaap,EmployeeServiceShareBasedCompensationCashReceivedFromExerciseOfStockOptions,"Employee Service Share-based Compensation, Cash Received from Exercise of Stock Options (Deprecated 2017-01-31)",Aggregate proceeds received by the entity during the annual period from exercises of stock or unit options and conversion of similar instruments granted under equity-based payment arrangements.
us-gaap:EmployeeServiceShareBasedCompensationNonvestedAwardsTotalCompensationCostNotYetRecognized,us-gaap,EmployeeServiceShareBasedCompensationNonvestedAwardsTotalCompensationCostNotYetRecognized,"Share-based Payment Arrangement, Nonvested Award, Cost Not yet Recognized, Amount",Amount of cost not yet recognized for nonvested award under share-based payment arrangement.
us-gaap:EmployeeServiceShareBasedCompensationNonvestedAwardsTotalCompensationCostNotYetRecognizedPeriodForRecognition,us-gaap,EmployeeServiceShareBasedCompensationNonvestedAwardsTotalCompensationCostNotYetRecognizedPeriodForRecognition,"Employee Service Share-based Compensation, Nonvested Awards, Total Compensation Cost Not yet Recognized, Period for Recognition (Deprecated 2012-01-31)","The weighted average period over which unrecognized compensation is expected to be recognized for equity-based compensation plans, using a decimal to express in number of years."
us-gaap:EmployeeServiceShareBasedCompensationNonvestedAwardsTotalCompensationCostNotYetRecognizedStockOptions,us-gaap,EmployeeServiceShareBasedCompensationNonvestedAwardsTotalCompensationCostNotYetRecognizedStockOptions,"Share-based Payment Arrangement, Nonvested Award, Option, Cost Not yet Recognized, Amount",Amount of cost to be recognized for option under share-based payment arrangement.
us-gaap:EmployeeServiceShareBasedCompensationTaxBenefitFromCompensationExpense,us-gaap,EmployeeServiceShareBasedCompensationTaxBenefitFromCompensationExpense,"Share-based Payment Arrangement, Expense, Tax Benefit",Amount of tax benefit for recognition of expense of award under share-based payment arrangement.
us-gaap:EmployeeServiceShareBasedCompensationTaxBenefitFromExerciseOfStockOptions,us-gaap,EmployeeServiceShareBasedCompensationTaxBenefitFromExerciseOfStockOptions,"Share-based Payment Arrangement, Exercise of Option, Tax Benefit",Amount of tax benefit from exercise of option under share-based payment arrangement.
us-gaap:EmployeeServiceShareBasedCompensationTaxBenefitRealizedFromExerciseOfStockOptions,us-gaap,EmployeeServiceShareBasedCompensationTaxBenefitRealizedFromExerciseOfStockOptions,"Employee Service Share-based Compensation, Tax Benefit Realized from Exercise of Stock Options (Deprecated 2017-01-31)",Disclosure of the aggregate tax benefit realized from the exercise of stock options and the conversion of similar instruments during the annual period.
us-gaap:EmployeeServiceShareBasedCompensationUnrecognizedCompensationCostsOnNonvestedAwards,us-gaap,EmployeeServiceShareBasedCompensationUnrecognizedCompensationCostsOnNonvestedAwards,"Employee Service Share-based Compensation, Unrecognized Compensation Costs on Nonvested Awards (Deprecated 2011-01-31)","As of the latest balance sheet date presented, the total compensation cost related to outstanding, nonvested equity-based compensation awards not yet recognized (will be charged against earnings as services are performed or other vesting criteria are met)."
us-gaap:EmployeeServiceShareBasedCompensationUnrecognizedCompensationCostsOnNonvestedAwardsWeightedAveragePeriodOfRecognition,us-gaap,EmployeeServiceShareBasedCompensationUnrecognizedCompensationCostsOnNonvestedAwardsWeightedAveragePeriodOfRecognition,"Employee Service Share-based Compensation, Unrecognized Compensation Costs on Nonvested Awards, Weighted Average Period of Recognition (Deprecated 2011-01-31)",The weighted average period over which unrecognized equity-based compensation costs are expected to be reported.
us-gaap:EnergyRelatedInventory,us-gaap,EnergyRelatedInventory,Energy Related Inventory,"Carrying amount as of the balance sheet date of merchandise, goods, commodities, or supplies relating to a source of usable power held for future sale or future use in manufacturing or production process."
us-gaap:EnergyRelatedInventoryChemicals,us-gaap,EnergyRelatedInventoryChemicals,"Energy Related Inventory, Chemicals","Carrying amount as of the balance sheet date of solvents or substances produced by or used in a process to change the shape, form or composition of some related matter."
us-gaap:EnergyRelatedInventoryNaturalGasInStorage,us-gaap,EnergyRelatedInventoryNaturalGasInStorage,"Energy Related Inventory, Natural Gas in Storage","Carrying amount as of the balance sheet date of natural gas in storage, which is a mixture of gases (liquefied or otherwise), used for fuel and manufacturing purposes, which is ready for sale."
us-gaap:EnergyRelatedInventoryPetroleum,us-gaap,EnergyRelatedInventoryPetroleum,"Energy Related Inventory, Petroleum",Carrying amount as of the balance sheet date of petroleum or crude oil.
us-gaap:EntityWideDisclosureOnGeographicAreasLongLivedAssetsInEntitysCountryOfDomicile,us-gaap,EntityWideDisclosureOnGeographicAreasLongLivedAssetsInEntitysCountryOfDomicile,"Disclosure on Geographic Areas, Long-Lived Assets in Entity's Country of Domicile (Deprecated 2013-01-31)","Amount of long-lived assets other than financial instruments, long-term customer relationships of a financial institution, mortgage and other servicing rights, deferred policy acquisition costs, and deferred tax assets, located in the entity's country of domicile."
us-gaap:EntityWideDisclosureOnGeographicAreasLongLivedAssetsInForeignCountries,us-gaap,EntityWideDisclosureOnGeographicAreasLongLivedAssetsInForeignCountries,"Disclosure on Geographic Areas, Long-Lived Assets in Foreign Countries (Deprecated 2013-01-31)","Amount of long-lived assets other than financial instruments, long-term customer relationships of a financial institution, mortgage and other servicing rights, deferred policy acquisition costs, and deferred tax assets, located in foreign countries in total in which the entity holds assets."
us-gaap:EntityWideDisclosureOnGeographicAreasLongLivedAssetsInIndividualForeignCountriesAmount,us-gaap,EntityWideDisclosureOnGeographicAreasLongLivedAssetsInIndividualForeignCountriesAmount,"Disclosure on Geographic Areas, Long-Lived Assets in Individual Foreign Countries, Amount (Deprecated 2011-01-31)","Amount of long-lived assets other than financial instruments, long-term customer relationships of a financial institution, mortgage and other servicing rights, deferred policy acquisition costs, and deferred tax assets located in foreign countries. An entity also may provide subtotals of geographic information about groups of countries; accordingly, this element also may be used to provide the amount of such long-lived assets for a group of countries."
us-gaap:EntityWideDisclosureOnGeographicAreasRevenueFromExternalCustomersAttributedToEntitysCountryOfDomicile,us-gaap,EntityWideDisclosureOnGeographicAreasRevenueFromExternalCustomersAttributedToEntitysCountryOfDomicile,"Disclosure on Geographic Areas, Revenue from External Customers Attributed to Entity's Country of Domicile (Deprecated 2013-01-31)",Revenues from external customers attributed to the entity's country of domicile.
us-gaap:EntityWideDisclosureOnGeographicAreasRevenueFromExternalCustomersAttributedToForeignCountries,us-gaap,EntityWideDisclosureOnGeographicAreasRevenueFromExternalCustomersAttributedToForeignCountries,"Disclosure on Geographic Areas, Revenue from External Customers Attributed to Foreign Countries (Deprecated 2013-01-31)",Revenues from external customers attributed to all foreign countries in total from which the entity derives revenues.
us-gaap:EntityWideDisclosureOnGeographicAreasRevenueFromExternalCustomersAttributedToIndividualForeignCountriesAmount,us-gaap,EntityWideDisclosureOnGeographicAreasRevenueFromExternalCustomersAttributedToIndividualForeignCountriesAmount,"Entity-Wide Disclosure on Geographic Areas, Revenue from External Customers Attributed to Individual Foreign Countries, Amount (Deprecated 2011-01-31)",Amount of revenue from external customers attributed to an individual foreign country from which revenue is material. An entity also may provide subtotals of geographic information about groups of countries.
us-gaap:EquityMethodInvestmentOwnershipPercentage,us-gaap,EquityMethodInvestmentOwnershipPercentage,"Equity Method Investment, Ownership Percentage",The percentage of ownership of common stock or equity participation in the investee accounted for under the equity method of accounting.
us-gaap:EquityMethodInvestmentRealizedGainLossOnDisposal,us-gaap,EquityMethodInvestmentRealizedGainLossOnDisposal,"Equity Method Investment, Realized Gain (Loss) on Disposal",Amount of gain (loss) on sale or disposal of an equity method investment.
us-gaap:EquityMethodInvestmentSoldCarryingAmount,us-gaap,EquityMethodInvestmentSoldCarryingAmount,"Equity Method Investment, Amount Sold",Amount of the entity's equity method investment which has been sold.
us-gaap:EquityMethodInvestmentSummarizedFinancialInformationCurrentAssets,us-gaap,EquityMethodInvestmentSummarizedFinancialInformationCurrentAssets,"Equity Method Investment, Summarized Financial Information, Current Assets (Deprecated 2020-01-31)",The amount of current assets reported by an equity method investment of the entity.
us-gaap:EquityMethodInvestmentSummarizedFinancialInformationCurrentLiabilities,us-gaap,EquityMethodInvestmentSummarizedFinancialInformationCurrentLiabilities,"Equity Method Investment, Summarized Financial Information, Current Liabilities (Deprecated 2020-01-31)",The amount of current liabilities reported by an equity method investment of the entity.
us-gaap:EquityMethodInvestmentSummarizedFinancialInformationGrossProfitLoss,us-gaap,EquityMethodInvestmentSummarizedFinancialInformationGrossProfitLoss,"Equity Method Investment, Summarized Financial Information, Gross Profit (Loss) (Deprecated 2020-01-31)",The amount of gross profit (loss) reported by an equity method investment of the entity.
us-gaap:EquityMethodInvestmentSummarizedFinancialInformationIncomeLossFromContinuingOperationsBeforeExtraordinaryItems,us-gaap,EquityMethodInvestmentSummarizedFinancialInformationIncomeLossFromContinuingOperationsBeforeExtraordinaryItems,"Equity Method Investment, Summarized Financial Information, Income (Loss) from Continuing Operations (Deprecated 2020-01-31)",Amount of income (loss) from continuing operations reported by an equity method investee.
us-gaap:EquityMethodInvestmentSummarizedFinancialInformationNetIncomeLoss,us-gaap,EquityMethodInvestmentSummarizedFinancialInformationNetIncomeLoss,"Equity Method Investment, Summarized Financial Information, Net Income (Loss) (Deprecated 2020-01-31)",The amount of net income (loss) reported by an equity method investment of the entity.
us-gaap:EquityMethodInvestmentSummarizedFinancialInformationNoncurrentAssets,us-gaap,EquityMethodInvestmentSummarizedFinancialInformationNoncurrentAssets,"Equity Method Investment, Summarized Financial Information, Noncurrent Assets (Deprecated 2020-01-31)",The amount of noncurrent assets reported by an equity method investment of the entity.
us-gaap:EquityMethodInvestmentSummarizedFinancialInformationNoncurrentLiabilities,us-gaap,EquityMethodInvestmentSummarizedFinancialInformationNoncurrentLiabilities,"Equity Method Investment, Summarized Financial Information, Noncurrent Liabilities (Deprecated 2020-01-31)",The amount of noncurrent liabilities reported by an equity method investment of the entity.
us-gaap:EquityMethodInvestmentSummarizedFinancialInformationRedeemablePreferredStock,us-gaap,EquityMethodInvestmentSummarizedFinancialInformationRedeemablePreferredStock,"Equity Method Investment, Summarized Financial Information, Redeemable Preferred Stock (Deprecated 2020-01-31)",The amount of redeemable preferred stock reported by an equity method investment of the entity.
us-gaap:EquityMethodInvestmentSummarizedFinancialInformationRevenue,us-gaap,EquityMethodInvestmentSummarizedFinancialInformationRevenue,"Equity Method Investment, Summarized Financial Information, Revenue (Deprecated 2020-01-31)",Amount of revenue from sale of product and rendering of service reported by equity method investee.
us-gaap:EquityMethodInvestments,us-gaap,EquityMethodInvestments,Equity Method Investments,"This item represents the carrying amount on the entity's balance sheet of its investment in common stock of an equity method investee. This is not an indicator of the fair value of the investment, rather it is the initial cost adjusted for the entity's share of earnings and losses of the investee, adjusted for any distributions (dividends) and other than temporary impairment (OTTI) losses recognized."
us-gaap:EquityMethodInvestmentsFairValueDisclosure,us-gaap,EquityMethodInvestmentsFairValueDisclosure,"Equity Method Investments, Fair Value Disclosure",Fair value portion of investments accounted under the equity method.
us-gaap:EquitySecuritiesFVNINoncurrent,us-gaap,EquitySecuritiesFVNINoncurrent,,
us-gaap:EquitySecuritiesFvNi,us-gaap,EquitySecuritiesFvNi,"Equity Securities, FV-NI",Amount of investment in equity security measured at fair value with change in fair value recognized in net income (FV-NI).
us-gaap:EquitySecuritiesFvNiAndWithoutReadilyDeterminableFairValue,us-gaap,EquitySecuritiesFvNiAndWithoutReadilyDeterminableFairValue,"Equity Securities, FV-NI and without Readily Determinable Fair Value",Amount of investment in equity security measured at fair value with change in fair value recognized in net income (FV-NI) and investment in equity security without readily determinable fair value.
us-gaap:EquitySecuritiesFvNiCost,us-gaap,EquitySecuritiesFvNiCost,"Equity Securities, FV-NI, Cost",Cost of investment in equity security measured at fair value with change in fair value recognized in net income (FV-NI). Excludes equity method investment and investment in equity security without readily determinable fair value.
us-gaap:EquitySecuritiesFvNiGainLoss,us-gaap,EquitySecuritiesFvNiGainLoss,"Equity Securities, FV-NI, Gain (Loss)",Amount of unrealized and realized gain (loss) on investment in equity security measured at fair value with change in fair value recognized in net income (FV-NI).
us-gaap:EquitySecuritiesFvNiRealizedGainLoss,us-gaap,EquitySecuritiesFvNiRealizedGainLoss,"Equity Securities, FV-NI, Realized Gain (Loss)",Amount of realized gain (loss) from sale of investment in equity security measured at fair value with change in fair value recognized in net income (FV-NI).
us-gaap:EquitySecuritiesFvNiUnrealizedGain,us-gaap,EquitySecuritiesFvNiUnrealizedGain,"Equity Securities, FV-NI, Unrealized Gain",Amount of unrealized gain on investment in equity security measured at fair value with change in fair value recognized in net income (FV-NI).
us-gaap:EquitySecuritiesFvNiUnrealizedGainLoss,us-gaap,EquitySecuritiesFvNiUnrealizedGainLoss,"Equity Securities, FV-NI, Unrealized Gain (Loss)",Amount of unrealized gain (loss) on investment in equity security measured at fair value with change in fair value recognized in net income (FV-NI).
us-gaap:EquitySecuritiesFvNiUnrealizedLoss,us-gaap,EquitySecuritiesFvNiUnrealizedLoss,"Equity Securities, FV-NI, Unrealized Loss",Amount of unrealized loss on investment in equity security measured at fair value with change in fair value recognized in net income (FV-NI).
us-gaap:EquitySecuritiesWithoutReadilyDeterminableFairValueAmount,us-gaap,EquitySecuritiesWithoutReadilyDeterminableFairValueAmount,"Equity Securities without Readily Determinable Fair Value, Amount",Amount of investment in equity security without readily determinable fair value.
us-gaap:EquitySecuritiesWithoutReadilyDeterminableFairValueDownwardPriceAdjustmentAnnualAmount,us-gaap,EquitySecuritiesWithoutReadilyDeterminableFairValueDownwardPriceAdjustmentAnnualAmount,"Equity Securities without Readily Determinable Fair Value, Downward Price Adjustment, Annual Amount",Amount of loss from downward price adjustment on investment in equity security without readily determinable fair value.
us-gaap:EquitySecuritiesWithoutReadilyDeterminableFairValueDownwardPriceAdjustmentCumulativeAmount,us-gaap,EquitySecuritiesWithoutReadilyDeterminableFairValueDownwardPriceAdjustmentCumulativeAmount,"Equity Securities without Readily Determinable Fair Value, Downward Price Adjustment, Cumulative Amount",Amount of cumulative loss from downward price adjustment on investment in equity security without readily determinable fair value.
us-gaap:EquitySecuritiesWithoutReadilyDeterminableFairValueUpwardPriceAdjustmentAnnualAmount,us-gaap,EquitySecuritiesWithoutReadilyDeterminableFairValueUpwardPriceAdjustmentAnnualAmount,"Equity Securities without Readily Determinable Fair Value, Upward Price Adjustment, Annual Amount",Amount of gain from upward price adjustment on investment in equity security without readily determinable fair value.
us-gaap:EquitySecuritiesWithoutReadilyDeterminableFairValueUpwardPriceAdjustmentCumulativeAmount,us-gaap,EquitySecuritiesWithoutReadilyDeterminableFairValueUpwardPriceAdjustmentCumulativeAmount,"Equity Securities without Readily Determinable Fair Value, Upward Price Adjustment, Cumulative Amount",Amount of cumulative gain from upward price adjustment on investment in equity security without readily determinable fair value.
us-gaap:ExcessOfReplacementOrCurrentCostsOverStatedLIFOValue,us-gaap,ExcessOfReplacementOrCurrentCostsOverStatedLIFOValue,Excess of Replacement or Current Costs over Stated LIFO Value,The excess of replacement or current cost over the stated LIFO (last in first out) inventory value when the LIFO inventory method is utilized.
us-gaap:ExcessTaxBenefitFromShareBasedCompensationFinancingActivities,us-gaap,ExcessTaxBenefitFromShareBasedCompensationFinancingActivities,"Excess Tax Benefit from Share-based Compensation, Financing Activities",Amount of cash inflow from realized tax benefit related to deductible compensation cost reported on the entity's tax return for equity instruments in excess of the compensation cost for those instruments recognized for financial reporting purposes.
us-gaap:ExcessTaxBenefitFromShareBasedCompensationOperatingActivities,us-gaap,ExcessTaxBenefitFromShareBasedCompensationOperatingActivities,"Excess Tax Benefit from Share-based Compensation, Operating Activities",Amount of cash outflow for realized tax benefit related to deductible compensation cost reported on the entity's tax return for equity instruments in excess of the compensation cost for those instruments recognized for financial reporting purposes.
us-gaap:ExciseAndSalesTaxes,us-gaap,ExciseAndSalesTaxes,Excise and Sales Taxes,"The amount of excise and sales taxes included in sales and revenues, which are then deducted as a cost of sales. Includes excise taxes, which are applied to specific types of transactions or items (such as gasoline or alcohol); and sales, use and value added taxes, which are applied to a broad class of revenue-producing transactions involving a wide range of goods and services."
us-gaap:ExplorationExpense,us-gaap,ExplorationExpense,Exploration Expense,"""Exploration expenses (including prospecting) related to oil and gas producing entities and would be included in operating expenses of that entity. Costs incurred in identifying areas that may warrant examination and in examining specific areas that are considered to have prospects of containing oil and gas reserves, including costs of drilling exploratory wells and exploratory-type stratigraphic test wells. Exploration costs may be incurred both before acquiring the related property (sometimes referred to in part as prospecting costs) and after acquiring the property. Principal types of exploration costs, which include depreciation and applicable operating costs of support equipment and facilities and other costs of exploration activities, are: (i) Costs of topographical, geographical and geophysical studies, rights of access to properties to conduct those studies, and salaries and other expenses of geologists, geophysical crews, and others conducting those studies. Collectively, these are sometimes referred to as geological and geophysical or """"G&G"""" costs. (ii) Costs of carrying and retaining undeveloped properties, such as delay rentals, ad valorem taxes on properties, legal costs for title defense, and the maintenance of land and lease records. (iii) Dry hole contributions and bottom hole contributions. (iv) Costs of drilling and equipping exploratory wells. (v) Costs of drilling exploratory-type stratigraphic test wells."""
us-gaap:ExtinguishmentOfDebtAmount,us-gaap,ExtinguishmentOfDebtAmount,"Extinguishment of Debt, Amount",Gross amount of debt extinguished.
us-gaap:ExtraordinaryItemNetOfTax,us-gaap,ExtraordinaryItemNetOfTax,"Extraordinary Item, Gain (Loss), Net of Tax, Including Portion Attributable to Noncontrolling Interest (Deprecated 2019-01-31)","Net of tax amount of gain (loss) classified as extraordinary item, including amount attributable to noncontrolling interests."
us-gaap:FairValueAdjustmentOfWarrants,us-gaap,FairValueAdjustmentOfWarrants,Fair Value Adjustment of Warrants,Amount of expense (income) related to adjustment to fair value of warrant liability.
us-gaap:FairValueAssetsMeasuredOnRecurringBasisCashAndCashEquivalents,us-gaap,FairValueAssetsMeasuredOnRecurringBasisCashAndCashEquivalents,"Fair Value, Assets Measured on Recurring Basis, Cash and Cash Equivalents (Deprecated 2011-01-31)","This element represents a certain statement of financial position asset caption which represents a class of assets, or which may include an individual asset, measured at fair value on a recurring basis."
us-gaap:FairValueAssetsMeasuredOnRecurringBasisChangeInUnrealizedGainLossIncludedInOtherIncome,us-gaap,FairValueAssetsMeasuredOnRecurringBasisChangeInUnrealizedGainLossIncludedInOtherIncome,"Fair Value, Assets Measured on Recurring Basis, Change in Unrealized Gain (Loss) Included in Other Income (Deprecated 2013-01-31)",This item represents the amount of the total change in unrealized (holding) gains or losses for the period which are included in the statement of income (or changes in net assets) in other income. Such unrealized (holding) gains or losses relate to those assets still held at the reporting date for which fair value is measured on a recurring basis using significant unobservable inputs (Level 3).
us-gaap:FairValueAssetsMeasuredOnRecurringBasisDerivativeFinancialInstrumentsAssets,us-gaap,FairValueAssetsMeasuredOnRecurringBasisDerivativeFinancialInstrumentsAssets,"Fair Value, Assets Measured on Recurring Basis, Derivative Financial Instruments, Assets (Deprecated 2011-01-31)","This element represents a certain statement of financial position asset caption which represents a class of assets, or which may include an individual asset, measured at fair value on a recurring basis."
us-gaap:FairValueAssetsMeasuredOnRecurringBasisEquityMethodInvestments,us-gaap,FairValueAssetsMeasuredOnRecurringBasisEquityMethodInvestments,"Fair Value, Assets Measured on Recurring Basis, Equity Method Investments (Deprecated 2011-01-31)","This element represents a certain statement of financial position asset caption which represents a class of assets, or which may include an individual asset, measured at fair value on a recurring basis."
us-gaap:FairValueAssetsMeasuredOnRecurringBasisLoansReceivable,us-gaap,FairValueAssetsMeasuredOnRecurringBasisLoansReceivable,"Fair Value, Assets Measured on Recurring Basis, Loans Receivable (Deprecated 2011-01-31)","This element represents a certain statement of financial position asset caption which represents a class of assets, or which may include an individual asset, measured at fair value on a recurring basis."
us-gaap:FairValueAssetsMeasuredOnRecurringBasisServicingRights,us-gaap,FairValueAssetsMeasuredOnRecurringBasisServicingRights,"Fair Value, Assets Measured on Recurring Basis, Servicing Rights (Deprecated 2011-01-31)","This element represents a certain statement of financial position asset caption which represents a class of assets, or which may include an individual asset, measured at fair value on a recurring basis."
us-gaap:FairValueAssetsMeasuredOnRecurringBasisTradingAccountAssets,us-gaap,FairValueAssetsMeasuredOnRecurringBasisTradingAccountAssets,"Fair Value, Assets Measured on Recurring Basis, Trading Account Assets (Deprecated 2011-01-31)","This element represents a certain statement of financial position asset caption which represents a class of assets, or which may include an individual asset, measured at fair value on a recurring basis."
us-gaap:FairValueConcentrationOfRiskForeignCurrencyContracts,us-gaap,FairValueConcentrationOfRiskForeignCurrencyContracts,"Fair Value, Concentration of Risk, Foreign Currency Contracts","This item represents disclosure of all significant concentrations of credit risk or market risk arising from the subject financial instrument (as defined), whether from an individual counterparty or groups of counterparties."
us-gaap:FairValueHedgesAtFairValueNet,us-gaap,FairValueHedgesAtFairValueNet,"Fair Value Hedges, Net",Net fair value of all derivative instruments designated as fair value hedging instruments.
us-gaap:FairValueInvestmentsEntitiesThatCalculateNetAssetValuePerShareUnfundedCommittments,us-gaap,FairValueInvestmentsEntitiesThatCalculateNetAssetValuePerShareUnfundedCommittments,"Fair Value, Investments, Entities that Calculate Net Asset Value Per Share, Unfunded Commitments","The amount of unfunded commitments for which the entity is obligated, to those certain investments for which net asset value per share is calculated (including by unit, membership interest, or other equity (ownership interest) unit measure) (alternative investments)."
us-gaap:FairValueLiabilitiesMeasuredOnRecurringBasisBorrowings,us-gaap,FairValueLiabilitiesMeasuredOnRecurringBasisBorrowings,"Fair Value, Liabilities Measured on Recurring Basis, Borrowings (Deprecated 2011-01-31)","This element represents a certain statement of financial position liability caption which represents a class of liabilities, or which may include an individual liability, measured at fair value on a recurring basis."
us-gaap:FairValueLiabilitiesMeasuredOnRecurringBasisDerivativeFinancialInstrumentsLiabilities,us-gaap,FairValueLiabilitiesMeasuredOnRecurringBasisDerivativeFinancialInstrumentsLiabilities,"Fair Value, Liabilities Measured on Recurring Basis, Derivative Financial Instruments, Liabilities (Deprecated 2011-01-31)","This element represents a certain statement of financial position liability caption which represents a class of liabilities, or which may include an individual liability, measured at fair value on a recurring basis."
us-gaap:FairValueLiabilitiesMeasuredOnRecurringBasisObligations,us-gaap,FairValueLiabilitiesMeasuredOnRecurringBasisObligations,"Obligations, Fair Value Disclosure",Fair value of obligations measured on a recurring basis.
us-gaap:FairValueLiabilitiesMeasuredOnRecurringBasisSecuritiesSoldNotYetPurchased,us-gaap,FairValueLiabilitiesMeasuredOnRecurringBasisSecuritiesSoldNotYetPurchased,"Fair Value, Liabilities Measured on Recurring Basis, Securities Sold, Not yet Purchased (Deprecated 2011-01-31)","This element represents a certain statement of financial position liability caption which represents a class of liabilities, or which may include an individual liability, measured at fair value on a recurring basis."
us-gaap:FairValueMeasuredOnRecurringBasisInvestments,us-gaap,FairValueMeasuredOnRecurringBasisInvestments,"Fair Value, Measured on Recurring Basis, Investments (Deprecated 2011-01-31)","This element represents a certain statement of financial position asset caption which represents a class of assets, or which may include an individual asset, measured at fair value on a recurring basis."
us-gaap:FairValueMeasurementWithUnobservableInputsReconciliationRecurringBasisAssetGainLossIncludedInEarnings,us-gaap,FairValueMeasurementWithUnobservableInputsReconciliationRecurringBasisAssetGainLossIncludedInEarnings,"Fair Value, Measurement with Unobservable Inputs Reconciliation, Recurring Basis, Asset, Gain (Loss) Included in Earnings (Deprecated 2012-01-31)","This element represents total gains or losses for the period (realized and unrealized), arising from assets measured at fair value on a recurring basis using unobservable inputs (Level 3), which are included in earnings or resulted in a change in net asset value."
us-gaap:FairValueMeasurementWithUnobservableInputsReconciliationRecurringBasisAssetGainLossIncludedInEarnings1,us-gaap,FairValueMeasurementWithUnobservableInputsReconciliationRecurringBasisAssetGainLossIncludedInEarnings1,"Fair Value, Measurement with Unobservable Inputs Reconciliation, Recurring Basis, Asset, Gain (Loss) Included in Earnings",Amount of gain (loss) recognized in income from asset measured at fair value on recurring basis using unobservable input (level 3).
us-gaap:FairValueMeasurementWithUnobservableInputsReconciliationRecurringBasisAssetGainLossIncludedInOtherComprehensiveIncome,us-gaap,FairValueMeasurementWithUnobservableInputsReconciliationRecurringBasisAssetGainLossIncludedInOtherComprehensiveIncome,"Fair Value, Measurement with Unobservable Inputs Reconciliation, Recurring Basis, Asset, Gain (Loss) Included in Other Comprehensive Income (Loss) (Deprecated 2012-01-31)","This element represents total gains or losses for the period (realized and unrealized), arising from assets measured at fair value on a recurring basis using unobservable inputs (Level 3), which are included in other comprehensive income (a separate component of shareholders' equity)."
us-gaap:FairValueMeasurementWithUnobservableInputsReconciliationRecurringBasisAssetGainLossIncludedInOtherComprehensiveIncomeLoss,us-gaap,FairValueMeasurementWithUnobservableInputsReconciliationRecurringBasisAssetGainLossIncludedInOtherComprehensiveIncomeLoss,"Fair Value, Measurement with Unobservable Inputs Reconciliation, Recurring Basis, Asset, Gain (Loss) Included in Other Comprehensive Income (Loss)",Amount of gain (loss) recognized in other comprehensive income (OCI) from asset measured at fair value on recurring basis using unobservable input (level 3).
us-gaap:FairValueMeasurementWithUnobservableInputsReconciliationRecurringBasisAssetPurchases,us-gaap,FairValueMeasurementWithUnobservableInputsReconciliationRecurringBasisAssetPurchases,"Fair Value, Measurement with Unobservable Inputs Reconciliation, Recurring Basis, Asset, Purchases",Amount of purchases of financial instrument classified as an asset measured using unobservable inputs that reflect the entity's own assumption about the assumptions market participants would use in pricing.
us-gaap:FairValueMeasurementWithUnobservableInputsReconciliationRecurringBasisAssetPurchasesSalesIssuancesSettlements,us-gaap,FairValueMeasurementWithUnobservableInputsReconciliationRecurringBasisAssetPurchasesSalesIssuancesSettlements,"Fair Value, Measurement with Unobservable Inputs Reconciliation, Recurring Basis, Asset, Purchases, (Sales), Issuances, (Settlements)","Amount of purchases, (sales), issuances and (settlements) of financial instrument classified as an asset measured using unobservable inputs that reflect the entity's own assumption about the assumptions market participants would use in pricing."
us-gaap:FairValueMeasurementWithUnobservableInputsReconciliationRecurringBasisAssetTransfersNet,us-gaap,FairValueMeasurementWithUnobservableInputsReconciliationRecurringBasisAssetTransfersNet,"Fair Value, Measurement with Unobservable Inputs Reconciliation, Recurring Basis, Asset, Transfers, Net",Amount of transfer of financial instrument classified as an asset into (out of) level 3 of the fair value hierarchy.
us-gaap:FairValueMeasurementWithUnobservableInputsReconciliationRecurringBasisAssetTransfersOutOfLevel3,us-gaap,FairValueMeasurementWithUnobservableInputsReconciliationRecurringBasisAssetTransfersOutOfLevel3,"Fair Value, Measurement with Unobservable Inputs Reconciliation, Recurring Basis, Asset, Transfers out of Level 3",Amount of transfers of financial instrument classified as an asset out of level 3 of the fair value hierarchy.
us-gaap:FairValueMeasurementWithUnobservableInputsReconciliationRecurringBasisAssetValue,us-gaap,FairValueMeasurementWithUnobservableInputsReconciliationRecurringBasisAssetValue,"Fair Value, Measurement with Unobservable Inputs Reconciliation, Recurring Basis, Asset Value",Fair value of financial instrument classified as an asset measured using unobservable inputs that reflect the entity's own assumption about the assumptions market participants would use in pricing.
us-gaap:FairValueMeasurementWithUnobservableInputsReconciliationRecurringBasisLiabilityGainLossIncludedInEarnings,us-gaap,FairValueMeasurementWithUnobservableInputsReconciliationRecurringBasisLiabilityGainLossIncludedInEarnings,"Fair Value, Measurement with Unobservable Inputs Reconciliation, Recurring Basis, Liability, Gain (Loss) Included in Earnings",Amount of gain (loss) recognized in income from liability measured at fair value on recurring basis using unobservable input (level 3).
us-gaap:FairValueMeasurementWithUnobservableInputsReconciliationRecurringBasisLiabilityPurchases,us-gaap,FairValueMeasurementWithUnobservableInputsReconciliationRecurringBasisLiabilityPurchases,"Fair Value, Measurement with Unobservable Inputs Reconciliation, Recurring Basis, Liability, Purchases",Amount of purchases of financial instrument classified as a liability measured using unobservable inputs that reflect the entity's own assumption about the assumptions market participants would use in pricing.
us-gaap:FairValueMeasurementWithUnobservableInputsReconciliationRecurringBasisLiabilitySettlements,us-gaap,FairValueMeasurementWithUnobservableInputsReconciliationRecurringBasisLiabilitySettlements,"Fair Value, Measurement with Unobservable Inputs Reconciliation, Recurring Basis, Liability, Settlements",Amount of settlements of financial instrument classified as a liability measured using unobservable inputs that reflect the entity's own assumption about the assumptions market participants would use in pricing.
us-gaap:FairValueMeasurementWithUnobservableInputsReconciliationsRecurringBasisLiabilityValue,us-gaap,FairValueMeasurementWithUnobservableInputsReconciliationsRecurringBasisLiabilityValue,"Fair Value, Measurement with Unobservable Inputs Reconciliation, Recurring Basis, Liability Value",Fair value of financial instrument classified as a liability measured using unobservable inputs that reflect the entity's own assumption about the assumptions market participants would use in pricing.
us-gaap:FairValueNetAssetLiability,us-gaap,FairValueNetAssetLiability,"Fair Value, Net Asset (Liability)",Fair value of asset after deduction of liability.
us-gaap:FairValueNetDerivativeAssetLiabilityMeasuredOnRecurringBasisChangeInUnrealizedGainLoss,us-gaap,FairValueNetDerivativeAssetLiabilityMeasuredOnRecurringBasisChangeInUnrealizedGainLoss,"Fair Value, Net Derivative Asset (Liability), Recurring Basis, Still Held, Unrealized Gain (Loss)","Amount of unrealized gain (loss) recognized in income for derivative asset (liability) after deduction of derivative liability (asset), measured at fair value using unobservable input (level 3) and still held."
us-gaap:FairValueNetDerivativeAssetLiabilityMeasuredOnRecurringBasisUnobservableInputsReconciliationPurchases,us-gaap,FairValueNetDerivativeAssetLiabilityMeasuredOnRecurringBasisUnobservableInputsReconciliationPurchases,"Fair Value, Net Derivative Asset (Liability) Measured on Recurring Basis, Unobservable Inputs Reconciliation, Purchases","Amount of purchases of financial instrument classified as a derivative asset (liability) after deduction of derivative liability (asset), measured using unobservable inputs that reflect the entity's own assumption about the assumptions market participants would use in pricing."
us-gaap:FairValueNetDerivativeAssetLiabilityMeasuredOnRecurringBasisUnobservableInputsReconciliationSales,us-gaap,FairValueNetDerivativeAssetLiabilityMeasuredOnRecurringBasisUnobservableInputsReconciliationSales,"Fair Value, Net Derivative Asset (Liability) Measured on Recurring Basis, Unobservable Inputs Reconciliation, Sales","Amount of sales of financial instrument classified as a derivative asset (liability) after deduction of derivative liability (asset), measured using unobservable inputs that reflect the entity's own assumption about the assumptions market participants would use in pricing."
us-gaap:FairValueNetDerivativeAssetLiabilityMeasuredOnRecurringBasisUnobservableInputsReconciliationSettlements,us-gaap,FairValueNetDerivativeAssetLiabilityMeasuredOnRecurringBasisUnobservableInputsReconciliationSettlements,"Fair Value, Net Derivative Asset (Liability) Measured on Recurring Basis, Unobservable Inputs Reconciliation, Settlements","Amount of settlements of financial instrument classified as a derivative asset (liability) after deduction of derivative liability, measured using unobservable inputs that reflect the entity's own assumption about the assumptions market participants would use in pricing."
us-gaap:FairValueNetDerivativeAssetLiabilityMeasuredOnRecurringBasisUnobservableInputsReconciliationTransfersIntoLevel3,us-gaap,FairValueNetDerivativeAssetLiabilityMeasuredOnRecurringBasisUnobservableInputsReconciliationTransfersIntoLevel3,"Fair Value, Net Derivative Asset (Liability) Measured on Recurring Basis, Unobservable Inputs Reconciliation, Transfers into Level 3",Amount of transfers of financial instrument classified as a derivative asset (liability) after deduction of derivative liability (asset) into level 3 of the fair value hierarchy.
us-gaap:FairValueNetDerivativeAssetLiabilityMeasuredOnRecurringBasisUnobservableInputsReconciliationTransfersNet,us-gaap,FairValueNetDerivativeAssetLiabilityMeasuredOnRecurringBasisUnobservableInputsReconciliationTransfersNet,"Fair Value, Net Derivative Asset (Liability) Measured on Recurring Basis, Unobservable Inputs Reconciliation, Transfers, Net",Amount of transfers of financial instrument classified as a derivative asset (liability) after deduction of derivative liability (asset) into (out of) level 3 of the fair value hierarchy.
us-gaap:FairValueNetDerivativeAssetLiabilityMeasuredOnRecurringBasisUnobservableInputsReconciliationTransfersOutOfLevel3,us-gaap,FairValueNetDerivativeAssetLiabilityMeasuredOnRecurringBasisUnobservableInputsReconciliationTransfersOutOfLevel3,"Fair Value, Net Derivative Asset (Liability) Measured on Recurring Basis, Unobservable Inputs Reconciliation, Transfers out of Level 3",Amount of transfers of financial instrument classified as derivative asset (liability) after deduction of derivative liability (asset) out of level 3 of the fair value hierarchy.
us-gaap:FairValueNetDerivativeAssetLiabilityMeasuredOnRecurringBasisWithUnobservableInputs,us-gaap,FairValueNetDerivativeAssetLiabilityMeasuredOnRecurringBasisWithUnobservableInputs,"Fair Value, Net Derivative Asset (Liability) Measured on Recurring Basis with Unobservable Inputs","Fair value of financial instrument classified as derivative asset (liability) after deduction of derivative liability (asset), measured using unobservable inputs that reflect the entity's own assumption about the assumptions market participants would use in pricing."
us-gaap:FairValueOfSecuritiesReceivedAsCollateralThatCanBeResoldOrRepledged,us-gaap,FairValueOfSecuritiesReceivedAsCollateralThatCanBeResoldOrRepledged,Fair Value of Securities Received as Collateral that Can be Resold or Repledged,"Fair value of collateral permitted, by contact or custom, to be sold or re-pledged."
us-gaap:FairValueOfSecuritiesReceivedAsCollateralThatHaveBeenResoldOrRepledged,us-gaap,FairValueOfSecuritiesReceivedAsCollateralThatHaveBeenResoldOrRepledged,Fair Value of Securities Received as Collateral that Have Been Resold or Repledged,"Fair value of the collateral, or portion thereof, that has been re-pledged, delivered, or otherwise used."
us-gaap:FairValueOptionChangesInFairValueGainLoss,us-gaap,FairValueOptionChangesInFairValueGainLoss,"Fair Value, Option, Changes in Fair Value, Gain (Loss) (Deprecated 2012-01-31)","This item represents, for each line item in the statement of financial position, the amounts of gains and losses from fair value changes included in earnings during the period and in which line in the income statement those gains and losses are reported. This item may also include amounts of gains and losses for other items measured at fair value, but for which the fair value option has not been elected (for instance, items required to be measured at fair value)."
us-gaap:FairValueOptionChangesInFairValueGainLoss1,us-gaap,FairValueOptionChangesInFairValueGainLoss1,"Fair Value, Option, Changes in Fair Value, Gain (Loss)","For each line item in the statement of financial position, the amounts of gains and losses from fair value changes included in earnings."
us-gaap:FairValueOptionCreditRiskGainsLossesOnAssets,us-gaap,FairValueOptionCreditRiskGainsLossesOnAssets,"Fair Value, Option, Credit Risk, Gains (Losses) on Assets",This item represents the estimated amount of gains or losses included in earnings during the period attributable to changes in instrument-specific credit risk arising from loans and other receivables held as assets.
us-gaap:FairValueOptionCreditRiskGainsLossesOnLiabilities,us-gaap,FairValueOptionCreditRiskGainsLossesOnLiabilities,"Fair Value, Option, Credit Risk, Gains (Losses) on Liabilities (Deprecated 2018-01-31)",This item represents the estimated amount of gains and losses from fair value changes included in earnings that are attributable to changes in the instrument-specific credit risk of liabilities with fair values that have been significantly affected during the reporting period by changes in the instrument-specific credit risk.
us-gaap:FairValueOptionLoansHeldAsAssetsAggregateDifference,us-gaap,FairValueOptionLoansHeldAsAssetsAggregateDifference,"Fair Value, Option, Loans Held as Assets, Aggregate Difference","For loans held as assets for which the fair value option has been elected, this item represents the difference between the aggregate fair value and the aggregate unpaid principal balance of those loans that are 90 days or more past due, in nonaccrual status, or both."
us-gaap:FederalDepositInsuranceCorporationPremiumExpense,us-gaap,FederalDepositInsuranceCorporationPremiumExpense,Federal Deposit Insurance Corporation Premium Expense,Amount of expense for Federal Deposit Insurance Corporation (FDIC) insurance.
us-gaap:FederalFundsPurchasedAndSecuritiesSoldUnderAgreementsToRepurchase,us-gaap,FederalFundsPurchasedAndSecuritiesSoldUnderAgreementsToRepurchase,Federal Funds Purchased and Securities Sold under Agreements to Repurchase,"Amount after offset of short term borrowing where a bank borrows, at the federal funds rate, from another bank and securities that an entity sells and agrees to repurchase at a specified date for a specified price."
us-gaap:FederalFundsSoldAndSecuritiesPurchasedUnderAgreementsToResell,us-gaap,FederalFundsSoldAndSecuritiesPurchasedUnderAgreementsToResell,Federal Funds Sold and Securities Purchased under Agreements to Resell,"Includes: (1) the amount outstanding of funds lent to other depository institutions, securities brokers, or securities dealers in the form of Federal Funds sold; for example, immediately available funds lent under agreements or contracts that mature in one business day or roll over under a continuing contract, regardless of the nature of the transaction or the collateral involved, excluding overnight lending for commercial and industrial purposes. Also include Federal Funds sold under agreements to resell on a gross basis, excluding (1) sales of term Federal Funds, (2) due bills representing purchases of securities or other assets by the reporting bank that have not yet been delivered and similar instruments, (3) resale agreements that mature in more than one business day involving assets other than securities, and (4) yield maintenance dollar repurchase agreements (Federal Funds Sold) and (2) the dollar amount outstanding of funds lent in the form of security resale agreements regardless of maturity, if the agreement requires the bank to resell the identical security purchased or a security that meets the definition of substantially the same in the case of a dollar roll. Also include purchases of participations in pools of securities, regardless of maturity (Securities Purchased Under Agreements to Re-sell)."
us-gaap:FederalHomeLoanBankAdvancesLongTerm,us-gaap,FederalHomeLoanBankAdvancesLongTerm,Long-term Federal Home Loan Bank Advances,"Including both current and noncurrent portions, Federal Home Loan Bank borrowings initially due beyond one year or beyond the normal operating cycle if longer."
us-gaap:FederalHomeLoanBankAdvancesMaturitiesSummaryDueAfterFiveYearsOfBalanceSheetDate,us-gaap,FederalHomeLoanBankAdvancesMaturitiesSummaryDueAfterFiveYearsOfBalanceSheetDate,"Federal Home Loan Bank, Advance, Maturity, after Year Five",Amount of advance from Federal Home Loan Bank (FHLBank) maturing after fifth fiscal year following current fiscal year. Excludes interim and annual periods when interim periods are reported from current statement of financial position date (rolling approach).
us-gaap:FederalHomeLoanBankAdvancesMaturitiesSummaryDueFromFourToFiveYearsOfBalanceSheetDate,us-gaap,FederalHomeLoanBankAdvancesMaturitiesSummaryDueFromFourToFiveYearsOfBalanceSheetDate,"Federal Home Loan Bank, Advance, Maturity, Year Five",Amount of advance from Federal Home Loan Bank (FHLBank) maturing in fifth fiscal year following current fiscal year. Excludes interim and annual periods when interim periods are reported from current statement of financial position date (rolling approach).
us-gaap:FederalHomeLoanBankAdvancesMaturitiesSummaryDueFromOneToTwoYearsOfBalanceSheetDate,us-gaap,FederalHomeLoanBankAdvancesMaturitiesSummaryDueFromOneToTwoYearsOfBalanceSheetDate,"Federal Home Loan Bank, Advance, Maturity, Year Two",Amount of advance from Federal Home Loan Bank (FHLBank) maturing in second fiscal year following current fiscal year. Excludes interim and annual periods when interim periods are reported from current statement of financial position date (rolling approach).
us-gaap:FederalHomeLoanBankAdvancesMaturitiesSummaryDueFromThreeToFourYearsOfBalanceSheetDate,us-gaap,FederalHomeLoanBankAdvancesMaturitiesSummaryDueFromThreeToFourYearsOfBalanceSheetDate,"Federal Home Loan Bank, Advance, Maturity, Year Four",Amount of advance from Federal Home Loan Bank (FHLBank) maturing in fourth fiscal year following current fiscal year. Excludes interim and annual periods when interim periods are reported from current statement of financial position date (rolling approach).
us-gaap:FederalHomeLoanBankAdvancesMaturitiesSummaryDueFromTwoToThreeYearsOfBalanceSheetDate,us-gaap,FederalHomeLoanBankAdvancesMaturitiesSummaryDueFromTwoToThreeYearsOfBalanceSheetDate,"Federal Home Loan Bank, Advance, Maturity, Year Three",Amount of advance from Federal Home Loan Bank (FHLBank) maturing in third fiscal year following current fiscal year. Excludes interim and annual periods when interim periods are reported from current statement of financial position date (rolling approach).
us-gaap:FederalHomeLoanBankAdvancesMaturitiesSummaryDueWithinOneYearOfBalanceSheetDate,us-gaap,FederalHomeLoanBankAdvancesMaturitiesSummaryDueWithinOneYearOfBalanceSheetDate,"Federal Home Loan Bank, Advance, Maturity, Year One",Amount of advance from Federal Home Loan Bank (FHLBank) maturing in next fiscal year following current fiscal year. Excludes interim and annual periods when interim periods are reported from current statement of financial position date (rolling approach).
us-gaap:FederalHomeLoanBankAdvancesShortTerm,us-gaap,FederalHomeLoanBankAdvancesShortTerm,"Federal Home Loan Bank, Advances, Short-term (Deprecated 2014-01-31)",Federal Home Loan Bank borrowings due within one year of the latest balance sheet date.
us-gaap:FederalIncomeTaxExpenseBenefitContinuingOperations,us-gaap,FederalIncomeTaxExpenseBenefitContinuingOperations,"Federal Income Tax Expense (Benefit), Continuing Operations",Amount of current and deferred federal income tax expense (benefit) attributable to income (loss) from continuing operations.
us-gaap:FeesAndCommissions,us-gaap,FeesAndCommissions,Fees and Commissions (Deprecated 2018-01-31),"Amount of fees and commissions from financial services and banking activities and correspondent clearing. Includes fees from depositor accounts, credit cards, merchant discounts, and fiduciary and trust activities, guarantee fees, investment advisory, management, and administrative fees, transfer agent fees, and insurance commissions."
us-gaap:FeesAndCommissionsCreditAndDebitCards,us-gaap,FeesAndCommissionsCreditAndDebitCards,"Fees and Commissions, Credit and Debit Cards (Deprecated 2018-01-31)","Amount of income earned from credit card services (including late, over limit, and annual fees) and debit card services (including interchange fees, annual fees and other fees). Excludes interest income earned on credit card balances and transactions."
us-gaap:FeesAndCommissionsDepositorAccounts,us-gaap,FeesAndCommissionsDepositorAccounts,"Fees and Commissions, Depositor Accounts (Deprecated 2018-01-31)","Includes amounts charged depositors for: (1) maintenance of their accounts (maintenance charges); (2) failure to maintain specified minimum balances on account; (3) exceeding the number of checks or transactions allowed to be processed in a given period; (4) checks drawn on no minimum balance deposit accounts; (5) withdrawals from nontransaction deposit accounts; (6) closing savings accounts before a specified minimum period of time has elapsed; (7) accounts which have remained inactive for extended periods of time or which have become dormant; (8) use of automated teller machines or remote service units; (9) checks drawn against insufficient funds that the bank assesses regardless of whether it decides to pay, return or hold the check; (10) issuing stop payment orders; (11) certifying checks; and (12) accumulating or disbursing funds deposited in IRAs or Keogh Plan accounts when not handled by the bank's trust department. This item does not include penalties assessed on the early withdrawal of time deposits."
us-gaap:FeesAndCommissionsOther,us-gaap,FeesAndCommissionsOther,"Fees and Commissions, Other (Deprecated 2018-01-31)",Amount of fee and commission revenue classified as other.
us-gaap:FinanceLeaseInterestExpense,us-gaap,FinanceLeaseInterestExpense,"Finance Lease, Interest Expense",Amount of interest expense on finance lease liability.
us-gaap:FinanceLeaseInterestPaymentOnLiability,us-gaap,FinanceLeaseInterestPaymentOnLiability,"Finance Lease, Interest Payment on Liability",Amount of interest paid on finance lease liability.
us-gaap:FinanceLeaseLiability,us-gaap,FinanceLeaseLiability,"Finance Lease, Liability",Present value of lessee's discounted obligation for lease payments from finance lease.
us-gaap:FinanceLeaseLiabilityCurrent,us-gaap,FinanceLeaseLiabilityCurrent,"Finance Lease, Liability, Current","Present value of lessee's discounted obligation for lease payments from finance lease, classified as current."
us-gaap:FinanceLeaseLiabilityNoncurrent,us-gaap,FinanceLeaseLiabilityNoncurrent,"Finance Lease, Liability, Noncurrent","Present value of lessee's discounted obligation for lease payments from finance lease, classified as noncurrent."
us-gaap:FinanceLeaseLiabilityPaymentsDue,us-gaap,FinanceLeaseLiabilityPaymentsDue,"Finance Lease, Liability, Payment, Due",Amount of lessee's undiscounted obligation for lease payments for finance lease.
us-gaap:FinanceLeaseLiabilityPaymentsDueAfterYearFive,us-gaap,FinanceLeaseLiabilityPaymentsDueAfterYearFive,"Finance Lease, Liability, to be Paid, after Year Five",Amount of lessee's undiscounted obligation for lease payment for finance lease to be paid after fifth fiscal year following current fiscal year. Excludes interim and annual periods when interim periods are reported from current statement of financial position date (rolling approach).
us-gaap:FinanceLeaseLiabilityPaymentsDueNextTwelveMonths,us-gaap,FinanceLeaseLiabilityPaymentsDueNextTwelveMonths,"Finance Lease, Liability, to be Paid, Year One",Amount of lessee's undiscounted obligation for lease payment for finance lease to be paid in next fiscal year following current fiscal year. Excludes interim and annual periods when interim periods are reported from current statement of financial position date (rolling approach).
us-gaap:FinanceLeaseLiabilityPaymentsDueYearFive,us-gaap,FinanceLeaseLiabilityPaymentsDueYearFive,"Finance Lease, Liability, to be Paid, Year Five",Amount of lessee's undiscounted obligation for lease payment for finance lease to be paid in fifth fiscal year following current fiscal year. Excludes interim and annual periods when interim periods are reported from current statement of financial position date (rolling approach).
us-gaap:FinanceLeaseLiabilityPaymentsDueYearFour,us-gaap,FinanceLeaseLiabilityPaymentsDueYearFour,"Finance Lease, Liability, to be Paid, Year Four",Amount of lessee's undiscounted obligation for lease payment for finance lease to be paid in fourth fiscal year following current fiscal year. Excludes interim and annual periods when interim periods are reported from current statement of financial position date (rolling approach).
us-gaap:FinanceLeaseLiabilityPaymentsDueYearThree,us-gaap,FinanceLeaseLiabilityPaymentsDueYearThree,"Finance Lease, Liability, to be Paid, Year Three",Amount of lessee's undiscounted obligation for lease payment for finance lease to be paid in third fiscal year following current fiscal year. Excludes interim and annual periods when interim periods are reported from current statement of financial position date (rolling approach).
us-gaap:FinanceLeaseLiabilityPaymentsDueYearTwo,us-gaap,FinanceLeaseLiabilityPaymentsDueYearTwo,"Finance Lease, Liability, to be Paid, Year Two",Amount of lessee's undiscounted obligation for lease payment for finance lease to be paid in second fiscal year following current fiscal year. Excludes interim and annual periods when interim periods are reported from current statement of financial position date (rolling approach).
us-gaap:FinanceLeaseLiabilityPaymentsRemainderOfFiscalYear,us-gaap,FinanceLeaseLiabilityPaymentsRemainderOfFiscalYear,"Finance Lease, Liability, to be Paid, Remainder of Fiscal Year",Amount of lessee's undiscounted obligation for lease payment for finance lease to be paid in remainder of current fiscal year.
us-gaap:FinanceLeaseLiabilityUndiscountedExcessAmount,us-gaap,FinanceLeaseLiabilityUndiscountedExcessAmount,"Finance Lease, Liability, Undiscounted Excess Amount",Amount of lessee's undiscounted obligation for lease payments in excess of discounted obligation for lease payments for finance lease.
us-gaap:FinanceLeasePrincipalPayments,us-gaap,FinanceLeasePrincipalPayments,"Finance Lease, Principal Payments",Amount of cash outflow for principal payment on finance lease.
us-gaap:FinanceLeaseRightOfUseAsset,us-gaap,FinanceLeaseRightOfUseAsset,"Finance Lease, Right-of-Use Asset, after Accumulated Amortization","Amount, after accumulated amortization, of right-of-use asset from finance lease."
us-gaap:FinanceLeaseRightOfUseAssetAccumulatedAmortization,us-gaap,FinanceLeaseRightOfUseAssetAccumulatedAmortization,"Finance Lease, Right-of-Use Asset, Accumulated Amortization",Amount of accumulated amortization of right-of-use asset from finance lease.
us-gaap:FinanceLeaseRightOfUseAssetAmortization,us-gaap,FinanceLeaseRightOfUseAssetAmortization,"Finance Lease, Right-of-Use Asset, Amortization",Amount of amortization expense attributable to right-of-use asset from finance lease.
us-gaap:FinanceLeaseRightOfUseAssetBeforeAccumulatedAmortization,us-gaap,FinanceLeaseRightOfUseAssetBeforeAccumulatedAmortization,"Finance Lease, Right-of-Use Asset, before Accumulated Amortization","Amount, before accumulated amortization, of right-of-use asset from finance lease."
us-gaap:FinanceLeaseWeightedAverageDiscountRatePercent,us-gaap,FinanceLeaseWeightedAverageDiscountRatePercent,"Finance Lease, Weighted Average Discount Rate, Percent",Weighted average discount rate for finance lease calculated at point in time.
us-gaap:FinancialInstrumentsOwnedAndPledgedAsCollateralAmountEligibleToBeRepledgedByCounterparty,us-gaap,FinancialInstrumentsOwnedAndPledgedAsCollateralAmountEligibleToBeRepledgedByCounterparty,"Financial Instruments Owned and Pledged as Collateral, Amount Eligible to be Repledged by Counterparty",Fair value of financial instrument held by the entity for its own account (proprietary securities) for trading or investment purposes that are carried at fair value and pledged to counterparties as collateral for financing transactions where counterparty has the right to re-pledge such.
us-gaap:FinancialInstrumentsOwnedAndPledgedAsCollateralAmountNotEligibleToBeRepledgedByCounterparty,us-gaap,FinancialInstrumentsOwnedAndPledgedAsCollateralAmountNotEligibleToBeRepledgedByCounterparty,"Financial Instruments Owned and Pledged as Collateral, Amount Not Eligible to be Repledged by Counterparty",Fair value of financial instrument held by the entity for its own account (proprietary securities) for trading or investment purposes that are carried at fair value and pledged to counterparties as collateral for financing transactions where counterparty does not have the right to re-pledge such.
us-gaap:FinancingReceivable,us-gaap,FinancingReceivable,Financing Receivable (Deprecated 2012-01-31),"The amount of the recorded investment in a contractual right to receive money on demand or on fixed or determinable dates that is recognized as an asset in the creditor's statement of financial position. Examples include, but are not limited to, accounts receivable (with terms exceeding one year), notes receivable and receivables relating to lessor's rights to payments from leases other than operating leases that have been recorded as assets."
us-gaap:FinancingReceivableAccruedInterestBeforeAllowanceForCreditLoss,us-gaap,FinancingReceivableAccruedInterestBeforeAllowanceForCreditLoss,"Financing Receivable, Accrued Interest, before Allowance for Credit Loss","Amount, before allowance for credit loss, of accrued interest on financing receivable."
us-gaap:FinancingReceivableAccruedInterestWriteoff,us-gaap,FinancingReceivableAccruedInterestWriteoff,"Financing Receivable, Accrued Interest, Writeoff",Amount of writeoff of accrued interest on financing receivable recognized by reversing interest income.
us-gaap:FinancingReceivableAllowanceForCreditLossExcludingAccruedInterest,us-gaap,FinancingReceivableAllowanceForCreditLossExcludingAccruedInterest,,
us-gaap:FinancingReceivableAllowanceForCreditLossWriteoffAfterRecovery,us-gaap,FinancingReceivableAllowanceForCreditLossWriteoffAfterRecovery,"Financing Receivable, Allowance for Credit Loss, Writeoff, after Recovery","Amount, after recovery, of writeoff of financing receivable, charged against allowance for credit loss."
us-gaap:FinancingReceivableAllowanceForCreditLosses,us-gaap,FinancingReceivableAllowanceForCreditLosses,"Financing Receivable, Allowance for Credit Loss",Amount of allowance for credit loss on financing receivable. Excludes allowance for financing receivable covered under loss sharing agreement.
us-gaap:FinancingReceivableAllowanceForCreditLossesCollectivelyEvaluatedForImpairment,us-gaap,FinancingReceivableAllowanceForCreditLossesCollectivelyEvaluatedForImpairment,"Financing Receivable, Allowance for Credit Losses, Collectively Evaluated for Impairment",The valuation allowance for financing receivables that are expected to be uncollectible that were collectively evaluated for impairment.
us-gaap:FinancingReceivableAllowanceForCreditLossesIndividuallyEvaluatedForImpairment,us-gaap,FinancingReceivableAllowanceForCreditLossesIndividuallyEvaluatedForImpairment,"Financing Receivable, Allowance for Credit Losses, Individually Evaluated for Impairment (Deprecated 2012-01-31)",The valuation allowance for financing receivables that are expected to be uncollectible that were individually evaluated for impairment.
us-gaap:FinancingReceivableAllowanceForCreditLossesIndividuallyEvaluatedForImpairment1,us-gaap,FinancingReceivableAllowanceForCreditLossesIndividuallyEvaluatedForImpairment1,"Financing Receivable, Allowance for Credit Losses, Individually Evaluated for Impairment",Amount of valuation allowance for financing receivables that are expected to be uncollectible that were individually evaluated for impairment.
us-gaap:FinancingReceivableAllowanceForCreditLossesPeriodIncreaseDecrease,us-gaap,FinancingReceivableAllowanceForCreditLossesPeriodIncreaseDecrease,"Financing Receivable, Allowance for Credit Loss, Period Increase (Decrease)",Amount of increase (decrease) in allowance for credit loss on financing receivable.
us-gaap:FinancingReceivableAllowanceForCreditLossesRecovery,us-gaap,FinancingReceivableAllowanceForCreditLossesRecovery,"Financing Receivable, Allowance for Credit Loss, Recovery",Amount of increase in allowance for credit loss on financing receivable from recovery.
us-gaap:FinancingReceivableAllowanceForCreditLossesWriteOffs,us-gaap,FinancingReceivableAllowanceForCreditLossesWriteOffs,"Financing Receivable, Allowance for Credit Loss, Writeoff","Amount of writeoff of financing receivable, charged against allowance for credit loss."
us-gaap:FinancingReceivableChangeInPresentValueExpenseReversal,us-gaap,FinancingReceivableChangeInPresentValueExpenseReversal,"Financing Receivable, Change in Present Value, Expense (Reversal)","Amount of expense (reversal of expense) for expected credit loss on financing receivable, from change in present value of expected cash flows."
us-gaap:FinancingReceivableCollectivelyEvaluatedForImpairment,us-gaap,FinancingReceivableCollectivelyEvaluatedForImpairment,"Financing Receivable, Collectively Evaluated for Impairment",The balance of financing receivables that were collectively evaluated for impairment.
us-gaap:FinancingReceivableExcludingAccruedInterestAfterAllowanceForCreditLoss,us-gaap,FinancingReceivableExcludingAccruedInterestAfterAllowanceForCreditLoss,,
us-gaap:FinancingReceivableExcludingAccruedInterestAllowanceForCreditLossRecovery,us-gaap,FinancingReceivableExcludingAccruedInterestAllowanceForCreditLossRecovery,,
us-gaap:FinancingReceivableExcludingAccruedInterestAllowanceForCreditLossWriteoff,us-gaap,FinancingReceivableExcludingAccruedInterestAllowanceForCreditLossWriteoff,,
us-gaap:FinancingReceivableExcludingAccruedInterestAllowanceForCreditLossWriteoffAfterRecovery,us-gaap,FinancingReceivableExcludingAccruedInterestAllowanceForCreditLossWriteoffAfterRecovery,,
us-gaap:FinancingReceivableExcludingAccruedInterestBeforeAllowanceForCreditLoss,us-gaap,FinancingReceivableExcludingAccruedInterestBeforeAllowanceForCreditLoss,,
us-gaap:FinancingReceivableExcludingAccruedInterestCreditLossExpenseReversal,us-gaap,FinancingReceivableExcludingAccruedInterestCreditLossExpenseReversal,,
us-gaap:FinancingReceivableExcludingAccruedInterestPurchase,us-gaap,FinancingReceivableExcludingAccruedInterestPurchase,,
us-gaap:FinancingReceivableExcludingAccruedInterestReclassificationToHeldForSale,us-gaap,FinancingReceivableExcludingAccruedInterestReclassificationToHeldForSale,,
us-gaap:FinancingReceivableExcludingAccruedInterestSale,us-gaap,FinancingReceivableExcludingAccruedInterestSale,,
us-gaap:FinancingReceivableIndividuallyEvaluatedForImpairment,us-gaap,FinancingReceivableIndividuallyEvaluatedForImpairment,"Financing Receivable, Individually Evaluated for Impairment",The balance of financing receivables that were individually evaluated for impairment.
us-gaap:FinancingReceivableReclassificationToHeldForSale,us-gaap,FinancingReceivableReclassificationToHeldForSale,"Financing Receivable, Reclassification to Held-for-sale",Amount of financing receivable reclassified to held-for-sale.
us-gaap:FinancingReceivableRecordedInvestmentNonaccrualStatus,us-gaap,FinancingReceivableRecordedInvestmentNonaccrualStatus,"Financing Receivable, Nonaccrual",Amount of financing receivable on nonaccrual status.
us-gaap:FinancingReceivableRecordedInvestmentPastDue,us-gaap,FinancingReceivableRecordedInvestmentPastDue,"Financing Receivable, Past Due",Amount of financing receivable past due.
us-gaap:FinancingReceivableSignificantPurchases,us-gaap,FinancingReceivableSignificantPurchases,"Financing Receivable, Purchase",Amount of increase from purchase of financing receivable.
us-gaap:FinancingReceivableSignificantSales,us-gaap,FinancingReceivableSignificantSales,"Financing Receivable, Sale",Amount of decrease from sale and reclassification to held-for-sale of financing receivable.
us-gaap:FiniteLivedIntangibleAssetsAccumulatedAmortization,us-gaap,FiniteLivedIntangibleAssetsAccumulatedAmortization,"Finite-Lived Intangible Assets, Accumulated Amortization","Accumulated amount of amortization of assets, excluding financial assets and goodwill, lacking physical substance with a finite life."
us-gaap:FiniteLivedIntangibleAssetsAmortizationExpense,us-gaap,FiniteLivedIntangibleAssetsAmortizationExpense,"Finite-Lived Intangible Assets, Amortization Expense (Deprecated 2012-01-31)",Aggregate amount of intangible asset amortization recognized as expense during the period.
us-gaap:FiniteLivedIntangibleAssetsAmortizationExpenseAfterYearFive,us-gaap,FiniteLivedIntangibleAssetsAmortizationExpenseAfterYearFive,"Finite-Lived Intangible Asset, Expected Amortization, after Year Five","Amount of amortization for asset, excluding financial asset and goodwill, lacking physical substance with finite life expected to be recognized after fifth fiscal year following current fiscal year. Excludes interim and annual periods when interim periods are reported from current statement of financial position date (rolling approach)."
us-gaap:FiniteLivedIntangibleAssetsAmortizationExpenseNextTwelveMonths,us-gaap,FiniteLivedIntangibleAssetsAmortizationExpenseNextTwelveMonths,"Finite-Lived Intangible Asset, Expected Amortization, Year One","Amount of amortization for assets, excluding financial assets and goodwill, lacking physical substance with finite life expected to be recognized in next fiscal year following current fiscal year. Excludes interim and annual periods when interim periods are reported from current statement of financial position date (rolling approach)."
us-gaap:FiniteLivedIntangibleAssetsAmortizationExpenseRemainderOfFiscalYear,us-gaap,FiniteLivedIntangibleAssetsAmortizationExpenseRemainderOfFiscalYear,"Finite-Lived Intangible Asset, Expected Amortization, Remainder of Fiscal Year","Amount of amortization for assets, excluding financial assets and goodwill, lacking physical substance with finite life expected to be recognized in remainder of current fiscal year."
us-gaap:FiniteLivedIntangibleAssetsAmortizationExpenseYearFive,us-gaap,FiniteLivedIntangibleAssetsAmortizationExpenseYearFive,"Finite-Lived Intangible Asset, Expected Amortization, Year Five","Amount of amortization for assets, excluding financial assets and goodwill, lacking physical substance with finite life expected to be recognized in fifth fiscal year following current fiscal year. Excludes interim and annual periods when interim periods are reported from current statement of financial position date (rolling approach)."
us-gaap:FiniteLivedIntangibleAssetsAmortizationExpenseYearFour,us-gaap,FiniteLivedIntangibleAssetsAmortizationExpenseYearFour,"Finite-Lived Intangible Asset, Expected Amortization, Year Four","Amount of amortization for assets, excluding financial assets and goodwill, lacking physical substance with finite life expected to be recognized in fourth fiscal year following current fiscal year. Excludes interim and annual periods when interim periods are reported from current statement of financial position date (rolling approach)."
us-gaap:FiniteLivedIntangibleAssetsAmortizationExpenseYearThree,us-gaap,FiniteLivedIntangibleAssetsAmortizationExpenseYearThree,"Finite-Lived Intangible Asset, Expected Amortization, Year Three","Amount of amortization for assets, excluding financial assets and goodwill, lacking physical substance with finite life expected to be recognized in third fiscal year following current fiscal year. Excludes interim and annual periods when interim periods are reported from current statement of financial position date (rolling approach)."
us-gaap:FiniteLivedIntangibleAssetsAmortizationExpenseYearTwo,us-gaap,FiniteLivedIntangibleAssetsAmortizationExpenseYearTwo,"Finite-Lived Intangible Asset, Expected Amortization, Year Two","Amount of amortization for assets, excluding financial assets and goodwill, lacking physical substance with finite life expected to be recognized in second fiscal year following current fiscal year. Excludes interim and annual periods when interim periods are reported from current statement of financial position date (rolling approach)."
us-gaap:FiniteLivedIntangibleAssetsFutureAmortizationExpense,us-gaap,FiniteLivedIntangibleAssetsFutureAmortizationExpense,"Finite-Lived Intangible Assets, Future Amortization Expense (Deprecated 2012-01-31)",The aggregate estimated amortization expense for succeeding fiscal years for intangible assets subject to amortization.
us-gaap:FiniteLivedIntangibleAssetsGross,us-gaap,FiniteLivedIntangibleAssetsGross,"Finite-Lived Intangible Assets, Gross","Amount before amortization of assets, excluding financial assets and goodwill, lacking physical substance with a finite life."
us-gaap:FiniteLivedIntangibleAssetsNet,us-gaap,FiniteLivedIntangibleAssetsNet,"Finite-Lived Intangible Assets, Net","Amount after amortization of assets, excluding financial assets and goodwill, lacking physical substance with a finite life."
us-gaap:FiniteLivedIntangibleAssetsPeriodIncreaseDecrease,us-gaap,FiniteLivedIntangibleAssetsPeriodIncreaseDecrease,"Finite-Lived Intangible Assets, Period Increase (Decrease)","Amount of increase (decrease) in carrying value of assets, excluding financial assets and goodwill, lacking physical substance with a finite life."
us-gaap:FiniteLivedIntangibleAssetsUsefulLife,us-gaap,FiniteLivedIntangibleAssetsUsefulLife,"Finite-Lived Intangible Assets, Useful Life (Deprecated 2012-01-31)",The useful life of all finite-lived intangible assets.
us-gaap:FiniteLivedIntangibleAssetsUsefulLifeMaximum,us-gaap,FiniteLivedIntangibleAssetsUsefulLifeMaximum,"Finite-Lived Intangible Assets, Useful Life, Maximum (Deprecated 2012-01-31)",The maximum useful life of a major finite-lived intangible asset class. A major class is composed of intangible assets that can be grouped together because they are similar either by their nature or by their use in the operations of a company.
us-gaap:FiniteLivedIntangibleAssetsUsefulLifeMinimum,us-gaap,FiniteLivedIntangibleAssetsUsefulLifeMinimum,"Finite-Lived Intangible Assets, Useful Life, Minimum (Deprecated 2012-01-31)",The minimum useful life of a major finite-lived intangible asset class. A major class is composed of intangible assets that can be grouped together because they are similar either by their nature or by their use in the operations of a company.
us-gaap:FiniteLivedIntangibleAssetsWeightedAverageUsefulLife,us-gaap,FiniteLivedIntangibleAssetsWeightedAverageUsefulLife,"Finite-Lived Intangible Assets, Weighted-Average Useful Life (Deprecated 2012-01-31)",The calculated weighted-average useful life of all finite-lived intangible assets.
us-gaap:FinitelivedIntangibleAssetsAcquired1,us-gaap,FinitelivedIntangibleAssetsAcquired1,Finite-lived Intangible Assets Acquired,"Amount of increase in assets, excluding financial assets, lacking physical substance with a definite life, from an acquisition."
us-gaap:FixturesAndEquipmentGross,us-gaap,FixturesAndEquipmentGross,"Fixtures and Equipment, Gross","Amount before accumulated depreciation of fixtures and equipment. Includes, but is not limited to, machinery, equipment, and engines."
us-gaap:ForeclosedRealEstateExpense,us-gaap,ForeclosedRealEstateExpense,Foreclosed Real Estate Expense,Amount of expense recognized during the period for the foreclosure on real estate assets.
us-gaap:ForeignCurrencyCashFlowHedgeGainLossReclassifiedToEarningsNet,us-gaap,ForeignCurrencyCashFlowHedgeGainLossReclassifiedToEarningsNet,"Foreign Currency Cash Flow Hedge Gain (Loss) Reclassified to Earnings, Net",The amount of net gains or losses on foreign currency cash flow hedges reclassified during the period to earnings from accumulated other comprehensive income upon the hedged transaction affecting earnings.
us-gaap:ForeignCurrencyCashFlowHedgeGainLossToBeReclassifiedDuringNext12Months,us-gaap,ForeignCurrencyCashFlowHedgeGainLossToBeReclassifiedDuringNext12Months,Foreign Currency Cash Flow Hedge Gain (Loss) to be Reclassified During Next 12 Months,The estimated net amount of unrealized gains or losses on foreign currency cash flow hedges at the reporting date expected to be reclassified to earnings within the next 12 months.
us-gaap:ForeignCurrencyContractsLiabilityFairValueDisclosure,us-gaap,ForeignCurrencyContractsLiabilityFairValueDisclosure,"Foreign Currency Contracts, Liability, Fair Value Disclosure","Fair value portion of liability contracts related to the exchange of different currencies, including, but not limited to, foreign currency options, forward (delivery or nondelivery) contracts, and swaps entered into."
us-gaap:ForeignCurrencyDerivativeAssetsAtFairValue,us-gaap,ForeignCurrencyDerivativeAssetsAtFairValue,Foreign Currency Derivative Assets at Fair Value (Deprecated 2014-01-31),"Fair value as of the balance sheet date of foreign currency derivative assets, which includes all such derivative instruments in hedging and nonhedging relationships that are recognized as assets on the balance sheet."
us-gaap:ForeignCurrencyDerivativeInstrumentsNotDesignatedAsHedgingInstrumentsAssetAtFairValue,us-gaap,ForeignCurrencyDerivativeInstrumentsNotDesignatedAsHedgingInstrumentsAssetAtFairValue,"Foreign Currency Derivative Instruments Not Designated as Hedging Instruments, Asset at Fair Value",Fair value as of the balance sheet date of all foreign currency derivative assets not designated as hedging instruments.
us-gaap:ForeignCurrencyDerivativeInstrumentsNotDesignatedAsHedgingInstrumentsLiabilityAtFairValue,us-gaap,ForeignCurrencyDerivativeInstrumentsNotDesignatedAsHedgingInstrumentsLiabilityAtFairValue,"Foreign Currency Derivative Instruments Not Designated as Hedging Instruments, Liability at Fair Value",Fair value as of the balance sheet date of all foreign currency derivative liabilities not designated as hedging instruments.
us-gaap:ForeignCurrencyDerivativeLiabilitiesAtFairValue,us-gaap,ForeignCurrencyDerivativeLiabilitiesAtFairValue,Foreign Currency Derivative Liabilities at Fair Value (Deprecated 2014-01-31),"Fair value as of the balance sheet date of interest rate derivative liabilities, which includes all such derivative instruments in hedging and nonhedging relationships that are recognized as liabilities on the balance sheet."
us-gaap:ForeignCurrencyTransactionGainBeforeTax,us-gaap,ForeignCurrencyTransactionGainBeforeTax,"Foreign Currency Transaction Gain, before Tax",Amount before tax of foreign currency transaction realized and unrealized gain recognized in the income statement.
us-gaap:ForeignCurrencyTransactionGainLossBeforeTax,us-gaap,ForeignCurrencyTransactionGainLossBeforeTax,"Foreign Currency Transaction Gain (Loss), before Tax",Amount before tax of foreign currency transaction realized and unrealized gain (loss) recognized in the income statement.
us-gaap:ForeignCurrencyTransactionGainLossRealized,us-gaap,ForeignCurrencyTransactionGainLossRealized,"Foreign Currency Transaction Gain (Loss), Realized",Amount before tax of foreign currency transaction realized gain (loss) recognized in the income statement.
us-gaap:ForeignCurrencyTransactionGainLossUnrealized,us-gaap,ForeignCurrencyTransactionGainLossUnrealized,"Foreign Currency Transaction Gain (Loss), Unrealized",Amount before tax of foreign currency transaction unrealized gain (loss) recognized in the income statement.
us-gaap:ForeignCurrencyTransactionLossBeforeTax,us-gaap,ForeignCurrencyTransactionLossBeforeTax,"Foreign Currency Transaction Loss, before Tax",Amount before tax of foreign currency transaction realized and unrealized loss recognized in the income statement.
us-gaap:ForeignEarningsRepatriated,us-gaap,ForeignEarningsRepatriated,Foreign Earnings Repatriated,Amount of foreign earnings repatriated from subsidiaries outside the country of domicile.
us-gaap:ForeignIncomeTaxExpenseBenefitContinuingOperations,us-gaap,ForeignIncomeTaxExpenseBenefitContinuingOperations,"Foreign Income Tax Expense (Benefit), Continuing Operations",Amount of current and deferred foreign income tax expense (benefit) attributable to income (loss) from continuing operations.
us-gaap:FurnitureAndFixturesGross,us-gaap,FurnitureAndFixturesGross,"Furniture and Fixtures, Gross","Amount before accumulated depreciation of equipment commonly used in offices and stores that have no permanent connection to the structure of a building or utilities. Examples include, but are not limited to, desks, chairs, tables, and bookcases."
us-gaap:FutureAmortizationExpenseAfterYearFive,us-gaap,FutureAmortizationExpenseAfterYearFive,"Future Amortization Expense, after Year Five (Deprecated 2012-01-31)",The amount of amortization expense expected to be recognized for the remainder of the finite-lived intangible asset useful life after the fifth succeeding fiscal year.
us-gaap:FutureAmortizationExpenseRemainderOfFiscalYear,us-gaap,FutureAmortizationExpenseRemainderOfFiscalYear,"Future Amortization Expense, Remainder of Fiscal Year (Deprecated 2012-01-31)",The amount of amortization expense expected to be recognized during the remainder of the current fiscal year.
us-gaap:FutureAmortizationExpenseYearFive,us-gaap,FutureAmortizationExpenseYearFive,"Future Amortization Expense, Year Five (Deprecated 2012-01-31)",The amount of amortization expense expected to be recognized during year five of the five succeeding fiscal years.
us-gaap:FutureAmortizationExpenseYearFour,us-gaap,FutureAmortizationExpenseYearFour,"Future Amortization Expense, Year Four (Deprecated 2012-01-31)",The amount of amortization expense expected to be recognized during year four of the five succeeding fiscal years.
us-gaap:FutureAmortizationExpenseYearOne,us-gaap,FutureAmortizationExpenseYearOne,"Future Amortization Expense, Year One (Deprecated 2012-01-31)",The amount of amortization expense expected to be recognized during year one of the five succeeding fiscal years.
us-gaap:FutureAmortizationExpenseYearThree,us-gaap,FutureAmortizationExpenseYearThree,"Future Amortization Expense, Year Three (Deprecated 2012-01-31)",The amount of amortization expense expected to be recognized during year three of the five succeeding fiscal years.
us-gaap:FutureAmortizationExpenseYearTwo,us-gaap,FutureAmortizationExpenseYearTwo,"Future Amortization Expense, Year Two (Deprecated 2012-01-31)",The amount of amortization expense expected to be recognized during year two of the five succeeding fiscal years.
us-gaap:GainLossFromComponentsExcludedFromAssessmentOfFairValueHedgeEffectivenessNet,us-gaap,GainLossFromComponentsExcludedFromAssessmentOfFairValueHedgeEffectivenessNet,"Gain (Loss) from Components Excluded from Assessment of Fair Value Hedge Effectiveness, Net",Net gain (loss) relating to components of the gain (loss) on the fair value hedging instrument excluded from the assessment of fair value hedge effectiveness. Recognized in earnings.
us-gaap:GainLossOnCashFlowHedgeIneffectivenessNet,us-gaap,GainLossOnCashFlowHedgeIneffectivenessNet,"Gain (Loss) on Cash Flow Hedge Ineffectiveness, Net",The net gain (loss) recognized in earnings during the reporting period representing the amount of the cash flow hedges' ineffectiveness.
us-gaap:GainLossOnComponentsExcludedFromAssessmentOfForeignCurrencyCashFlowHedgeEffectiveness,us-gaap,GainLossOnComponentsExcludedFromAssessmentOfForeignCurrencyCashFlowHedgeEffectiveness,Gain (Loss) on Components Excluded from Assessment of Foreign Currency Cash Flow Hedge Effectiveness,The net gain (loss) relating to components of the gain (loss) on foreign currency cash flow hedging instruments excluded from the assessment of hedge effectiveness. Recognized in earnings.
us-gaap:GainLossOnContractTermination,us-gaap,GainLossOnContractTermination,Gain (Loss) on Contract Termination,"Gain (loss) related to the termination of a contract between the parties. The termination may be due to many causes including early termination of a lease by a lessee, a breach of contract by one party, or a failure to perform."
us-gaap:GainLossOnDerivativeInstrumentsNetPretax,us-gaap,GainLossOnDerivativeInstrumentsNetPretax,"Gain (Loss) on Derivative Instruments, Net, Pretax","Aggregate net gain (loss) on all derivative instruments recognized in earnings during the period, before tax effects."
us-gaap:GainLossOnDiscontinuationOfCashFlowHedgeDueToForecastedTransactionProbableOfNotOccurringNet,us-gaap,GainLossOnDiscontinuationOfCashFlowHedgeDueToForecastedTransactionProbableOfNotOccurringNet,"Gain (Loss) on Discontinuation of Cash Flow Hedge Due to Forecasted Transaction Probable of Not Occurring, Net",The amount of net gain (loss) reclassified into earnings in the period when cash flow hedge is discontinued because it is probable that the original forecasted transactions will not occur by the end of the original period or an additional two month time period.
us-gaap:GainLossOnDispositionOfAssets,us-gaap,GainLossOnDispositionOfAssets,"Gain (Loss) on Disposition of Property Plant Equipment, Excluding Oil and Gas Property and Timber Property","Amount of gain (loss) on sale or disposal of property, plant and equipment assets, excluding oil and gas property and timber property."
us-gaap:GainLossOnDispositionOfAssets1,us-gaap,GainLossOnDispositionOfAssets1,Gain (Loss) on Disposition of Assets,"Amount of gain (loss) on sale or disposal of assets, including but not limited to property plant and equipment, intangible assets and equity in securities of subsidiaries or equity method investee."
us-gaap:GainLossOnDispositionOfIntangibleAssets,us-gaap,GainLossOnDispositionOfIntangibleAssets,Gain (Loss) on Disposition of Intangible Assets,Amount of gain (loss) on sale or disposal of intangible assets.
us-gaap:GainLossOnDispositionOfProperty,us-gaap,GainLossOnDispositionOfProperty,Gain (Loss) on Disposition of Property (Deprecated 2013-01-31),"The gains (losses) included in results of operations resulting from the sale or disposal of property, plant and equipment, which do not qualify for treatment as discontinued operations. This item does not include any gain (loss) recognized on the sale of oil and gas property or timber property."
us-gaap:GainLossOnFairValueHedgeIneffectivenessNet,us-gaap,GainLossOnFairValueHedgeIneffectivenessNet,"Gain (Loss) on Fair Value Hedge Ineffectiveness, Net",Amount of gain (loss)recognized in the income statement from the hedging ineffectiveness of a fair value hedge.
us-gaap:GainLossOnFairValueHedgesRecognizedInEarnings,us-gaap,GainLossOnFairValueHedgesRecognizedInEarnings,Gain (Loss) on Fair Value Hedges Recognized in Earnings,Total amount of gain (loss) derived from fair value hedges recognized in earnings in the period.
us-gaap:GainLossOnForeignCurrencyCashFlowHedgeIneffectiveness,us-gaap,GainLossOnForeignCurrencyCashFlowHedgeIneffectiveness,Gain (Loss) on Foreign Currency Cash Flow Hedge Ineffectiveness,The net gain (loss) during the reporting period due to ineffectiveness in foreign currency cash flow hedges. Recognized in earnings.
us-gaap:GainLossOnForeignCurrencyDerivativeInstrumentsNotDesignatedAsHedgingInstruments,us-gaap,GainLossOnForeignCurrencyDerivativeInstrumentsNotDesignatedAsHedgingInstruments,Gain (Loss) on Foreign Currency Derivative Instruments Not Designated as Hedging Instruments,Amount of gain (loss) recognized in earnings in the period from the increase (decrease) in fair value of foreign currency derivatives not designated as hedging instruments.
us-gaap:GainLossOnInvestments,us-gaap,GainLossOnInvestments,Gain (Loss) on Investments,Amount of realized and unrealized gain (loss) on investment.
us-gaap:GainLossOnOilAndGasHedgingActivity,us-gaap,GainLossOnOilAndGasHedgingActivity,Gain (Loss) on Hedging Activity,Gain (loss) incurred in hedging activities.
us-gaap:GainLossOnSaleOfBusiness,us-gaap,GainLossOnSaleOfBusiness,Gain (Loss) on Disposition of Business,"Amount of gain (loss) from sale and disposal of integrated set of activities and assets capable of being conducted and managed for purpose of providing return in form of dividend, lower cost, or other economic benefit to investor, owner, member and participant."
us-gaap:GainLossOnSaleOfDebtInvestments,us-gaap,GainLossOnSaleOfDebtInvestments,Gain (Loss) on Sale of Debt Investments,"The difference between the carrying value and the sale price of debt securities, not separately or otherwise categorized as trading, available-for-sale, or held-to-maturity. This element refers to the gain (loss) included in earnings and not to the cash proceeds of the sale."
us-gaap:GainLossOnSaleOfEquityInvestments,us-gaap,GainLossOnSaleOfEquityInvestments,Gain (Loss) on Sale of Equity Investments,"The difference between the carrying value and the sale price of equity securities, not separately or otherwise categorized as trading or available-for-sale. This element includes investments in which the entity holds a small ownership stake (generally, less than 20% of the shares outstanding) and cannot exert significant influence."
us-gaap:GainLossOnSaleOfInvestments,us-gaap,GainLossOnSaleOfInvestments,Gain (Loss) on Sale of Investments,"The net realized gain (loss) on investments sold during the period, not including gains (losses) on securities separately or otherwise categorized as trading, available-for-sale, or held-to-maturity, which, for cash flow reporting, is a component of proceeds from investing activities."
us-gaap:GainLossOnSaleOfMortgageLoans,us-gaap,GainLossOnSaleOfMortgageLoans,Gain (Loss) on Sale of Mortgage Loans,The gains (losses) included in earnings that represent the difference between the sale price and the carrying value of loans made to finance real estate acquisitions. This element refers to the gain (loss) and not to the cash proceeds of the sale. This element is a noncash adjustment to net income when calculating net cash generated by operating activities using the indirect method.
us-gaap:GainLossOnSaleOfNotesReceivable,us-gaap,GainLossOnSaleOfNotesReceivable,Gain (Loss) on Sale of Financing Receivable,Amount of gain (loss) on sale of financing receivable.
us-gaap:GainLossOnSaleOfOtherInvestments,us-gaap,GainLossOnSaleOfOtherInvestments,Gain (Loss) on Sale of Other Investments,Amount of gain (loss) included in earnings for investments classified as other.
us-gaap:GainLossOnSaleOfPropertyPlantEquipment,us-gaap,GainLossOnSaleOfPropertyPlantEquipment,Gain (Loss) on Disposition of Property Plant Equipment,"Amount of gain (loss) on sale or disposal of property, plant and equipment assets, including oil and gas property and timber property."
us-gaap:GainLossOnSalesOfAssetsAndAssetImpairmentCharges,us-gaap,GainLossOnSalesOfAssetsAndAssetImpairmentCharges,Gain (Loss) on Sale of Assets and Asset Impairment Charges,"Amount of gain (loss) from the difference between the sale price or salvage price and the book value of an asset that was sold or retired, and gain (loss) from the write down of assets from their carrying value to fair value."
us-gaap:GainLossOnSalesOfLoansNet,us-gaap,GainLossOnSalesOfLoansNet,"Gain (Loss) on Sales of Loans, Net","The net gain (loss) resulting from a sale of loans, including adjustments to record loans classified as held-for-sale at the lower-of-cost-or-market and fair value adjustments to loan held for investment purposes."
us-gaap:GainLossRelatedToLitigationSettlement,us-gaap,GainLossRelatedToLitigationSettlement,Gain (Loss) Related to Litigation Settlement,Amount of gain (loss) recognized in settlement of litigation and insurance claims. Excludes claims within an insurance entity's normal claims settlement process.
us-gaap:GainOrLossOnSaleOfStockInSubsidiary,us-gaap,GainOrLossOnSaleOfStockInSubsidiary,Gain (Loss) on Disposition of Stock in Subsidiary,Amount of gain (loss) on sale or disposal of equity in securities of subsidiaries.
us-gaap:GainsLossesOnExtinguishmentOfDebt,us-gaap,GainsLossesOnExtinguishmentOfDebt,Gain (Loss) on Extinguishment of Debt,Difference between the fair value of payments made and the carrying amount of debt which is extinguished prior to maturity.
us-gaap:GainsLossesOnRestructuringOfDebt,us-gaap,GainsLossesOnRestructuringOfDebt,Gains (Losses) on Restructuring of Debt,"For a debtor, the aggregate gain (loss) recognized on the restructuring of payables arises from the difference between the book value of the debt before the restructuring and the fair value of the payments on the debt after restructuring is complete."
us-gaap:GeneralAndAdministrativeExpense,us-gaap,GeneralAndAdministrativeExpense,General and Administrative Expense,"The aggregate total of expenses of managing and administering the affairs of an entity, including affiliates of the reporting entity, which are not directly or indirectly associated with the manufacture, sale or creation of a product or product line."
us-gaap:Goodwill,us-gaap,Goodwill,Goodwill,Amount after accumulated impairment loss of an asset representing future economic benefits arising from other assets acquired in a business combination that are not individually identified and separately recognized.
us-gaap:GoodwillAcquiredDuringPeriod,us-gaap,GoodwillAcquiredDuringPeriod,"Goodwill, Acquired During Period",Amount of increase in asset representing future economic benefits arising from other assets acquired in a business combination that are not individually identified and separately recognized resulting from a business combination.
us-gaap:GoodwillAndIntangibleAssetImpairment,us-gaap,GoodwillAndIntangibleAssetImpairment,Goodwill and Intangible Asset Impairment,"Total loss recognized during the period from the impairment of goodwill plus the loss recognized in the period resulting from the impairment of the carrying amount of intangible assets, other than goodwill."
us-gaap:GoodwillForeignCurrencyTranslationGainLoss,us-gaap,GoodwillForeignCurrencyTranslationGainLoss,"Goodwill, Foreign Currency Translation Gain (Loss)",Amount of foreign currency translation gain (loss) which increases (decreases) an asset representing future economic benefits from other assets acquired in a business combination that are not individually identified and separately recognized.
us-gaap:GoodwillImpairedAccumulatedImpairmentLoss,us-gaap,GoodwillImpairedAccumulatedImpairmentLoss,"Goodwill, Impaired, Accumulated Impairment Loss",Amount of accumulated impairment loss for an asset representing future economic benefits arising from other assets acquired in a business combination that are not individually identified and separately recognized.
us-gaap:GoodwillImpairmentLoss,us-gaap,GoodwillImpairmentLoss,"Goodwill, Impairment Loss",Amount of loss from the write-down of an asset representing the future economic benefits arising from other assets acquired in a business combination that are not individually identified and separately recognized.
us-gaap:GoodwillOtherChanges,us-gaap,GoodwillOtherChanges,"Goodwill, Other Changes (Deprecated 2016-01-31)",Amount of other (increase) decrease of an asset representing the future economic benefits arising from other assets acquired in a business combination that are not individually identified and separately recognized.
us-gaap:GoodwillOtherIncreaseDecrease,us-gaap,GoodwillOtherIncreaseDecrease,"Goodwill, Other Increase (Decrease)","Amount of increase (decrease), classified as other, of an asset representing the future economic benefits from other assets acquired in a business combination that are not individually identified and separately recognized."
us-gaap:GoodwillPeriodIncreaseDecrease,us-gaap,GoodwillPeriodIncreaseDecrease,"Goodwill, Period Increase (Decrease)",Amount of increase (decrease) of an asset representing future economic benefits arising from other assets acquired in a business combination that are not individually identified and separately recognized.
us-gaap:GoodwillPurchaseAccountingAdjustments,us-gaap,GoodwillPurchaseAccountingAdjustments,"Goodwill, Purchase Accounting Adjustments",Amount of increase (decrease) from adjustments after acquisition date under purchase accounting of an asset representing the future economic benefits arising from other assets acquired in a business combination that are not individually identified and separately recognized.
us-gaap:GoodwillTransfers,us-gaap,GoodwillTransfers,"Goodwill, Transfers",Amount of transfers into (out of) an asset representing the future economic benefits arising from other assets acquired in a business combination that are not individually identified and separately recognized.
us-gaap:GoodwillTranslationAdjustments,us-gaap,GoodwillTranslationAdjustments,"Goodwill, Translation Adjustments (Deprecated 2016-01-31)",Amount of increase (decrease) from foreign currency translation adjustments of an asset representing future economic benefits arising from other assets acquired in a business combination that are not individually identified and separately recognized.
us-gaap:GoodwillTranslationAndPurchaseAccountingAdjustments,us-gaap,GoodwillTranslationAndPurchaseAccountingAdjustments,"Goodwill, Translation and Purchase Accounting Adjustments",Amount of increase (decrease) from foreign currency translation adjustments and purchase accounting adjustments of an asset representing future economic benefits arising from other assets acquired in a business combination that are not individually identified and separately recognized.
us-gaap:GoodwillWrittenOffRelatedToSaleOfBusinessUnit,us-gaap,GoodwillWrittenOffRelatedToSaleOfBusinessUnit,"Goodwill, Written off Related to Sale of Business Unit",Amount of divestiture of an asset representing future economic benefits arising from other assets acquired in a business combination that are not individually identified and separately recognized.
us-gaap:GrossProfit,us-gaap,GrossProfit,Gross Profit,Aggregate revenue less cost of goods and services sold or operating expenses directly attributable to the revenue generation activity.
us-gaap:GuaranteeObligationsCurrentCarryingValue,us-gaap,GuaranteeObligationsCurrentCarryingValue,"Guarantor Obligations, Current Carrying Value",The current carrying amount of the liability for the freestanding or embedded guarantor's obligations under the guarantee or each group of similar guarantees.
us-gaap:GuaranteeObligationsMaximumExposure,us-gaap,GuaranteeObligationsMaximumExposure,"Guarantor Obligations, Maximum Exposure, Undiscounted",Maximum potential amount of future payments (undiscounted) the guarantor could be required to make under the guarantee or each group of similar guarantees before reduction for potential recoveries under recourse or collateralization provisions.
us-gaap:HedgedAssetFairValueHedge,us-gaap,HedgedAssetFairValueHedge,"Hedged Asset, Fair Value Hedge",Amount of asset hedged in fair value hedging relationship.
us-gaap:HedgedAssetFairValueHedgeLastOfLayerCumulativeIncreaseDecrease,us-gaap,HedgedAssetFairValueHedgeLastOfLayerCumulativeIncreaseDecrease,"Hedged Asset, Fair Value Hedge, Last-of-Layer, Cumulative Increase (Decrease)","Amount of cumulative increase (decrease) in fair value of hedged asset in fair value hedge, attributable to hedged risk, in last-of-layer hedging relationship."
us-gaap:HedgedAssetFairValueHedgePortfolioLayerMethodCumulativeIncreaseDecreaseExcludedFromAmortizedCost,us-gaap,HedgedAssetFairValueHedgePortfolioLayerMethodCumulativeIncreaseDecreaseExcludedFromAmortizedCost,,
us-gaap:HedgedLiabilityFairValueHedge,us-gaap,HedgedLiabilityFairValueHedge,"Hedged Liability, Fair Value Hedge",Amount of liability hedged in fair value hedging relationship.
us-gaap:HeldToMaturitySecurities,us-gaap,HeldToMaturitySecurities,"Debt Securities, Held-to-maturity",Amount of investment in debt security measured at amortized cost (held-to-maturity).
us-gaap:HeldToMaturitySecuritiesAccumulatedUnrecognizedHoldingGain,us-gaap,HeldToMaturitySecuritiesAccumulatedUnrecognizedHoldingGain,"Debt Securities, Held-to-maturity, Accumulated Unrecognized Gain",Amount of accumulated unrecognized gain on investment in debt security measured at amortized cost (held-to-maturity).
us-gaap:HeldToMaturitySecuritiesAccumulatedUnrecognizedHoldingLoss,us-gaap,HeldToMaturitySecuritiesAccumulatedUnrecognizedHoldingLoss,"Debt Securities, Held-to-maturity, Accumulated Unrecognized Loss",Amount of accumulated unrealized loss on investment in debt security measured at amortized cost (held-to-maturity).
us-gaap:HeldToMaturitySecuritiesAmortizedCostBeforeOtherThanTemporaryImpairment,us-gaap,HeldToMaturitySecuritiesAmortizedCostBeforeOtherThanTemporaryImpairment,"Debt Securities, Held-to-maturity, Amortized Cost, before Other-than-temporary Impairment","Amount, before other-than-temporary impairment (OTTI) accretion, of investment in debt securities measured at amortized cost (held-to-maturity)."
us-gaap:HeldToMaturitySecuritiesContinuousUnrealizedLossPosition12MonthsOrLongerAccumulatedLoss,us-gaap,HeldToMaturitySecuritiesContinuousUnrealizedLossPosition12MonthsOrLongerAccumulatedLoss,"Debt Securities, Held-to-maturity, Continuous Unrealized Loss Position, 12 Months or Longer, Accumulated Loss","Amount of accumulated unrealized loss on investment in debt security measured at amortized cost (held-to-maturity), in continuous loss position for 12 months or longer."
us-gaap:HeldToMaturitySecuritiesContinuousUnrealizedLossPositionAccumulatedLoss,us-gaap,HeldToMaturitySecuritiesContinuousUnrealizedLossPositionAccumulatedLoss,"Debt Securities, Held-to-maturity, Unrealized Loss Position, Accumulated Loss","Amount of accumulated unrealized loss on investment in debt security measured at amortized cost (held-to-maturity), in unrealized loss position."
us-gaap:HeldToMaturitySecuritiesContinuousUnrealizedLossPositionFairValue,us-gaap,HeldToMaturitySecuritiesContinuousUnrealizedLossPositionFairValue,"Debt Securities, Held-to-maturity, Unrealized Loss Position, Fair Value","Fair value of investment in debt security measured at amortized cost (held-to-maturity), in unrealized loss position."
us-gaap:HeldToMaturitySecuritiesContinuousUnrealizedLossPositionLessThan12MonthsAccumulatedLoss,us-gaap,HeldToMaturitySecuritiesContinuousUnrealizedLossPositionLessThan12MonthsAccumulatedLoss,"Debt Securities, Held-to-maturity, Continuous Unrealized Loss Position, Less than 12 Months, Accumulated Loss","Amount of accumulated unrealized loss on investment in debt security measured at amortized cost (held-to-maturity), in continuous loss position for less than 12 months."
us-gaap:HeldToMaturitySecuritiesContinuousUnrealizedLossPositionLessThanTwelveMonthsFairValue,us-gaap,HeldToMaturitySecuritiesContinuousUnrealizedLossPositionLessThanTwelveMonthsFairValue,"Debt Securities, Held-to-maturity, Continuous Unrealized Loss Position, Less than 12 Months, Fair Value","Fair value of investment in debt security measured at amortized cost (held-to-maturity), in continuous unrealized loss position for less than 12 months."
us-gaap:HeldToMaturitySecuritiesContinuousUnrealizedLossPositionTwelveMonthsOrLongerFairValue,us-gaap,HeldToMaturitySecuritiesContinuousUnrealizedLossPositionTwelveMonthsOrLongerFairValue,"Debt Securities, Held-to-maturity, Continuous Unrealized Loss Position, 12 Months or Longer, Fair Value","Fair value of investment in debt security measured at amortized cost (held-to-maturity), in continuous unrealized loss position for 12 months or longer."
us-gaap:HeldToMaturitySecuritiesDebtMaturitiesAfterFiveThroughTenYearsFairValue,us-gaap,HeldToMaturitySecuritiesDebtMaturitiesAfterFiveThroughTenYearsFairValue,"Debt Securities, Held-to-Maturity, Fair Value, Maturity, Allocated and Single Maturity Date, after Year 5 Through 10","Fair value of investment in debt security measured at amortized cost (held-to-maturity), with single maturity date and allocated without single maturity date, maturing in sixth through tenth fiscal year following current fiscal year. Excludes interim and annual periods when interim periods are reported from current statement of financial position date (rolling approach)."
us-gaap:HeldToMaturitySecuritiesDebtMaturitiesAfterFiveThroughTenYearsNetCarryingAmount,us-gaap,HeldToMaturitySecuritiesDebtMaturitiesAfterFiveThroughTenYearsNetCarryingAmount,"Debt Securities, Held-to-Maturity, Amortized Cost, Maturity, Allocated and Single Maturity Date, after Year 5 Through 10","Amount of investment in debt security measured at amortized cost (held-to-maturity), with single maturity date and allocated without single maturity date, maturing in sixth through tenth fiscal year following current fiscal year. Excludes interim and annual periods when interim periods are reported from current statement of financial position date (rolling approach)."
us-gaap:HeldToMaturitySecuritiesDebtMaturitiesAfterOneThroughFiveYearsFairValue,us-gaap,HeldToMaturitySecuritiesDebtMaturitiesAfterOneThroughFiveYearsFairValue,"Debt Securities, Held-to-Maturity, Fair Value, Maturity, Allocated and Single Maturity Date, after Year One Through Five","Fair value of investment in debt security measured at amortized cost (held-to-maturity), with single maturity date and allocated without single maturity date, maturing in second through fifth fiscal year following current fiscal year. Excludes interim and annual periods when interim periods are reported from current statement of financial position date (rolling approach)."
us-gaap:HeldToMaturitySecuritiesDebtMaturitiesAfterOneThroughFiveYearsNetCarryingAmount,us-gaap,HeldToMaturitySecuritiesDebtMaturitiesAfterOneThroughFiveYearsNetCarryingAmount,"Debt Securities, Held-to-Maturity, Amortized Cost, Maturity, Allocated and Single Maturity Date, after Year One Through Five","Amount of investment in debt security measured at amortized cost (held-to-maturity), with single maturity date and allocated without single maturity date, maturing in second through fifth fiscal year following current fiscal year. Excludes interim and annual periods when interim periods are reported from current statement of financial position date (rolling approach)."
us-gaap:HeldToMaturitySecuritiesDebtMaturitiesAfterTenYearsFairValue,us-gaap,HeldToMaturitySecuritiesDebtMaturitiesAfterTenYearsFairValue,"Debt Securities, Held-to-Maturity, Fair Value, Maturity, Allocated and Single Maturity Date, after Year 10","Fair value of investment in debt security measured at amortized cost (held-to-maturity), with single maturity date and allocated without single maturity date, maturing after tenth fiscal year following current fiscal year. Excludes interim and annual periods when interim periods are reported from current statement of financial position date (rolling approach)."
us-gaap:HeldToMaturitySecuritiesDebtMaturitiesAfterTenYearsNetCarryingAmount,us-gaap,HeldToMaturitySecuritiesDebtMaturitiesAfterTenYearsNetCarryingAmount,"Debt Securities, Held-to-Maturity, Amortized Cost, Maturity, Allocated and Single Maturity Date, after Year 10","Amount of investment in debt security measured at amortized cost (held-to-maturity), with single maturity date and allocated without single maturity date, maturing after tenth fiscal year following current fiscal year. Excludes interim and annual periods when interim periods are reported from current statement of financial position date (rolling approach)."
us-gaap:HeldToMaturitySecuritiesDebtMaturitiesFairValue,us-gaap,HeldToMaturitySecuritiesDebtMaturitiesFairValue,"Held-to-maturity Securities, Debt Maturities, Fair Value (Deprecated 2013-01-31)","This item represents the total of all debt securities grouped by maturity dates, at fair value, which are categorized as held-to-maturity."
us-gaap:HeldToMaturitySecuritiesDebtMaturitiesNetCarryingAmount,us-gaap,HeldToMaturitySecuritiesDebtMaturitiesNetCarryingAmount,"Held-to-maturity Securities, Debt Maturities, Net Carrying Amount (Deprecated 2013-01-31)","Carrying amount of debt securities accounted for as held-to-maturity, net of adjustments including, but not limited to, accretion, amortization, collection of cash, previous other-than-temporary impairments (OTTI) recognized, and fair value hedge accounting adjustments."
us-gaap:HeldToMaturitySecuritiesDebtMaturitiesNextRollingTwelveMonthsFairValue,us-gaap,HeldToMaturitySecuritiesDebtMaturitiesNextRollingTwelveMonthsFairValue,"Debt Securities, Held-to-maturity, Maturity, Allocated and Single Maturity Date, Rolling within One Year, Fair Value","Fair value of investment in debt security measured at amortized cost (held-to-maturity), with single maturity date and allocated without single maturity date, maturing in next rolling fiscal year following latest fiscal year. For interim and annual periods when interim period is reported on rolling approach, from latest statement of financial position date."
us-gaap:HeldToMaturitySecuritiesDebtMaturitiesRollingAfterTenYearsFairValue,us-gaap,HeldToMaturitySecuritiesDebtMaturitiesRollingAfterTenYearsFairValue,"Debt Securities, Held-to-maturity, Maturity, Allocated and Single Maturity Date, Rolling after 10 Years, Fair Value","Fair value of investment in debt security measured at amortized cost (held-to-maturity), with single maturity date and allocated without single maturity date, maturing after tenth rolling fiscal year following latest fiscal year. For interim and annual periods when interim period is reported on rolling approach, from latest statement of financial position date."
us-gaap:HeldToMaturitySecuritiesDebtMaturitiesRollingYearSixThroughTenFairValue,us-gaap,HeldToMaturitySecuritiesDebtMaturitiesRollingYearSixThroughTenFairValue,"Debt Securities, Held-to-maturity, Maturity, Allocated and Single Maturity Date, Rolling after Five Through Ten Years, Fair Value","Fair value of investment in debt security measured at amortized cost (held-to-maturity), with single maturity date and allocated without single maturity date, maturing in sixth through tenth rolling fiscal year following latest fiscal year. For interim and annual periods when interim period is reported on rolling approach, from latest statement of financial position date."
us-gaap:HeldToMaturitySecuritiesDebtMaturitiesRollingYearTwoThroughFiveFairValue,us-gaap,HeldToMaturitySecuritiesDebtMaturitiesRollingYearTwoThroughFiveFairValue,"Debt Securities, Held-to-maturity, Maturity, Allocated and Single Maturity Date, Rolling after One Through Five Years, Fair Value","Fair value of investment in debt security measured at amortized cost (held-to-maturity), with single maturity date and allocated without single maturity date, maturing in second through fifth rolling fiscal year following latest fiscal year. For interim and annual periods when interim period is reported on rolling approach, from latest statement of financial position date."
us-gaap:HeldToMaturitySecuritiesDebtMaturitiesWithinOneYearFairValue,us-gaap,HeldToMaturitySecuritiesDebtMaturitiesWithinOneYearFairValue,"Debt Securities, Held-to-Maturity, Fair Value, Maturity, Allocated and Single Maturity Date, Year One","Fair value of investment in debt security measured at amortized cost (held-to-maturity), with single maturity date and allocated without single maturity date, maturing in next fiscal year following current fiscal year. Excludes interim and annual periods when interim periods are reported from current statement of financial position date (rolling approach)."
us-gaap:HeldToMaturitySecuritiesDebtMaturitiesWithinOneYearNetCarryingAmount,us-gaap,HeldToMaturitySecuritiesDebtMaturitiesWithinOneYearNetCarryingAmount,"Debt Securities, Held-to-Maturity, Amortized Cost, Maturity, Allocated and Single Maturity Date, Year One","Amount of investment in debt security measured at amortized cost (held-to-maturity), with single maturity date and allocated without single maturity date, maturing in next fiscal year following current fiscal year. Excludes interim and annual periods when interim periods are reported from current statement of financial position date (rolling approach)."
us-gaap:HeldToMaturitySecuritiesFairValue,us-gaap,HeldToMaturitySecuritiesFairValue,"Debt Securities, Held-to-maturity, Fair Value",Fair value of investment in debt security measured at amortized cost (held-to-maturity).
us-gaap:HeldToMaturitySecuritiesUnrecognizedHoldingGains,us-gaap,HeldToMaturitySecuritiesUnrecognizedHoldingGains,"Held-to-maturity Securities, Unrecognized Holding Gain (Deprecated 2018-01-31)",Amount of unrecognized gain before loss on investments in held-to-maturity securities.
us-gaap:HeldToMaturitySecuritiesUnrecognizedHoldingLoss,us-gaap,HeldToMaturitySecuritiesUnrecognizedHoldingLoss,"Held-to-maturity Securities, Unrecognized Holding Loss (Deprecated 2013-01-31)","As of the balance sheet date, the excess of carrying value (amortized cost) over fair value of a debt security categorized as held-to-maturity, exclusive of dividend or interest income recognized but not yet received and exclusive of any write-downs for other-than-temporary impairment. Such item represents the gross unrecognized holding loss."
us-gaap:HeldToMaturitySecuritiesUnrecognizedHoldingLosses,us-gaap,HeldToMaturitySecuritiesUnrecognizedHoldingLosses,"Held-to-maturity Securities, Unrecognized Holding Loss (Deprecated 2018-01-31)",Amount of unrecognized loss before gain on investments in held-to-maturity securities. Excludes write-down for other than temporary impairment (OTTI).
us-gaap:HeldtomaturitySecuritiesDebtMaturitiesNextRollingTwelveMonthsAmortizedCost,us-gaap,HeldtomaturitySecuritiesDebtMaturitiesNextRollingTwelveMonthsAmortizedCost,"Debt Securities, Held-to-maturity, Maturity, Allocated and Single Maturity Date, Rolling within One Year, Amortized Cost","Amount of investment in debt security measured at amortized cost (held-to-maturity), with single maturity date and allocated without single maturity date, maturing in next rolling fiscal year following latest fiscal year. For interim and annual periods when interim period is reported on rolling approach, from latest statement of financial position date."
us-gaap:HeldtomaturitySecuritiesDebtMaturitiesRollingAfterTenYearsAmortizedCost,us-gaap,HeldtomaturitySecuritiesDebtMaturitiesRollingAfterTenYearsAmortizedCost,"Debt Securities, Held-to-maturity, Maturity, Allocated and Single Maturity Date, Rolling after 10 Years, Amortized Cost","Amount of investment in debt security measured at amortized cost (held-to-maturity), with single maturity date and allocated without single maturity date, maturing after rolling tenth fiscal year following latest fiscal year. For interim and annual periods when interim period is reported on rolling approach, from latest statement of financial position date."
us-gaap:HeldtomaturitySecuritiesDebtMaturitiesRollingYearSixThroughTenAmortizedCost,us-gaap,HeldtomaturitySecuritiesDebtMaturitiesRollingYearSixThroughTenAmortizedCost,"Debt Securities, Held-to-maturity, Maturity, Allocated and Single Maturity Date, Rolling after Five Through Ten Years, Amortized Cost","Amount of investment in debt security measured at amortized cost (held-to-maturity), with single maturity date and allocated without single maturity date, maturing in sixth through tenth rolling fiscal year following latest fiscal year. For interim and annual periods when interim period is reported on rolling approach, from latest statement of financial position date."
us-gaap:HeldtomaturitySecuritiesDebtMaturitiesRollingYearTwoThroughFiveAmortizedCost,us-gaap,HeldtomaturitySecuritiesDebtMaturitiesRollingYearTwoThroughFiveAmortizedCost,"Debt Securities, Held-to-maturity, Maturity, Allocated and Single Maturity Date, Rolling after One Through Five Years, Amortized Cost","Amount of investment in debt security measured at amortized cost (held-to-maturity), with single maturity date and allocated without single maturity date, maturing in second through fifth rolling fiscal year following latest fiscal year. For interim and annual periods when interim period is reported on rolling approach, from latest statement of financial position date."
us-gaap:HeldtomaturitySecuritiesUnrecognizedHoldingGain,us-gaap,HeldtomaturitySecuritiesUnrecognizedHoldingGain,"Held-to-maturity Securities, Unrecognized Holding Gain (Deprecated 2013-01-31)","As of the balance sheet date, the excess of fair value over carrying value (amortized cost) of a debt security categorized as held-to-maturity, exclusive of dividend or interest income recognized but not yet received and exclusive of any write-downs for other-than-temporary impairment. Such item represents the gross unrecognized holding gain."
us-gaap:ImpairedFinancingReceivableAverageRecordedInvestment,us-gaap,ImpairedFinancingReceivableAverageRecordedInvestment,"Impaired Financing Receivable, Average Recorded Investment",Average amount of investment of impaired financing receivables with related allowance for credit losses and without a related allowance for credit losses.
us-gaap:ImpairedFinancingReceivableInterestIncomeAccrualMethod,us-gaap,ImpairedFinancingReceivableInterestIncomeAccrualMethod,"Impaired Financing Receivable, Interest Income, Accrual Method",Amount of interest income recognized that the financing receivables (with related allowance for credit losses and without a related allowance for credit losses) were impaired.
us-gaap:ImpairedFinancingReceivableInterestIncomeCashBasisMethod,us-gaap,ImpairedFinancingReceivableInterestIncomeCashBasisMethod,"Impaired Financing Receivable, Interest Income, Cash Basis Method",Amount of interest income recognized on a cash-basis method of accounting that the financing receivables (with related allowance for credit losses and without a related allowance for credit losses) were impaired.
us-gaap:ImpairedFinancingReceivableRecordedInvestment,us-gaap,ImpairedFinancingReceivableRecordedInvestment,"Impaired Financing Receivable, Recorded Investment",Amount of investment of impaired financing receivables with related allowance for credit losses and without a related allowance for credit losses.
us-gaap:ImpairedFinancingReceivableRelatedAllowance,us-gaap,ImpairedFinancingReceivableRelatedAllowance,"Impaired Financing Receivable, Related Allowance",Amount of allowance for credit losses related to recorded investment.
us-gaap:ImpairedFinancingReceivableUnpaidPrincipalBalance,us-gaap,ImpairedFinancingReceivableUnpaidPrincipalBalance,"Impaired Financing Receivable, Unpaid Principal Balance",Amount of unpaid principal balance of impaired financing receivables with related allowance for credit losses and without related allowance for credit losses.
us-gaap:ImpairmentEffectOnEarningsPerShareAfterTax,us-gaap,ImpairmentEffectOnEarningsPerShareAfterTax,"Impairment Effect on Earnings Per Share, after Tax",After tax earnings per share or per unit impact arising from asset impairment.
us-gaap:ImpairmentOfIntangibleAssetsExcludingGoodwill,us-gaap,ImpairmentOfIntangibleAssetsExcludingGoodwill,Impairment of Intangible Assets (Excluding Goodwill),The amount of impairment loss recognized in the period resulting from the write-down of the carrying amount of an intangible asset (excluding goodwill) to fair value.
us-gaap:ImpairmentOfIntangibleAssetsIndefinitelivedExcludingGoodwill,us-gaap,ImpairmentOfIntangibleAssetsIndefinitelivedExcludingGoodwill,"Impairment of Intangible Assets, Indefinite-lived (Excluding Goodwill)","Amount of impairment loss resulting from write-down of assets, excluding financial assets and goodwill, lacking physical substance and having a projected indefinite period of benefit to fair value."
us-gaap:ImpairmentOfInvestments,us-gaap,ImpairmentOfInvestments,"Other than Temporary Impairment Losses, Investments","The amount by which the fair value of an investment is less than the amortized cost basis or carrying amount of that investment at the balance sheet date and the decline in fair value is deemed to be other than temporary, before considering whether or not such amount is recognized in earnings or other comprehensive income."
us-gaap:ImpairmentOfLongLivedAssetsHeldForUse,us-gaap,ImpairmentOfLongLivedAssetsHeldForUse,Impairment of Long-Lived Assets Held-for-use,The aggregate amount of write-downs for impairments recognized during the period for long lived assets held for use (including those held for disposal by means other than sale).
us-gaap:IncomeLossBeforeExtraordinaryItemsAndCumulativeEffectOfChangeInAccountingPrinciple,us-gaap,IncomeLossBeforeExtraordinaryItemsAndCumulativeEffectOfChangeInAccountingPrinciple,Income (Loss) from Operations before Extraordinary Items (Deprecated 2019-01-31),"Income or Loss from continuing operations, net of taxes, including net Income or Loss from discontinued operations but before extraordinary items."
us-gaap:IncomeLossBeforeExtraordinaryItemsAndCumulativeEffectOfChangeInAccountingPrinciplePerBasicShare,us-gaap,IncomeLossBeforeExtraordinaryItemsAndCumulativeEffectOfChangeInAccountingPrinciplePerBasicShare,"Income (Loss) from Operations before Extraordinary Items, Per Basic Share (Deprecated 2019-01-31)",The amount of net Income or Loss before extraordinary items per each share of common stock or unit outstanding during the reporting period.
us-gaap:IncomeLossBeforeExtraordinaryItemsAndCumulativeEffectOfChangeInAccountingPrinciplePerDilutedShare,us-gaap,IncomeLossBeforeExtraordinaryItemsAndCumulativeEffectOfChangeInAccountingPrinciplePerDilutedShare,"Income (Loss) from Operations before Extraordinary Items, Per Diluted Share (Deprecated 2019-01-31)",The amount of net income or loss for the period before extraordinary items available to each share of common stock or common unit outstanding during the reporting period and to each share or unit that would have been outstanding assuming the issuance of common shares or units for all dilutive potential common shares or units outstanding during the reporting period.
us-gaap:IncomeLossFromContinuingOperations,us-gaap,IncomeLossFromContinuingOperations,"Income (Loss) from Continuing Operations, Net of Tax, Attributable to Parent",Amount after tax of income (loss) from continuing operations attributable to the parent.
us-gaap:IncomeLossFromContinuingOperationsAttributableToNoncontrollingEntity,us-gaap,IncomeLossFromContinuingOperationsAttributableToNoncontrollingEntity,"Income (Loss) from Continuing Operations, Net of Tax, Attributable to Noncontrolling Interest",Amount after tax of income (loss) from continuing operations attributable to the noncontrolling interest.
us-gaap:IncomeLossFromContinuingOperationsBeforeIncomeTaxesDomestic,us-gaap,IncomeLossFromContinuingOperationsBeforeIncomeTaxesDomestic,"Income (Loss) from Continuing Operations before Income Taxes, Domestic",The portion of earnings or loss from continuing operations before income taxes that is attributable to domestic operations.
us-gaap:IncomeLossFromContinuingOperationsBeforeIncomeTaxesExtraordinaryItemsNoncontrollingInterest,us-gaap,IncomeLossFromContinuingOperationsBeforeIncomeTaxesExtraordinaryItemsNoncontrollingInterest,"Income (Loss) from Continuing Operations before Income Taxes, Noncontrolling Interest","Amount of income (loss) from continuing operations, including income (loss) from equity method investments, before deduction of income tax expense (benefit), and income (loss) attributable to noncontrolling interest."
us-gaap:IncomeLossFromContinuingOperationsBeforeIncomeTaxesForeign,us-gaap,IncomeLossFromContinuingOperationsBeforeIncomeTaxesForeign,"Income (Loss) from Continuing Operations before Income Taxes, Foreign","The portion of earnings or loss from continuing operations before income taxes that is attributable to foreign operations, which is defined as Income or Loss generated from operations located outside the entity's country of domicile."
us-gaap:IncomeLossFromContinuingOperationsBeforeIncomeTaxesMinorityInterestAndIncomeLossFromEquityMethodInvestments,us-gaap,IncomeLossFromContinuingOperationsBeforeIncomeTaxesMinorityInterestAndIncomeLossFromEquityMethodInvestments,"Income (Loss) from Continuing Operations before Equity Method Investments, Income Taxes, Noncontrolling Interest","Amount of income (loss) from continuing operations before deduction of income tax expense (benefit) and income (loss) attributable to noncontrolling interest, and addition of income (loss) from equity method investments."
us-gaap:IncomeLossFromContinuingOperationsIncludingPortionAttributableToNoncontrollingInterest,us-gaap,IncomeLossFromContinuingOperationsIncludingPortionAttributableToNoncontrollingInterest,"Income (Loss) from Continuing Operations, Net of Tax, Including Portion Attributable to Noncontrolling Interest",Amount after tax of income (loss) from continuing operations including portion attributable to the noncontrolling interest.
us-gaap:IncomeLossFromContinuingOperationsPerBasicAndDilutedShare,us-gaap,IncomeLossFromContinuingOperationsPerBasicAndDilutedShare,"Income (Loss) from Continuing Operations, Per Basic and Diluted Share",The amount of net income (loss) from continuing operations per each basic and diluted share of common stock or unit when the per share amount is the same for both basic and diluted shares.
us-gaap:IncomeLossFromContinuingOperationsPerBasicShare,us-gaap,IncomeLossFromContinuingOperationsPerBasicShare,"Income (Loss) from Continuing Operations, Per Basic Share",The amount of net income (loss) from continuing operations per each share of common stock or unit outstanding during the reporting period.
us-gaap:IncomeLossFromContinuingOperationsPerDilutedShare,us-gaap,IncomeLossFromContinuingOperationsPerDilutedShare,"Income (Loss) from Continuing Operations, Per Diluted Share",The amount of net income (loss) derived from continuing operations during the period available to each share of common stock or common unit outstanding during the reporting period and to each share or unit that would have been outstanding assuming the issuance of common shares or units for all dilutive potential common shares or units outstanding during the reporting period.
us-gaap:IncomeLossFromDiscontinuedOperationsNetOfTax,us-gaap,IncomeLossFromDiscontinuedOperationsNetOfTax,"Income (Loss) from Discontinued Operations, Net of Tax, Including Portion Attributable to Noncontrolling Interest","Amount after tax of income (loss) from a discontinued operation including the portion attributable to the noncontrolling interest. Includes, but is not limited to, the income (loss) from operations during the phase-out period, gain (loss) on disposal, gain (loss) for reversal of write-down (write-down) to fair value, less cost to sell, and adjustments to a prior period gain (loss) on disposal."
us-gaap:IncomeLossFromDiscontinuedOperationsNetOfTaxAttributableToNoncontrollingInterest,us-gaap,IncomeLossFromDiscontinuedOperationsNetOfTaxAttributableToNoncontrollingInterest,"Income (Loss) from Discontinued Operations, Net of Tax, Attributable to Noncontrolling Interest","Amount after tax of income (loss) from a discontinued operation attributable to the noncontrolling interest. Includes, but is not limited to, the income (loss) from operations during the phase-out period, gain (loss) on disposal, gain (loss) for reversal of write-down (write-down) to fair value, less cost to sell, and adjustments to a prior period gain (loss) on disposal."
us-gaap:IncomeLossFromDiscontinuedOperationsNetOfTaxAttributableToReportingEntity,us-gaap,IncomeLossFromDiscontinuedOperationsNetOfTaxAttributableToReportingEntity,"Income (Loss) from Discontinued Operations, Net of Tax, Attributable to Parent","Amount after tax of income (loss) from a discontinued operation attributable to the parent. Includes, but is not limited to, the income (loss) from operations during the phase-out period, gain (loss) on disposal, gain (loss) for reversal of write-down (write-down) to fair value, less cost to sell, and adjustments to a prior period gain (loss) on disposal."
us-gaap:IncomeLossFromDiscontinuedOperationsNetOfTaxPerBasicShare,us-gaap,IncomeLossFromDiscontinuedOperationsNetOfTaxPerBasicShare,"Income (Loss) from Discontinued Operations and Disposal of Discontinued Operations, Net of Tax, Per Basic Share","Per basic share amount, after tax, of income (loss) from the day-to-day business activities of the discontinued operation and gain (loss) from the disposal of the discontinued operation."
us-gaap:IncomeLossFromDiscontinuedOperationsNetOfTaxPerDilutedShare,us-gaap,IncomeLossFromDiscontinuedOperationsNetOfTaxPerDilutedShare,"Income (Loss) from Discontinued Operations and Disposal of Discontinued Operations, Net of Tax, Per Diluted Share","Per diluted share amount, after tax, of income (loss) from the day-to-day business activities of the discontinued operation and gain (loss) from the disposal of the discontinued operation."
us-gaap:IncomeLossFromEquityMethodInvestments,us-gaap,IncomeLossFromEquityMethodInvestments,Income (Loss) from Equity Method Investments,Amount of income (loss) for proportionate share of equity method investee's income (loss).
us-gaap:IncomeLossFromEquityMethodInvestmentsNetOfDividendsOrDistributions,us-gaap,IncomeLossFromEquityMethodInvestmentsNetOfDividendsOrDistributions,"Income (Loss) from Equity Method Investments, Net of Dividends or Distributions","This element represents the undistributed income (or loss) of equity method investments, net of dividends or other distributions received from unconsolidated subsidiaries, certain corporate joint ventures, and certain noncontrolled corporations; such investments are accounted for under the equity method of accounting. This element excludes distributions that constitute a return of investment, which are classified as investing activities."
us-gaap:IncomeLossFromExtraordinaryItemsNetOfTaxPerBasicShare,us-gaap,IncomeLossFromExtraordinaryItemsNetOfTaxPerBasicShare,"Income (Loss) from Extraordinary Items, Net of Tax, Per Basic Share (Deprecated 2019-01-31)","The amount of net income (loss) from extraordinary items, net of related tax effect, per each share of common stock or unit outstanding during the reporting period."
us-gaap:IncomeLossFromExtraordinaryItemsNetOfTaxPerDilutedShare,us-gaap,IncomeLossFromExtraordinaryItemsNetOfTaxPerDilutedShare,"Income (Loss) from Extraordinary Items, Net of Tax, Per Diluted Share (Deprecated 2019-01-31)",The amount of net income (loss) for the period attributable to extraordinary items that is available to each share of common stock or common unit outstanding during the reporting period and to each share or unit that would have been outstanding assuming the issuance of common shares or units for all dilutive potential common shares or units outstanding during the reporting period.
us-gaap:IncomeTaxCreditsAndAdjustments,us-gaap,IncomeTaxCreditsAndAdjustments,Income Tax Credits and Adjustments,A credit or adjustment for government or taxing authority authorized decrease in taxes owed as a result of meeting certain tax policy conditions.
us-gaap:IncomeTaxEffectsAllocatedDirectlyToEquity,us-gaap,IncomeTaxEffectsAllocatedDirectlyToEquity,Income Tax Effects Allocated Directly to Equity,The sum of the tax effects of all items occurring during the period that have been charged or credited directly to other comprehensive income or to related components of shareholders' equity.
us-gaap:IncomeTaxEffectsAllocatedDirectlyToEquityEmployeeStockOptions,us-gaap,IncomeTaxEffectsAllocatedDirectlyToEquityEmployeeStockOptions,"Income Tax Effects Allocated Directly to Equity, Employee Stock Options","The tax effects of employee stock option transactions that are recognized differently for financial reporting and tax purposes, occurring during the period and charged or credited directly to shareholders' equity."
us-gaap:IncomeTaxEffectsAllocatedDirectlyToEquityOther,us-gaap,IncomeTaxEffectsAllocatedDirectlyToEquityOther,"Income Tax Effects Allocated Directly to Equity, Other",The tax effect of items occurring during the period that have been charged or credited directly to components of shareholders' equity and are not otherwise defined.
us-gaap:IncomeTaxExaminationEstimateOfPossibleLoss,us-gaap,IncomeTaxExaminationEstimateOfPossibleLoss,"Income Tax Examination, Estimate of Possible Loss",Estimated amount of loss resulting from an adverse tax position.
us-gaap:IncomeTaxExaminationIncreaseDecreaseInLiabilityFromPriorYear,us-gaap,IncomeTaxExaminationIncreaseDecreaseInLiabilityFromPriorYear,"Income Tax Examination, Increase (Decrease) in Liability from Prior Year",The amount the liability recorded for the income tax examination increased or decreased in the current year/accounting period.
us-gaap:IncomeTaxExaminationInterestAccrued,us-gaap,IncomeTaxExaminationInterestAccrued,"Income Tax Examination, Interest Accrued",The amount of estimated interest accrued as of the balance sheet date arising from income tax examinations.
us-gaap:IncomeTaxExaminationInterestExpense,us-gaap,IncomeTaxExaminationInterestExpense,"Income Tax Examination, Interest Expense",The amount of estimated interest recognized in the period arising from income tax examinations.
us-gaap:IncomeTaxExaminationLiabilityRecorded,us-gaap,IncomeTaxExaminationLiabilityRecorded,"Income Tax Examination, Liability Recorded (Deprecated 2013-01-31)","The estimated loss resulting from the income tax examination that has been accrued as of the balance sheet date, including interest and penalties."
us-gaap:IncomeTaxExaminationPenaltiesAndInterestAccrued,us-gaap,IncomeTaxExaminationPenaltiesAndInterestAccrued,"Income Tax Examination, Penalties and Interest Accrued",The amount of estimated penalties and interest accrued as of the balance sheet date arising from income tax examinations.
us-gaap:IncomeTaxExaminationPenaltiesAndInterestExpense,us-gaap,IncomeTaxExaminationPenaltiesAndInterestExpense,"Income Tax Examination, Penalties and Interest Expense",The sum of the amounts of estimated penalties and interest recognized in the period arising from income tax examinations.
us-gaap:IncomeTaxExaminationRangeOfPossibleLosses,us-gaap,IncomeTaxExaminationRangeOfPossibleLosses,"Income Tax Examination, Range of Possible Losses (Deprecated 2013-01-31)",The estimated range of reasonably possible losses resulting from an adverse position taken by a taxing authority.
us-gaap:IncomeTaxExpenseBenefit,us-gaap,IncomeTaxExpenseBenefit,Income Tax Expense (Benefit),Amount of current income tax expense (benefit) and deferred income tax expense (benefit) pertaining to continuing operations.
us-gaap:IncomeTaxExpenseBenefitContinuingOperations,us-gaap,IncomeTaxExpenseBenefitContinuingOperations,"Income Tax Expense (Benefit), Continuing Operations (Deprecated 2013-01-31)",The sum of the current income tax expense or benefit and the deferred income tax expense or benefit pertaining to pretax Income or Loss from continuing operations; income tax expense or benefit may include interest and penalties on tax uncertainties based on the entity's accounting policy.
us-gaap:IncomeTaxExpenseBenefitContinuingOperationsAdjustmentOfDeferredTaxAssetLiability,us-gaap,IncomeTaxExpenseBenefitContinuingOperationsAdjustmentOfDeferredTaxAssetLiability,"Income Tax Expense (Benefit), Continuing Operations, Adjustment of Deferred Tax (Asset) Liability",Amount of income tax expense (benefit) from continuing operations attributable to an adjustment of a deferred tax liability or asset for enacted changes in tax laws or rates or a change in the tax status of the entity.
us-gaap:IncomeTaxPaidFederalAfterRefundReceived,us-gaap,IncomeTaxPaidFederalAfterRefundReceived,,
us-gaap:IncomeTaxPaidForeignAfterRefundReceived,us-gaap,IncomeTaxPaidForeignAfterRefundReceived,,
us-gaap:IncomeTaxPaidStateAndLocalAfterRefundReceived,us-gaap,IncomeTaxPaidStateAndLocalAfterRefundReceived,,
us-gaap:IncomeTaxReconciliationChangeInDeferredTaxAssetsValuationAllowance,us-gaap,IncomeTaxReconciliationChangeInDeferredTaxAssetsValuationAllowance,"Effective Income Tax Rate Reconciliation, Change in Deferred Tax Assets Valuation Allowance, Amount",Amount of the difference between reported income tax expense (benefit) and expected income tax expense (benefit) computed by applying the domestic federal statutory income tax rates to pretax income (loss) from continuing operations attributable to increase (decrease) in the valuation allowance for deferred tax assets.
us-gaap:IncomeTaxReconciliationChangeInEnactedTaxRate,us-gaap,IncomeTaxReconciliationChangeInEnactedTaxRate,"Effective Income Tax Rate Reconciliation, Change in Enacted Tax Rate, Amount","Amount of the difference between reported income tax expense (benefit) and expected income tax expense (benefit) computed by applying the domestic federal statutory income tax rates to pretax income (loss) from continuing operations, attributable to increase (decrease) in the income tax rates."
us-gaap:IncomeTaxReconciliationDeductions,us-gaap,IncomeTaxReconciliationDeductions,"Effective Income Tax Rate Reconciliation, Deduction, Amount","Amount of difference between reported income tax expense (benefit) and expected income tax expense (benefit) computed by applying domestic federal statutory income tax rate to pretax income (loss) from continuing operations attributable to deduction. Includes, but is not limited to, dividend deduction, deduction for dividend paid to employee stock ownership plan (ESOP), Medicare prescription drug benefit subsidy deduction, and other deductions."
us-gaap:IncomeTaxReconciliationDeductionsQualifiedProductionActivities,us-gaap,IncomeTaxReconciliationDeductionsQualifiedProductionActivities,"Effective Income Tax Rate Reconciliation, Deduction, Qualified Production Activity, Amount",Amount of the difference between reported income tax expense (benefit) and the expected income tax expense (benefit) computed by applying the domestic federal statutory income tax rates to pretax income (loss) from continuing operations attributable to deduction for qualified production activity.
us-gaap:IncomeTaxReconciliationEquityInEarningsLossesOfUnconsolidatedSubsidiary,us-gaap,IncomeTaxReconciliationEquityInEarningsLossesOfUnconsolidatedSubsidiary,"Effective Income Tax Rate Reconciliation, Equity in Earnings (Losses) of Unconsolidated Subsidiary, Amount",Amount of the difference between reported income tax expense (benefit) and expected income tax expense (benefit) computed by applying the domestic federal statutory income tax rates to pretax income (loss) from continuing operations attributable to equity in earnings (loss) of unconsolidated subsidiaries exempt from income taxes.
us-gaap:IncomeTaxReconciliationForeignIncomeTaxRateDifferential,us-gaap,IncomeTaxReconciliationForeignIncomeTaxRateDifferential,"Effective Income Tax Rate Reconciliation, Foreign Income Tax Rate Differential, Amount",Amount of the difference between reported income tax expense (benefit) and expected income tax expense (benefit) computed by applying the domestic federal statutory income tax rates to pretax income (loss) from continuing operations attributable to foreign income tax expense (benefit).
us-gaap:IncomeTaxReconciliationIncomeTaxExpenseBenefitAtFederalStatutoryIncomeTaxRate,us-gaap,IncomeTaxReconciliationIncomeTaxExpenseBenefitAtFederalStatutoryIncomeTaxRate,"Effective Income Tax Rate Reconciliation at Federal Statutory Income Tax Rate, Amount",The amount of income tax expense or benefit for the period computed by applying the domestic federal statutory tax rates to pretax income from continuing operations.
us-gaap:IncomeTaxReconciliationMinorityInterestIncomeExpense,us-gaap,IncomeTaxReconciliationMinorityInterestIncomeExpense,"Effective Income Tax Rate Reconciliation, Noncontrolling Interest Income (Loss), Amount",Amount of the difference between reported income tax expense (benefit) and expected income tax expense (benefit) computed by applying the domestic federal statutory income tax rates to pretax income (loss) from continuing operations attributable to noncontrolling interest income (loss) exempt from income taxes.
us-gaap:IncomeTaxReconciliationNondeductibleExpense,us-gaap,IncomeTaxReconciliationNondeductibleExpense,"Effective Income Tax Rate Reconciliation, Nondeductible Expense, Amount",Amount of the difference between reported income tax expense (benefit) and expected income tax expense (benefit) computed by applying the domestic federal statutory income tax rates to pretax income (loss) from continuing operations attributable to nondeductible expenses.
us-gaap:IncomeTaxReconciliationNondeductibleExpenseOther,us-gaap,IncomeTaxReconciliationNondeductibleExpenseOther,"Effective Income Tax Rate Reconciliation, Nondeductible Expense, Other, Amount",Amount of the difference between reported income tax expense (benefit) and expected income tax expense (benefit) computed by applying the domestic federal statutory income tax rates to pretax income (loss) from continuing operations attributable to other nondeductible expenses.
us-gaap:IncomeTaxReconciliationNondeductibleExpenseRestructuringCharges,us-gaap,IncomeTaxReconciliationNondeductibleExpenseRestructuringCharges,"Effective Income Tax Rate Reconciliation, Nondeductible Expense, Restructuring Charges, Amount",Amount of the difference between reported income tax expense (benefit) and expected income tax expense (benefit) computed by applying the domestic federal statutory income tax rates to pretax income (loss) from continuing operations attributable to nondeductible restructuring charges.
us-gaap:IncomeTaxReconciliationNondeductibleExpenseShareBasedCompensationCost,us-gaap,IncomeTaxReconciliationNondeductibleExpenseShareBasedCompensationCost,"Effective Income Tax Rate Reconciliation, Nondeductible Expense, Share-based Payment Arrangement, Amount","Amount of reported income tax expense (benefit) in excess of (less than) expected income tax expense (benefit) computed by applying domestic federal statutory income tax rate to pretax income (loss) from continuing operation, attributable to nondeductible expense for award under share-based payment arrangement. Includes, but is not limited to, expense determined to be nondeductible upon grant or after for award under share-based payment arrangement."
us-gaap:IncomeTaxReconciliationOtherAdjustments,us-gaap,IncomeTaxReconciliationOtherAdjustments,"Effective Income Tax Rate Reconciliation, Other Adjustments, Amount",Amount of the difference between reported income tax expense (benefit) and expected income tax expense (benefit) computed by applying the domestic federal statutory income tax rates to pretax income (loss) from continuing operations attributable to other adjustments.
us-gaap:IncomeTaxReconciliationOtherReconcilingItems,us-gaap,IncomeTaxReconciliationOtherReconcilingItems,"Effective Income Tax Rate Reconciliation, Other Reconciling Items, Amount","Amount of the difference between reported income tax expense (benefit) and expected income tax expense (benefit) computed by applying the domestic federal statutory income tax rates to pretax income (loss) from continuing operations attributable to tax exempt income, equity in earnings (loss) of an unconsolidated subsidiary, minority noncontrolling interest income (loss), tax holiday, disposition of a business, disposition of an asset, repatriation of foreign earnings, repatriation of foreign earnings jobs creation act of 2004, increase (decrease) in enacted tax rate, prior year income taxes, increase (decrease) in deferred tax asset valuation allowance, and other adjustments."
us-gaap:IncomeTaxReconciliationPriorYearIncomeTaxes,us-gaap,IncomeTaxReconciliationPriorYearIncomeTaxes,"Effective Income Tax Rate Reconciliation, Prior Year Income Taxes, Amount",Amount of the difference between reported income tax expense (benefit) and expected income tax expense (benefit) computed by applying the domestic federal statutory income tax rates to pretax income (loss) from continuing operations attributable to revisions of previously reported income tax expense (benefit).
us-gaap:IncomeTaxReconciliationRepatriationOfForeignEarnings,us-gaap,IncomeTaxReconciliationRepatriationOfForeignEarnings,"Effective Income Tax Rate Reconciliation, Repatriation of Foreign Earnings, Amount",Amount of the difference between reported income tax expense (benefit) and expected income tax expense (benefit) computed by applying the domestic federal statutory income tax rates to pretax income (loss) from continuing operations attributable to repatriation of foreign earnings.
us-gaap:IncomeTaxReconciliationStateAndLocalIncomeTaxes,us-gaap,IncomeTaxReconciliationStateAndLocalIncomeTaxes,"Effective Income Tax Rate Reconciliation, State and Local Income Taxes, Amount",Amount of the difference between reported income tax expense (benefit) and expected income tax expense (benefit) computed by applying the domestic federal statutory income tax rates to pretax income (loss) from continuing operations attributable to state and local income tax expense (benefit).
us-gaap:IncomeTaxReconciliationTaxContingencies,us-gaap,IncomeTaxReconciliationTaxContingencies,"Effective Income Tax Rate Reconciliation, Tax Contingency, Amount","Amount of the difference between reported income tax expense (benefit) and expected income tax expense (benefit) computed by applying the domestic federal statutory income tax rates to pretax income (loss) from continuing operations attributable to increase (decrease) in income tax contingencies. Including, but not limited to, domestic tax contingency, foreign tax contingency, state and local tax contingency, and other contingencies."
us-gaap:IncomeTaxReconciliationTaxContingenciesDomestic,us-gaap,IncomeTaxReconciliationTaxContingenciesDomestic,"Effective Income Tax Rate Reconciliation, Tax Contingency, Domestic, Amount",Amount of the difference between reported income tax expense (benefit) and expected income tax expense (benefit) computed by applying the domestic federal statutory income tax rates to pretax income (loss) from continuing operations attributable to increase (decrease) in domestic income tax contingency.
us-gaap:IncomeTaxReconciliationTaxCredits,us-gaap,IncomeTaxReconciliationTaxCredits,"Effective Income Tax Rate Reconciliation, Tax Credit, Amount","Amount of the difference between reported income tax expense (benefit) and expected income tax expense (benefit) computed by applying the domestic federal statutory income tax rates to pretax income (loss) from continuing operations attributable to tax credits. Including, but not limited to, research credit, foreign tax credit, investment tax credit, and other tax credits."
us-gaap:IncomeTaxReconciliationTaxCreditsForeign,us-gaap,IncomeTaxReconciliationTaxCreditsForeign,"Effective Income Tax Rate Reconciliation, Tax Credit, Foreign, Amount",Amount of the difference between reported income tax expense (benefit) and expected income tax expense (benefit) computed by applying the domestic federal statutory income tax rates to pretax income (loss) from continuing operations attributable to foreign tax credit.
us-gaap:IncomeTaxReconciliationTaxCreditsInvestment,us-gaap,IncomeTaxReconciliationTaxCreditsInvestment,"Effective Income Tax Rate Reconciliation, Tax Credit, Investment, Amount",Amount of the difference between reported income tax expense (benefit) and expected income tax expense (benefit) computed by applying the domestic federal statutory income tax rates to pretax income (loss) from continuing operations attributable to investment tax credit.
us-gaap:IncomeTaxReconciliationTaxCreditsOther,us-gaap,IncomeTaxReconciliationTaxCreditsOther,"Effective Income Tax Rate Reconciliation, Tax Credit, Other, Amount",Amount of the difference between reported income tax expense (benefit) and expected income tax expense (benefit) computed by applying the domestic federal statutory income tax rates to pretax income (loss) from continuing operations attributable to other tax credits.
us-gaap:IncomeTaxReconciliationTaxCreditsResearch,us-gaap,IncomeTaxReconciliationTaxCreditsResearch,"Effective Income Tax Rate Reconciliation, Tax Credit, Research, Amount",Amount of the difference between reported income tax expense (benefit) and expected income tax expense (benefit) computed by applying the domestic federal statutory income tax rates to pretax income (loss) from continuing operations attributable to research tax credit.
us-gaap:IncomeTaxReconciliationTaxExemptIncome,us-gaap,IncomeTaxReconciliationTaxExemptIncome,"Effective Income Tax Rate Reconciliation, Tax Exempt Income, Amount",Amount of the difference between reported income tax expense (benefit) and expected income tax expense (benefit) computed by applying the domestic federal statutory income tax rates to pretax income (loss) from continuing operations attributable to income (loss) exempt from income taxes.
us-gaap:IncomeTaxReconciliationTaxSettlements,us-gaap,IncomeTaxReconciliationTaxSettlements,"Effective Income Tax Rate Reconciliation, Tax Settlement, Amount","Amount of the difference between reported income tax expense (benefit) and expected income tax expense (benefit) computed by applying the domestic federal statutory income tax rates to pretax income (loss) from continuing operations attributable to income tax settlements. Including, but not limited to, domestic tax settlement, foreign tax settlement, state and local tax settlement, and other tax settlements."
us-gaap:IncomeTaxReconciliationTaxSettlementsDomestic,us-gaap,IncomeTaxReconciliationTaxSettlementsDomestic,"Effective Income Tax Rate Reconciliation, Tax Settlement, Domestic, Amount",Amount of the difference between reported income tax expense (benefit) and expected income tax expense (benefit) computed by applying the domestic federal statutory income tax rates to pretax income (loss) from continuing operations attributable to domestic income tax settlement.
us-gaap:IncomeTaxesPaid,us-gaap,IncomeTaxesPaid,Income Taxes Paid,"The amount of cash paid during the current period to foreign, federal, state, and local authorities as taxes on income."
us-gaap:IncomeTaxesPaidNet,us-gaap,IncomeTaxesPaidNet,"Income Taxes Paid, Net","The amount of cash paid during the current period to foreign, federal, state, and local authorities as taxes on income, net of any cash received during the current period as refunds for the overpayment of taxes."
us-gaap:IncomeTaxesReceivable,us-gaap,IncomeTaxesReceivable,"Income Taxes Receivable, Current","Carrying amount due within one year of the balance sheet date (or one operating cycle, if longer) from tax authorities as of the balance sheet date representing refunds of overpayments or recoveries based on agreed-upon resolutions of disputes."
us-gaap:IncomeTaxesReceivableNoncurrent,us-gaap,IncomeTaxesReceivableNoncurrent,"Income Taxes Receivable, Noncurrent","Carrying amount due after one year of the balance sheet date (or one operating cycle, if longer) from tax authorities as of the balance sheet date representing refunds of overpayments or recoveries based on agreed-upon resolutions of disputes."
us-gaap:IncreaseDecreaseInAccountsAndNotesReceivable,us-gaap,IncreaseDecreaseInAccountsAndNotesReceivable,Increase (Decrease) in Accounts and Notes Receivable,The increase (decrease) during the reporting period of the sum of amounts due within one year (or one business cycle) from customers for the credit sale of goods and services; and from note holders for outstanding loans.
us-gaap:IncreaseDecreaseInAccountsAndOtherReceivables,us-gaap,IncreaseDecreaseInAccountsAndOtherReceivables,Increase (Decrease) in Accounts and Other Receivables,The increase (decrease) during the reporting period in the amount due from customers for the credit sale of goods and services; includes accounts receivable and other types of receivables.
us-gaap:IncreaseDecreaseInAccountsPayable,us-gaap,IncreaseDecreaseInAccountsPayable,Increase (Decrease) in Accounts Payable,The increase (decrease) during the reporting period in the aggregate amount of liabilities incurred (and for which invoices have typically been received) and payable to vendors for goods and services received that are used in an entity's business.
us-gaap:IncreaseDecreaseInAccountsPayableAndAccruedLiabilities,us-gaap,IncreaseDecreaseInAccountsPayableAndAccruedLiabilities,Increase (Decrease) in Accounts Payable and Accrued Liabilities,The increase (decrease) during the reporting period in the amounts payable to vendors for goods and services received and the amount of obligations and expenses incurred but not paid.
us-gaap:IncreaseDecreaseInAccountsReceivable,us-gaap,IncreaseDecreaseInAccountsReceivable,Increase (Decrease) in Accounts Receivable,The increase (decrease) during the reporting period in amount due within one year (or one business cycle) from customers for the credit sale of goods and services.
us-gaap:IncreaseDecreaseInAccountsReceivableAndOtherOperatingAssets,us-gaap,IncreaseDecreaseInAccountsReceivableAndOtherOperatingAssets,Increase (Decrease) in Accounts Receivable and Other Operating Assets,"Amount of increase (decrease) in receivables, and operating assets classified as other."
us-gaap:IncreaseDecreaseInAccruedIncomeTaxesPayable,us-gaap,IncreaseDecreaseInAccruedIncomeTaxesPayable,Increase (Decrease) in Income Taxes Payable,The increase (decrease) during the period in the amount due for taxes based on the reporting entity's earnings or attributable to the entity's income earning process (business presence) within a given jurisdiction.
us-gaap:IncreaseDecreaseInAccruedLiabilities,us-gaap,IncreaseDecreaseInAccruedLiabilities,Increase (Decrease) in Accrued Liabilities,The increase (decrease) during the reporting period in the aggregate amount of expenses incurred but not yet paid.
us-gaap:IncreaseDecreaseInAccruedLiabilitiesAndOtherOperatingLiabilities,us-gaap,IncreaseDecreaseInAccruedLiabilitiesAndOtherOperatingLiabilities,Increase (Decrease) in Accrued Liabilities and Other Operating Liabilities,"Amount of increase (decrease) in accrued expenses, and obligations classified as other."
us-gaap:IncreaseDecreaseInAccruedTaxesPayable,us-gaap,IncreaseDecreaseInAccruedTaxesPayable,Increase (Decrease) in Accrued Taxes Payable,"The increase (decrease) during the reporting period of all taxes owed but not paid, including income, property and other taxes."
us-gaap:IncreaseDecreaseInCashCollateralForBorrowedSecurities,us-gaap,IncreaseDecreaseInCashCollateralForBorrowedSecurities,Increase (Decrease) in Cash Collateral for Borrowed Securities,The increase (decrease) during the reporting period in the amount of cash that is pledged as security when borrowing securities.
us-gaap:IncreaseDecreaseInCashCollateralForLoanedSecurities,us-gaap,IncreaseDecreaseInCashCollateralForLoanedSecurities,Increase (Decrease) in Cash Collateral for Loaned Securities,The increase (decrease) during the reporting period in the amount of cash that is received as security when loaning securities.
us-gaap:IncreaseDecreaseInCollateralHeldUnderSecuritiesLending,us-gaap,IncreaseDecreaseInCollateralHeldUnderSecuritiesLending,Increase (Decrease) in Collateral Held under Securities Lending,"The increase (decrease) during the period in the carrying amount of assets, which may include but are not limited to cash and investments, received as collateral pertaining to securities loaned to a counterparty to the transaction. Includes the change during the period in any unrealized gain or loss on such investments."
us-gaap:IncreaseDecreaseInContractWithCustomerLiability,us-gaap,IncreaseDecreaseInContractWithCustomerLiability,"Increase (Decrease) in Contract with Customer, Liability",Amount of increase (decrease) in obligation to transfer good or service to customer for which consideration has been received or is receivable.
us-gaap:IncreaseDecreaseInCustomerAdvances,us-gaap,IncreaseDecreaseInCustomerAdvances,Increase (Decrease) in Customer Advances,The increase (decrease) during the reporting period in the amount of prepayments by customers for goods or services to be provided at a later date.
us-gaap:IncreaseDecreaseInCustomerDeposits,us-gaap,IncreaseDecreaseInCustomerDeposits,Increase (Decrease) in Customer Deposits,"The increase (decrease) during the period in the amount of customer money held in customer accounts, including security deposits, collateral for a current or future transactions, initial payment of the cost of acquisition or for the right to enter into a contract or agreement."
us-gaap:IncreaseDecreaseInDeferredIncomeTaxes,us-gaap,IncreaseDecreaseInDeferredIncomeTaxes,Increase (Decrease) in Deferred Income Taxes,The increase (decrease) during the reporting period in the account that represents the temporary difference that results from Income or Loss that is recognized for accounting purposes but not for tax purposes and vice versa.
us-gaap:IncreaseDecreaseInDeferredRevenue,us-gaap,IncreaseDecreaseInDeferredRevenue,Increase (Decrease) in Deferred Revenue,Amount of increase (decrease) in deferred income and obligation to transfer product and service to customer for which consideration has been received or is receivable.
us-gaap:IncreaseDecreaseInDeferredRevenueAndCustomerAdvancesAndDeposits,us-gaap,IncreaseDecreaseInDeferredRevenueAndCustomerAdvancesAndDeposits,Increase (Decrease) in Deferred Revenue and Customer Advances and Deposits,"The increase (decrease) during the reporting period in the amount of (a) prepayments by customers for goods or services to be provided at a later date, (b) the amount of customer money held in customer accounts, including security deposits, collateral for current or future transactions, initial payment of the cost of an acquisition or for the right to enter into a contract or agreement, (c) the increase (decrease) during the reporting period, excluding the portion taken into income, in the liability reflecting services yet to be performed by the reporting entity for which cash or other forms of consideration was received or recorded as a receivable, or (d) some combination of (a), (b), and (c)."
us-gaap:IncreaseDecreaseInDeposits,us-gaap,IncreaseDecreaseInDeposits,Increase (Decrease) in Deposits,The net cash inflow or outflow for the increase (decrease) in the beginning and end of period deposits balances.
us-gaap:IncreaseDecreaseInFederalFundsPurchasedAndSecuritiesSoldUnderAgreementsToRepurchaseNet,us-gaap,IncreaseDecreaseInFederalFundsPurchasedAndSecuritiesSoldUnderAgreementsToRepurchaseNet,"Increase (Decrease) in Federal Funds Purchased and Securities Sold under Agreements to Repurchase, Net",The net cash inflow or outflow from the fund lent to other financial institution arising from the excess in reserve deposited at Federal Reserve Bank to meet legal requirement. This borrowing is usually contracted on an overnight basis at an agreed rate of interest. Also include cash inflow or outflow from investment sold under the agreement to reacquire such investment.
us-gaap:IncreaseDecreaseInFinancialInstrumentsUsedInOperatingActivities,us-gaap,IncreaseDecreaseInFinancialInstrumentsUsedInOperatingActivities,Increase (Decrease) in Financial Instruments Used in Operating Activities,"The increase (decrease) during the reporting period in the aggregate value of financial instruments used in operating activities, including trading securities, risk management instruments, and other short-term trading instruments."
us-gaap:IncreaseDecreaseInIncomeTaxes,us-gaap,IncreaseDecreaseInIncomeTaxes,Increase (Decrease) in Income Taxes,"The increase (decrease) during the reporting period in the amounts payable to taxing authorities for taxes that are based on the reporting entity's earnings, net of amounts receivable from taxing authorities for refunds of overpayments or recoveries of income taxes, and in deferred and other tax liabilities and assets."
us-gaap:IncreaseDecreaseInInventories,us-gaap,IncreaseDecreaseInInventories,Increase (Decrease) in Inventories,"The increase (decrease) during the reporting period in the aggregate value of all inventory held by the reporting entity, associated with underlying transactions that are classified as operating activities."
us-gaap:IncreaseDecreaseInNotesReceivables,us-gaap,IncreaseDecreaseInNotesReceivables,Increase (Decrease) in Notes Receivables,The increase (decrease) during the reporting period of the amounts due from borrowers for outstanding secured or unsecured loans evidenced by a note.
us-gaap:IncreaseDecreaseInOperatingCapital,us-gaap,IncreaseDecreaseInOperatingCapital,Increase (Decrease) in Operating Capital,The increase (decrease) during the reporting period of all assets and liabilities used in operating activities.
us-gaap:IncreaseDecreaseInOtherCurrentAssets,us-gaap,IncreaseDecreaseInOtherCurrentAssets,Increase (Decrease) in Other Current Assets,Amount of increase (decrease) in current assets classified as other.
us-gaap:IncreaseDecreaseInOtherCurrentAssetsAndLiabilitiesNet,us-gaap,IncreaseDecreaseInOtherCurrentAssetsAndLiabilitiesNet,"Increase (Decrease) in Other Current Assets and Liabilities, Net",Amount of increase (decrease) in current operating assets after deduction of current operating liabilities classified as other.
us-gaap:IncreaseDecreaseInOtherCurrentLiabilities,us-gaap,IncreaseDecreaseInOtherCurrentLiabilities,Increase (Decrease) in Other Current Liabilities,Amount of increase (decrease) in current liabilities classified as other.
us-gaap:IncreaseDecreaseInOtherNoncurrentAssets,us-gaap,IncreaseDecreaseInOtherNoncurrentAssets,Increase (Decrease) in Other Noncurrent Assets,Amount of increase (decrease) in noncurrent assets classified as other.
us-gaap:IncreaseDecreaseInOtherNoncurrentLiabilities,us-gaap,IncreaseDecreaseInOtherNoncurrentLiabilities,Increase (Decrease) in Other Noncurrent Liabilities,Amount of increase (decrease) in noncurrent operating liabilities classified as other.
us-gaap:IncreaseDecreaseInOtherOperatingAssets,us-gaap,IncreaseDecreaseInOtherOperatingAssets,Increase (Decrease) in Other Operating Assets,Amount of increase (decrease) in operating assets classified as other.
us-gaap:IncreaseDecreaseInOtherOperatingCapitalNet,us-gaap,IncreaseDecreaseInOtherOperatingCapitalNet,"Increase (Decrease) in Other Operating Assets and Liabilities, Net",Amount of increase (decrease) in operating assets after deduction of operating liabilities classified as other.
us-gaap:IncreaseDecreaseInOtherOperatingLiabilities,us-gaap,IncreaseDecreaseInOtherOperatingLiabilities,Increase (Decrease) in Other Operating Liabilities,Amount of increase (decrease) in operating liabilities classified as other.
us-gaap:IncreaseDecreaseInOtherReceivables,us-gaap,IncreaseDecreaseInOtherReceivables,Increase (Decrease) in Other Receivables,Amount of increase (decrease) in receivables classified as other.
us-gaap:IncreaseDecreaseInPensionPlanObligations,us-gaap,IncreaseDecreaseInPensionPlanObligations,"Increase (Decrease) in Obligation, Pension Benefits","Amount of increase (decrease) in obligation for pension benefits. Includes, but is not limited to, defined benefit or defined contribution plans. Excludes other postretirement benefits."
us-gaap:IncreaseDecreaseInPrepaidDeferredExpenseAndOtherAssets,us-gaap,IncreaseDecreaseInPrepaidDeferredExpenseAndOtherAssets,Increase (Decrease) in Prepaid Expense and Other Assets,"Amount of increase (decrease) in prepaid expenses, and assets classified as other."
us-gaap:IncreaseDecreaseInRestrictedCash,us-gaap,IncreaseDecreaseInRestrictedCash,Increase (Decrease) in Restricted Cash,The net cash inflow or outflow for the increase (decrease) associated with funds that are not available for withdrawal or use (such as funds held in escrow) and are associated with underlying transactions that are classified as investing activities.
us-gaap:IncreaseDecreaseInRetailRelatedInventories,us-gaap,IncreaseDecreaseInRetailRelatedInventories,Increase (Decrease) in Retail Related Inventories,"The increase (decrease) during the reporting period in the book value of merchandise inventory held by a retailer, wholesaler, or distributor for future sale; includes packaging and other supplies used to store, transport, or present merchandise inventory."
us-gaap:IncreaseDecreaseInSelfInsuranceReserve,us-gaap,IncreaseDecreaseInSelfInsuranceReserve,Increase (Decrease) in Self Insurance Reserve,"The increase (decrease) during the period in the carrying amount of accrued known and estimated losses incurred for which no insurance coverage exists, and for which a claim has been made or is probable of being asserted, typically arising from workmen's' compensation-type of incidents and personal injury to nonemployees from accidents on the entity's property."
us-gaap:IncreaseDecreaseInTradingLiabilities,us-gaap,IncreaseDecreaseInTradingLiabilities,Increase (Decrease) in Trading Liabilities,The increase (decrease) during the reporting period in the aggregate amount of trading liabilities from the reporting entity's trading activities. This include liabilities resulting from sales of assets that the reporting entity does not own and revaluation losses.
us-gaap:IncrementalCommonSharesAttributableToAcceleratedShareRepurchaseAgreements,us-gaap,IncrementalCommonSharesAttributableToAcceleratedShareRepurchaseAgreements,Incremental Common Shares Attributable to Dilutive Effect of Accelerated Share Repurchase Agreements,Additional shares included in the calculation of diluted EPS as a result of the potentially dilutive effect of accelerated share repurchase agreements. An accelerated share repurchase program is a combination of transactions that permits an entity to purchase a targeted number of shares immediately with the final purchase price of those shares determined by an average market price over a fixed period of time.
us-gaap:IncrementalCommonSharesAttributableToCallOptionsAndWarrants,us-gaap,IncrementalCommonSharesAttributableToCallOptionsAndWarrants,Incremental Common Shares Attributable to Dilutive Effect of Call Options and Warrants,Additional shares included in the calculation of diluted EPS as a result of the potentially dilutive effect of call options and warrants using the treasury stock method.
us-gaap:IncrementalCommonSharesAttributableToConversionOfDebtSecurities,us-gaap,IncrementalCommonSharesAttributableToConversionOfDebtSecurities,Incremental Common Shares Attributable to Dilutive Effect of Conversion of Debt Securities,Additional shares included in the calculation of diluted EPS as a result of the potentially dilutive effect of convertible debt securities using the if-converted method.
us-gaap:IncrementalCommonSharesAttributableToShareBasedPaymentArrangements,us-gaap,IncrementalCommonSharesAttributableToShareBasedPaymentArrangements,Incremental Common Shares Attributable to Dilutive Effect of Share-based Payment Arrangements,Additional shares included in the calculation of diluted EPS as a result of the potentially dilutive effect of share based payment arrangements using the treasury stock method.
us-gaap:IndefiniteLivedIntangibleAssetsExcludingGoodwill,us-gaap,IndefiniteLivedIntangibleAssetsExcludingGoodwill,Indefinite-lived Intangible Assets (Excluding Goodwill),"Amount of assets, excluding financial assets and goodwill, lacking physical substance and having a projected indefinite period of benefit."
us-gaap:IndefiniteLivedTrademarks,us-gaap,IndefiniteLivedTrademarks,Indefinite-Lived Trademarks,"Carrying amount (original costs adjusted for previously recognized amortization and impairment) as of the balance sheet date for the rights acquired through registration of a trademark to gain or protect exclusive use of a business name, symbol or other device or style for a projected indefinite period of benefit."
us-gaap:InsuranceRecoveries,us-gaap,InsuranceRecoveries,Insurance Recoveries,The amount recovered from insurance. These recoveries reduce costs and losses that are reported as a separate line item under operating expenses.
us-gaap:IntangibleAssetsGrossExcludingGoodwill,us-gaap,IntangibleAssetsGrossExcludingGoodwill,"Intangible Assets, Gross (Excluding Goodwill)","Amount before accumulated amortization of intangible assets, excluding goodwill."
us-gaap:IntangibleAssetsNetExcludingGoodwill,us-gaap,IntangibleAssetsNetExcludingGoodwill,"Intangible Assets, Net (Excluding Goodwill)","Sum of the carrying amounts of all intangible assets, excluding goodwill, as of the balance sheet date, net of accumulated amortization and impairment charges."
us-gaap:InterestAndDividendIncomeOperating,us-gaap,InterestAndDividendIncomeOperating,"Interest and Dividend Income, Operating","Represents the total of interest and dividend income, including any amortization and accretion (as applicable) of discounts and premiums, earned from (1) loans and leases whether held-for-sale or held-in-portfolio; (2) investment securities; (3) federal funds sold; (4) securities purchased under agreements to resell; (5) investments in banker's acceptances, commercial paper, or certificates of deposit; (6) dividend income; or (7) other investments not otherwise specified herein."
us-gaap:InterestAndDividendIncomeSecuritiesTradingOrMeasuredAtFairValue,us-gaap,InterestAndDividendIncomeSecuritiesTradingOrMeasuredAtFairValue,"Interest and Dividend Income, Securities, Operating, Trading or Measured at Fair Value","Amount of operating dividend and interest income, including amortization and accretion of premiums and discounts, on trading securities and other forms of securities that provide ownership interests."
us-gaap:InterestAndFeeIncomeLoansAndLeases,us-gaap,InterestAndFeeIncomeLoansAndLeases,"Interest and Fee Income, Loans and Leases","The aggregate interest and fee income generated by: (1) loans the Entity has positive intent and ability to hold for the foreseeable future, or until maturity or payoff, including commercial and consumer loans, whether domestic or foreign, which may consist of: (a) industrial and agricultural; (b) real estate; and (c) real estate construction loans; (d) trade financing; (e) lease financing; (f) home equity lines-of-credit; (g) automobile and other vehicle loans; and (h) credit card and other revolving-type loans and (2) loans and leases held-for-sale which may include mortgage loans, direct financing, and sales-type leases."
us-gaap:InterestBearingDepositLiabilitiesDomestic,us-gaap,InterestBearingDepositLiabilitiesDomestic,"Interest-bearing Deposit Liabilities, Domestic","Total amount of interest-bearing domestic deposit liabilities, which may include brokered, retail, demand, checking, notice of withdrawal, money market and other interest-bearing deposits."
us-gaap:InterestBearingDepositLiabilitiesForeign,us-gaap,InterestBearingDepositLiabilitiesForeign,"Interest-bearing Deposit Liabilities, Foreign",Amount of foreign interest-bearing deposits held by the entity.
us-gaap:InterestBearingDepositsInBanks,us-gaap,InterestBearingDepositsInBanks,Interest-bearing Deposits in Banks and Other Financial Institutions,"For banks and other depository institutions (including Federal Reserve Banks, if applicable): Interest-bearing deposits in other financial institutions for relatively short periods of time including, for example, certificates of deposits, which are presented separately from cash on the balance sheet."
us-gaap:InterestBearingDomesticDepositDemand,us-gaap,InterestBearingDomesticDepositDemand,"Interest-bearing Domestic Deposit, Demand","Amount of money in interest-bearing domestic accounts that entitle the depositor to withdraw funds at any time without prior notice, also known as demand deposits."
us-gaap:InterestBearingDomesticDepositSavings,us-gaap,InterestBearingDomesticDepositSavings,"Interest-bearing Domestic Deposit, Savings",Amount of interest-bearing domestic savings deposit liabilities. Saving deposits bear interest and have no stated maturity.
us-gaap:InterestBearingDomesticDepositTimeDeposits,us-gaap,InterestBearingDomesticDepositTimeDeposits,"Interest-bearing Domestic Deposit, Time Deposits","Amount of interest-bearing domestic time deposits. Time deposits bear interest for a fixed, stated period of time and include certificate of deposits and individual retirement accounts."
us-gaap:InterestBearingForeignDepositDemand,us-gaap,InterestBearingForeignDepositDemand,"Interest-bearing Foreign Deposit, Demand","Amount of money in interest-bearing foreign accounts that entitle the depositor to withdraw funds at any time without prior notice, also known as demand deposits. Checking and negotiable order withdrawals (NOW) are the most common forms of demand deposits."
us-gaap:InterestBearingForeignDepositSavings,us-gaap,InterestBearingForeignDepositSavings,"Interest-bearing Foreign Deposit, Savings",Amount of interest-bearing savings deposit liabilities in foreign banking offices.
us-gaap:InterestBearingForeignDepositTimeDeposits,us-gaap,InterestBearingForeignDepositTimeDeposits,"Interest-bearing Foreign Deposit, Time Deposits","Amount of interest-bearing time deposits in foreign banking offices. Time deposits bear interest for a fixed, stated period of time and include certificate of deposits and individual retirement accounts."
us-gaap:InterestCostsCapitalized,us-gaap,InterestCostsCapitalized,Interest Costs Capitalized,Amount of interest capitalized during the period.
us-gaap:InterestCostsIncurred,us-gaap,InterestCostsIncurred,Interest Costs Incurred,Total interest costs incurred during the period and either capitalized or charged against earnings.
us-gaap:InterestExpense,us-gaap,InterestExpense,Interest Expense,Amount of the cost of borrowed funds accounted for as interest expense.
us-gaap:InterestExpenseBeneficialInterestsIssuedByConsolidatedVariableInterestEntities,us-gaap,InterestExpenseBeneficialInterestsIssuedByConsolidatedVariableInterestEntities,"Interest Expense, Beneficial Interests Issued by Consolidated Variable Interest Entities",Interest expense on beneficial interests issued by consolidated variable interest entities.
us-gaap:InterestExpenseCommercialPaper,us-gaap,InterestExpenseCommercialPaper,"Interest Expense, Commercial Paper",Interest expense incurred during the reporting period on commercial paper.
us-gaap:InterestExpenseDebt,us-gaap,InterestExpenseDebt,"Interest Expense, Debt",Amount of the cost of borrowed funds accounted for as interest expense for debt.
us-gaap:InterestExpenseDebtExcludingAmortization,us-gaap,InterestExpenseDebtExcludingAmortization,"Interest Expense, Debt, Excluding Amortization","Represents the portion of interest incurred in the period on debt arrangements that was charged against earnings, excluding amortization of debt discount (premium) and financing costs."
us-gaap:InterestExpenseDeposits,us-gaap,InterestExpenseDeposits,"Interest Expense, Deposits",Aggregate amount of interest expense on all deposits.
us-gaap:InterestExpenseFederalFundsPurchasedAndSecuritiesSoldUnderAgreementsToRepurchase,us-gaap,InterestExpenseFederalFundsPurchasedAndSecuritiesSoldUnderAgreementsToRepurchase,"Interest Expense, Federal Funds Purchased and Securities Sold under Agreements to Repurchase","The aggregate expense incurred on federal funds purchased and securities sold under agreements to repurchase. If amounts recognized as payables under repurchase agreements have been offset against amounts recognized as receivables under reverse repurchase agreements and reported as a net amount on the balance sheet, the income and expense from these agreements may be reported on a net basis."
us-gaap:InterestExpenseLesseeAssetsUnderCapitalLease,us-gaap,InterestExpenseLesseeAssetsUnderCapitalLease,"Interest Expense, Lessee, Assets under Capital Lease","The amount, during the lease term, of each minimum [capital] lease payment allocated to interest expense so as to produce a constant periodic rate of interest on the remaining balance of the capital lease obligation."
us-gaap:InterestExpenseLongTermDebt,us-gaap,InterestExpenseLongTermDebt,"Interest Expense, Long-term Debt",Aggregate amount of interest paid or due on all long-term debt.
us-gaap:InterestExpenseNonoperating,us-gaap,InterestExpenseNonoperating,,
us-gaap:InterestExpenseOperating,us-gaap,InterestExpenseOperating,,
us-gaap:InterestExpenseOther,us-gaap,InterestExpenseOther,"Interest Expense, Other",Amount of interest expense classified as other.
us-gaap:InterestExpenseShortTermBorrowings,us-gaap,InterestExpenseShortTermBorrowings,"Interest Expense, Short-term Borrowings",The aggregate interest expense incurred on short-term borrowings including commercial paper and Federal funds purchased and securities sold under agreements to repurchase.
us-gaap:InterestExpenseTradingLiabilities,us-gaap,InterestExpenseTradingLiabilities,"Interest Expense, Trading Liabilities","Interest expense incurred on short positions arising from sales of securities and other assets, which the entity does not own, to other parties. Trading liabilities includes the fair value of derivative contracts held for trading that are in loss positions."
us-gaap:InterestIncomeDepositsWithFinancialInstitutions,us-gaap,InterestIncomeDepositsWithFinancialInstitutions,"Interest Income, Deposits with Financial Institutions",Interest income derived from funds deposited with both domestic and foreign financial institutions including funds in money market and other accounts.
us-gaap:InterestIncomeExpenseAfterProvisionForLoanLoss,us-gaap,InterestIncomeExpenseAfterProvisionForLoanLoss,"Interest Income (Expense), after Provision for Loan Loss","Amount of interest income or expense, including any amortization and accretion (as applicable) of discounts and premiums, including consideration of the provisions for loan, lease, credit, and other related losses."
us-gaap:InterestIncomeExpenseNet,us-gaap,InterestIncomeExpenseNet,"Interest Income (Expense), Net",The net amount of operating interest income (expense).
us-gaap:InterestIncomeExpenseNonoperatingNet,us-gaap,InterestIncomeExpenseNonoperatingNet,"Interest Income (Expense), Nonoperating, Net",The net amount of nonoperating interest income (expense).
us-gaap:InterestIncomeFederalFundsSoldAndSecuritiesPurchasedUnderAgreementsToResell,us-gaap,InterestIncomeFederalFundsSoldAndSecuritiesPurchasedUnderAgreementsToResell,"Interest Income, Federal Funds Sold and Securities Purchased under Agreements to Resell",The aggregate interest income earned from (1) the lending of excess federal funds to another commercial bank requiring such for its legal reserve requirements and (2) securities purchased under agreements to resell.
us-gaap:InterestIncomeOperating,us-gaap,InterestIncomeOperating,"Interest Income, Operating","Amount of operating interest income, including, but not limited to, amortization and accretion of premiums and discounts on securities."
us-gaap:InterestIncomeOther,us-gaap,InterestIncomeOther,"Interest Income, Other",Amount of interest income earned from interest bearing assets classified as other.
us-gaap:InterestIncomeSecuritiesTaxExempt,us-gaap,InterestIncomeSecuritiesTaxExempt,"Interest Income, Securities, Operating, Tax Exempt","Amount of operating interest income, including amortization and accretion of premiums and discounts, on securities exempt from state, federal and other income tax."
us-gaap:InterestIncomeSecuritiesTaxable,us-gaap,InterestIncomeSecuritiesTaxable,"Interest Income, Securities, Operating, Taxable","Amount of operating interest income, including amortization and accretion of premiums and discounts, on securities subject to state, federal and other income tax."
us-gaap:InterestIncomeShortTermInvestmentOther,us-gaap,InterestIncomeShortTermInvestmentOther,,
us-gaap:InterestOnConvertibleDebtNetOfTax,us-gaap,InterestOnConvertibleDebtNetOfTax,"Interest on Convertible Debt, Net of Tax",The after-tax amount of interest recognized in the period associated with any convertible debt.
us-gaap:InterestPaid,us-gaap,InterestPaid,"Interest Paid, Including Capitalized Interest, Operating and Investing Activities","Amount of cash paid for interest, including, but not limited to, capitalized interest and payment to settle zero-coupon bond attributable to accreted interest of debt discount and debt instrument with insignificant coupon interest rate in relation to effective interest rate of borrowing attributable to accreted interest of debt discount; classified as operating and investing activities."
us-gaap:InterestPaidCapitalized,us-gaap,InterestPaidCapitalized,"Interest Paid, Capitalized, Investing Activities","Amount of cash paid for interest capitalized, classified as investing activity."
us-gaap:InterestPaidNet,us-gaap,InterestPaidNet,"Interest Paid, Excluding Capitalized Interest, Operating Activities","Amount of cash paid for interest, excluding capitalized interest, classified as operating activity. Includes, but is not limited to, payment to settle zero-coupon bond for accreted interest of debt discount and debt instrument with insignificant coupon interest rate in relation to effective interest rate of borrowing attributable to accreted interest of debt discount."
us-gaap:InterestPayableCurrent,us-gaap,InterestPayableCurrent,"Interest Payable, Current","Carrying value as of the balance sheet date of [accrued] interest payable on all forms of debt, including trade payables, that has been incurred and is unpaid. Used to reflect the current portion of the liabilities (due within one year or within the normal operating cycle if longer)."
us-gaap:InterestPayableCurrentAndNoncurrent,us-gaap,InterestPayableCurrentAndNoncurrent,Interest Payable,"Amount of interest payable on debt, including, but not limited to, trade payables."
us-gaap:InterestRateDerivativeLiabilitiesAtFairValue,us-gaap,InterestRateDerivativeLiabilitiesAtFairValue,"Interest Rate Derivative Liabilities, at Fair Value","Fair value as of the balance sheet date of interest rate derivative liabilities, which includes all such derivative instruments in hedging and nonhedging relationships that are recognized as liabilities."
us-gaap:InterestRateDerivativesAtFairValueNet,us-gaap,InterestRateDerivativesAtFairValueNet,"Interest Rate Derivatives, at Fair Value, Net","Fair value as of the balance sheet date of interest rate derivative assets, net of interest rate derivative liabilities, which includes all such derivative instruments in hedging and nonhedging relationships that are recognized on the balance sheet."
us-gaap:InterestRevenueExpense,us-gaap,InterestRevenueExpense,"Segment Reporting Information, Interest Income or Expense, Net (Deprecated 2012-01-31)",Amount of interest revenue net of interest expense for the reportable segment. Reporting interest revenue net of interest expense is permitted only when a majority of the segment's revenues are from interest and the chief operating decision maker relies primarily on net interest revenue to assess the performance of the segment and make decisions about resources to be allocated to the segment.
us-gaap:InterestsContinuedToBeHeldByTransferorFairValue,us-gaap,InterestsContinuedToBeHeldByTransferorFairValue,"Transferor's Interests in Transferred Financial Assets, Fair Value","The carrying amount (fair value) as of the balance sheet date of the transferor's interests in transferred financial assets (typically securitized receivables, generally not involved in the collection of principal) following transfer of significant portions of such financial instruments to other parties. Such interests could be ancillary cash flows and interest-only strips."
us-gaap:InventoryAdjustments,us-gaap,InventoryAdjustments,Inventory Adjustments,Amount of inventory reserves for last-in first-out (LIFO) and other inventory valuation methods.
us-gaap:InventoryCrudeOilProductsAndMerchandise,us-gaap,InventoryCrudeOilProductsAndMerchandise,"Energy Related Inventory, Crude Oil, Products and Merchandise","Carrying amount as of the balance sheet date of finished goods inventories for petroleum products, crude oil, petrochemical products, and other oil and gas inventories."
us-gaap:InventoryFinishedGoods,us-gaap,InventoryFinishedGoods,"Inventory, Finished Goods, Gross","Amount before valuation and LIFO reserves of completed merchandise or goods expected to be sold within one year or operating cycle, if longer."
us-gaap:InventoryFinishedGoodsAndWorkInProcess,us-gaap,InventoryFinishedGoodsAndWorkInProcess,"Inventory, Finished Goods and Work in Process, Gross",Amount before valuation reserves of merchandise or goods held by the entity that are readily available for sale and items held by the entity which are partially complete or in the process of being readied for sale.
us-gaap:InventoryFinishedGoodsNetOfReserves,us-gaap,InventoryFinishedGoodsNetOfReserves,"Inventory, Finished Goods, Net of Reserves","Carrying amount, net of valuation reserves and adjustments, as of the balance sheet date of merchandise or goods held by the company that are readily available for sale."
us-gaap:InventoryNet,us-gaap,InventoryNet,"Inventory, Net","Amount after valuation and LIFO reserves of inventory expected to be sold, or consumed within one year or operating cycle, if longer."
us-gaap:InventoryPartsAndComponents,us-gaap,InventoryPartsAndComponents,"Inventory, Parts and Components (Deprecated 2009-01-31)",Carrying amount as of the balance sheet date for elements of machinery or equipment held for the purpose of replacing similar parts in the course of repair or maintenance.
us-gaap:InventoryPartsAndComponentsNetOfReserves,us-gaap,InventoryPartsAndComponentsNetOfReserves,"Inventory, Parts and Components, Net of Reserves","Carrying amount, net of valuation reserves and adjustments, as of the balance sheet date for elements of machinery or equipment held for the purpose of replacing similar parts in the course of repair or maintenance."
us-gaap:InventoryRawMaterials,us-gaap,InventoryRawMaterials,"Inventory, Raw Materials, Gross","Amount before valuation and LIFO reserves of raw materials expected to be sold, or consumed within one year or operating cycle, if longer."
us-gaap:InventoryRawMaterialsAndPurchasedPartsNetOfReserves,us-gaap,InventoryRawMaterialsAndPurchasedPartsNetOfReserves,"Inventory, Raw Materials and Purchased Parts, Net of Reserves","Carrying amount, net of valuation reserves and adjustments, as of the balance sheet date of items purchased for use as components of a finished product or pieces of machinery and equipment plus any items in their natural and unrefined state. This element may be used when the reporting entity combines raw materials and purchased parts into an aggregate amount."
us-gaap:InventoryRawMaterialsAndSupplies,us-gaap,InventoryRawMaterialsAndSupplies,"Inventory, Raw Materials and Supplies, Gross",Gross amount of unprocessed materials to be used in manufacturing or production process and supplies that will be consumed.
us-gaap:InventoryRawMaterialsAndSuppliesNetOfReserves,us-gaap,InventoryRawMaterialsAndSuppliesNetOfReserves,"Inventory, Raw Materials and Supplies, Net of Reserves",Aggregated amount of unprocessed materials to be used in manufacturing or production process and supplies that will be consumed. This amount is net of valuation reserves and adjustments.
us-gaap:InventoryRawMaterialsNetOfReserves,us-gaap,InventoryRawMaterialsNetOfReserves,"Inventory, Raw Materials, Net of Reserves","Carrying amount, net of valuation reserves and adjustments, as of the balance sheet date of unprocessed items to be consumed in the manufacturing or production process."
us-gaap:InventoryValuationReserves,us-gaap,InventoryValuationReserves,Inventory Valuation Reserves,Amount of valuation reserve for inventory.
us-gaap:InventoryWorkInProcess,us-gaap,InventoryWorkInProcess,"Inventory, Work in Process, Gross","Amount before valuation and LIFO reserves of merchandise or goods in the production process expected to be completed within one year or operating cycle, if longer."
us-gaap:InventoryWorkInProcessAndRawMaterialsNetOfReserves,us-gaap,InventoryWorkInProcessAndRawMaterialsNetOfReserves,"Inventory, Work in Process and Raw Materials, Net of Reserves","The aggregate carrying amount, net of valuation reserves and adjustments, as of the balance sheet date of items which are partially completed at the time of measurement and unprocessed items that will go through the production process and become part of the final product. This element may be used when the reporting entity combines work in process and raw materials into an aggregate amount."
us-gaap:InventoryWorkInProcessNetOfReserves,us-gaap,InventoryWorkInProcessNetOfReserves,"Inventory, Work in Process, Net of Reserves","Carrying amount, net of reserves and adjustments, as of the balance sheet date of merchandise or goods which are partially completed. This inventory is generally comprised of raw materials, labor and factory overhead costs, which require further materials, labor and overhead to be converted into finished goods, and which generally require the use of estimates to determine percentage complete and pricing."
us-gaap:InventoryWriteDown,us-gaap,InventoryWriteDown,Inventory Write-down,"Amount of loss from reductions in inventory due to subsequent measurement adjustments, including, but not limited to, physical deterioration, obsolescence, or changes in price levels."
us-gaap:InvestmentAdvisoryFees,us-gaap,InvestmentAdvisoryFees,Investment Advisory Fees (Deprecated 2018-01-31),Amount of fees earned from providing investment advice and research to customers.
us-gaap:InvestmentBankingRevenue,us-gaap,InvestmentBankingRevenue,Investment Banking Revenue,"Includes (1) underwriting revenue (the spread between the resale price received and the cost of the securities and related expenses) generated through the purchasing, distributing and reselling of new issues of securities (alternatively, could be a secondary offering of a large block of previously issued securities); and (2) fees earned for mergers, acquisitions, divestitures, restructurings, and other types of financial advisory services."
us-gaap:InvestmentIncomeInterest,us-gaap,InvestmentIncomeInterest,"Investment Income, Interest",Amount before accretion (amortization) of purchase discount (premium) of interest income on nonoperating securities.
us-gaap:InvestmentIncomeInterestAndDividend,us-gaap,InvestmentIncomeInterestAndDividend,"Investment Income, Interest and Dividend",Amount before accretion (amortization) of purchase discount (premium) of interest income and dividend income on nonoperating securities.
us-gaap:InvestmentIncomeNet,us-gaap,InvestmentIncomeNet,"Investment Income, Net","Amount after accretion (amortization) of discount (premium), and investment expense, of interest income and dividend income on nonoperating securities."
us-gaap:InvestmentProgramProportionalAmortizationMethodAppliedNonIncomeTaxRelatedActivityAndOtherReturn,us-gaap,InvestmentProgramProportionalAmortizationMethodAppliedNonIncomeTaxRelatedActivityAndOtherReturn,,
us-gaap:InvestmentTaxCredit,us-gaap,InvestmentTaxCredit,Investment Tax Credit,"The amount deducted from an entities' taxes, reflecting a percentage of an amount invested in certain assets spread over the useful life of those assets; includes deferred investment tax credits."
us-gaap:InvestmentsAndOtherNoncurrentAssets,us-gaap,InvestmentsAndOtherNoncurrentAssets,Investments and Other Noncurrent Assets,"Amount of investments, and noncurrent assets classified as other."
us-gaap:InvestmentsInAffiliatesSubsidiariesAssociatesAndJointVentures,us-gaap,InvestmentsInAffiliatesSubsidiariesAssociatesAndJointVentures,"Investments in and Advance to Affiliates, Subsidiaries, Associates, and Joint Ventures",Amount of investment in equity method investee and investment in and advance to affiliate.
us-gaap:InvestmentsInAndAdvancesToAffiliatesBalancePrincipalAmount,us-gaap,InvestmentsInAndAdvancesToAffiliatesBalancePrincipalAmount,"Investments in and Advances to Affiliates, Balance, Principal Amount",Amount of principal loans outstanding to affiliates for management investment companies.
us-gaap:JuniorSubordinatedDebentureOwedToUnconsolidatedSubsidiaryTrust,us-gaap,JuniorSubordinatedDebentureOwedToUnconsolidatedSubsidiaryTrust,Junior Subordinated Debenture Owed to Unconsolidated Subsidiary Trust,"Including the current and noncurrent portions, the carrying value of junior subordinated long-term debt owed to unconsolidated subsidiary trusts as of the balance sheet date. Such debt places a lender in a lien position behind debt having a higher priority of repayment in liquidation of the entity's assets and was initially scheduled to be repaid after one year or beyond the normal operating cycle if longer."
us-gaap:LaborAndRelatedExpense,us-gaap,LaborAndRelatedExpense,Labor and Related Expense,"Amount of expense for salary, wage, profit sharing; incentive and equity-based compensation; and other employee benefit."
us-gaap:Land,us-gaap,Land,Land,"Amount before accumulated depletion of real estate held for productive use, excluding land held for sale."
us-gaap:LeaseAndRentalExpense,us-gaap,LeaseAndRentalExpense,"Operating Leases, Rent Expense","Amount of rent expense incurred for leased assets, including but not limited to, furniture and equipment, that is not directly or indirectly associated with the manufacture, sale or creation of a product or product line."
us-gaap:LeaseCost,us-gaap,LeaseCost,"Lease, Cost",Amount of lease cost recognized by lessee for lease contract.
us-gaap:LeaseholdImprovementsGross,us-gaap,LeaseholdImprovementsGross,"Leasehold Improvements, Gross",Amount before accumulated depreciation of additions or improvements to assets held under a lease arrangement.
us-gaap:LegalFees,us-gaap,LegalFees,Legal Fees,"The amount of expense provided in the period for legal costs incurred on or before the balance sheet date pertaining to resolved, pending or threatened litigation, including arbitration and mediation proceedings."
us-gaap:LesseeOperatingLeaseLiabilityPaymentsDue,us-gaap,LesseeOperatingLeaseLiabilityPaymentsDue,"Lessee, Operating Lease, Liability, to be Paid",Amount of lessee's undiscounted obligation for lease payment for operating lease.
us-gaap:LesseeOperatingLeaseLiabilityPaymentsDueAfterYearFive,us-gaap,LesseeOperatingLeaseLiabilityPaymentsDueAfterYearFive,"Lessee, Operating Lease, Liability, to be Paid, after Year Five",Amount of lessee's undiscounted obligation for lease payment for operating lease due after fifth fiscal year following current fiscal year. Excludes interim and annual periods when interim periods are reported from current statement of financial position date (rolling approach).
us-gaap:LesseeOperatingLeaseLiabilityPaymentsDueNextTwelveMonths,us-gaap,LesseeOperatingLeaseLiabilityPaymentsDueNextTwelveMonths,"Lessee, Operating Lease, Liability, to be Paid, Year One",Amount of lessee's undiscounted obligation for lease payment for operating lease to be paid in next fiscal year following current fiscal year. Excludes interim and annual periods when interim periods are reported from current statement of financial position date (rolling approach).
us-gaap:LesseeOperatingLeaseLiabilityPaymentsDueYearFive,us-gaap,LesseeOperatingLeaseLiabilityPaymentsDueYearFive,"Lessee, Operating Lease, Liability, to be Paid, Year Five",Amount of lessee's undiscounted obligation for lease payment for operating lease to be paid in fifth fiscal year following current fiscal year. Excludes interim and annual periods when interim periods are reported from current statement of financial position date (rolling approach).
us-gaap:LesseeOperatingLeaseLiabilityPaymentsDueYearFour,us-gaap,LesseeOperatingLeaseLiabilityPaymentsDueYearFour,"Lessee, Operating Lease, Liability, to be Paid, Year Four",Amount of lessee's undiscounted obligation for lease payment for operating lease to be paid in fourth fiscal year following current fiscal year. Excludes interim and annual periods when interim periods are reported from current statement of financial position date (rolling approach).
us-gaap:LesseeOperatingLeaseLiabilityPaymentsDueYearThree,us-gaap,LesseeOperatingLeaseLiabilityPaymentsDueYearThree,"Lessee, Operating Lease, Liability, to be Paid, Year Three",Amount of lessee's undiscounted obligation for lease payment for operating lease to be paid in third fiscal year following current fiscal year. Excludes interim and annual periods when interim periods are reported from current statement of financial position date (rolling approach).
us-gaap:LesseeOperatingLeaseLiabilityPaymentsDueYearTwo,us-gaap,LesseeOperatingLeaseLiabilityPaymentsDueYearTwo,"Lessee, Operating Lease, Liability, to be Paid, Year Two",Amount of lessee's undiscounted obligation for lease payment for operating lease to be paid in second fiscal year following current fiscal year. Excludes interim and annual periods when interim periods are reported from current statement of financial position date (rolling approach).
us-gaap:LesseeOperatingLeaseLiabilityPaymentsRemainderOfFiscalYear,us-gaap,LesseeOperatingLeaseLiabilityPaymentsRemainderOfFiscalYear,"Lessee, Operating Lease, Liability, to be Paid, Remainder of Fiscal Year",Amount of lessee's undiscounted obligation for lease payment for operating lease having initial or remaining lease term in excess of one year to be paid in remainder of current fiscal year.
us-gaap:LesseeOperatingLeaseLiabilityUndiscountedExcessAmount,us-gaap,LesseeOperatingLeaseLiabilityUndiscountedExcessAmount,"Lessee, Operating Lease, Liability, Undiscounted Excess Amount",Amount of lessee's undiscounted obligation for lease payments in excess of discounted obligation for lease payments for operating lease.
us-gaap:LessorOperatingLeasePaymentsToBeReceived,us-gaap,LessorOperatingLeasePaymentsToBeReceived,"Lessor, Operating Lease, Payments to be Received",Amount of lease payments to be received by lessor for operating lease.
us-gaap:LessorOperatingLeasePaymentsToBeReceivedFiveYears,us-gaap,LessorOperatingLeasePaymentsToBeReceivedFiveYears,"Lessor, Operating Lease, Payment to be Received, Year Five",Amount of lease payment to be received by lessor for operating lease in fifth fiscal year following current fiscal year. Excludes interim and annual periods when interim periods are reported from current statement of financial position date (rolling approach).
us-gaap:LessorOperatingLeasePaymentsToBeReceivedFourYears,us-gaap,LessorOperatingLeasePaymentsToBeReceivedFourYears,"Lessor, Operating Lease, Payment to be Received, Year Four",Amount of lease payment to be received by lessor for operating lease in fourth fiscal year following current fiscal year. Excludes interim and annual periods when interim periods are reported from current statement of financial position date (rolling approach).
us-gaap:LessorOperatingLeasePaymentsToBeReceivedNextTwelveMonths,us-gaap,LessorOperatingLeasePaymentsToBeReceivedNextTwelveMonths,"Lessor, Operating Lease, Payment to be Received, Year One",Amount of lease payment to be received by lessor for operating lease in next fiscal year following current fiscal year. Excludes interim and annual periods when interim periods are reported from current statement of financial position date (rolling approach).
us-gaap:LessorOperatingLeasePaymentsToBeReceivedRemainderOfFiscalYear,us-gaap,LessorOperatingLeasePaymentsToBeReceivedRemainderOfFiscalYear,"Lessor, Operating Lease, Payment to be Received, Remainder of Fiscal Year",Amount of lease payment to be received by lessor for operating lease in remainder of current fiscal year. Excludes interim and annual periods when interim periods are reported from current statement of financial position date (rolling approach).
us-gaap:LessorOperatingLeasePaymentsToBeReceivedThereafter,us-gaap,LessorOperatingLeasePaymentsToBeReceivedThereafter,"Lessor, Operating Lease, Payment to be Received, after Year Five",Amount of lease payment to be received by lessor for operating lease after fifth fiscal year following current fiscal year. Excludes interim and annual periods when interim periods are reported from current statement of financial position date (rolling approach).
us-gaap:LessorOperatingLeasePaymentsToBeReceivedThreeYears,us-gaap,LessorOperatingLeasePaymentsToBeReceivedThreeYears,"Lessor, Operating Lease, Payment to be Received, Year Three",Amount of lease payment to be received by lessor for operating lease in third fiscal year following current fiscal year. Excludes interim and annual periods when interim periods are reported from current statement of financial position date (rolling approach).
us-gaap:LessorOperatingLeasePaymentsToBeReceivedTwoYears,us-gaap,LessorOperatingLeasePaymentsToBeReceivedTwoYears,"Lessor, Operating Lease, Payment to be Received, Year Two",Amount of lease payment to be received by lessor for operating lease in second fiscal year following current fiscal year. Excludes interim and annual periods when interim periods are reported from current statement of financial position date (rolling approach).
us-gaap:LettersOfCreditOutstandingAmount,us-gaap,LettersOfCreditOutstandingAmount,"Letters of Credit Outstanding, Amount",The total amount of the contingent obligation under letters of credit outstanding as of the reporting date.
us-gaap:Liabilities,us-gaap,Liabilities,Liabilities,Sum of the carrying amounts as of the balance sheet date of all liabilities that are recognized. Liabilities are probable future sacrifices of economic benefits arising from present obligations of an entity to transfer assets or provide services to other entities in the future.
us-gaap:LiabilitiesAndStockholdersEquity,us-gaap,LiabilitiesAndStockholdersEquity,Liabilities and Equity,"Amount of liabilities and equity items, including the portion of equity attributable to noncontrolling interests, if any."
us-gaap:LiabilitiesAssumed,us-gaap,LiabilitiesAssumed,Liabilities Assumed (Deprecated 2011-01-31),The fair value of liabilities assumed in Noncash investing or financing activities.
us-gaap:LiabilitiesAssumed1,us-gaap,LiabilitiesAssumed1,Liabilities Assumed,The fair value of liabilities assumed in noncash investing or financing activities.
us-gaap:LiabilitiesCurrent,us-gaap,LiabilitiesCurrent,"Liabilities, Current","Total obligations incurred as part of normal operations that are expected to be paid during the following twelve months or within one business cycle, if longer."
us-gaap:LiabilitiesFairValueDisclosure,us-gaap,LiabilitiesFairValueDisclosure,"Financial and Nonfinancial Liabilities, Fair Value Disclosure",Fair value of financial and nonfinancial obligations.
us-gaap:LiabilitiesNoncurrent,us-gaap,LiabilitiesNoncurrent,"Liabilities, Noncurrent","Amount of obligation due after one year or beyond the normal operating cycle, if longer."
us-gaap:LiabilitiesOfAssetsHeldForSale,us-gaap,LiabilitiesOfAssetsHeldForSale,Liabilities of Assets Held-for-sale (Deprecated 2014-01-31),Liability (such as a mortgage) related to a disposal group that is held for sale and anticipated to be sold in less than one year. The liability is expected to be discharged as part of the plan of sale for the asset.
us-gaap:LiabilitiesOfDisposalGroupIncludingDiscontinuedOperation,us-gaap,LiabilitiesOfDisposalGroupIncludingDiscontinuedOperation,"Disposal Group, Including Discontinued Operation, Liabilities",Amount classified as liabilities attributable to disposal group held for sale or disposed of.
us-gaap:LiabilitiesOfDisposalGroupIncludingDiscontinuedOperationCurrent,us-gaap,LiabilitiesOfDisposalGroupIncludingDiscontinuedOperationCurrent,"Disposal Group, Including Discontinued Operation, Liabilities, Current","Amount classified as liabilities attributable to disposal group held for sale or disposed of, expected to be disposed of within one year or the normal operating cycle, if longer."
us-gaap:LiabilitiesOfDisposalGroupIncludingDiscontinuedOperationNoncurrent,us-gaap,LiabilitiesOfDisposalGroupIncludingDiscontinuedOperationNoncurrent,"Disposal Group, Including Discontinued Operation, Liabilities, Noncurrent","Amount classified as liabilities attributable to disposal group held for sale or disposed of, expected to be disposed of beyond one year or the normal operating cycle, if longer."
us-gaap:LiabilityForUncertainTaxPositionsNoncurrent,us-gaap,LiabilityForUncertainTaxPositionsNoncurrent,"Liability for Uncertainty in Income Taxes, Noncurrent",Amount recognized for uncertainty in income taxes classified as noncurrent.
us-gaap:LineOfCredit,us-gaap,LineOfCredit,Long-term Line of Credit,"The carrying value as of the balance sheet date of the current and noncurrent portions of long-term obligations drawn from a line of credit, which is a bank's commitment to make loans up to a specific amount. Examples of items that might be included in the application of this element may consist of letters of credit, standby letters of credit, and revolving credit arrangements, under which borrowings can be made up to a maximum amount as of any point in time conditional on satisfaction of specified terms before, as of and after the date of drawdowns on the line. Includes short-term obligations that would normally be classified as current liabilities but for which (a) postbalance sheet date issuance of a long term obligation to refinance the short term obligation on a long term basis, or (b) the enterprise has entered into a financing agreement that clearly permits the enterprise to refinance the short-term obligation on a long term basis and the following conditions are met (1) the agreement does not expire within 1 year and is not cancelable by the lender except for violation of an objectively determinable provision, (2) no violation exists at the BS date, and (3) the lender has entered into the financing agreement is expected to be financially capable of honoring the agreement."
us-gaap:LineOfCreditFacilityAmountOutstanding,us-gaap,LineOfCreditFacilityAmountOutstanding,"Line of Credit Facility, Amount Outstanding (Deprecated 2014-01-31)",Amount borrowed under the credit facility as of the balance sheet date.
us-gaap:LineOfCreditFacilityCurrentBorrowingCapacity,us-gaap,LineOfCreditFacilityCurrentBorrowingCapacity,"Line of Credit Facility, Current Borrowing Capacity","Amount of current borrowing capacity under the credit facility considering any current restrictions on the amount that could be borrowed (for example, borrowings may be limited by the amount of current assets), but without considering any amounts currently outstanding under the facility."
us-gaap:LineOfCreditFacilityFairValueOfAmountOutstanding,us-gaap,LineOfCreditFacilityFairValueOfAmountOutstanding,"Line of Credit Facility, Fair Value of Amount Outstanding",Fair value of the amount outstanding under the credit facility.
us-gaap:LineOfCreditFacilityIncreaseDecreaseForPeriodNet,us-gaap,LineOfCreditFacilityIncreaseDecreaseForPeriodNet,"Line of Credit Facility, Increase (Decrease), Net",Amount of increase (decrease) of the credit facility.
us-gaap:LineOfCreditFacilityInterestRateDuringPeriod,us-gaap,LineOfCreditFacilityInterestRateDuringPeriod,"Line of Credit Facility, Interest Rate During Period",The effective interest rate during the reporting period.
us-gaap:LineOfCreditFacilityMaximumBorrowingCapacity,us-gaap,LineOfCreditFacilityMaximumBorrowingCapacity,"Line of Credit Facility, Maximum Borrowing Capacity",Maximum borrowing capacity under the credit facility without consideration of any current restrictions on the amount that could be borrowed or the amounts currently outstanding under the facility.
us-gaap:LineOfCreditFacilityRemainingBorrowingCapacity,us-gaap,LineOfCreditFacilityRemainingBorrowingCapacity,"Line of Credit Facility, Remaining Borrowing Capacity",Amount of borrowing capacity currently available under the credit facility (current borrowing capacity less the amount of borrowings outstanding).
us-gaap:LinesOfCreditFairValueDisclosure,us-gaap,LinesOfCreditFairValueDisclosure,"Lines of Credit, Fair Value Disclosure",Fair value portion of contractual arrangement with a lender under which borrowings can be made up to a specific amount at any point in time.
us-gaap:LitigationReserveNoncurrent,us-gaap,LitigationReserveNoncurrent,"Estimated Litigation Liability, Noncurrent","Carrying amount of estimated litigation liability for known or estimated probable loss from litigation, which may include attorneys' fees and other litigation costs, which is expected to be paid after one year or beyond the normal operating cycle, if longer."
us-gaap:LitigationSettlementAmountAwardedToOtherParty,us-gaap,LitigationSettlementAmountAwardedToOtherParty,"Litigation Settlement, Amount Awarded to Other Party",Amount awarded to other party in judgment or settlement of litigation.
us-gaap:LitigationSettlementExpense,us-gaap,LitigationSettlementExpense,"Litigation Settlement, Expense","Amount of litigation expense, including but not limited to legal, forensic, accounting, and investigative fees."
us-gaap:LitigationSettlementGross,us-gaap,LitigationSettlementGross,"Litigation Settlement, Gross (Deprecated 2013-01-31)","This element represents the gross amount awarded, to be received by, or to be remitted to the entity in settlement of litigation occurring during the period."
us-gaap:LoansAndLeasesReceivableAllowance,us-gaap,LoansAndLeasesReceivableAllowance,"Loans and Leases Receivable, Allowance",Amount of allowance to cover probable credit losses on loans and leases. Includes carryover of or adjustments to the allowance for loan losses in connection with business combinations. Excludes allowance for loans and leases covered under loss sharing agreements.
us-gaap:LoansAndLeasesReceivableCommercial,us-gaap,LoansAndLeasesReceivableCommercial,"Loans and Leases Receivable, Gross, Commercial (Deprecated 2016-01-31)","Amount before allowance of commercial loans and leases receivable includes, but not limited to, commercial and industrial loans, agricultural loans, mortgage loans, promissory notes, interbank and other loans to financial institutions, draws against credit facilities, trade financing, lease financings. Includes deferred interest and fees, undisbursed portion of loan balance, unamortized costs and premiums and discounts from face amounts. Excludes loans and leases covered under loss sharing agreements."
us-gaap:LoansAndLeasesReceivableCommercialGovernments,us-gaap,LoansAndLeasesReceivableCommercialGovernments,"Loans and Leases Receivable, Gross, Commercial, Governments (Deprecated 2019-01-31)","Amount before allowance of loans and leases issued to a unit or agency of a federal, state or local jurisdiction within the country of domicile of the reporting entity. Includes deferred interest and fees, undisbursed portion of loan balance, unamortized costs and premiums and discounts from face amounts. Excludes loans and leases covered under loss sharing agreements."
us-gaap:LoansAndLeasesReceivableConsumer,us-gaap,LoansAndLeasesReceivableConsumer,"Loans and Leases Receivable, Gross, Consumer (Deprecated 2016-01-31)","Amount before allowance of consumer loans, including, but not limited to, mortgage, home equity, vehicles, credit card, installment, and lease financing. Includes deferred interest and fees, undisbursed portion of loan balance, unamortized costs and premiums and discounts from face amounts. Excludes loans and leases covered under loss sharing agreements."
us-gaap:LoansAndLeasesReceivableConsumerMortgage,us-gaap,LoansAndLeasesReceivableConsumerMortgage,"Loans and Leases Receivable, Gross, Consumer, Mortgage (Deprecated 2019-01-31)","Amount before allowance of consumer mortgage. Includes deferred interest and fees, undisbursed portion of loan balance, unamortized costs and premiums and discounts from face amounts. Excludes subordinated loans such as home equity lines of credit and loans and leases covered under loss sharing agreements."
us-gaap:LoansAndLeasesReceivableConsumerOther,us-gaap,LoansAndLeasesReceivableConsumerOther,"Loans and Leases Receivable, Gross, Consumer, Other (Deprecated 2019-01-31)","Amount before allowance of consumer loans and leases not otherwise specified in the taxonomy. Includes deferred interest and fees, undisbursed portion of loan balance, unamortized costs and premiums and discounts from face amounts. Excludes loans and leases covered under loss sharing agreements."
us-gaap:LoansAndLeasesReceivableConsumerRevolvingCreditCard,us-gaap,LoansAndLeasesReceivableConsumerRevolvingCreditCard,"Loans and Leases Receivable, Gross, Consumer, Revolving, Credit Card (Deprecated 2019-01-31)","Amount before allowance of credit card loans issued to individuals. Includes deferred interest and fees, undisbursed portion of loan balance, unamortized costs and premiums and discounts from face amounts. Excludes loans and leases covered under loss sharing agreements."
us-gaap:LoansAndLeasesReceivableDeferredIncome,us-gaap,LoansAndLeasesReceivableDeferredIncome,"Loans and Leases Receivable, Deferred Income","Amount of deferred interest and fee income, unamortized costs incurred to originate loans and leases, unamortized loan commitments and loan syndication fees, and premiums over or discounts from face amounts of acquired loans. Excludes amounts for loans and leases covered under loss sharing agreements."
us-gaap:LoansAndLeasesReceivableImpairedAllowanceForLoanLosses,us-gaap,LoansAndLeasesReceivableImpairedAllowanceForLoanLosses,"Loans and Leases Receivable, Impaired, Allowance for Loan Losses (Deprecated 2011-01-31)",Reflects amount of allowance for credit losses pertaining to impaired loans.
us-gaap:LoansAndLeasesReceivableImpairedAtCarryingValue,us-gaap,LoansAndLeasesReceivableImpairedAtCarryingValue,"Loans and Leases Receivable, Impaired, at Carrying Value (Deprecated 2011-01-31)","Reflects the adjusted carrying amount of loans for which it is probable, based on current facts and circumstances, that a creditor will not initially be able to collect all amounts due according to the contractual terms of the loan agreement, or will not recover the previously reported carrying amount of the loan."
us-gaap:LoansAndLeasesReceivableImpairedAverageInvestment,us-gaap,LoansAndLeasesReceivableImpairedAverageInvestment,"Loans and Leases Receivable, Impaired, Average Investment (Deprecated 2011-01-31)",Reflects the average recorded investment in impaired loans during each period.
us-gaap:LoansAndLeasesReceivableImpairedEndOfPeriodInAllowanceForLoanLoss,us-gaap,LoansAndLeasesReceivableImpairedEndOfPeriodInAllowanceForLoanLoss,"Loans and Leases Receivable, Impaired, End of Period, in Allowance for Loan Loss (Deprecated 2011-01-31)",Reflects the carrying amount of loans which have been written down and for which there is a related reserve for credit loss.
us-gaap:LoansAndLeasesReceivableImpairedEndOfPeriodNotInAllowanceForLoanLoss,us-gaap,LoansAndLeasesReceivableImpairedEndOfPeriodNotInAllowanceForLoanLoss,"Loans and Leases Receivable, Impaired, End of Period, Not in Allowance for Loan Loss (Deprecated 2011-01-31)",Reflects the carrying amount of loans which have been written down and for which there is no related reserve for credit loss.
us-gaap:LoansAndLeasesReceivableImpairedInterestIncomeRecognized,us-gaap,LoansAndLeasesReceivableImpairedInterestIncomeRecognized,"Loans and Leases Receivable, Impaired, Interest Income Recognized (Deprecated 2011-01-31)",Reflects the amount of interest income on impaired and nonperforming loans that was recognized as income during the reporting period.
us-gaap:LoansAndLeasesReceivableNetOfDeferredIncome,us-gaap,LoansAndLeasesReceivableNetOfDeferredIncome,"Loans and Leases Receivable, Net of Deferred Income","Amount before allowance and after deduction of deferred interest and fees, unamortized costs and premiums and discounts from face amounts, of loans and leases held in portfolio, including but not limited to, commercial and consumer loans. Excludes loans and leases covered under loss sharing agreements."
us-gaap:LoansAndLeasesReceivableNetReportedAmount,us-gaap,LoansAndLeasesReceivableNetReportedAmount,"Loans and Leases Receivable, Net Amount","Amount after allowance and deduction of deferred interest and fees, unamortized costs and premiums and discounts from face amounts, of loans and leases held in portfolio, including but not limited to, commercial and consumer loans. Excludes loans and leases covered under loss sharing agreements and loans held for sale."
us-gaap:LoansAndLeasesReceivableOther,us-gaap,LoansAndLeasesReceivableOther,"Loans and Leases Receivable, Gross, Other (Deprecated 2016-01-31)","Amount before allowance of other loans and leases not otherwise specified in the taxonomy. Includes deferred interest and fees, undisbursed portion of loan balance, unamortized costs and premiums and discounts from face amounts. Excludes loans and leases covered under loss sharing agreements."
us-gaap:LoansHeldForSaleConsumerInstallmentStudent,us-gaap,LoansHeldForSaleConsumerInstallmentStudent,"Disposal Group, Including Discontinued Operation, Consumer, Installment, Student Loans (Deprecated 2015-01-31)",Amount classified as student loans attributable to disposal group held for sale or disposed of. Excludes loans and leases covered under loss sharing agreements and loans classified as debt securities.
us-gaap:LoansReceivableCommercialAndIndustrial,us-gaap,LoansReceivableCommercialAndIndustrial,"Loans Receivable, Gross, Commercial and Industrial (Deprecated 2019-01-31)","Amount before allowance of loans issued to commercial and industrial institutions. Includes deferred interest and fees, undisbursed portion of loan balance, unamortized costs and premiums and discounts from face amounts. Excludes real estate loans and loans covered under loss sharing agreements."
us-gaap:LoansReceivableCommercialRealEstate,us-gaap,LoansReceivableCommercialRealEstate,"Loans Receivable, Gross, Commercial, Real Estate (Deprecated 2019-01-31)","Amount before allowance of commercial loans issued to businesses to acquire, develop, construct, improve, or refinance land or building. Includes deferred interest and fees, undisbursed portion of loan balance, unamortized costs and premiums and discounts from face amounts. Excludes loans covered under loss sharing agreements."
us-gaap:LoansReceivableFairValueDisclosure,us-gaap,LoansReceivableFairValueDisclosure,"Loans Receivable, Fair Value Disclosure","Fair value portion of loan receivable, including, but not limited to, mortgage loans held for investment, finance receivables held for investment, policy loans on insurance contracts."
us-gaap:LoansReceivableHeldForSaleNetNotPartOfDisposalGroup,us-gaap,LoansReceivableHeldForSaleNetNotPartOfDisposalGroup,"Financing Receivable, Held-for-Sale, Not Part of Disposal Group, after Valuation Allowance","Amount, after valuation allowance, of financing receivable held for sale and not part of disposal group. Excludes loan covered under loss sharing agreement and loan classified as investment in debt security."
us-gaap:LoansReceivableNet,us-gaap,LoansReceivableNet,"Loans Receivable, Net (Deprecated 2019-01-31)","Amount after allowance and deduction of deferred interest and fees, unamortized costs and premiums and discounts from face amounts, of loans and leases held in portfolio, including but not limited to, commercial and consumer loans. Includes loans held for sale. Excludes loans and leases covered under loss sharing agreements."
us-gaap:LongTermAccountsNotesAndLoansReceivableNetNoncurrent,us-gaap,LongTermAccountsNotesAndLoansReceivableNetNoncurrent,"Accounts and Financing Receivable, after Allowance for Credit Loss, Noncurrent","Amount, after allowance for credit loss, of accounts and financing receivables, classified as noncurrent. Includes, but is not limited to, notes and loan receivable."
us-gaap:LongTermCommercialPaperCurrent,us-gaap,LongTermCommercialPaperCurrent,"Long-term Commercial Paper, Current",Carrying value as of the balance sheet date of the current portion of long-term unsecured obligations issued by corporations and other borrowers to investors (with maturities initially due after one year or beyond the operating cycle if longer).
us-gaap:LongTermDebt,us-gaap,LongTermDebt,Long-term Debt,"Amount, after unamortized (discount) premium and debt issuance costs, of long-term debt. Includes, but not limited to, notes payable, bonds payable, debentures, mortgage loans and commercial paper. Excludes capital lease obligations."
us-gaap:LongTermDebtAndCapitalLeaseObligations,us-gaap,LongTermDebtAndCapitalLeaseObligations,Long-term Debt and Lease Obligation,"Amount of long-term debt and lease obligation, classified as noncurrent."
us-gaap:LongTermDebtAndCapitalLeaseObligationsCurrent,us-gaap,LongTermDebtAndCapitalLeaseObligationsCurrent,"Long-term Debt and Lease Obligation, Current","Amount of long-term debt and lease obligation, classified as current."
us-gaap:LongTermDebtAndCapitalLeaseObligationsIncludingCurrentMaturities,us-gaap,LongTermDebtAndCapitalLeaseObligationsIncludingCurrentMaturities,"Long-term Debt and Lease Obligation, Including Current Maturities","Amount of long-term debt and lease obligation, including portion classified as current."
us-gaap:LongTermDebtCurrent,us-gaap,LongTermDebtCurrent,"Long-term Debt, Current Maturities","Amount, after unamortized (discount) premium and debt issuance costs, of long-term debt, classified as current. Includes, but not limited to, notes payable, bonds payable, debentures, mortgage loans and commercial paper. Excludes capital lease obligations."
us-gaap:LongTermDebtFairValue,us-gaap,LongTermDebtFairValue,"Long-term Debt, Fair Value","The fair value amount of long-term debt whether such amount is presented as a separate caption or as a parenthetical disclosure. Additionally, this element may be used in connection with the fair value disclosures required in the footnote disclosures to the financial statements. The element may be used in both the balance sheet and disclosure in the same submission."
us-gaap:LongTermDebtMaturitiesRepaymentsOfPrincipalAfterYearFive,us-gaap,LongTermDebtMaturitiesRepaymentsOfPrincipalAfterYearFive,"Long-Term Debt, Maturity, after Year Five","Amount of long-term debt payable, sinking fund requirement, and other securities issued that are redeemable by holder at fixed or determinable price and date, maturing after fifth fiscal year following current fiscal year. Excludes interim and annual periods when interim periods are reported from current statement of financial position date (rolling approach)."
us-gaap:LongTermDebtMaturitiesRepaymentsOfPrincipalInNextRollingTwelveMonths,us-gaap,LongTermDebtMaturitiesRepaymentsOfPrincipalInNextRollingTwelveMonths,"Long-term Debt, Maturities, Repayments of Principal in Next Rolling Twelve Months","Amount of long-term debt payable, sinking fund requirements, and other securities issued that are redeemable by holder at fixed or determinable prices and dates maturing in the next rolling twelve months following the latest balance sheet. For interim and annual periods when interim periods are reported on a rolling approach, from latest balance sheet date."
us-gaap:LongTermDebtMaturitiesRepaymentsOfPrincipalInNextTwelveMonths,us-gaap,LongTermDebtMaturitiesRepaymentsOfPrincipalInNextTwelveMonths,"Long-Term Debt, Maturity, Year One","Amount of long-term debt payable, sinking fund requirement, and other securities issued that are redeemable by holder at fixed or determinable price and date, maturing in next fiscal year following current fiscal year. Excludes interim and annual periods when interim periods are reported from current statement of financial position date (rolling approach)."
us-gaap:LongTermDebtMaturitiesRepaymentsOfPrincipalInRollingAfterYearFive,us-gaap,LongTermDebtMaturitiesRepaymentsOfPrincipalInRollingAfterYearFive,"Long-term Debt, Maturities, Repayments of Principal in Rolling after Year Five","Amount of long-term debt payable, sinking fund requirements, and other securities issued that are redeemable by holder at fixed or determinable prices and dates maturing after the fifth rolling twelve months following the latest balance sheet. For interim and annual periods when interim periods are reported on a rolling approach, from latest balance sheet date."
us-gaap:LongTermDebtMaturitiesRepaymentsOfPrincipalInRollingYearFive,us-gaap,LongTermDebtMaturitiesRepaymentsOfPrincipalInRollingYearFive,"Long-term Debt, Maturities, Repayments of Principal in Rolling Year Five","Amount of long-term debt payable, sinking fund requirements, and other securities issued that are redeemable by holder at fixed or determinable prices and dates maturing in the fifth rolling twelve months following the latest balance sheet. For interim and annual periods when interim periods are reported on a rolling approach, from latest balance sheet date."
us-gaap:LongTermDebtMaturitiesRepaymentsOfPrincipalInRollingYearFour,us-gaap,LongTermDebtMaturitiesRepaymentsOfPrincipalInRollingYearFour,"Long-term Debt, Maturities, Repayments of Principal in Rolling Year Four","Amount of long-term debt payable, sinking fund requirements, and other securities issued that are redeemable by holder at fixed or determinable prices and dates maturing in the fourth rolling twelve months following the latest balance sheet. For interim and annual periods when interim periods are reported on a rolling approach, from latest balance sheet date."
us-gaap:LongTermDebtMaturitiesRepaymentsOfPrincipalInRollingYearThree,us-gaap,LongTermDebtMaturitiesRepaymentsOfPrincipalInRollingYearThree,"Long-term Debt, Maturities, Repayments of Principal in Rolling Year Three","Amount of long-term debt payable, sinking fund requirements, and other securities issued that are redeemable by holder at fixed or determinable prices and dates maturing in the third rolling twelve months following the latest balance sheet. For interim and annual periods when interim periods are reported on a rolling approach, from latest balance sheet date."
us-gaap:LongTermDebtMaturitiesRepaymentsOfPrincipalInRollingYearTwo,us-gaap,LongTermDebtMaturitiesRepaymentsOfPrincipalInRollingYearTwo,"Long-term Debt, Maturities, Repayments of Principal in Rolling Year Two","Amount of long-term debt payable, sinking fund requirements, and other securities issued that are redeemable by holder at fixed or determinable prices and dates maturing in the second rolling twelve months following the latest balance sheet. For interim and annual periods when interim periods are reported on a rolling approach, from latest balance sheet date."
us-gaap:LongTermDebtMaturitiesRepaymentsOfPrincipalInYearFive,us-gaap,LongTermDebtMaturitiesRepaymentsOfPrincipalInYearFive,"Long-Term Debt, Maturity, Year Five","Amount of long-term debt payable, sinking fund requirement, and other securities issued that are redeemable by holder at fixed or determinable price and date, maturing in fifth fiscal year following current fiscal year. Excludes interim and annual periods when interim periods are reported from current statement of financial position date (rolling approach)."
us-gaap:LongTermDebtMaturitiesRepaymentsOfPrincipalInYearFour,us-gaap,LongTermDebtMaturitiesRepaymentsOfPrincipalInYearFour,"Long-Term Debt, Maturity, Year Four","Amount of long-term debt payable, sinking fund requirement, and other securities issued that are redeemable by holder at fixed or determinable price and date, maturing in fourth fiscal year following current fiscal year. Excludes interim and annual periods when interim periods are reported from current statement of financial position date (rolling approach)."
us-gaap:LongTermDebtMaturitiesRepaymentsOfPrincipalInYearThree,us-gaap,LongTermDebtMaturitiesRepaymentsOfPrincipalInYearThree,"Long-Term Debt, Maturity, Year Three","Amount of long-term debt payable, sinking fund requirement, and other securities issued that are redeemable by holder at fixed or determinable price and date, maturing in third fiscal year following current fiscal year. Excludes interim and annual periods when interim periods are reported from current statement of financial position date (rolling approach)."
us-gaap:LongTermDebtMaturitiesRepaymentsOfPrincipalInYearTwo,us-gaap,LongTermDebtMaturitiesRepaymentsOfPrincipalInYearTwo,"Long-Term Debt, Maturity, Year Two","Amount of long-term debt payable, sinking fund requirement, and other securities issued that are redeemable by holder at fixed or determinable price and date, maturing in second fiscal year following current fiscal year. Excludes interim and annual periods when interim periods are reported from current statement of financial position date (rolling approach)."
us-gaap:LongTermDebtMaturitiesRepaymentsOfPrincipalRemainderOfFiscalYear,us-gaap,LongTermDebtMaturitiesRepaymentsOfPrincipalRemainderOfFiscalYear,"Long-Term Debt, Maturity, Remainder of Fiscal Year","Amount of long-term debt payable, sinking fund requirement, and other securities issued that are redeemable by holder at fixed or determinable price and date, maturing in remainder of current fiscal year."
us-gaap:LongTermDebtNoncurrent,us-gaap,LongTermDebtNoncurrent,"Long-term Debt, Excluding Current Maturities","Amount after unamortized (discount) premium and debt issuance costs of long-term debt classified as noncurrent and excluding amounts to be repaid within one year or the normal operating cycle, if longer. Includes, but not limited to, notes payable, bonds payable, debentures, mortgage loans and commercial paper. Excludes capital lease obligations."
us-gaap:LongTermInvestments,us-gaap,LongTermInvestments,Long-term Investments,The total amount of investments that are intended to be held for an extended period of time (longer than one operating cycle).
us-gaap:LongTermInvestmentsAndReceivablesNet,us-gaap,LongTermInvestmentsAndReceivablesNet,"Long-term Investments and Receivables, Net","The total amount of investments that are intended to be held for an extended period of time (longer than one operating cycle) and amount due to the Entity from outside sources, including trade accounts receivable, notes and loans receivable, as well as any other types of receivables, net of allowances established for the purpose of reducing such investments and receivables to an amount that approximates their net realizable value."
us-gaap:LongTermLoansPayable,us-gaap,LongTermLoansPayable,"Loans Payable, Noncurrent","Carrying value as of the balance sheet date of loans payable (with maturities initially due after one year or beyond the operating cycle if longer), excluding current portion."
us-gaap:LongTermNotesPayable,us-gaap,LongTermNotesPayable,"Notes Payable, Noncurrent","Carrying value as of the balance sheet date of notes payable (with maturities initially due after one year or beyond the operating cycle if longer), excluding current portion."
us-gaap:LongTermPurchaseCommitmentAmount,us-gaap,LongTermPurchaseCommitmentAmount,"Long-term Purchase Commitment, Amount",The minimum amount the entity agreed to spend under the long-term purchase commitment.
us-gaap:LongtermDebtWeightedAverageInterestRate,us-gaap,LongtermDebtWeightedAverageInterestRate,"Long-term Debt, Weighted Average Interest Rate, at Point in Time",Weighted average interest rate of long-term debt outstanding calculated at point in time.
us-gaap:LossContingencyAccrualAtCarryingValue,us-gaap,LossContingencyAccrualAtCarryingValue,Loss Contingency Accrual,Amount of loss contingency liability.
us-gaap:LossContingencyAccrualCarryingValueCurrent,us-gaap,LossContingencyAccrualCarryingValueCurrent,"Loss Contingency, Accrual, Current","Amount of loss contingency liability expected to be resolved within one year or the normal operating cycle, if longer."
us-gaap:LossContingencyAccrualPayments,us-gaap,LossContingencyAccrualPayments,"Loss Contingency Accrual, Payments",Amount of cash outflow reducing loss contingency liability.
us-gaap:LossContingencyDamagesAwardedValue,us-gaap,LossContingencyDamagesAwardedValue,"Loss Contingency, Damages Awarded, Value",Amount of damages awarded to the plaintiff in the legal matter.
us-gaap:LossContingencyDamagesSoughtValue,us-gaap,LossContingencyDamagesSoughtValue,"Loss Contingency, Damages Sought, Value",The value (monetary amount) of the award the plaintiff seeks in the legal matter.
us-gaap:LossContingencyEstimateOfPossibleLoss,us-gaap,LossContingencyEstimateOfPossibleLoss,"Loss Contingency, Estimate of Possible Loss",Reflects the estimated amount of loss from the specified contingency as of the balance sheet date.
us-gaap:LossContingencyLossInPeriod,us-gaap,LossContingencyLossInPeriod,"Loss Contingency, Loss in Period","The amount of loss pertaining to the specified contingency that was charged against earnings in the period, including the effects of revisions in previously reported estimates."
us-gaap:LossContingencyNumberOfPlaintiffs,us-gaap,LossContingencyNumberOfPlaintiffs,"Loss Contingency, Number of Plaintiffs",Number of plaintiffs that have filed claims pertaining to a loss contingency.
us-gaap:LossContingencyPatentsAllegedlyInfringedNumber,us-gaap,LossContingencyPatentsAllegedlyInfringedNumber,"Loss Contingency, Patents Allegedly Infringed, Number",Number of another entity's patents that the entity has allegedly infringed.
us-gaap:LossContingencyPendingClaimsNumber,us-gaap,LossContingencyPendingClaimsNumber,"Loss Contingency, Pending Claims, Number",Number of pending claims pertaining to a loss contingency.
us-gaap:LossContingencyRangeOfPossibleLossPortionNotAccrued,us-gaap,LossContingencyRangeOfPossibleLossPortionNotAccrued,"Loss Contingency, Range of Possible Loss, Portion Not Accrued",The difference between the maximum amount of estimated loss and the amount recorded as of the balance sheet date.
us-gaap:LossOnContractTermination,us-gaap,LossOnContractTermination,Loss on Contract Termination,The loss recognized on termination of a contract.
us-gaap:LossOnDiscontinuationOfCashFlowHedgeDueToForecastedTransactionProbableOfNotOccurring,us-gaap,LossOnDiscontinuationOfCashFlowHedgeDueToForecastedTransactionProbableOfNotOccurring,Loss on Discontinuation of Cash Flow Hedge Due to Forecasted Transaction Probable of Not Occurring,The amount of loss reclassified into earnings in the period when cash flow hedge is discontinued because it is probable that the original forecasted transactions will not occur by the end of the original period or an additional two month time period.
us-gaap:MachineryAndEquipmentGross,us-gaap,MachineryAndEquipmentGross,"Machinery and Equipment, Gross","Amount before accumulated depreciation of tangible personal property used to produce goods and services, including, but is not limited to, tools, dies and molds, computer and office equipment."
us-gaap:MarketableSecurities,us-gaap,MarketableSecurities,Marketable Securities,Amount of investment in marketable security.
us-gaap:MarketableSecuritiesCurrent,us-gaap,MarketableSecuritiesCurrent,"Marketable Securities, Current","Amount of investment in marketable security, classified as current."
us-gaap:MarketableSecuritiesNoncurrent,us-gaap,MarketableSecuritiesNoncurrent,"Marketable Securities, Noncurrent","Amount of investment in marketable security, classified as noncurrent."
us-gaap:MarketableSecuritiesRealizedGainLoss,us-gaap,MarketableSecuritiesRealizedGainLoss,"Marketable Securities, Realized Gain (Loss)","Amount of realized gain (loss) on investment in marketable security, including other-than-temporary impairment (OTTI)."
us-gaap:MarketableSecuritiesRealizedGainLossExcludingOtherThanTemporaryImpairments,us-gaap,MarketableSecuritiesRealizedGainLossExcludingOtherThanTemporaryImpairments,"Marketable Securities, Realized Gain (Loss), Excluding Other-than-temporary Impairment Loss","Amount of realized gain (loss) on investment in marketable security, excluding other-than-temporary impairment (OTTI)."
us-gaap:MarketableSecuritiesRealizedGainLossOtherThanTemporaryImpairmentsAmount,us-gaap,MarketableSecuritiesRealizedGainLossOtherThanTemporaryImpairmentsAmount,"Marketable Securities, Realized Loss, Other than Temporary Impairments, Amount (Deprecated 2018-01-31)",This element represents the amount of loss recognized for other than temporary impairments (OTTI) of investments in debt and equity securities.
us-gaap:MarketableSecuritiesUnrealizedGainLoss,us-gaap,MarketableSecuritiesUnrealizedGainLoss,"Marketable Securities, Unrealized Gain (Loss)",Amount of unrealized gain (loss) on investment in marketable security.
us-gaap:MarketingAndAdvertisingExpense,us-gaap,MarketingAndAdvertisingExpense,Marketing and Advertising Expense,"The total expense recognized in the period for promotion, public relations, and brand or product advertising."
us-gaap:MarketingExpense,us-gaap,MarketingExpense,Marketing Expense,"Expenditures for planning and executing the conception, pricing, promotion, and distribution of ideas, goods, and services. Costs of public relations and corporate promotions are typically considered to be marketing costs."
us-gaap:MaterialsSuppliesAndOther,us-gaap,MaterialsSuppliesAndOther,"Materials, Supplies, and Other","The carrying amount of capitalized costs of materials, supplies, and other assets, which are not included in inventory but used in production."
us-gaap:MinorityInterest,us-gaap,MinorityInterest,Stockholders' Equity Attributable to Noncontrolling Interest,"Total of all stockholders' equity (deficit) items, net of receivables from officers, directors, owners, and affiliates of the entity which is directly or indirectly attributable to that ownership interest in subsidiary equity which is not attributable to the parent (that is, noncontrolling interest, previously referred to as minority interest)."
us-gaap:MinorityInterestChangeInRedemptionValue,us-gaap,MinorityInterestChangeInRedemptionValue,"Noncontrolling Interest, Change in Redemption Value",Change in noncontrolling interest during the period as a result of a change in the redemption value of redeemable noncontrolling interest.
us-gaap:MinorityInterestDecreaseFromDistributionsToNoncontrollingInterestHolders,us-gaap,MinorityInterestDecreaseFromDistributionsToNoncontrollingInterestHolders,"Noncontrolling Interest, Decrease from Distributions to Noncontrolling Interest Holders","Decrease in noncontrolling interest balance from payment of dividends or other distributions by the non-wholly owned subsidiary or partially owned entity, included in the consolidation of the parent entity, to the noncontrolling interest holders."
us-gaap:MinorityInterestDecreaseFromRedemptions,us-gaap,MinorityInterestDecreaseFromRedemptions,"Noncontrolling Interest, Decrease from Redemptions or Purchase of Interests","Decrease in noncontrolling interest (for example, but not limited to, redeeming or purchasing the interests of noncontrolling shareholders, issuance of shares (interests) by the non-wholly owned subsidiary to the parent entity for other than cash, and a buyback of shares (interest) by the non-wholly owned subsidiary from the noncontrolling interests)."
us-gaap:MinorityInterestOwnershipPercentageByParent,us-gaap,MinorityInterestOwnershipPercentageByParent,"Noncontrolling Interest, Ownership Percentage by Parent","The parent entity's interest in net assets of the subsidiary, expressed as a percentage."
us-gaap:MoneyMarketFundsAtCarryingValue,us-gaap,MoneyMarketFundsAtCarryingValue,"Money Market Funds, at Carrying Value","Investment in short-term money-market instruments (such as commercial paper, banker's acceptances, repurchase agreements, government securities, certificates of deposit, and so forth) which are highly liquid (that is, readily convertible to known amounts of cash) and so near their maturity that they present an insignificant risk of changes in value because of changes in interest rates. Generally, only investments with original maturities of three months or less qualify as cash equivalents by definition. Original maturity means an original maturity to the entity holding the investment. For example, both a three-month US Treasury bill and a three-year Treasury note purchased three months from maturity qualify as cash equivalents. However, a Treasury note purchased three-years ago does not become a cash equivalent when its remaining maturity is three months."
us-gaap:MortgageLoansOnRealEstateCostOfMortgagesSold,us-gaap,MortgageLoansOnRealEstateCostOfMortgagesSold,"SEC Schedule, 12-29, Real Estate Companies, Investment in Mortgage Loans on Real Estate, Cost of Mortgage Sold","Amount of decrease in investment in mortgage loan on real estate by entity with substantial portion of business acquiring and holding investment real estate or interest in real estate, from sale."
us-gaap:NetCashProvidedByUsedInContinuingOperations,us-gaap,NetCashProvidedByUsedInContinuingOperations,Net Cash Provided by (Used in) Continuing Operations,"The increase (decrease) in cash associated with the entity's continuing operating, investing, and financing activities. While for technical reasons this element has no balance attribute, the default assumption is a debit balance consistent with its label."
us-gaap:NetCashProvidedByUsedInFinancingActivities,us-gaap,NetCashProvidedByUsedInFinancingActivities,Net Cash Provided by (Used in) Financing Activities,"Amount of cash inflow (outflow) from financing activities, including discontinued operations. Financing activity cash flows include obtaining resources from owners and providing them with a return on, and a return of, their investment; borrowing money and repaying amounts borrowed, or settling the obligation; and obtaining and paying for other resources obtained from creditors on long-term credit."
us-gaap:NetCashProvidedByUsedInFinancingActivitiesContinuingOperations,us-gaap,NetCashProvidedByUsedInFinancingActivitiesContinuingOperations,"Net Cash Provided by (Used in) Financing Activities, Continuing Operations","Amount of cash inflow (outflow) of financing activities, excluding discontinued operations. Financing activity cash flows include obtaining resources from owners and providing them with a return on, and a return of, their investment; borrowing money and repaying amounts borrowed, or settling the obligation; and obtaining and paying for other resources obtained from creditors on long-term credit."
us-gaap:NetCashProvidedByUsedInInvestingActivities,us-gaap,NetCashProvidedByUsedInInvestingActivities,Net Cash Provided by (Used in) Investing Activities,"Amount of cash inflow (outflow) from investing activities, including discontinued operations. Investing activity cash flows include making and collecting loans and acquiring and disposing of debt or equity instruments and property, plant, and equipment and other productive assets."
us-gaap:NetCashProvidedByUsedInInvestingActivitiesContinuingOperations,us-gaap,NetCashProvidedByUsedInInvestingActivitiesContinuingOperations,"Net Cash Provided by (Used in) Investing Activities, Continuing Operations","Amount of cash inflow (outflow) of investing activities, excluding discontinued operations. Investing activity cash flows include making and collecting loans and acquiring and disposing of debt or equity instruments and property, plant, and equipment and other productive assets."
us-gaap:NetCashProvidedByUsedInOperatingActivities,us-gaap,NetCashProvidedByUsedInOperatingActivities,Net Cash Provided by (Used in) Operating Activities,"Amount of cash inflow (outflow) from operating activities, including discontinued operations. Operating activity cash flows include transactions, adjustments, and changes in value not defined as investing or financing activities."
us-gaap:NetCashProvidedByUsedInOperatingActivitiesContinuingOperations,us-gaap,NetCashProvidedByUsedInOperatingActivitiesContinuingOperations,"Net Cash Provided by (Used in) Operating Activities, Continuing Operations","Amount of cash inflow (outflow) from operating activities, excluding discontinued operations. Operating activity cash flows include transactions, adjustments, and changes in value not defined as investing or financing activities."
us-gaap:NetIncomeLoss,us-gaap,NetIncomeLoss,Net Income (Loss) Attributable to Parent,"The portion of profit or loss for the period, net of income taxes, which is attributable to the parent."
us-gaap:NetIncomeLossAttributableToNoncontrollingInterest,us-gaap,NetIncomeLossAttributableToNoncontrollingInterest,Net Income (Loss) Attributable to Noncontrolling Interest,Amount of Net Income (Loss) attributable to noncontrolling interest.
us-gaap:NetIncomeLossAttributableToNonredeemableNoncontrollingInterest,us-gaap,NetIncomeLossAttributableToNonredeemableNoncontrollingInterest,Net Income (Loss) Attributable to Nonredeemable Noncontrolling Interest,Portion of net income (loss) attributable to nonredeemable noncontrolling interest.
us-gaap:NetIncomeLossAttributableToRedeemableNoncontrollingInterest,us-gaap,NetIncomeLossAttributableToRedeemableNoncontrollingInterest,Net Income (Loss) Attributable to Redeemable Noncontrolling Interest,Amount of Net Income (Loss) attributable to redeemable noncontrolling interest.
us-gaap:NetIncomeLossAvailableToCommonStockholdersBasic,us-gaap,NetIncomeLossAvailableToCommonStockholdersBasic,"Net Income (Loss) Available to Common Stockholders, Basic","Amount, after deduction of tax, noncontrolling interests, dividends on preferred stock and participating securities; of income (loss) available to common shareholders."
us-gaap:NetIncomeLossAvailableToCommonStockholdersDiluted,us-gaap,NetIncomeLossAvailableToCommonStockholdersDiluted,"Net Income (Loss) Available to Common Stockholders, Diluted","Amount, after deduction of tax, noncontrolling interests, dividends on preferred stock and participating securities, and addition from assumption of issuance of common shares for dilutive potential common shares; of income (loss) available to common shareholders."
us-gaap:NetIncomeLossIncludingPortionAttributableToNonredeemableNoncontrollingInterest,us-gaap,NetIncomeLossIncludingPortionAttributableToNonredeemableNoncontrollingInterest,"Net Income (Loss), Including Portion Attributable to Nonredeemable Noncontrolling Interest",Amount after income tax of income (loss) including the portion attributable to nonredeemable noncontrolling interest. Excludes the portion attributable to redeemable noncontrolling interest recognized as temporary equity.
us-gaap:NetInvestmentHedgeDerivativeLiabilitiesAtFairValue,us-gaap,NetInvestmentHedgeDerivativeLiabilitiesAtFairValue,"Derivative Instruments in Hedges, Net Investment in Foreign Operations, Liabilities, Fair Value",Fair value of all derivative liabilities designated as hedges of net investment in foreign operations.
us-gaap:NetPeriodicDefinedBenefitsExpenseReversalOfExpenseExcludingServiceCostComponent,us-gaap,NetPeriodicDefinedBenefitsExpenseReversalOfExpenseExcludingServiceCostComponent,"Net Periodic Defined Benefits Expense (Reversal of Expense), Excluding Service Cost Component","Amount of expense (reversal of expense) for net periodic benefit cost components, excluding service cost component, of defined benefit plan. Amount includes, but is not limited to, interest cost, expected (return) loss on plan asset, amortization of prior service cost (credit), amortization of (gain) loss, amortization of transition (asset) obligation, settlement (gain) loss, curtailment (gain) loss and certain termination benefits."
us-gaap:NewAccountingPronouncementOrChangeInAccountingPrincipleCumulativeEffectOfChangeOnEquityOrNetAssets,us-gaap,NewAccountingPronouncementOrChangeInAccountingPrincipleCumulativeEffectOfChangeOnEquityOrNetAssets,"New Accounting Pronouncement or Change in Accounting Principle, Cumulative Effect of Change on Equity or Net Assets (Deprecated 2012-01-31)",Amount of the cumulative effect of the change in accounting principle or new accounting pronouncement on retained earnings or other components of equity or net assets in the statement of financial position as of the beginning of the earliest period presented.
us-gaap:NewAccountingPronouncementOrChangeInAccountingPrincipleCumulativeEffectOfChangeOnEquityOrNetAssets1,us-gaap,NewAccountingPronouncementOrChangeInAccountingPrincipleCumulativeEffectOfChangeOnEquityOrNetAssets1,"New Accounting Pronouncement or Change in Accounting Principle, Cumulative Effect of Change on Equity or Net Assets (Deprecated 2020-01-31)",Amount of cumulative effect of the change in accounting principle or new accounting pronouncement on retained earnings or other components of equity or net assets in the statement of financial position as of the beginning of the earliest period presented.
us-gaap:NewAccountingPronouncementOrChangeInAccountingPrincipleEffectOfAdoptionQuantification,us-gaap,NewAccountingPronouncementOrChangeInAccountingPrincipleEffectOfAdoptionQuantification,"New Accounting Pronouncement or Change in Accounting Principle, Effect of Adoption, Quantification (Deprecated 2020-01-31)",Represents the quantification of the effect of adopting the new accounting standard or change in accounting principle expected by the entity to have a significant effect on the entity's financial statements.
us-gaap:NewAccountingPronouncementOrChangeInAccountingPrincipleEffectOfChangeOnNetIncome,us-gaap,NewAccountingPronouncementOrChangeInAccountingPrincipleEffectOfChangeOnNetIncome,"New Accounting Pronouncement or Change in Accounting Principle, Effect of Change on Net Income (Deprecated 2020-01-31)",Amount of the effect of a change in accounting principle on net income.
us-gaap:NewAccountingPronouncementOrChangeInAccountingPrincipleEffectOfChangeOnNetRevenue,us-gaap,NewAccountingPronouncementOrChangeInAccountingPrincipleEffectOfChangeOnNetRevenue,"New Accounting Pronouncement or Change in Accounting Principle, Effect of Change on Net Revenue (Deprecated 2016-01-31)",Amount of the effect of a change in accounting principle on net revenue.
us-gaap:NewAccountingPronouncementOrChangeInAccountingPrincipleEffectOfChangeOnOperatingResults,us-gaap,NewAccountingPronouncementOrChangeInAccountingPrincipleEffectOfChangeOnOperatingResults,"New Accounting Pronouncement or Change in Accounting Principle, Effect of Change on Operating Results (Deprecated 2020-01-31)",Amount of the effect of a change in accounting principle on operating profit or loss.
us-gaap:NoncashContributionExpense,us-gaap,NoncashContributionExpense,Noncash Contribution Expense,Noncash charitable contributions made by the entity during the period.
us-gaap:NoncashOrPartNoncashAcquisitionFixedAssetsAcquired1,us-gaap,NoncashOrPartNoncashAcquisitionFixedAssetsAcquired1,"Noncash or Part Noncash Acquisition, Fixed Assets Acquired","""The amount of fixed assets that an Entity acquires in a noncash (or part noncash) acquisition. Noncash is defined as information about all investing and financing activities of an enterprise during a period that affect recognized assets or liabilities but that do not result in cash receipts or cash payments in the period. """"Part noncash"""" refers to that portion of the transaction not resulting in cash receipts or cash payments in the period."""
us-gaap:NoncashOrPartNoncashAcquisitionIntangibleAssetsAcquired,us-gaap,NoncashOrPartNoncashAcquisitionIntangibleAssetsAcquired,"Noncash or Part Noncash Acquisition, Intangible Assets Acquired (Deprecated 2011-01-31)","The amount of intangibles that an Entity acquires in a noncash (or part noncash) acquisition. Noncash is defined as information about all investing and financing activities of an enterprise during a period that affect recognized assets or liabilities but that do not result in cash receipts or cash payments in the period. ""Part noncash"" refers to that portion of the transaction not resulting in cash receipts or cash payments in the period."
us-gaap:NoncashOrPartNoncashAcquisitionNetNonmonetaryAssetsAcquiredLiabilitiesAssumed,us-gaap,NoncashOrPartNoncashAcquisitionNetNonmonetaryAssetsAcquiredLiabilitiesAssumed,"Noncash or Part Noncash Acquisition, Net Nonmonetary Assets Acquired (Liabilities Assumed) (Deprecated 2011-01-31)","The net book value of a nonmonetary asset transferred or exchanged in connection with the acquisition of a business or asset in a noncash transaction. Noncash is defined as transactions during a period that affect recognized assets or liabilities but that do not result in cash receipts or cash payments in the period. ""Part noncash"" refers to that portion of the transaction not resulting in cash receipts or cash payments in the period. Nonmonetary assets and liabilities are assets and liabilities that will not result in cash receipts or cash payments in the future."
us-gaap:NoncashOrPartNoncashAcquisitionNetNonmonetaryAssetsAcquiredLiabilitiesAssumed1,us-gaap,NoncashOrPartNoncashAcquisitionNetNonmonetaryAssetsAcquiredLiabilitiesAssumed1,"Noncash or Part Noncash Acquisition, Net Nonmonetary Assets Acquired (Liabilities Assumed)","""The net book value of a nonmonetary asset transferred or exchanged in connection with the acquisition of a business or asset in a noncash transaction. Noncash is defined as transactions during a period that affect recognized assets or liabilities but that do not result in cash receipts or cash payments in the period. """"Part noncash"""" refers to that portion of the transaction not resulting in cash receipts or cash payments in the period. Nonmonetary assets and liabilities are assets and liabilities that will not result in cash receipts or cash payments in the future."""
us-gaap:NoncashOrPartNoncashAcquisitionNoncashFinancialOrEquityInstrumentConsiderationSharesIssued,us-gaap,NoncashOrPartNoncashAcquisitionNoncashFinancialOrEquityInstrumentConsiderationSharesIssued,"Noncash or Part Noncash Acquisition, Noncash Financial or Equity Instrument Consideration, Shares Issued (Deprecated 2011-01-31)","The number of shares issued as [noncash or part noncash] consideration for a business or asset acquired. Noncash is defined as transactions during a period that affect recognized assets or liabilities but that do not result in cash receipts or cash payments in the period. ""Part noncash"" refers to that portion of the transaction not resulting in cash receipts or cash payments in the period."
us-gaap:NoncashOrPartNoncashAcquisitionOtherAssetsAcquired1,us-gaap,NoncashOrPartNoncashAcquisitionOtherAssetsAcquired1,"Noncash or Part Noncash Acquisition, Other Assets Acquired","Amount of assets, classified as other, acquired in a noncash or part noncash acquisition."
us-gaap:NoncashOrPartNoncashAcquisitionValueOfAssetsAcquired,us-gaap,NoncashOrPartNoncashAcquisitionValueOfAssetsAcquired,"Noncash or Part Noncash Acquisition, Value of Assets Acquired (Deprecated 2011-01-31)","The value of an asset or business acquired in a noncash (or part noncash) acquisition. Noncash is defined as information about all investing and financing activities of an enterprise during a period that affect recognized assets or liabilities but that do not result in cash receipts or cash payments in the period. ""Part noncash"" refers to that portion of the transaction not resulting in cash receipts or cash payments in the period."
us-gaap:NoncashOrPartNoncashAcquisitionValueOfAssetsAcquired1,us-gaap,NoncashOrPartNoncashAcquisitionValueOfAssetsAcquired1,"Noncash or Part Noncash Acquisition, Value of Assets Acquired","""The value of an asset or business acquired in a noncash (or part noncash) acquisition. Noncash is defined as information about all investing and financing activities of an enterprise during a period that affect recognized assets or liabilities but that do not result in cash receipts or cash payments in the period. """"Part noncash"""" refers to that portion of the transaction not resulting in cash receipts or cash payments in the period."""
us-gaap:NoncashOrPartNoncashAcquisitionValueOfLiabilitiesAssumed,us-gaap,NoncashOrPartNoncashAcquisitionValueOfLiabilitiesAssumed,"Noncash or Part Noncash Acquisition, Value of Liabilities Assumed (Deprecated 2011-01-31)","The total amount of [all] liabilities that an Entity assumes in acquiring a business or in consideration for an asset received in a noncash (or part noncash) acquisition. Noncash is defined as transactions during a period that affect recognized assets or liabilities but that do not result in cash receipts or cash payments in the period. ""Part noncash"" refers to that portion of the transaction not resulting in cash receipts or cash payments in the period."
us-gaap:NoncashOrPartNoncashAcquisitionValueOfLiabilitiesAssumed1,us-gaap,NoncashOrPartNoncashAcquisitionValueOfLiabilitiesAssumed1,"Noncash or Part Noncash Acquisition, Value of Liabilities Assumed","""The total amount of [all] liabilities that an Entity assumes in acquiring a business or in consideration for an asset received in a noncash (or part noncash) acquisition. Noncash is defined as transactions during a period that affect recognized assets or liabilities but that do not result in cash receipts or cash payments in the period. """"Part noncash"""" refers to that portion of the transaction not resulting in cash receipts or cash payments in the period."""
us-gaap:NoncontrollingInterestInVariableInterestEntity,us-gaap,NoncontrollingInterestInVariableInterestEntity,Noncontrolling Interest in Variable Interest Entity,"Portion of equity (net assets) in a variable interest entity (VIE) not attributable, directly or indirectly, to the parent entity. That is, this is the portion of equity in a VIE that is attributable to the noncontrolling interest (previously referred to as minority interest)."
us-gaap:NoncontrollingInterestIncreaseFromBusinessCombination,us-gaap,NoncontrollingInterestIncreaseFromBusinessCombination,"Noncontrolling Interest, Increase from Business Combination",Amount of increase in noncontrolling interest from a business combination.
us-gaap:NoncontrollingInterestIncreaseFromSaleOfParentEquityInterest,us-gaap,NoncontrollingInterestIncreaseFromSaleOfParentEquityInterest,"Noncontrolling Interest, Increase from Sale of Parent Equity Interest",Amount of increase in noncontrolling interest from sale of a portion of the parent's controlling interest.
us-gaap:NoncontrollingInterestIncreaseFromSubsidiaryEquityIssuance,us-gaap,NoncontrollingInterestIncreaseFromSubsidiaryEquityIssuance,"Noncontrolling Interest, Increase from Subsidiary Equity Issuance",Amount of increase in noncontrolling interest from subsidiary issuance of equity interests to noncontrolling interest holders.
us-gaap:NoncurrentAssets,us-gaap,NoncurrentAssets,Long-Lived Assets,"Long-lived assets other than financial instruments, long-term customer relationships of a financial institution, mortgage and other servicing rights, deferred policy acquisition costs, and deferred tax assets."
us-gaap:NoninterestBearingDepositLiabilitiesDomestic,us-gaap,NoninterestBearingDepositLiabilitiesDomestic,"Noninterest-bearing Deposit Liabilities, Domestic","Amount of domestic noninterest-bearing deposits held by the entity, which may include demand deposits, checking, brokered and retail deposits."
us-gaap:NoninterestBearingDepositLiabilitiesForeign,us-gaap,NoninterestBearingDepositLiabilitiesForeign,"Noninterest-bearing Deposit Liabilities, Foreign","Amount of foreign noninterest-bearing deposits held by the entity which may include demand deposits, checking, brokered and retail deposits."
us-gaap:NoninterestExpense,us-gaap,NoninterestExpense,Noninterest Expense,Total aggregate amount of all noninterest expense.
us-gaap:NoninterestIncome,us-gaap,NoninterestIncome,Noninterest Income,The total amount of noninterest income which may be derived from: (1) fees and commissions; (2) premiums earned; (3) insurance policy charges; (4) the sale or disposal of assets; and (5) other sources not otherwise specified.
us-gaap:NoninterestIncomeOther,us-gaap,NoninterestIncomeOther,"Noninterest Income, Other",Represents the total of noninterest income derived from certain activities and assets including (for example): (1) venture capital investments; (2) bank owned life insurance; (3) foreign currency transactions; and (4) mortgage servicing rights.
us-gaap:NonoperatingIncomeExpense,us-gaap,NonoperatingIncomeExpense,Nonoperating Income (Expense),"The aggregate amount of income or expense from ancillary business-related activities (that is to say, excluding major activities considered part of the normal operations of the business)."
us-gaap:NontradeReceivablesCurrent,us-gaap,NontradeReceivablesCurrent,"Nontrade Receivables, Current","The sum of amounts currently receivable other than from customers. For classified balance sheets, represents the current amount receivable, that is amounts expected to be collected within one year or the normal operating cycle, if longer."
us-gaap:NotesAndLoansReceivableNetCurrent,us-gaap,NotesAndLoansReceivableNetCurrent,"Financing Receivable, after Allowance for Credit Loss, Current","Amount, after allowance for credit loss, of financing receivable, classified as current. Includes, but is not limited to, notes and loan receivable."
us-gaap:NotesPayableRelatedPartiesCurrentAndNoncurrent,us-gaap,NotesPayableRelatedPartiesCurrentAndNoncurrent,"Notes Payable, Related Parties","The amount for notes payable (written promise to pay), due to related parties."
us-gaap:NotesReceivableGross,us-gaap,NotesReceivableGross,"Financing Receivable, before Allowance for Credit Loss","Amount, before allowance for credit loss, of financing receivable."
us-gaap:NotesReceivableNet,us-gaap,NotesReceivableNet,"Financing Receivable, after Allowance for Credit Loss","Amount, after allowance for credit loss, of financing receivable. Excludes financing receivable covered under loss sharing agreement."
us-gaap:NotionalAmountOfDerivatives,us-gaap,NotionalAmountOfDerivatives,Notional Amount of Derivatives (Deprecated 2012-01-31),"Aggregate notional amount of all derivatives. The notional amount relates to a number of currency units, shares, bushels, pounds, or other units specified in a derivative instrument."
us-gaap:NotionalAmountOfForeignCurrencyDerivativeInstrumentsNotDesignatedAsHedgingInstruments,us-gaap,NotionalAmountOfForeignCurrencyDerivativeInstrumentsNotDesignatedAsHedgingInstruments,Notional Amount of Foreign Currency Derivative Instruments Not Designated as Hedging Instruments (Deprecated 2013-01-31),Aggregate notional amount of all foreign currency derivatives not designated as hedging instruments. Notional amount refers to the number of currency units specified in the foreign currency derivative contract.
us-gaap:NotionalAmountOfForeignCurrencyDerivatives,us-gaap,NotionalAmountOfForeignCurrencyDerivatives,Notional Amount of Foreign Currency Derivatives (Deprecated 2013-01-31),Aggregate notional amount of foreign currency exchange rate derivatives. Notional amount refers to the number of currency units specified in the foreign currency derivative contract.
us-gaap:NumberOfBusinessesAcquired,us-gaap,NumberOfBusinessesAcquired,Number of Businesses Acquired,The number of businesses acquired by the entity during the period.
us-gaap:NumberOfCountriesInWhichEntityOperates,us-gaap,NumberOfCountriesInWhichEntityOperates,Number of Countries in which Entity Operates,The number of countries in which the entity operates as of balance sheet date.
us-gaap:NumberOfForeignCurrencyDerivativesHeld,us-gaap,NumberOfForeignCurrencyDerivativesHeld,Number of Foreign Currency Derivatives Held,Number of foreign currency exchange rate derivatives held by the entity at the reporting date.
us-gaap:NumberOfOperatingSegments,us-gaap,NumberOfOperatingSegments,Number of Operating Segments,"Number of operating segments. An operating segment is a component of an enterprise: (a) that engages in business activities from which it may earn revenues and incur expenses (including revenues and expenses relating to transactions with other components of the same enterprise), (b) whose operating results are regularly reviewed by the enterprise's chief operating decision maker to make decisions about resources to be allocated to the segment and assess its performance, and (c) for which discrete financial information is available. An operating segment may engage in business activities for which it has yet to earn revenues, for example, start-up operations may be operating segments before earning revenues."
us-gaap:NumberOfReportableSegments,us-gaap,NumberOfReportableSegments,Number of Reportable Segments,Number of segments reported by the entity. A reportable segment is a component of an entity for which there is an accounting requirement to report separate financial information on that component in the entity's financial statements.
us-gaap:NumberOfStores,us-gaap,NumberOfStores,Number of Stores,Represents the number of stores.
us-gaap:OccupancyNet,us-gaap,OccupancyNet,"Occupancy, Net","Amount of net occupancy expense that may include items, such as depreciation of facilities and equipment, lease expenses, property taxes and property and casualty insurance expense."
us-gaap:OciBeforeReclassificationsBeforeTaxAttributableToParent,us-gaap,OciBeforeReclassificationsBeforeTaxAttributableToParent,"OCI, before Reclassifications, before Tax, Attributable to Parent",Amount before tax and reclassification adjustments of other comprehensive income (loss) attributable to parent.
us-gaap:OciBeforeReclassificationsNetOfTaxAttributableToParent,us-gaap,OciBeforeReclassificationsNetOfTaxAttributableToParent,"OCI, before Reclassifications, Net of Tax, Attributable to Parent","Amount after tax, before reclassification adjustments, of other comprehensive income (loss), attributable to parent."
us-gaap:OffBalanceSheetCreditLossLiability,us-gaap,OffBalanceSheetCreditLossLiability,"Off-Balance Sheet, Credit Loss, Liability","Amount of expected credit loss for credit exposure on off-balance-sheet commitment, including but not limited to, loan commitment, standby letter of credit, financial guarantee not accounted for as insurance. Excludes off-balance sheet credit exposure accounted for as insurance and instrument accounted for under derivatives and hedging."
us-gaap:OffBalanceSheetCreditLossLiabilityChangeInMethodCreditLossExpenseReversal,us-gaap,OffBalanceSheetCreditLossLiabilityChangeInMethodCreditLossExpenseReversal,"Off-Balance Sheet, Credit Loss, Liability, Change in Method, Credit Loss Expense (Reversal)","Amount of expense (reversal of expense) for expected credit loss on off-balance sheet commitment, from change in methodology. Excludes off-balance sheet credit exposure accounted for as insurance and instrument accounted for under derivatives and hedging."
us-gaap:OffBalanceSheetCreditLossLiabilityCreditLossExpenseReversal,us-gaap,OffBalanceSheetCreditLossLiabilityCreditLossExpenseReversal,"Off-Balance Sheet, Credit Loss, Liability, Credit Loss Expense (Reversal)",Amount of expense (reversal of expense) for expected credit loss for off-balance sheet credit exposure. Excludes off-balance sheet credit exposure accounted for as insurance and instrument accounted for under derivatives and hedging.
us-gaap:OperatingExpenses,us-gaap,OperatingExpenses,Operating Expenses,"Generally recurring costs associated with normal operations except for the portion of these expenses which can be clearly related to production and included in cost of sales or services. Includes selling, general and administrative expense."
us-gaap:OperatingIncomeLoss,us-gaap,OperatingIncomeLoss,Operating Income (Loss),The net result for the period of deducting operating expenses from operating revenues.
us-gaap:OperatingLeaseCost,us-gaap,OperatingLeaseCost,"Operating Lease, Cost","Amount of single lease cost, calculated by allocation of remaining cost of lease over remaining lease term. Includes, but is not limited to, single lease cost, after impairment of right-of-use asset, calculated by amortization of remaining right-of-use asset and accretion of lease liability."
us-gaap:OperatingLeaseExpense,us-gaap,OperatingLeaseExpense,"Operating Lease, Expense",Amount of operating lease expense. Excludes sublease income.
us-gaap:OperatingLeaseImpairmentLoss,us-gaap,OperatingLeaseImpairmentLoss,"Operating Lease, Impairment Loss",Amount of loss from impairment of right-of-use asset from operating lease.
us-gaap:OperatingLeaseLeaseIncome,us-gaap,OperatingLeaseLeaseIncome,"Operating Lease, Lease Income","Amount of operating lease income from lease payments and variable lease payments paid and payable to lessor. Includes, but is not limited to, variable lease payments not included in measurement of lease receivable."
us-gaap:OperatingLeaseLiability,us-gaap,OperatingLeaseLiability,"Operating Lease, Liability",Present value of lessee's discounted obligation for lease payments from operating lease.
us-gaap:OperatingLeaseLiabilityCurrent,us-gaap,OperatingLeaseLiabilityCurrent,"Operating Lease, Liability, Current","Present value of lessee's discounted obligation for lease payments from operating lease, classified as current."
us-gaap:OperatingLeaseLiabilityNoncurrent,us-gaap,OperatingLeaseLiabilityNoncurrent,"Operating Lease, Liability, Noncurrent","Present value of lessee's discounted obligation for lease payments from operating lease, classified as noncurrent."
us-gaap:OperatingLeasePayments,us-gaap,OperatingLeasePayments,"Operating Lease, Payments","Amount of cash outflow from operating lease, excluding payments to bring another asset to condition and location necessary for its intended use."
us-gaap:OperatingLeaseRightOfUseAsset,us-gaap,OperatingLeaseRightOfUseAsset,"Operating Lease, Right-of-Use Asset",Amount of lessee's right to use underlying asset under operating lease.
us-gaap:OperatingLeaseWeightedAverageDiscountRatePercent,us-gaap,OperatingLeaseWeightedAverageDiscountRatePercent,"Operating Lease, Weighted Average Discount Rate, Percent",Weighted average discount rate for operating lease calculated at point in time.
us-gaap:OperatingLeasesFutureMinimumPaymentsDue,us-gaap,OperatingLeasesFutureMinimumPaymentsDue,"Operating Leases, Future Minimum Payments Due",Amount of required minimum rental payments for leases having an initial or remaining non-cancelable letter-terms in excess of one year.
us-gaap:OperatingLeasesFutureMinimumPaymentsDueCurrent,us-gaap,OperatingLeasesFutureMinimumPaymentsDueCurrent,"Operating Leases, Future Minimum Payments Due, Next Twelve Months","Amount of required minimum rental payments for operating leases having an initial or remaining non-cancelable lease term in excess of one year due in the next fiscal year following the latest fiscal year. Excludes interim and annual periods when interim periods are reported on a rolling approach, from latest balance sheet date."
us-gaap:OperatingLeasesFutureMinimumPaymentsDueFutureMinimumSubleaseRentals,us-gaap,OperatingLeasesFutureMinimumPaymentsDueFutureMinimumSubleaseRentals,"Operating Leases, Future Minimum Payments Due, Future Minimum Sublease Rentals",Contractually required future rental payments receivable on noncancelable subleasing arrangements.
us-gaap:OperatingLeasesFutureMinimumPaymentsDueInFiveYears,us-gaap,OperatingLeasesFutureMinimumPaymentsDueInFiveYears,"Operating Leases, Future Minimum Payments, Due in Five Years","Amount of required minimum rental payments for operating leases having an initial or remaining non-cancelable lease term in excess of one year due in the fifth fiscal year following the latest fiscal year. Excludes interim and annual periods when interim periods are reported on a rolling approach, from latest balance sheet date."
us-gaap:OperatingLeasesFutureMinimumPaymentsDueInFourYears,us-gaap,OperatingLeasesFutureMinimumPaymentsDueInFourYears,"Operating Leases, Future Minimum Payments, Due in Four Years","Amount of required minimum rental payments for operating leases having an initial or remaining non-cancelable lease term in excess of one year due in the fourth fiscal year following the latest fiscal year. Excludes interim and annual periods when interim periods are reported on a rolling approach, from latest balance sheet date."
us-gaap:OperatingLeasesFutureMinimumPaymentsDueInThreeYears,us-gaap,OperatingLeasesFutureMinimumPaymentsDueInThreeYears,"Operating Leases, Future Minimum Payments, Due in Three Years","Amount of required minimum rental payments for operating leases having an initial or remaining non-cancelable lease term in excess of one year due in the third fiscal year following the latest fiscal year. Excludes interim and annual periods when interim periods are reported on a rolling approach, from latest balance sheet date."
us-gaap:OperatingLeasesFutureMinimumPaymentsDueInTwoYears,us-gaap,OperatingLeasesFutureMinimumPaymentsDueInTwoYears,"Operating Leases, Future Minimum Payments, Due in Two Years","Amount of required minimum rental payments for operating leases having an initial or remaining non-cancelable lease term in excess of one year due in the second fiscal year following the latest fiscal year. Excludes interim and annual periods when interim periods are reported on a rolling approach, from latest balance sheet date."
us-gaap:OperatingLeasesFutureMinimumPaymentsDueThereafter,us-gaap,OperatingLeasesFutureMinimumPaymentsDueThereafter,"Operating Leases, Future Minimum Payments, Due Thereafter","Amount of required minimum rental payments for operating leases having an initial or remaining non-cancelable lease term in excess of one year due after the fifth fiscal year following the latest fiscal year. Excludes interim and annual periods when interim periods are reported on a rolling approach, from latest balance sheet date."
us-gaap:OperatingLeasesFutureMinimumPaymentsReceivable,us-gaap,OperatingLeasesFutureMinimumPaymentsReceivable,"Operating Leases, Future Minimum Payments Receivable",Future minimum rental payments in aggregate as of the balance sheet date under operating leases.
us-gaap:OperatingLeasesFutureMinimumPaymentsReceivableCurrent,us-gaap,OperatingLeasesFutureMinimumPaymentsReceivableCurrent,"Operating Leases, Future Minimum Payments Receivable, Current",Future rental payments receivable within one year of the balance sheet date under an operating lease.
us-gaap:OperatingLeasesFutureMinimumPaymentsReceivableInFiveYears,us-gaap,OperatingLeasesFutureMinimumPaymentsReceivableInFiveYears,"Operating Leases, Future Minimum Payments Receivable, in Five Years",Future rental payments receivable within the fifth year from the balance sheet date under an operating lease.
us-gaap:OperatingLeasesFutureMinimumPaymentsReceivableInFourYears,us-gaap,OperatingLeasesFutureMinimumPaymentsReceivableInFourYears,"Operating Leases, Future Minimum Payments Receivable, in Four Years",Future rental payments receivable within the fourth year from the balance sheet date under an operating lease.
us-gaap:OperatingLeasesFutureMinimumPaymentsReceivableInThreeYears,us-gaap,OperatingLeasesFutureMinimumPaymentsReceivableInThreeYears,"Operating Leases, Future Minimum Payments Receivable, in Three Years",Future rental payments receivable within the third year from the balance sheet date under an operating lease.
us-gaap:OperatingLeasesFutureMinimumPaymentsReceivableInTwoYears,us-gaap,OperatingLeasesFutureMinimumPaymentsReceivableInTwoYears,"Operating Leases, Future Minimum Payments Receivable, in Two Years",Future rental payments receivable within the second year from the balance sheet date under an operating lease.
us-gaap:OperatingLeasesFutureMinimumPaymentsReceivableThereafter,us-gaap,OperatingLeasesFutureMinimumPaymentsReceivableThereafter,"Operating Leases, Future Minimum Payments Receivable, Thereafter",Future minimum lease payments receivable under operating leases for periods greater than five years following the balance sheet date.
us-gaap:OperatingLeasesFutureMinimumPaymentsRemainderOfFiscalYear,us-gaap,OperatingLeasesFutureMinimumPaymentsRemainderOfFiscalYear,"Operating Leases, Future Minimum Payments, Remainder of Fiscal Year","Amount of required minimum rental payments for operating leases having an initial or remaining non-cancelable lease term in excess of one year due in the remainder of the fiscal year following the latest fiscal year. Excludes interim and annual periods when interim periods are reported on a rolling approach, from latest balance sheet date."
us-gaap:OperatingLeasesIncomeStatementDepreciationExpenseOnPropertySubjectToOrHeldForLease,us-gaap,OperatingLeasesIncomeStatementDepreciationExpenseOnPropertySubjectToOrHeldForLease,"Operating Leases, Income Statement, Depreciation Expense on Property Subject to or Held-for-lease",The total depreciation charge recorded for property subject to or held for lease.
us-gaap:OperatingLeasesIncomeStatementLeaseRevenue,us-gaap,OperatingLeasesIncomeStatementLeaseRevenue,"Operating Leases, Income Statement, Lease Revenue","The total amount of revenue recognized for the period from operating leases, including minimum lease revenue, contingent revenue, percentage revenue and sublease revenue."
us-gaap:OperatingLeasesIncomeStatementSubleaseRevenue,us-gaap,OperatingLeasesIncomeStatementSubleaseRevenue,"Operating Leases, Income Statement, Sublease Revenue",The amount of revenue recognized for the period under subleasing arrangements.
us-gaap:OperatingLeasesOfLessorContingentRentalsBasisSpreadOnVariableRate,us-gaap,OperatingLeasesOfLessorContingentRentalsBasisSpreadOnVariableRate,"Operating Leases of Lessor, Contingent Rentals, Basis Spread on Variable Rate",The percentage points added to the reference rate to compute the variable rate on the lessor's operating lease.
us-gaap:OperatingLeasesRentExpenseContingentRentals,us-gaap,OperatingLeasesRentExpenseContingentRentals,"Operating Leases, Rent Expense, Contingent Rentals","The increases or decreases in lease payments that result from changes occurring after the inception of the lease in the factors (other than the passage of time) on which lease payments are based, except that any escalation of minimum lease payments relating to increases in construction or acquisition cost of the leased property or for increases in some measure of cost or value during the construction or preconstruction period, are excluded from contingent rentals. Contingent rentals also may include amounts for which the triggering events have not yet occurred or the specified targets for which have not yet been achieved (such as sales based percentage rent), but which events are considered probable of occurring or which specified targets are considered probable of being achieved."
us-gaap:OperatingLeasesRentExpenseMinimumRentals,us-gaap,OperatingLeasesRentExpenseMinimumRentals,"Operating Leases, Rent Expense, Minimum Rentals","This element represents the payments that the lessee is obligated to make or can be required to make in connection with a property under the terms of an agreement classified as an operating lease, excluding contingent rentals and a guarantee by the lessee of the lessor's debt and the lessee's obligation to pay (apart from the rental payments) executory costs such as insurance, maintenance, and taxes."
us-gaap:OperatingLeasesRentExpenseNet,us-gaap,OperatingLeasesRentExpenseNet,"Operating Leases, Rent Expense, Net","Rental expense for the reporting period incurred under operating leases, including minimum and any contingent rent expense, net of related sublease income."
us-gaap:OperatingLeasesRentExpenseSubleaseRentals1,us-gaap,OperatingLeasesRentExpenseSubleaseRentals1,"Operating Leases, Rent Expense, Sublease Rentals",The total amount of sublease rental income recognized during the period that reduces the entity's rent expense incurred under operating leases.
us-gaap:OperatingLossCarryforwards,us-gaap,OperatingLossCarryforwards,Operating Loss Carryforwards,"Amount of operating loss carryforward, before tax effects, available to reduce future taxable income under enacted tax laws."
us-gaap:OperatingLossCarryforwardsValuationAllowance,us-gaap,OperatingLossCarryforwardsValuationAllowance,"Operating Loss Carryforwards, Valuation Allowance",The portion of the valuation allowance pertaining to the deferred tax asset representing potential future taxable deductions from net operating loss carryforwards for which it is more likely than not that a tax benefit will not be realized.
us-gaap:OptionIndexedToIssuersEquityStrikePrice,us-gaap,OptionIndexedToIssuersEquityStrikePrice,"Option Indexed to Issuer's Equity, Strike Price (Deprecated 2014-01-31)","The exercise (or strike) price stated in the contract. The fixed price at which the option holder can purchase, in the case of a call option, or sell, in the case of a put option, on the underlying security."
us-gaap:OptionIndexedToIssuersEquityStrikePrice1,us-gaap,OptionIndexedToIssuersEquityStrikePrice1,"Option Indexed to Issuer's Equity, Strike Price",Exercise or strike price stated in the contract for options indexed to the issuer's equity shares.
us-gaap:OriginationOfMortgageServicingRightsMSRs,us-gaap,OriginationOfMortgageServicingRightsMSRs,Origination of Mortgage Servicing Rights (MSRs) (Deprecated 2013-01-31),The increase during the reporting period in the cumulative value of servicing rights. This increase is the result of new servicing rights that are created when mortgages are sold or transferred.
us-gaap:OtherAccruedLiabilitiesCurrent,us-gaap,OtherAccruedLiabilitiesCurrent,"Other Accrued Liabilities, Current","Amount of expenses incurred but not yet paid classified as other, due within one year or the normal operating cycle, if longer."
us-gaap:OtherAccruedLiabilitiesNoncurrent,us-gaap,OtherAccruedLiabilitiesNoncurrent,"Other Accrued Liabilities, Noncurrent","Amount of expenses incurred but not yet paid classified as other, due after one year or the normal operating cycle, if longer."
us-gaap:OtherAdjustmentsForNoncashItemsIncludedInIncomeLossFromContinuingOperations,us-gaap,OtherAdjustmentsForNoncashItemsIncludedInIncomeLossFromContinuingOperations,Other Adjustments for Noncash Items Included in Income (Loss) from Continuing Operations (Deprecated 2009-01-31),"Transactions that result in no cash inflows or outflows in the period in which they occur, but affect net income and thus are removed when calculating net cash flow from operating activities using the indirect method. This element is used when there is not a more specific and appropriate element."
us-gaap:OtherAssetImpairmentCharges,us-gaap,OtherAssetImpairmentCharges,Other Asset Impairment Charges,The charge against earnings resulting from the write down of long lived assets other than goodwill due to the difference between the carrying value and lower fair value.
us-gaap:OtherAssets,us-gaap,OtherAssets,Other Assets,Amount of assets classified as other.
us-gaap:OtherAssetsCurrent,us-gaap,OtherAssetsCurrent,"Other Assets, Current",Amount of current assets classified as other.
us-gaap:OtherAssetsFairValueDisclosure,us-gaap,OtherAssetsFairValueDisclosure,"Other Assets, Fair Value Disclosure",Fair value portion of other assets.
us-gaap:OtherAssetsMiscellaneousNoncurrent,us-gaap,OtherAssetsMiscellaneousNoncurrent,"Other Assets, Miscellaneous, Noncurrent","Amount of other miscellaneous assets expected to be realized or consumed after one year or normal operating cycle, if longer."
us-gaap:OtherAssetsNoncurrent,us-gaap,OtherAssetsNoncurrent,"Other Assets, Noncurrent",Amount of noncurrent assets classified as other.
us-gaap:OtherBorrowings,us-gaap,OtherBorrowings,Other Borrowings,The carrying amount as of the balance sheet date for the aggregate of other miscellaneous borrowings owed by the reporting entity.
us-gaap:OtherCashEquivalentsAtCarryingValue,us-gaap,OtherCashEquivalentsAtCarryingValue,"Other Cash Equivalents, at Carrying Value","Amount of short-term, highly liquid investments that are both readily convertible to known amounts of cash and so near their maturity that they present insignificant risk of changes in value because of changes in interest rates, classified as other. Excludes cash and cash equivalents within disposal group and discontinued operation."
us-gaap:OtherCommitment,us-gaap,OtherCommitment,Other Commitment,"Minimum amount of other commitment not otherwise specified in the taxonomy. Excludes commitments explicitly modeled in the taxonomy, including but not limited to, long-term and short-term purchase commitments, recorded and unrecorded purchase obligations, supply commitments, registration payment arrangements, leases, debt, product warranties, guarantees, environmental remediation obligations, and pensions."
us-gaap:OtherCommitmentDueAfterFifthYear,us-gaap,OtherCommitmentDueAfterFifthYear,"Other Commitment, to be Paid, after Year Five",Amount of commitment classified as other to be paid after fifth fiscal year following current fiscal year. Excludes interim and annual periods when interim periods are reported from current statement of financial position date (rolling approach).
us-gaap:OtherCommitmentDueInFifthYear,us-gaap,OtherCommitmentDueInFifthYear,"Other Commitment, to be Paid, Year Five",Amount of commitment classified as other to be paid in fifth fiscal year following current fiscal year. Excludes interim and annual periods when interim periods are reported from current statement of financial position date (rolling approach).
us-gaap:OtherCommitmentDueInFourthYear,us-gaap,OtherCommitmentDueInFourthYear,"Other Commitment, to be Paid, Year Four",Amount of commitment classified as other to be paid in fourth fiscal year following current fiscal year. Excludes interim and annual periods when interim periods are reported from current statement of financial position date (rolling approach).
us-gaap:OtherCommitmentDueInNextTwelveMonths,us-gaap,OtherCommitmentDueInNextTwelveMonths,"Other Commitment, to be Paid, Year One",Amount of commitment classified as other to be paid in next fiscal year following current fiscal year. Excludes interim and annual periods when interim periods are reported from current statement of financial position date (rolling approach).
us-gaap:OtherCommitmentDueInSecondYear,us-gaap,OtherCommitmentDueInSecondYear,"Other Commitment, to be Paid, Year Two",Amount of commitment classified as other to be paid in second fiscal year following current fiscal year. Excludes interim and annual periods when interim periods are reported from current statement of financial position date (rolling approach).
us-gaap:OtherCommitmentDueInThirdYear,us-gaap,OtherCommitmentDueInThirdYear,"Other Commitment, to be Paid, Year Three",Amount of commitment classified as other to be paid in third fiscal year following current fiscal year. Excludes interim and annual periods when interim periods are reported from current statement of financial position date (rolling approach).
us-gaap:OtherCommitmentsFutureMinimumPaymentsRemainderOfFiscalYear,us-gaap,OtherCommitmentsFutureMinimumPaymentsRemainderOfFiscalYear,"Other Commitment, to be Paid, Remainder of Fiscal Year",Amount of commitment classified as other to be paid in remainder of current fiscal year.
us-gaap:OtherComprehensiveIncomeAmortizationOfDefinedBenefitPlanNetPriorServiceCostRecognizedInNetPeriodicPensionCostTax,us-gaap,OtherComprehensiveIncomeAmortizationOfDefinedBenefitPlanNetPriorServiceCostRecognizedInNetPeriodicPensionCostTax,"Other Comprehensive Income (Loss), Amortization, Pension and Other Postretirement Benefit Plans, Net Prior Service Cost Recognized in Net Periodic Pension Cost, Tax (Deprecated 2013-01-31)",Tax effect of the income statement impact of the reclassification adjustment for prior service costs recognized as a component of net period benefit cost.
us-gaap:OtherComprehensiveIncomeAvailableForSaleSecuritiesAdjustmentNetOfTaxPeriodIncreaseDecrease,us-gaap,OtherComprehensiveIncomeAvailableForSaleSecuritiesAdjustmentNetOfTaxPeriodIncreaseDecrease,"Other Comprehensive Income (Loss), Available-for-sale Securities Adjustment, Net of Tax (Deprecated 2012-01-31)","Gross appreciation or the gross loss in value of the total unsold securities. While for technical reasons this element has no balance attribute, the default assumption is a credit balance consistent with its label."
us-gaap:OtherComprehensiveIncomeAvailableForSaleSecuritiesTax,us-gaap,OtherComprehensiveIncomeAvailableForSaleSecuritiesTax,"Other Comprehensive Income (Loss), Available-for-sale Securities, Tax (Deprecated 2012-01-31)","Tax effect of the gross appreciation or the gross loss, net of reclassification adjustment, in the value of the total unsold available-for-sale securities at the end of an accounting period."
us-gaap:OtherComprehensiveIncomeAvailableforsaleSecuritiesAdjustmentNetOfTaxPortionAttributableToParent,us-gaap,OtherComprehensiveIncomeAvailableforsaleSecuritiesAdjustmentNetOfTaxPortionAttributableToParent,"Other Comprehensive Income (Loss), Available-for-sale Securities Adjustment, Net of Tax, Portion Attributable to Parent","Amount after tax and reclassification adjustments, of appreciation (loss) in value of unsold available-for-sale securities, attributable to parent entity. Excludes amounts related to other than temporary impairment (OTTI) loss."
us-gaap:OtherComprehensiveIncomeAvailableforsaleSecuritiesTaxPortionAttributableToParent,us-gaap,OtherComprehensiveIncomeAvailableforsaleSecuritiesTaxPortionAttributableToParent,"Other Comprehensive Income (Loss), Available-for-sale Securities, Tax, Portion Attributable to Parent","Amount of tax expense (benefit), after reclassification adjustments, of appreciation (loss) in value of unsold available-for-sale securities, attributable to parent entity. Excludes amounts related to other than temporary impairment (OTTI) loss."
us-gaap:OtherComprehensiveIncomeDefinedBenefitPlanNetPriorServiceCostsArisingDuringPeriodTax,us-gaap,OtherComprehensiveIncomeDefinedBenefitPlanNetPriorServiceCostsArisingDuringPeriodTax,"Other Comprehensive Income (Loss), Pension and Other Postretirement Benefit Plans, Net Prior Service Costs Arising During Period ,Tax (Deprecated 2011-01-31)",Tax effect on the cost of benefit improvement resulting from a plan amendment that occurred during the period. The cost has not been recognized in net periodic benefit cost pursuant. A plan amendment includes provisions that grant increased benefits based on service rendered in prior periods.
us-gaap:OtherComprehensiveIncomeDefinedBenefitPlanNetPriorServiceCostsCreditArisingDuringPeriodNetOfTax,us-gaap,OtherComprehensiveIncomeDefinedBenefitPlanNetPriorServiceCostsCreditArisingDuringPeriodNetOfTax,"Other Comprehensive (Income) Loss, Defined Benefit Plan, Prior Service Cost (Credit), after Tax","Amount, after tax, of cost (credit) of benefit change attributable to participants' prior service from plan amendment or plan initiation of defined benefit plan, that has not been recognized in net periodic benefit cost (credit)."
us-gaap:OtherComprehensiveIncomeDefinedBenefitPlansAdjustmentNetOfTaxPeriodIncreaseDecrease,us-gaap,OtherComprehensiveIncomeDefinedBenefitPlansAdjustmentNetOfTaxPeriodIncreaseDecrease,"Other Comprehensive Income (Loss), Pension and Other Postretirement Benefit Plans, Adjustment, Net of Tax (Deprecated 2012-01-31)","The increase (decrease) in accumulated comprehensive income during the period related to pension and other postretirement benefit plans, after tax. While for technical reasons this element has no balance attribute, the default assumption is a credit balance consistent with its label."
us-gaap:OtherComprehensiveIncomeDefinedBenefitPlansAdjustmentNetOfTaxPortionAttributableToParent,us-gaap,OtherComprehensiveIncomeDefinedBenefitPlansAdjustmentNetOfTaxPortionAttributableToParent,"Other Comprehensive (Income) Loss, Defined Benefit Plan, after Tax and Reclassification Adjustment, Attributable to Parent","Amount, after tax and reclassification adjustment, of (increase) decrease in accumulated other comprehensive income for defined benefit plan, attributable to parent."
us-gaap:OtherComprehensiveIncomeDefinedBenefitPlansNetUnamortizedGainLossArisingDuringPeriodNetOfTax,us-gaap,OtherComprehensiveIncomeDefinedBenefitPlansNetUnamortizedGainLossArisingDuringPeriodNetOfTax,"Other Comprehensive Income (Loss), Defined Benefit Plan, Gain (Loss) Arising During Period, after Tax","Amount, after tax, of gain (loss) for (increase) decrease in value of benefit obligation for change in actuarial assumptions and increase (decrease) in value of plan assets from experience different from that assumed of defined benefit plan, that has not been recognized in net periodic benefit (cost) credit."
us-gaap:OtherComprehensiveIncomeDefinedBenefitPlansNetUnamortizedGainLossArisingDuringPeriodTax,us-gaap,OtherComprehensiveIncomeDefinedBenefitPlansNetUnamortizedGainLossArisingDuringPeriodTax,"Other Comprehensive Income (Loss), Defined Benefit Plan, Gain (Loss) Arising During Period, Tax","Amount of tax expense (benefit) for (increase) decrease in value of benefit obligation for change in actuarial assumptions and increase (decrease) in value of plan assets from experience different from that assumed of defined benefit plan, that has not been recognized in net periodic benefit (cost) credit."
us-gaap:OtherComprehensiveIncomeDefinedBenefitPlansTax,us-gaap,OtherComprehensiveIncomeDefinedBenefitPlansTax,"Other Comprehensive Income (Loss), Pension and Other Postretirement Benefit Plans, Tax (Deprecated 2012-01-31)","Tax effects of the increase (decrease) to accumulated comprehensive income during the period related to benefit plans. While for technical reasons this element has no balance attribute, the default assumption is a credit balance consistent with its label."
us-gaap:OtherComprehensiveIncomeDerivativesQualifyingAsHedgesBeforeTaxPeriodIncreaseDecrease,us-gaap,OtherComprehensiveIncomeDerivativesQualifyingAsHedgesBeforeTaxPeriodIncreaseDecrease,"Other Comprehensive Income (Loss), Derivatives Qualifying as Hedges, before Tax (Deprecated 2012-01-31)","Pre tax change in accumulated gains and losses from derivative instruments designated and qualifying as the effective portion of cash flow hedges, net of reclassifications into earnings during the period. A cash flow hedge is a hedge of the exposure to variability in the cash flows of a recognized asset or liability or a forecasted transaction that is attributable to a particular risk. Includes an entity's share of an equity investee's increase or decrease in deferred hedging gains or losses. While for technical reasons this element has no balance attribute, the default assumption is a credit balance consistent with its label."
us-gaap:OtherComprehensiveIncomeDerivativesQualifyingAsHedgesNetOfTaxPeriodIncreaseDecrease,us-gaap,OtherComprehensiveIncomeDerivativesQualifyingAsHedgesNetOfTaxPeriodIncreaseDecrease,"Other Comprehensive Income (Loss), Derivatives Qualifying as Hedges, Net of Tax (Deprecated 2012-01-31)","Net of tax effect change in accumulated gains and losses from derivative instruments designated and qualifying as the effective portion of cash flow hedges after taxes. A cash flow hedge is a hedge of the exposure to variability in the cash flows of a recognized asset or liability or a forecasted transaction that is attributable to a particular risk. The change includes an entity's share of an equity investee's increase or decrease in deferred hedging gains or losses. While for technical reasons this element has no balance attribute, the default assumption is a credit balance consistent with its label."
us-gaap:OtherComprehensiveIncomeDerivativesQualifyingAsHedgesNetOfTaxPortionAttributableToParent,us-gaap,OtherComprehensiveIncomeDerivativesQualifyingAsHedgesNetOfTaxPortionAttributableToParent,"Other Comprehensive Income (Loss), Derivatives Qualifying as Hedges, Net of Tax, Portion Attributable to Parent","Amount after tax and reclassification adjustments, of increase (decrease) in accumulated gain (loss) from derivative instruments designated and qualifying as the effective portion of cash flow hedges and an entity's share of an equity investee's increase (decrease) in deferred hedging gain (loss), attributable to parent entity."
us-gaap:OtherComprehensiveIncomeFinalizationOfPensionAndNonPensionPostretirementPlanValuationTax,us-gaap,OtherComprehensiveIncomeFinalizationOfPensionAndNonPensionPostretirementPlanValuationTax,"Other Comprehensive Income (Loss), Defined Benefit Plan, Adjustment for Settlement or Curtailment Gain (Loss), Tax",Amount of tax expense (benefit) for increase (decrease) to other comprehensive income from settlement and curtailment gain (loss) of defined benefit plan.
us-gaap:OtherComprehensiveIncomeForeignCurrencyTransactionAndTranslationAdjustmentNetOfTaxPeriodIncreaseDecrease,us-gaap,OtherComprehensiveIncomeForeignCurrencyTransactionAndTranslationAdjustmentNetOfTaxPeriodIncreaseDecrease,"Other Comprehensive Income (Loss), Foreign Currency Transaction and Translation Adjustment, Net of Tax (Deprecated 2012-01-31)","Adjustment that results from the process of translating subsidiary financial statements and foreign equity investments into the reporting currency of the reporting entity, net of tax."
us-gaap:OtherComprehensiveIncomeForeignCurrencyTransactionAndTranslationAdjustmentNetOfTaxPortionAttributableToNoncontrollingInterest,us-gaap,OtherComprehensiveIncomeForeignCurrencyTransactionAndTranslationAdjustmentNetOfTaxPortionAttributableToNoncontrollingInterest,"Other Comprehensive Income (Loss), Foreign Currency Transaction and Translation Adjustment, Net of Tax, Portion Attributable to Noncontrolling Interest","Amount after tax and reclassification adjustments of gain (loss) on foreign currency translation adjustments, foreign currency transactions designated and effective as economic hedges of a net investment in a foreign entity and intra-entity foreign currency transactions that are of a long-term-investment nature, attributable to noncontrolling interests."
us-gaap:OtherComprehensiveIncomeForeignCurrencyTransactionAndTranslationAdjustmentNetOfTaxPortionAttributableToParent,us-gaap,OtherComprehensiveIncomeForeignCurrencyTransactionAndTranslationAdjustmentNetOfTaxPortionAttributableToParent,"Other Comprehensive Income (Loss), Foreign Currency Transaction and Translation Adjustment, Net of Tax, Portion Attributable to Parent","Amount after tax and reclassification adjustments of gain (loss) on foreign currency translation adjustments, foreign currency transactions designated and effective as economic hedges of a net investment in a foreign entity and intra-entity foreign currency transactions that are of a long-term-investment nature, attributable to parent entity."
us-gaap:OtherComprehensiveIncomeForeignCurrencyTransactionAndTranslationGainLossArisingDuringPeriodNetOfTax,us-gaap,OtherComprehensiveIncomeForeignCurrencyTransactionAndTranslationGainLossArisingDuringPeriodNetOfTax,"Other Comprehensive Income (Loss), Foreign Currency Transaction and Translation Gain (Loss) Arising During Period, Net of Tax","Amount after tax, before reclassification adjustments of gain (loss) on foreign currency translation adjustments, foreign currency transactions designated and effective as economic hedges of a net investment in a foreign entity and intra-entity foreign currency transactions that are of a long-term-investment nature."
us-gaap:OtherComprehensiveIncomeForeignCurrencyTransactionAndTranslationGainLossBeforeReclassificationAndTax,us-gaap,OtherComprehensiveIncomeForeignCurrencyTransactionAndTranslationGainLossBeforeReclassificationAndTax,"Other Comprehensive Income (Loss), Foreign Currency Transaction and Translation Gain (Loss), before Reclassification and Tax","Amount before tax and reclassification adjustments of gain (loss) on foreign currency translation adjustments, foreign currency transactions designated and effective as economic hedges of a net investment in a foreign entity and intra-entity foreign currency transactions that are of a long-term-investment nature."
us-gaap:OtherComprehensiveIncomeForeignCurrencyTransactionAndTranslationReclassificationAdjustmentRealizedUponSaleOrLiquidationNetOfTax,us-gaap,OtherComprehensiveIncomeForeignCurrencyTransactionAndTranslationReclassificationAdjustmentRealizedUponSaleOrLiquidationNetOfTax,"Other Comprehensive Income (Loss), Foreign Currency Transaction and Translation Reclassification Adjustment Realized upon Sale or Liquidation, Net of Tax (Deprecated 2012-01-31)","Reclassification adjustment for translation gains or losses realized upon the sale or complete or substantially complete liquidation of an investment in foreign entity, after tax."
us-gaap:OtherComprehensiveIncomeForeignCurrencyTranslationAdjustmentTax,us-gaap,OtherComprehensiveIncomeForeignCurrencyTranslationAdjustmentTax,"Other Comprehensive Income (Loss), Foreign Currency Translation Adjustment, Tax (Deprecated 2012-01-31)","Tax effect of the adjustment that results from the process of translating subsidiary financial statements and foreign equity investments into functional currency of the reporting entity. While for technical reasons this element has no balance attribute, the default assumption is a credit balance consistent with its label."
us-gaap:OtherComprehensiveIncomeForeignCurrencyTranslationGainLossArisingDuringPeriodTax,us-gaap,OtherComprehensiveIncomeForeignCurrencyTranslationGainLossArisingDuringPeriodTax,"OCI, Foreign Currency Transaction and Translation Gain (Loss), Arising During Period, Tax","Amount of tax expense (benefit), before reclassification adjustments of gain (loss) on foreign currency translation adjustments, foreign currency transactions designated and effective as economic hedges of a net investment in a foreign entity and intra-entity foreign currency transactions that are of a long-term-investment nature."
us-gaap:OtherComprehensiveIncomeLossAmortizationAdjustmentFromAOCIPensionAndOtherPostretirementBenefitPlansForNetPriorServiceCostCreditNetOfTax,us-gaap,OtherComprehensiveIncomeLossAmortizationAdjustmentFromAOCIPensionAndOtherPostretirementBenefitPlansForNetPriorServiceCostCreditNetOfTax,"Other Comprehensive (Income) Loss, Defined Benefit Plan, Prior Service Cost (Credit), Reclassification Adjustment from AOCI, after Tax","Amount, after tax, of reclassification adjustment from accumulated other comprehensive (income) loss for prior service cost (credit) of defined benefit plan."
us-gaap:OtherComprehensiveIncomeLossAmortizationPensionAndOtherPostretirementBenefitPlansNetPriorServiceCostRecognizedInNetPeriodicPensionCostNetOfTax,us-gaap,OtherComprehensiveIncomeLossAmortizationPensionAndOtherPostretirementBenefitPlansNetPriorServiceCostRecognizedInNetPeriodicPensionCostNetOfTax,"Other Comprehensive Income (Loss), Amortization, Pension and Other Postretirement Benefit Plans, Net Prior Service Cost Recognized in Net Periodic Pension Cost, Net of Tax (Deprecated 2013-01-31)",Net of tax amount of the income statement impact of the reclassification adjustment for prior service costs recognized as a component of net period benefit cost.
us-gaap:OtherComprehensiveIncomeLossAmortizationPensionAndOtherPostretirementBenefitPlansNetPriorServiceCostRecognizedInNetPeriodicPensionCostTaxEffect,us-gaap,OtherComprehensiveIncomeLossAmortizationPensionAndOtherPostretirementBenefitPlansNetPriorServiceCostRecognizedInNetPeriodicPensionCostTaxEffect,"Other Comprehensive Income (Loss), Amortization, Pension and Other Postretirement Benefit Plans, Net Prior Service Cost Recognized in Net Periodic Pension Cost, Tax Effect (Deprecated 2012-01-31)",Tax effect on adjustment out of other comprehensive income for prior service costs recognized as a component of net period benefit cost during the period.
us-gaap:OtherComprehensiveIncomeLossAvailableForSaleSecuritiesAdjustmentBeforeTax,us-gaap,OtherComprehensiveIncomeLossAvailableForSaleSecuritiesAdjustmentBeforeTax,"OCI, Debt Securities, Available-for-Sale, Gain (Loss), after Adjustment, before Tax","Amount, before tax and after adjustment, of unrealized gain (loss) on investment in debt security measured at fair value with change in fair value recognized in other comprehensive income (available-for-sale) and unrealized gain (loss) on investment in debt security measured at amortized cost (held-to-maturity) from transfer to available-for-sale."
us-gaap:OtherComprehensiveIncomeLossAvailableForSaleSecuritiesAdjustmentNetOfTax,us-gaap,OtherComprehensiveIncomeLossAvailableForSaleSecuritiesAdjustmentNetOfTax,"OCI, Debt Securities, Available-for-Sale, Gain (Loss), after Adjustment and Tax","Amount, after tax and adjustment, of unrealized gain (loss) on investment in debt security measured at fair value with change in fair value recognized in other comprehensive income (available-for-sale) and unrealized gain (loss) on investment in debt security measured at amortized cost (held-to-maturity) from transfer to available-for-sale."
us-gaap:OtherComprehensiveIncomeLossAvailableForSaleSecuritiesTax,us-gaap,OtherComprehensiveIncomeLossAvailableForSaleSecuritiesTax,"OCI, Debt Securities, Available-for-Sale, Gain (Loss), after Adjustment, Tax","Amount, after adjustment, of tax expense (benefit) for unrealized gain (loss) on investment in debt security measured at fair value with change in fair value recognized in other comprehensive income (available-for-sale) and tax expense (benefit) for unrealized gain (loss) on investment in debt security measured at amortized cost (held-to-maturity) from transfer to available-for-sale."
us-gaap:OtherComprehensiveIncomeLossBeforeReclassificationsBeforeTax,us-gaap,OtherComprehensiveIncomeLossBeforeReclassificationsBeforeTax,"Other Comprehensive Income (Loss), before Reclassifications, before Tax",Amount before tax and reclassification adjustments of other comprehensive income (loss).
us-gaap:OtherComprehensiveIncomeLossBeforeReclassificationsNetOfTax,us-gaap,OtherComprehensiveIncomeLossBeforeReclassificationsNetOfTax,"Other Comprehensive Income (Loss), before Reclassifications, Net of Tax","Amount after tax, before reclassification adjustments of other comprehensive income (loss)."
us-gaap:OtherComprehensiveIncomeLossBeforeTaxPeriodIncreaseDecrease,us-gaap,OtherComprehensiveIncomeLossBeforeTaxPeriodIncreaseDecrease,"Other Comprehensive Income (Loss), before Tax (Deprecated 2012-01-31)","This element represents Other Comprehensive Income or Loss, Before Tax, for the period. The pretax revenues, expenses, gains, and losses that under generally accepted accounting principles are included in comprehensive income, but excluded from net income. Includes the entity's proportionate share of an investee's equity adjustments for other comprehensive income. While for technical reasons this element has no balance attribute, the default assumption is a credit balance consistent with its label."
us-gaap:OtherComprehensiveIncomeLossBeforeTaxPortionAttributableToParent,us-gaap,OtherComprehensiveIncomeLossBeforeTaxPortionAttributableToParent,"Other Comprehensive Income (Loss), before Tax, Portion Attributable to Parent",Amount before tax of other comprehensive income (loss) attributable to parent entity.
us-gaap:OtherComprehensiveIncomeLossCashFlowHedgeGainLossAfterReclassificationAndTax,us-gaap,OtherComprehensiveIncomeLossCashFlowHedgeGainLossAfterReclassificationAndTax,"Other Comprehensive Income (Loss), Cash Flow Hedge, Gain (Loss), after Reclassification and Tax","Amount, after tax and reclassification, of gain (loss) from derivative instrument designated and qualifying as cash flow hedge included in assessment of hedge effectiveness."
us-gaap:OtherComprehensiveIncomeLossCashFlowHedgeGainLossAfterReclassificationAndTaxParent,us-gaap,OtherComprehensiveIncomeLossCashFlowHedgeGainLossAfterReclassificationAndTaxParent,"Other Comprehensive Income (Loss), Cash Flow Hedge, Gain (Loss), after Reclassification and Tax, Parent","Amount, after tax and reclassification, of gain (loss) from derivative instrument designated and qualifying as cash flow hedge included in assessment of hedge effectiveness, attributable to parent."
us-gaap:OtherComprehensiveIncomeLossCashFlowHedgeGainLossAfterReclassificationTax,us-gaap,OtherComprehensiveIncomeLossCashFlowHedgeGainLossAfterReclassificationTax,"Other Comprehensive Income (Loss), Cash Flow Hedge, Gain (Loss), after Reclassification, Tax","Amount, after reclassification, of tax expense (benefit) for gain (loss) from derivative instrument designated and qualifying as cash flow hedge included in assessment of hedge effectiveness."
us-gaap:OtherComprehensiveIncomeLossCashFlowHedgeGainLossBeforeReclassificationAfterTax,us-gaap,OtherComprehensiveIncomeLossCashFlowHedgeGainLossBeforeReclassificationAfterTax,"Other Comprehensive Income (Loss), Cash Flow Hedge, Gain (Loss), before Reclassification, after Tax","Amount, after tax and before reclassification, of gain (loss) from derivative instrument designated and qualifying as cash flow hedge included in assessment of hedge effectiveness."
us-gaap:OtherComprehensiveIncomeLossCashFlowHedgeGainLossBeforeReclassificationAndTax,us-gaap,OtherComprehensiveIncomeLossCashFlowHedgeGainLossBeforeReclassificationAndTax,"Other Comprehensive Income (Loss), Cash Flow Hedge, Gain (Loss), before Reclassification and Tax","Amount, before tax and reclassification, of gain (loss) from derivative instrument designated and qualifying cash flow hedge included in assessment of hedge effectiveness."
us-gaap:OtherComprehensiveIncomeLossCashFlowHedgeGainLossReclassificationAfterTax,us-gaap,OtherComprehensiveIncomeLossCashFlowHedgeGainLossReclassificationAfterTax,"Other Comprehensive Income (Loss), Cash Flow Hedge, Gain (Loss), Reclassification, after Tax","Amount, after tax, of reclassification of gain (loss) from accumulated other comprehensive income (AOCI) for derivative instrument designated and qualifying as cash flow hedge included in assessment of hedge effectiveness."
us-gaap:OtherComprehensiveIncomeLossCashFlowHedgeGainLossReclassificationBeforeTax,us-gaap,OtherComprehensiveIncomeLossCashFlowHedgeGainLossReclassificationBeforeTax,"Other Comprehensive Income (Loss), Cash Flow Hedge, Gain (Loss), Reclassification, before Tax","Amount, before tax, of reclassification of gain (loss) from accumulated other comprehensive income (AOCI) for derivative instrument designated and qualifying as cash flow hedge included in assessment of hedge effectiveness."
us-gaap:OtherComprehensiveIncomeLossDerivativeExcludedComponentIncreaseDecreaseAdjustmentsBeforeTax,us-gaap,OtherComprehensiveIncomeLossDerivativeExcludedComponentIncreaseDecreaseAdjustmentsBeforeTax,"Other Comprehensive Income (Loss), Derivative, Excluded Component, Increase (Decrease), Adjustments, before Tax","Amount, before tax, of adjustments from accumulated other comprehensive income (AOCI) for gain (loss) from increase (decrease) in value of excluded component of derivative designated and qualifying as hedge. Adjustments include, but are not limited to, reclassifications for sale and settlement, and amounts recognized under systematic and rational method."
us-gaap:OtherComprehensiveIncomeLossDerivativeExcludedComponentIncreaseDecreaseAfterAdjustmentsAndTaxParent,us-gaap,OtherComprehensiveIncomeLossDerivativeExcludedComponentIncreaseDecreaseAfterAdjustmentsAndTaxParent,"Other Comprehensive Income (Loss), Derivative, Excluded Component, Increase (Decrease), after Adjustments and Tax, Parent","Amount, after tax and adjustments, of gain (loss) from increase (decrease) in value of excluded component of derivative designated and qualifying as hedge, attributable to parent. Adjustments include, but are not limited to, reclassifications for sale and settlement, and amounts recognized under systematic and rational method."
us-gaap:OtherComprehensiveIncomeLossDerivativeExcludedComponentIncreaseDecreaseAfterAdjustmentsTax,us-gaap,OtherComprehensiveIncomeLossDerivativeExcludedComponentIncreaseDecreaseAfterAdjustmentsTax,"Other Comprehensive Income (Loss), Derivative, Excluded Component, Increase (Decrease), after Adjustments, Tax","Amount, after adjustments, of tax expense (benefit) for gain (loss) from increase (decrease) in value of excluded component of derivative designated and qualifying as hedge. Adjustments include, but are not limited to, reclassifications for sale and settlement, and amounts recognized under systematic and rational method."
us-gaap:OtherComprehensiveIncomeLossDerivativeExcludedComponentIncreaseDecreaseBeforeAdjustmentsAndTax,us-gaap,OtherComprehensiveIncomeLossDerivativeExcludedComponentIncreaseDecreaseBeforeAdjustmentsAndTax,"Other Comprehensive Income (Loss), Derivative, Excluded Component, Increase (Decrease), before Adjustments and Tax","Amount, before tax and adjustments, of gain (loss) from increase (decrease) in value of excluded component of derivative designated and qualifying as hedge. Adjustments include, but are not limited to, reclassifications for sale and settlement, and amounts recognized under systematic and rational method."
us-gaap:OtherComprehensiveIncomeLossDerivativesQualifyingAsHedgesNetOfTax,us-gaap,OtherComprehensiveIncomeLossDerivativesQualifyingAsHedgesNetOfTax,"Other Comprehensive Income (Loss), Derivatives Qualifying as Hedges, Net of Tax","Amount after tax and reclassification adjustments, of increase (decrease) in accumulated gain (loss) from derivative instruments designated and qualifying as the effective portion of cash flow hedges and an entity's share of an equity investee's increase (decrease) in deferred hedging gain (loss)."
us-gaap:OtherComprehensiveIncomeLossDerivativesQualifyingAsHedgesTax,us-gaap,OtherComprehensiveIncomeLossDerivativesQualifyingAsHedgesTax,"Other Comprehensive Income (Loss), Derivatives Qualifying as Hedges, Tax","Amount of tax expense (benefit), after reclassification adjustments, of increase (decrease) in accumulated gain (loss) from derivative instruments designated and qualifying as the effective portion of cash flow hedges and an entity's share of an equity investee's increase (decrease) in deferred hedging gain (loss)."
us-gaap:OtherComprehensiveIncomeLossFinalizationOfPensionAndNonPensionPostretirementPlanValuationBeforeTax,us-gaap,OtherComprehensiveIncomeLossFinalizationOfPensionAndNonPensionPostretirementPlanValuationBeforeTax,"Other Comprehensive Income (Loss), Defined Benefit Plan, Settlement and Curtailment Gain (Loss), before Tax","Amount, before tax, of increase (decrease) to other comprehensive income from settlement and curtailment gain (loss) of defined benefit plan."
us-gaap:OtherComprehensiveIncomeLossFinalizationOfPensionAndNonPensionPostretirementPlanValuationNetOfTax,us-gaap,OtherComprehensiveIncomeLossFinalizationOfPensionAndNonPensionPostretirementPlanValuationNetOfTax,"Other Comprehensive Income (Loss), Defined Benefit Plan, Settlement and Curtailment Gain (Loss), after Tax","Amount, after tax, of increase (decrease) to other comprehensive income from settlement and curtailment gain (loss) of defined benefit plan."
us-gaap:OtherComprehensiveIncomeLossFinancialLiabilityFairValueOptionAfterTaxAndReclassificationAdjustmentAttributableToParent,us-gaap,OtherComprehensiveIncomeLossFinancialLiabilityFairValueOptionAfterTaxAndReclassificationAdjustmentAttributableToParent,"Other Comprehensive Income (Loss), Financial Liability, Fair Value Option, after Tax and Reclassification Adjustment, Attributable to Parent","Amount, after tax and reclassification adjustment, of gain (loss) from increase (decrease) in instrument-specific credit risk of financial liability measured under fair value option, attributable to parent."
us-gaap:OtherComprehensiveIncomeLossForeignCurrencyTransactionAndTranslationAdjustmentNetOfTax,us-gaap,OtherComprehensiveIncomeLossForeignCurrencyTransactionAndTranslationAdjustmentNetOfTax,"Other Comprehensive Income (Loss), Foreign Currency Transaction and Translation Adjustment, Net of Tax","Amount after tax and reclassification adjustments of gain (loss) on foreign currency translation adjustments, foreign currency transactions designated and effective as economic hedges of a net investment in a foreign entity and intra-entity foreign currency transactions that are of a long-term-investment nature."
us-gaap:OtherComprehensiveIncomeLossForeignCurrencyTransactionAndTranslationReclassificationAdjustmentFromAOCIRealizedUponSaleOrLiquidationBeforeTax,us-gaap,OtherComprehensiveIncomeLossForeignCurrencyTransactionAndTranslationReclassificationAdjustmentFromAOCIRealizedUponSaleOrLiquidationBeforeTax,"Other Comprehensive Income (Loss), Foreign Currency Transaction and Translation Reclassification Adjustment from AOCI, Realized upon Sale or Liquidation, before Tax",Amount before tax of reclassification adjustment from accumulated other comprehensive income for translation gain (loss) realized upon the sale or liquidation of an investment in a foreign entity and foreign currency hedges that are designated and qualified as hedging instruments for hedges of the foreign currency exposure of a net investment in a foreign operation.
us-gaap:OtherComprehensiveIncomeLossForeignCurrencyTransactionAndTranslationReclassificationAdjustmentFromAOCIRealizedUponSaleOrLiquidationNetOfTax,us-gaap,OtherComprehensiveIncomeLossForeignCurrencyTransactionAndTranslationReclassificationAdjustmentFromAOCIRealizedUponSaleOrLiquidationNetOfTax,"Other Comprehensive Income (Loss), Foreign Currency Transaction and Translation Reclassification Adjustment from AOCI, Realized upon Sale or Liquidation, Net of Tax",Amount after tax of reclassification adjustment from accumulated other comprehensive income for translation gain (loss) realized upon the sale or liquidation of an investment in a foreign entity and foreign currency hedges that are designated and qualified as hedging instruments for hedges of the foreign currency exposure of a net investment in a foreign operation.
us-gaap:OtherComprehensiveIncomeLossForeignCurrencyTransactionAndTranslationReclassificationAdjustmentFromAOCIRealizedUponSaleOrLiquidationTax,us-gaap,OtherComprehensiveIncomeLossForeignCurrencyTransactionAndTranslationReclassificationAdjustmentFromAOCIRealizedUponSaleOrLiquidationTax,"Other Comprehensive Income (Loss), Foreign Currency Transaction and Translation Reclassification Adjustment from AOCI, Realized upon Sale or Liquidation, Tax",Amount of tax expense (benefit) of reclassification adjustment from accumulated other comprehensive income for translation gain (loss) realized upon the sale or liquidation of an investment in a foreign entity and foreign currency hedges that are designated and qualified as hedging instruments for hedges of the foreign currency exposure of a net investment in a foreign operation.
us-gaap:OtherComprehensiveIncomeLossForeignCurrencyTransactionAndTranslationReclassificationAdjustmentRealizedUponSaleOrLiquidationNetOfTax,us-gaap,OtherComprehensiveIncomeLossForeignCurrencyTransactionAndTranslationReclassificationAdjustmentRealizedUponSaleOrLiquidationNetOfTax,"Other Comprehensive Income (Loss), Foreign Currency Transaction and Translation Reclassification Adjustment Realized upon Sale or Liquidation, Net of Tax (Deprecated 2013-01-31)",Net of tax amount of the income statement impact of the reclassification adjustment for translation gain (loss) realized upon the sale or complete or substantially complete liquidation of an investment in a foreign entity. Also includes reclassification adjustments on foreign currency hedges that are designated and qualified as hedging instruments for hedges of the foreign currency exposure of a net investment in a foreign operation.
us-gaap:OtherComprehensiveIncomeLossForeignCurrencyTranslationAdjustmentTax,us-gaap,OtherComprehensiveIncomeLossForeignCurrencyTranslationAdjustmentTax,"Other Comprehensive Income (Loss), Foreign Currency Translation Adjustment, Tax","Amount of tax expense (benefit), after reclassification adjustments of gain (loss) on foreign currency translation adjustments, foreign currency transactions designated and effective as economic hedges of a net investment in a foreign entity and intra-entity foreign currency transactions that are of a long-term-investment nature."
us-gaap:OtherComprehensiveIncomeLossNetInvestmentHedgeGainLossBeforeReclassificationAndTax,us-gaap,OtherComprehensiveIncomeLossNetInvestmentHedgeGainLossBeforeReclassificationAndTax,"Other Comprehensive Income (Loss), Net Investment Hedge, Gain (Loss), before Reclassification and Tax","Amount, before tax and reclassification, of gain (loss) from derivative designated and qualifying as net investment hedge."
us-gaap:OtherComprehensiveIncomeLossNetOfTax,us-gaap,OtherComprehensiveIncomeLossNetOfTax,"Other Comprehensive Income (Loss), Net of Tax",Amount after tax and reclassification adjustments of other comprehensive income (loss).
us-gaap:OtherComprehensiveIncomeLossNetOfTaxPeriodIncreaseDecrease,us-gaap,OtherComprehensiveIncomeLossNetOfTaxPeriodIncreaseDecrease,"Other Comprehensive Income (Loss), Net of Tax (Deprecated 2012-01-31)","This element represents Other Comprehensive Income or Loss, Net of Tax, for the period. Includes deferred gains or losses on qualifying hedges, unrealized holding gains or losses on available-for-sale securities, minimum pension liability, and cumulative translation adjustment. While for technical reasons this element has no balance attribute, the default assumption is a credit balance consistent with its label."
us-gaap:OtherComprehensiveIncomeLossNetOfTaxPortionAttributableToNoncontrollingInterest,us-gaap,OtherComprehensiveIncomeLossNetOfTaxPortionAttributableToNoncontrollingInterest,"Other Comprehensive Income (Loss), Net of Tax, Portion Attributable to Noncontrolling Interest",Amount after tax of other comprehensive income (loss) attributable to noncontrolling interests.
us-gaap:OtherComprehensiveIncomeLossNetOfTaxPortionAttributableToParent,us-gaap,OtherComprehensiveIncomeLossNetOfTaxPortionAttributableToParent,"Other Comprehensive Income (Loss), Net of Tax, Portion Attributable to Parent",Amount after tax of other comprehensive income (loss) attributable to parent entity.
us-gaap:OtherComprehensiveIncomeLossPensionAndOtherPostretirementBenefitPlansAdjustmentBeforeTax,us-gaap,OtherComprehensiveIncomeLossPensionAndOtherPostretirementBenefitPlansAdjustmentBeforeTax,"Other Comprehensive (Income) Loss, Defined Benefit Plan, after Reclassification Adjustment, before Tax","Amount, before tax, after reclassification adjustment, of (increase) decrease in accumulated other comprehensive income for defined benefit plan."
us-gaap:OtherComprehensiveIncomeLossPensionAndOtherPostretirementBenefitPlansAdjustmentNetOfTax,us-gaap,OtherComprehensiveIncomeLossPensionAndOtherPostretirementBenefitPlansAdjustmentNetOfTax,"Other Comprehensive (Income) Loss, Defined Benefit Plan, after Reclassification Adjustment, after Tax","Amount, after tax and reclassification adjustment, of (increase) decrease in accumulated other comprehensive income for defined benefit plan."
us-gaap:OtherComprehensiveIncomeLossPensionAndOtherPostretirementBenefitPlansBenefitPlanImprovementTaxEffect,us-gaap,OtherComprehensiveIncomeLossPensionAndOtherPostretirementBenefitPlansBenefitPlanImprovementTaxEffect,"Other Comprehensive (Income) Loss, Defined Benefit Plan, Prior Service Cost (Credit), Tax","Amount of tax (expense) benefit for cost (credit) of benefit change attributable to participants' prior service from plan amendment or plan initiation of defined benefit plan, that has not been recognized in net periodic benefit cost (credit)."
us-gaap:OtherComprehensiveIncomeLossPensionAndOtherPostretirementBenefitPlansTax,us-gaap,OtherComprehensiveIncomeLossPensionAndOtherPostretirementBenefitPlansTax,"Other Comprehensive (Income) Loss, Defined Benefit Plan, after Reclassification Adjustment, Tax","Amount, after reclassification adjustment, of tax (expense) benefit for (increase) decrease in accumulated other comprehensive income of defined benefit plan."
us-gaap:OtherComprehensiveIncomeLossReclassificationAdjustmentForSaleOfSecuritiesIncludedInNetIncomeNetOfTax,us-gaap,OtherComprehensiveIncomeLossReclassificationAdjustmentForSaleOfSecuritiesIncludedInNetIncomeNetOfTax,"Other Comprehensive Income (Loss), Reclassification Adjustment for Sale of Securities Included in Net Income, Net of Tax (Deprecated 2013-01-31)",Net of tax amount of the income statement impact of the reclassification adjustment for unrealized gain (loss) realized upon the sale of available-for-sale securities.
us-gaap:OtherComprehensiveIncomeLossReclassificationAdjustmentForSaleOfSecuritiesIncludedInNetIncomeTax,us-gaap,OtherComprehensiveIncomeLossReclassificationAdjustmentForSaleOfSecuritiesIncludedInNetIncomeTax,"Other Comprehensive Income (Loss), Reclassification Adjustment for Sale of Securities Included in Net Income, Tax (Deprecated 2013-01-31)",Tax effect of the income statement impact of the reclassification adjustment for unrealized gain (loss) realized upon the sale of available-for-sale securities.
us-gaap:OtherComprehensiveIncomeLossReclassificationAdjustmentFromAOCIForSaleOfSecuritiesBeforeTax,us-gaap,OtherComprehensiveIncomeLossReclassificationAdjustmentFromAOCIForSaleOfSecuritiesBeforeTax,"Other Comprehensive Income (Loss), Reclassification Adjustment from AOCI for Sale of Securities, before Tax",Amount before tax of reclassification adjustment from accumulated other comprehensive income for unrealized gain (loss) realized upon the sale of available-for-sale securities.
us-gaap:OtherComprehensiveIncomeLossReclassificationAdjustmentFromAOCIForSaleOfSecuritiesNetOfTax,us-gaap,OtherComprehensiveIncomeLossReclassificationAdjustmentFromAOCIForSaleOfSecuritiesNetOfTax,"Other Comprehensive Income (Loss), Reclassification Adjustment from AOCI for Sale of Securities, Net of Tax",Amount after tax of reclassification adjustment from accumulated other comprehensive income for unrealized gain (loss) realized upon the sale of available-for-sale securities.
us-gaap:OtherComprehensiveIncomeLossReclassificationAdjustmentFromAOCIForSaleOfSecuritiesTax,us-gaap,OtherComprehensiveIncomeLossReclassificationAdjustmentFromAOCIForSaleOfSecuritiesTax,"Other Comprehensive Income (Loss), Reclassification Adjustment from AOCI for Sale of Securities, Tax",Amount of tax expense (benefit) of reclassification adjustment from accumulated other comprehensive income for unrealized gain (loss) realized upon the sale of available-for-sale securities.
us-gaap:OtherComprehensiveIncomeLossReclassificationAdjustmentFromAOCIOnDerivativesBeforeTax,us-gaap,OtherComprehensiveIncomeLossReclassificationAdjustmentFromAOCIOnDerivativesBeforeTax,"Other Comprehensive Income (Loss), Reclassification Adjustment from AOCI on Derivatives, before Tax",Amount before tax of reclassification adjustment from accumulated other comprehensive income of accumulated gain (loss) realized from derivative instruments designated and qualifying as the effective portion of cash flow hedges and an entity's share of an equity investee's deferred hedging gain (loss).
us-gaap:OtherComprehensiveIncomeLossReclassificationAdjustmentFromAOCIOnDerivativesNetOfTax,us-gaap,OtherComprehensiveIncomeLossReclassificationAdjustmentFromAOCIOnDerivativesNetOfTax,"Other Comprehensive Income (Loss), Reclassification Adjustment from AOCI on Derivatives, Net of Tax",Amount after tax of reclassification adjustment from accumulated other comprehensive income of accumulated gain (loss) realized from derivative instruments designated and qualifying as the effective portion of cash flow hedges and an entity's share of an equity investee's deferred hedging gain (loss).
us-gaap:OtherComprehensiveIncomeLossReclassificationAdjustmentFromAOCIOnDerivativesTax,us-gaap,OtherComprehensiveIncomeLossReclassificationAdjustmentFromAOCIOnDerivativesTax,"Other Comprehensive Income (Loss), Reclassification Adjustment from AOCI on Derivatives, Tax",Amount of tax expense (benefit) of reclassification adjustment from accumulated other comprehensive income of accumulated gain (loss) realized from derivative instruments designated and qualifying as the effective portion of cash flow hedges and an entity's share of an equity investee's deferred hedging gain (loss).
us-gaap:OtherComprehensiveIncomeLossReclassificationAdjustmentFromAOCIPensionAndOtherPostretirementBenefitPlansForNetGainLossNetOfTax,us-gaap,OtherComprehensiveIncomeLossReclassificationAdjustmentFromAOCIPensionAndOtherPostretirementBenefitPlansForNetGainLossNetOfTax,"Other Comprehensive Income (Loss), Defined Benefit Plan, Gain (Loss), Reclassification Adjustment from AOCI, after Tax","Amount, after tax, of reclassification adjustment from accumulated other comprehensive income (loss) for gain (loss) of defined benefit plan."
us-gaap:OtherComprehensiveIncomeLossReclassificationAdjustmentFromAOCIPensionAndOtherPostretirementBenefitPlansForNetGainLossTax,us-gaap,OtherComprehensiveIncomeLossReclassificationAdjustmentFromAOCIPensionAndOtherPostretirementBenefitPlansForNetGainLossTax,"Other Comprehensive Income (Loss), Defined Benefit Plan, Gain (Loss), Reclassification Adjustment from AOCI, Tax",Amount of tax expense (benefit) of reclassification adjustment from accumulated other comprehensive income (loss) for gain (loss) of defined benefit plan.
us-gaap:OtherComprehensiveIncomeLossReclassificationAdjustmentOnDerivativesIncludedInNetIncomeNetOfTax,us-gaap,OtherComprehensiveIncomeLossReclassificationAdjustmentOnDerivativesIncludedInNetIncomeNetOfTax,"Other Comprehensive Income (Loss), Reclassification Adjustment on Derivatives Included in Net Income, Net of Tax (Deprecated 2013-01-31)",Net of tax amount of the income statement impact of the reclassification adjustment of accumulated gain (loss) from derivative instruments designated and qualifying as the effective portion of cash flow hedges realized in net income. Also includes reclassification adjustments of an entity's share of an equity investee's deferred hedging gain (loss) realized in net income.
us-gaap:OtherComprehensiveIncomeLossReclassificationAdjustmentOnDerivativesIncludedInNetIncomeTax,us-gaap,OtherComprehensiveIncomeLossReclassificationAdjustmentOnDerivativesIncludedInNetIncomeTax,"Other Comprehensive Income (Loss), Reclassification Adjustment on Derivatives Included in Net Income, Tax (Deprecated 2013-01-31)",Tax effect of the income statement impact of the reclassification adjustment of accumulated gain (loss) from derivative instruments designated and qualifying as the effective portion of cash flow hedges realized in net income. Also includes reclassification adjustments of an entity's share of an equity investee's deferred hedging gain (loss) realized in net income.
us-gaap:OtherComprehensiveIncomeLossReclassificationPensionAndOtherPostretirementBenefitPlansNetGainLossRecognizedInNetPeriodicBenefitCostTax,us-gaap,OtherComprehensiveIncomeLossReclassificationPensionAndOtherPostretirementBenefitPlansNetGainLossRecognizedInNetPeriodicBenefitCostTax,"Other Comprehensive Income (Loss), Reclassification, Pension and Other Postretirement Benefit Plans, Net Gain (Loss) Recognized in Net Periodic Benefit Cost, Tax (Deprecated 2013-01-31)",Tax effect of the income statement impact of the reclassification adjustment for actuarial gain (loss) recognized as a component of net periodic benefit cost.
us-gaap:OtherComprehensiveIncomeLossTax,us-gaap,OtherComprehensiveIncomeLossTax,"Other Comprehensive Income (Loss), Tax",Amount of tax expense (benefit) allocated to other comprehensive income (loss).
us-gaap:OtherComprehensiveIncomeLossTaxPortionAttributableToParent,us-gaap,OtherComprehensiveIncomeLossTaxPortionAttributableToParent,"Other Comprehensive Income (Loss), Tax, Portion Attributable to Parent (Deprecated 2012-01-31)","Tax effect of the change in accumulated other comprehensive income, that is, the tax effect on items included in other comprehensive income during the period that is attributable to the parent entity. While for technical reasons this element has no balance attribute, the default assumption is a credit balance consistent with its label."
us-gaap:OtherComprehensiveIncomeLossTaxPortionAttributableToParent1,us-gaap,OtherComprehensiveIncomeLossTaxPortionAttributableToParent1,"Other Comprehensive Income (Loss), Tax, Portion Attributable to Parent",Amount of tax expense (benefit) allocated to other comprehensive income (loss) attributable to parent entity.
us-gaap:OtherComprehensiveIncomeMinimumPensionLiabilityNetAdjustmentNetOfTax,us-gaap,OtherComprehensiveIncomeMinimumPensionLiabilityNetAdjustmentNetOfTax,"Other Comprehensive Income (Loss), Minimum Pension Liability Net Adjustment, Net of Tax (Deprecated 2012-01-31)","The after-tax amount of the change in the additional pension liability not yet recognized pursuant to FAS 87 par 37 and 38 as a net periodic pension cost. If the additional pension liability required to be recognized exceeds the unrecognized prior service costs, then the excess (which is the net loss not yet recognized as net periodic pension cost) is to be recorded as a reduction of other comprehensive income, before adjusting for tax effects. If in a subsequent measurement, the amount of minimum liability is eliminated or adjusted, this adjustment is offset against other comprehensive income in Accumulated Comprehensive Income. This line also includes changes in an entity's share of an equity investee's Increase or Decrease in additional pension liability not yet recognized as a net periodic pension cost. Eliminated upon adoption of FAS 158."
us-gaap:OtherComprehensiveIncomeMinimumPensionLiabilityNetAdjustmentTax,us-gaap,OtherComprehensiveIncomeMinimumPensionLiabilityNetAdjustmentTax,"Other Comprehensive Income (Loss), Minimum Pension Liability Net Adjustment, Tax (Deprecated 2012-01-31)","The tax effect of the amount of the change in the additional minimum pension liability not yet recognized pursuant to FAS 87 as a net periodic pension cost. If the additional pension liability required to be recognized exceeds the unrecognized prior service costs, then the excess (which is the net loss not yet recognized as net periodic pension cost) is to be recorded as a separate component in other comprehensive income, before adjusting for tax effects. In a subsequent measurement, the elimination or adjustment to the amount of the minimum pension liability recorded in accumulated other comprehensive income is included in this line. Eliminated upon adoption of FAS 158."
us-gaap:OtherComprehensiveIncomeOtherNetOfTax,us-gaap,OtherComprehensiveIncomeOtherNetOfTax,"Other Comprehensive Income, Other, Net of Tax","Amount of increase (decrease) in other comprehensive income, after tax, from changes classified as other."
us-gaap:OtherComprehensiveIncomeReclassificationAdjustmentForSaleOfSecuritiesIncludedInNetIncomeBeforeTax,us-gaap,OtherComprehensiveIncomeReclassificationAdjustmentForSaleOfSecuritiesIncludedInNetIncomeBeforeTax,"Other Comprehensive Income (Loss), Reclassification Adjustment for Sale of Securities Included in Net Income, before Tax (Deprecated 2012-01-31)",Pre tax reclassification adjustment for gains or losses realized upon the sale of securities.
us-gaap:OtherComprehensiveIncomeReclassificationAdjustmentForSaleOfSecuritiesIncludedInNetIncomeNetOfTax,us-gaap,OtherComprehensiveIncomeReclassificationAdjustmentForSaleOfSecuritiesIncludedInNetIncomeNetOfTax,"Other Comprehensive Income (Loss), Reclassification Adjustment for Sale of Securities Included in Net Income, Net of Tax (Deprecated 2012-01-31)","Reclassification adjustment for unrealized gains or losses realized upon the sale of securities, after tax."
us-gaap:OtherComprehensiveIncomeReclassificationAdjustmentForSaleOfSecuritiesIncludedInNetIncomeTax,us-gaap,OtherComprehensiveIncomeReclassificationAdjustmentForSaleOfSecuritiesIncludedInNetIncomeTax,"Other Comprehensive Income (Loss), Reclassification Adjustment for Sale of Securities Included in Net Income, Tax (Deprecated 2012-01-31)",Tax effect on the reclassification adjustment for gains or losses realized upon the sale of securities during the period.
us-gaap:OtherComprehensiveIncomeReclassificationAdjustmentOnDerivativesIncludedInNetIncomeNetOfTax,us-gaap,OtherComprehensiveIncomeReclassificationAdjustmentOnDerivativesIncludedInNetIncomeNetOfTax,"Other Comprehensive Income (Loss), Reclassification Adjustment on Derivatives Included in Net Income, Net of Tax (Deprecated 2012-01-31)",Net of tax effect of the reclassification adjustment for accumulated gains and losses from derivative instrument designated and qualifying as the effective portion of cash flow hedges included in accumulated comprehensive income that was realized in net income during the period.
us-gaap:OtherComprehensiveIncomeReclassificationAdjustmentOnDerivativesIncludedInNetIncomeTax,us-gaap,OtherComprehensiveIncomeReclassificationAdjustmentOnDerivativesIncludedInNetIncomeTax,"Other Comprehensive Income (Loss), Reclassification Adjustment on Derivatives Included in Net Income, Tax (Deprecated 2012-01-31)",Tax effect on reclassification adjustment for accumulated gains and losses from derivative instrument designated and qualifying as the effective portion of cash flow hedges included in accumulated comprehensive income that was realized in net income during the period.
us-gaap:OtherComprehensiveIncomeReclassificationOfDefinedBenefitPlansNetGainLossRecognizedInNetPeriodicBenefitCostNetOfTax,us-gaap,OtherComprehensiveIncomeReclassificationOfDefinedBenefitPlansNetGainLossRecognizedInNetPeriodicBenefitCostNetOfTax,"Other Comprehensive Income (Loss), Reclassification, Pension and Other Postretirement Benefit Plans, Net Gain (Loss) Recognized in Net Periodic Benefit Cost, Net of Tax (Deprecated 2013-01-31)",Net of tax amount of the income statement impact of the reclassification adjustment for actuarial (gains) losses recognized as a component of net periodic benefit cost.
us-gaap:OtherComprehensiveIncomeReclassificationOfDefinedBenefitPlansNetGainLossRecognizedInNetPeriodicBenefitCostTax,us-gaap,OtherComprehensiveIncomeReclassificationOfDefinedBenefitPlansNetGainLossRecognizedInNetPeriodicBenefitCostTax,"Other Comprehensive Income (Loss), Reclassification, Pension and Other Postretirement Benefit Plans, Net Gain (Loss) Recognized in Net Periodic Benefit Cost, Tax (Deprecated 2012-01-31)","For each annual statement of income presented, the tax effect of the net gain (loss) recognized in other comprehensive income that is a reclassification adjustment of other comprehensive income as a result of being recognized as a component of net periodic benefit cost for the period."
us-gaap:OtherComprehensiveIncomeUnrealizedGainLossOnDerivativesArisingDuringPeriodBeforeTax,us-gaap,OtherComprehensiveIncomeUnrealizedGainLossOnDerivativesArisingDuringPeriodBeforeTax,"Other Comprehensive Income (Loss), Unrealized Gain (Loss) on Derivatives Arising During Period, before Tax",Amount before tax of increase (decrease) in accumulated gain (loss) from derivative instruments designated and qualifying as the effective portion of cash flow hedges and an entity's share of an equity investee's increase (decrease) in deferred hedging gain (loss).
us-gaap:OtherComprehensiveIncomeUnrealizedGainLossOnDerivativesArisingDuringPeriodNetOfTax,us-gaap,OtherComprehensiveIncomeUnrealizedGainLossOnDerivativesArisingDuringPeriodNetOfTax,"Other Comprehensive Income (Loss), Unrealized Gain (Loss) on Derivatives Arising During Period, Net of Tax",Amount after tax of increase (decrease) in accumulated gain (loss) from derivative instruments designated and qualifying as the effective portion of cash flow hedges and an entity's share of an equity investee's increase (decrease) in deferred hedging gain (loss).
us-gaap:OtherComprehensiveIncomeUnrealizedGainLossOnDerivativesArisingDuringPeriodTax,us-gaap,OtherComprehensiveIncomeUnrealizedGainLossOnDerivativesArisingDuringPeriodTax,"Other Comprehensive Income (Loss), Unrealized Gain (Loss) on Derivatives Arising During Period, Tax","Amount of tax expense (benefit), before reclassification adjustments, related to increase (decrease) in accumulated gain (loss) from derivative instruments designated and qualifying as the effective portion of cash flow hedges and an entity's share of an equity investee's increase (decrease) in deferred hedging gain (loss)."
us-gaap:OtherComprehensiveIncomeUnrealizedHoldingGainLossOnSecuritiesArisingDuringPeriodBeforeTax,us-gaap,OtherComprehensiveIncomeUnrealizedHoldingGainLossOnSecuritiesArisingDuringPeriodBeforeTax,"OCI, Debt Securities, Available-for-Sale, Unrealized Holding Gain (Loss), before Adjustment and Tax","Amount, before tax and adjustment, of unrealized holding gain (loss) on investment in debt security measured at fair value with change in fair value recognized in other comprehensive income (available-for-sale). Excludes unrealized gain (loss) on investment in debt security measured at amortized cost (held-to-maturity) from transfer to available-for-sale."
us-gaap:OtherComprehensiveIncomeUnrealizedHoldingGainLossOnSecuritiesArisingDuringPeriodNetOfTax,us-gaap,OtherComprehensiveIncomeUnrealizedHoldingGainLossOnSecuritiesArisingDuringPeriodNetOfTax,"OCI, Debt Securities, Available-for-Sale, Unrealized Holding Gain (Loss), before Adjustment, after Tax","Amount, after tax and before adjustment, of unrealized holding gain (loss) on investment in debt security measured at fair value with change in fair value recognized in other comprehensive income (available-for-sale). Excludes unrealized gain (loss) on investment in debt security measured at amortized cost (held-to-maturity) from transfer to available-for-sale."
us-gaap:OtherComprehensiveIncomeUnrealizedHoldingGainLossOnSecuritiesArisingDuringPeriodTax,us-gaap,OtherComprehensiveIncomeUnrealizedHoldingGainLossOnSecuritiesArisingDuringPeriodTax,"OCI, Debt Securities, Available-for-Sale, Unrealized Holding Gain (Loss), before Adjustment, Tax","Amount, before adjustment, of tax expense (benefit) for unrealized holding gain (loss) on investment in debt security measured at fair value with change in fair value recognized in other comprehensive income (available-for-sale). Excludes tax expense (benefit) for unrealized gain (loss) on investment in debt security measured at amortized cost (held-to-maturity) from transfer to available-for-sale."
us-gaap:OtherCostAndExpenseOperating,us-gaap,OtherCostAndExpenseOperating,"Other Cost and Expense, Operating",The total amount of other operating cost and expense items that are associated with the entity's normal revenue producing operation.
us-gaap:OtherDeferredCreditsCurrent,us-gaap,OtherDeferredCreditsCurrent,"Other Deferred Credits, Current","Amount of unearned revenue or income classified as other, expected to be taken into income within one year or the normal operating cycle, if longer."
us-gaap:OtherDerivativesNotDesignatedAsHedgingInstrumentsAssetsAtFairValue,us-gaap,OtherDerivativesNotDesignatedAsHedgingInstrumentsAssetsAtFairValue,Other Derivatives Not Designated as Hedging Instruments Assets at Fair Value (Deprecated 2013-01-31),Fair value of all derivative assets not designated as a hedging instrument.
us-gaap:OtherFiniteLivedIntangibleAssetsGross,us-gaap,OtherFiniteLivedIntangibleAssetsGross,"Other Finite-Lived Intangible Assets, Gross",Amount before accumulated amortization of finite-lived intangible assets classified as other.
us-gaap:OtherIncome,us-gaap,OtherIncome,Other Income,Amount of revenue and income classified as other.
us-gaap:OtherIndefiniteLivedIntangibleAssets,us-gaap,OtherIndefiniteLivedIntangibleAssets,Other Indefinite-lived Intangible Assets,Amount after impairment of indefinite-lived intangible assets classified as other. Excludes financial assets and goodwill.
us-gaap:OtherIntangibleAssetsNet,us-gaap,OtherIntangibleAssetsNet,"Other Intangible Assets, Net",Amount after accumulated amortization of finite-lived and indefinite-lived intangible assets classified as other.
us-gaap:OtherInterestAndDividendIncome,us-gaap,OtherInterestAndDividendIncome,Other Interest and Dividend Income,"Amount, after discount, accretion and premium amortization, of interest income and dividend income classified as other."
us-gaap:OtherInventoriesSpareParts,us-gaap,OtherInventoriesSpareParts,"Other Inventories, Spare Parts, Gross",Gross amount of components of assembled products that can be sold directly or indirectly through sales of assembled products.
us-gaap:OtherLiabilities,us-gaap,OtherLiabilities,Other Liabilities,Amount of liabilities classified as other.
us-gaap:OtherLiabilitiesAndDeferredRevenueNoncurrent,us-gaap,OtherLiabilitiesAndDeferredRevenueNoncurrent,"Other Liabilities and Deferred Revenue, Noncurrent","Aggregate carrying amount, as of the balance sheet date, of noncurrent obligations and noncurrent portion of deferred revenue not separately disclosed in the balance sheet. Noncurrent liabilities are expected to be paid after one year (or the normal operating cycle, if longer). Deferred revenue is a liability related to a revenue producing activity for which revenue has not yet been recognized, and is not expected to be recognized in the next twelve months."
us-gaap:OtherLiabilitiesCurrent,us-gaap,OtherLiabilitiesCurrent,"Other Liabilities, Current","Amount of liabilities classified as other, due within one year or the normal operating cycle, if longer."
us-gaap:OtherLiabilitiesFairValueDisclosure,us-gaap,OtherLiabilitiesFairValueDisclosure,"Other Liabilities, Fair Value Disclosure",Fair value portion of other liabilities.
us-gaap:OtherLiabilitiesNoncurrent,us-gaap,OtherLiabilitiesNoncurrent,"Other Liabilities, Noncurrent","Amount of liabilities classified as other, due after one year or the normal operating cycle, if longer."
us-gaap:OtherLongTermDebt,us-gaap,OtherLongTermDebt,Other Long-term Debt,Amount of long-term debt classified as other.
us-gaap:OtherLongTermInvestments,us-gaap,OtherLongTermInvestments,Other Long-term Investments,Amount of long-term investments classified as other.
us-gaap:OtherMinorityInterests,us-gaap,OtherMinorityInterests,Other Noncontrolling Interests,"Carrying amount of equity interests owned by noncontrolling shareholders, partners, or other equity holders in one or more of the entities consolidated into the reporting entity's financial statements other than joint ventures, limited partnerships, operating partnerships or interests held by preferred unit holders."
us-gaap:OtherNoncashIncomeExpense,us-gaap,OtherNoncashIncomeExpense,Other Noncash Income (Expense),"Amount of income (expense) included in net income that results in no cash inflow (outflow), classified as other."
us-gaap:OtherNoncurrentLiabilities,us-gaap,OtherNoncurrentLiabilities,Other Noncurrent Liabilities (Deprecated 2011-01-31),"Obligations not otherwise itemized or previously categorized that are due beyond one year (or operating cycle, if longer) from the balance sheet date."
us-gaap:OtherNoninterestExpense,us-gaap,OtherNoninterestExpense,Other Noninterest Expense,Amount of noninterest expense classified as other.
us-gaap:OtherNonoperatingIncome,us-gaap,OtherNonoperatingIncome,Other Nonoperating Income,"Amount of income related to nonoperating activities, classified as other."
us-gaap:OtherNonoperatingIncomeExpense,us-gaap,OtherNonoperatingIncomeExpense,Other Nonoperating Income (Expense),"Amount of income (expense) related to nonoperating activities, classified as other."
us-gaap:OtherNonrecurringExpense,us-gaap,OtherNonrecurringExpense,Other Nonrecurring Expense,Amount of other expense that is infrequent in occurrence or unusual in nature.
us-gaap:OtherNonrecurringIncomeExpense,us-gaap,OtherNonrecurringIncomeExpense,Other Nonrecurring (Income) Expense,Amount of other expense (income) that is infrequent in occurrence or unusual in nature.
us-gaap:OtherOperatingActivitiesCashFlowStatement,us-gaap,OtherOperatingActivitiesCashFlowStatement,"Other Operating Activities, Cash Flow Statement","Other cash or noncash adjustments to reconcile net income to cash provided by (used in) operating activities that are not separately disclosed in the statement of cash flows (for example, cash received or cash paid during the current period for miscellaneous operating activities, net change during the reporting period in other assets or other liabilities)."
us-gaap:OtherOperatingIncome,us-gaap,OtherOperatingIncome,Other Operating Income,"The total amount of other operating income, the components of which are not separately disclosed on the income statement, from items that are associated with the entity's normal revenue producing operation."
us-gaap:OtherOperatingIncomeExpenseNet,us-gaap,OtherOperatingIncomeExpenseNet,"Other Operating Income (Expense), Net","The net amount of other operating income and expenses, the components of which are not separately disclosed on the income statement, from items that are associated with the entity's normal revenue producing operations."
us-gaap:OtherPostretirementDefinedBenefitPlanLiabilitiesCurrentAndNoncurrent,us-gaap,OtherPostretirementDefinedBenefitPlanLiabilitiesCurrentAndNoncurrent,"Liability, Other Postretirement Defined Benefit Plan","Amount of liability, recognized in statement of financial position, for defined benefit other postretirement plan. Excludes pension plan."
us-gaap:OtherPrepaidExpenseCurrent,us-gaap,OtherPrepaidExpenseCurrent,"Other Prepaid Expense, Current","Amount of asset related to consideration paid in advance for other costs that provide economic benefits within a future period of one year or the normal operating cycle, if longer."
us-gaap:OtherReceivablesGrossCurrent,us-gaap,OtherReceivablesGrossCurrent,"Other Receivables, Gross, Current","Amount, before allowance, of receivables classified as other, due within one year or the operating cycle, if longer."
us-gaap:OtherRestrictedAssetsCurrent,us-gaap,OtherRestrictedAssetsCurrent,"Other Restricted Assets, Current","Amount of current assets that are pledged or subject to withdrawal restrictions, classified as other."
us-gaap:OtherRestructuringCosts,us-gaap,OtherRestructuringCosts,Other Restructuring Costs,Amount of other expenses associated with exit or disposal activities pursuant to an authorized plan. Excludes expenses associated with a discontinued operation or an asset retirement obligation.
us-gaap:OtherSellingAndMarketingExpense,us-gaap,OtherSellingAndMarketingExpense,Other Selling and Marketing Expense,Amount of selling and marketing expense classified as other.
us-gaap:OtherShortTermBorrowings,us-gaap,OtherShortTermBorrowings,Other Short-term Borrowings,"Amount of borrowings classified as other, maturing within one year or the normal operating cycle, if longer."
us-gaap:OtherSundryLiabilitiesNoncurrent,us-gaap,OtherSundryLiabilitiesNoncurrent,"Other Sundry Liabilities, Noncurrent","Obligations not otherwise itemized or categorized in the footnotes to the financial statements that are expected to be paid after one year (or the normal operating cycle, if longer), from the balance sheet date."
us-gaap:OtherTaxExpenseBenefit,us-gaap,OtherTaxExpenseBenefit,Other Tax Expense (Benefit),Amount of other income tax expense (benefit).
us-gaap:OtherThanTemporaryImpairmentCreditLossesRecognizedInEarningsAdditionsAdditionalCreditLosses,us-gaap,OtherThanTemporaryImpairmentCreditLossesRecognizedInEarningsAdditionsAdditionalCreditLosses,"Other than Temporary Impairment, Credit Losses Recognized in Earnings, Additions, Additional Credit Losses",This item represents an increase to the cumulative amount of credit losses recognized in earnings for an other than temporary impairment (OTTI) of a debt security held for which a previous OTTI was recognized and the investor does not intend to sell the debt security and it is not more likely than not that the investor will be required to sell the debt security before recovery of its amortized cost basis.
us-gaap:OtherThanTemporaryImpairmentCreditLossesRecognizedInEarningsAdditionsNoPreviousImpairment,us-gaap,OtherThanTemporaryImpairmentCreditLossesRecognizedInEarningsAdditionsNoPreviousImpairment,"Other than Temporary Impairment, Credit Losses Recognized in Earnings, Additions, No Previous Impairment",This item represents an increase to the cumulative amount of credit losses recognized in earnings for an other than temporary impairment (OTTI) of a debt security held for which no such other than temporary impairment (OTTI) was previously recognized.
us-gaap:OtherThanTemporaryImpairmentCreditLossesRecognizedInEarningsCreditLossesOnDebtSecuritiesHeld,us-gaap,OtherThanTemporaryImpairmentCreditLossesRecognizedInEarningsCreditLossesOnDebtSecuritiesHeld,"Other than Temporary Impairment, Credit Losses Recognized in Earnings, Credit Losses on Debt Securities Held",The cumulative amount of credit losses recognized in earnings related to debt securities held for which a portion of an other than temporary impairment (OTTI) was recognized in other comprehensive income (a component of shareholders' equity).
us-gaap:OtherThanTemporaryImpairmentCreditLossesRecognizedInEarningsReductionsChangeInStatus,us-gaap,OtherThanTemporaryImpairmentCreditLossesRecognizedInEarningsReductionsChangeInStatus,"Other than Temporary Impairment, Credit Losses Recognized in Earnings, Reductions, Change in Status",This item represents reductions in the amount of cumulative losses recognized in earnings for other than temporary impairments (OTTI) for which a portion of the impairment had been recognized in other comprehensive income (a component of shareholders' equity) due to a change in status of the impaired security because of a change in the entity's intent to either sell the impaired security or it has become more likely than not that the entity will be required to sell the security before recovery of its cost basis.
us-gaap:OtherThanTemporaryImpairmentCreditLossesRecognizedInEarningsReductionsSecuritiesSold,us-gaap,OtherThanTemporaryImpairmentCreditLossesRecognizedInEarningsReductionsSecuritiesSold,"Other than Temporary Impairment, Credit Losses Recognized in Earnings, Reductions, Securities Sold",This item represents reductions in the cumulative amount of credit losses recognized in earnings for an other than temporary impairment (OTTI) of a debt security because of the sale of impaired securities during the period.
us-gaap:OtherThanTemporaryImpairmentLossDebtSecuritiesAvailableForSaleRecognizedInEarnings,us-gaap,OtherThanTemporaryImpairmentLossDebtSecuritiesAvailableForSaleRecognizedInEarnings,"Other-than-temporary Impairment Loss, Debt Securities, Available-for-sale, Recognized in Earnings","Amount of other-than-temporary impairment (OTTI) on investment in debt security measured at fair value with change in fair value recognized in other comprehensive income (available-for-sale), recognized in earnings."
us-gaap:OtherThanTemporaryImpairmentLossesInvestmentsAvailableforsaleSecurities,us-gaap,OtherThanTemporaryImpairmentLossesInvestmentsAvailableforsaleSecurities,"Other than Temporary Impairment Losses, Investments, Available-for-sale Securities","The amount by which the fair value of an investment in debt and equity securities categorized as Available-for-sale is less than the amortized cost basis or carrying amount of that investment at the balance sheet date and the decline in fair value is deemed to be other than temporary, before considering whether or not such amount is recognized in earnings or other comprehensive income."
us-gaap:OtherThanTemporaryImpairmentLossesInvestmentsPortionInOtherComprehensiveIncomeLossBeforeTaxIncludingPortionAttributableToNoncontrollingInterest,us-gaap,OtherThanTemporaryImpairmentLossesInvestmentsPortionInOtherComprehensiveIncomeLossBeforeTaxIncludingPortionAttributableToNoncontrollingInterest,"Other than Temporary Impairment Losses, Investments, Portion in Other Comprehensive Loss, before Tax, Including Portion Attributable to Noncontrolling Interest","Amount before tax of other than temporary impairment (OTTI) loss on investments in available-for-sale and held-to-maturity debt securities, recognized in other comprehensive loss."
us-gaap:OtherThanTemporaryImpairmentLossesInvestmentsPortionRecognizedInEarningsNet,us-gaap,OtherThanTemporaryImpairmentLossesInvestmentsPortionRecognizedInEarningsNet,"Other than Temporary Impairment Losses, Investments, Portion Recognized in Earnings, Net","The amount of other than temporary impairment (OTTI) losses on equity securities, OTTI related to credit losses on debt securities, and OTTI losses on debt securities when the entity intends to sell the securities or it is more likely than not that the entity will be required to sell the securities before recovery of its amortized cost basis. Additionally, this item includes OTTI losses recognized during the period on investments accounted for under the cost method of accounting."
us-gaap:OtherThanTemporaryImpairmentLossesInvestmentsPortionRecognizedInEarningsNetAvailableforsaleSecurities,us-gaap,OtherThanTemporaryImpairmentLossesInvestmentsPortionRecognizedInEarningsNetAvailableforsaleSecurities,"Other than Temporary Impairment Losses, Investments, Portion Recognized in Earnings, Net, Available-for-sale Securities","The amount of other than temporary impairment losses on investments in debt and equity securities categorized as Available-for-sale which have been recognized in earnings during the period. Such impairment losses consist of other than temporary impairments (OTTI) on equity securities, credit losses on investments in debt securities, and when the entity intends to sell an impaired debt security or it is more likely than not that the entity will be required to sell the impaired debt security before recovery of its amortized cost basis."
us-gaap:ParticipatingSecuritiesDistributedAndUndistributedEarnings,us-gaap,ParticipatingSecuritiesDistributedAndUndistributedEarnings,"Participating Securities, Distributed and Undistributed Earnings (Deprecated 2014-01-31)",Aggregate of earnings distributed and earnings allocated to participating securities under the two-class method to the extent that participating securities may share in earnings as if all of the earnings for the period had been distributed.
us-gaap:ParticipatingSecuritiesDistributedAndUndistributedEarningsLossBasic,us-gaap,ParticipatingSecuritiesDistributedAndUndistributedEarningsLossBasic,"Participating Securities, Distributed and Undistributed Earnings (Loss), Basic",Amount of earnings (loss) distributed and earnings (loss) allocated to participating securities for the basic earnings (loss) per share or per unit calculation under the two-class method.
us-gaap:PayablesToBrokerDealersAndClearingOrganizations,us-gaap,PayablesToBrokerDealersAndClearingOrganizations,Payables to Broker-Dealers and Clearing Organizations,"Amount payable to broker-dealers and clearing organizations, including, but not limited to, securities failed-to-receive, certain deposits received for securities loaned, open transactions, and floor-brokerage payables."
us-gaap:PaymentForContingentConsiderationLiabilityFinancingActivities,us-gaap,PaymentForContingentConsiderationLiabilityFinancingActivities,"Payment for Contingent Consideration Liability, Financing Activities","Amount of cash outflow, not made soon after acquisition date of business combination, to settle contingent consideration liability up to amount recognized at acquisition date, including, but not limited to, measurement period adjustment and less amount paid soon after acquisition date."
us-gaap:PaymentOfFinancingAndStockIssuanceCosts,us-gaap,PaymentOfFinancingAndStockIssuanceCosts,Payment of Financing and Stock Issuance Costs,"The total of the cash outflow during the period which has been paid to third parties in connection with debt origination, which will be amortized over the remaining maturity period of the associated long-term debt and the cost incurred directly for the issuance of equity securities."
us-gaap:PaymentsForCapitalImprovements,us-gaap,PaymentsForCapitalImprovements,Payments for Capital Improvements,"The cash outflow for acquisition of or capital improvements to properties held for investment (operating, managed, leased) or for use."
us-gaap:PaymentsForHedgeFinancingActivities,us-gaap,PaymentsForHedgeFinancingActivities,"Payments for Hedge, Financing Activities","The cash outflow for a financial contract that meets the hedge criteria as either cash flow hedge, fair value hedge or hedge of net investment in foreign operations."
us-gaap:PaymentsForLegalSettlements,us-gaap,PaymentsForLegalSettlements,Payments for Legal Settlements,The amount of cash paid for the settlement of litigation or for other legal issues during the period.
us-gaap:PaymentsForOriginationAndPurchasesOfLoansHeldForSale,us-gaap,PaymentsForOriginationAndPurchasesOfLoansHeldForSale,Payments for Origination and Purchases of Loans Held-for-sale,The aggregate amount of cash outflow for loans purchased and created with the intention to resell them in the near future.
us-gaap:PaymentsForProceedsFromBusinessesAndInterestInAffiliates,us-gaap,PaymentsForProceedsFromBusinessesAndInterestInAffiliates,Payments for (Proceeds from) Businesses and Interest in Affiliates,The net cash outflow or inflow associated with the acquisition or sale of a business segment during the period.
us-gaap:PaymentsForProceedsFromHedgeFinancingActivities,us-gaap,PaymentsForProceedsFromHedgeFinancingActivities,"Payments for (Proceeds from) Hedge, Financing Activities","The net cash outflow or inflow for a financial contract that meets the hedge criteria as either cash flow hedge, fair value hedge or hedge of net investment in foreign operations."
us-gaap:PaymentsForProceedsFromLoansAndLeases,us-gaap,PaymentsForProceedsFromLoansAndLeases,Payments for (Proceeds from) Loans and Leases,"The net cash outflow or inflow for the increase (decrease) in the beginning and end of period of loan and lease balances which are not originated or purchased specifically for resale. Includes cash payments and proceeds associated with (a) loans held-for-investment, (b) leases held-for-investment, and (c) both."
us-gaap:PaymentsForProceedsFromOtherInvestingActivities,us-gaap,PaymentsForProceedsFromOtherInvestingActivities,Payments for (Proceeds from) Other Investing Activities,Amount of cash (inflow) outflow from investing activities classified as other.
us-gaap:PaymentsForProceedsFromProductiveAssets,us-gaap,PaymentsForProceedsFromProductiveAssets,Payments for (Proceeds from) Productive Assets,"The net cash outflow or inflow from purchases, sales and disposals of property, plant and equipment and other productive assets, including intangibles."
us-gaap:PaymentsForRent,us-gaap,PaymentsForRent,Payments for Rent,Cash payments to lessor's for use of assets under operating leases.
us-gaap:PaymentsForRepurchaseOfCommonStock,us-gaap,PaymentsForRepurchaseOfCommonStock,Payments for Repurchase of Common Stock,The cash outflow to reacquire common stock during the period.
us-gaap:PaymentsForRepurchaseOfRedeemablePreferredStock,us-gaap,PaymentsForRepurchaseOfRedeemablePreferredStock,Payments for Repurchase of Redeemable Preferred Stock,The cash outflow for reacquisition of callable preferred stock.
us-gaap:PaymentsForRepurchaseOfTrustPreferredSecurities,us-gaap,PaymentsForRepurchaseOfTrustPreferredSecurities,Payments for Repurchase of Trust Preferred Securities,"The cash outflow to reacquire preferred stocks issued by a business trust or other special purpose entity, mainly established by a bank holding entity, to third party investors. The trust's assets are deeply subordinated debentures of the bank holding entity. Most trust preferred securities are subject to a mandatory redemption upon the repayment of the debentures."
us-gaap:PaymentsForRepurchaseOfWarrants,us-gaap,PaymentsForRepurchaseOfWarrants,Payments for Repurchase of Warrants,"The aggregate amount paid by the entity to reacquire the right to purchase equity shares at a predetermined price, usually issued together with corporate debt."
us-gaap:PaymentsForRestructuring,us-gaap,PaymentsForRestructuring,Payments for Restructuring,Amount of cash payments made as the result of exit or disposal activities. Excludes payments associated with a discontinued operation or an asset retirement obligation.
us-gaap:PaymentsOfDebtExtinguishmentCosts,us-gaap,PaymentsOfDebtExtinguishmentCosts,Payment for Debt Extinguishment or Debt Prepayment Cost,"Amount of cash outflow for cost from early extinguishment and prepayment of debt. Includes, but is not limited to, third-party cost, premium paid, and other fee paid to lender directly for debt extinguishment or debt prepayment. Excludes accrued interest."
us-gaap:PaymentsOfDebtIssuanceCosts,us-gaap,PaymentsOfDebtIssuanceCosts,Payments of Debt Issuance Costs,"The cash outflow paid to third parties in connection with debt origination, which will be amortized over the remaining maturity period of the associated long-term debt."
us-gaap:PaymentsOfDebtRestructuringCosts,us-gaap,PaymentsOfDebtRestructuringCosts,Payments of Debt Restructuring Costs,The cash outflow for cost incurred in the modification of term of existing debt agreement in order for the entity to achieve some advantage.
us-gaap:PaymentsOfDividends,us-gaap,PaymentsOfDividends,Payments of Dividends,"Cash outflow in the form of capital distributions and dividends to common shareholders, preferred shareholders and noncontrolling interests."
us-gaap:PaymentsOfDividendsCommonStock,us-gaap,PaymentsOfDividendsCommonStock,"Payments of Ordinary Dividends, Common Stock",Amount of cash outflow in the form of ordinary dividends to common shareholders of the parent entity.
us-gaap:PaymentsOfDividendsMinorityInterest,us-gaap,PaymentsOfDividendsMinorityInterest,"Payments of Ordinary Dividends, Noncontrolling Interest",Amount of cash outflow in the form of ordinary dividends provided by the non-wholly owned subsidiary to noncontrolling interests.
us-gaap:PaymentsOfFinancingCosts,us-gaap,PaymentsOfFinancingCosts,Payments of Financing Costs,The cash outflow for loan and debt issuance costs.
us-gaap:PaymentsOfOrdinaryDividends,us-gaap,PaymentsOfOrdinaryDividends,Payments of Ordinary Dividends,"Cash outflow in the form of ordinary dividends to common shareholders, preferred shareholders and noncontrolling interests, generally out of earnings."
us-gaap:PaymentsOfStockIssuanceCosts,us-gaap,PaymentsOfStockIssuanceCosts,Payments of Stock Issuance Costs,The cash outflow for cost incurred directly with the issuance of an equity security.
us-gaap:PaymentsRelatedToTaxWithholdingForShareBasedCompensation,us-gaap,PaymentsRelatedToTaxWithholdingForShareBasedCompensation,"Payment, Tax Withholding, Share-based Payment Arrangement",Amount of cash outflow to satisfy grantee's tax withholding obligation for award under share-based payment arrangement.
us-gaap:PaymentsToAcquireAssetsInvestingActivities,us-gaap,PaymentsToAcquireAssetsInvestingActivities,"Payments to Acquire Assets, Investing Activities","Aggregate cash payments for a combination of transactions that are classified as investing activities in which assets, which may include securities, other types of investments, or productive assets, are purchased from third-party sellers. This element can be used by entities to aggregate payments for all asset purchases that are classified as investing activities."
us-gaap:PaymentsToAcquireAvailableForSaleSecurities,us-gaap,PaymentsToAcquireAvailableForSaleSecurities,Payments to Acquire Available-for-sale Securities,"The cash outflow to acquire debt and equity securities not classified as either held-to-maturity securities or trading securities which would be classified as available-for-sale securities and reported at fair value, with unrealized gains and losses excluded from earnings and reported in a separate component of shareholders' equity."
us-gaap:PaymentsToAcquireAvailableForSaleSecuritiesDebt,us-gaap,PaymentsToAcquireAvailableForSaleSecuritiesDebt,"Payments to Acquire Debt Securities, Available-for-sale",Amount of cash outflow to acquire investment in debt security measured at fair value with change in fair value recognized in other comprehensive income (available-for-sale).
us-gaap:PaymentsToAcquireBuildings,us-gaap,PaymentsToAcquireBuildings,Payments to Acquire Buildings,The cash outflow for acquisition of buildings (properties) whether for investment or use.
us-gaap:PaymentsToAcquireBusinessTwoNetOfCashAcquired,us-gaap,PaymentsToAcquireBusinessTwoNetOfCashAcquired,"Payments to Acquire Business Two, Net of Cash Acquired","The cash outflow associated with a second acquisition of a business, net of the cash acquired from the purchase."
us-gaap:PaymentsToAcquireBusinessesAndInterestInAffiliates,us-gaap,PaymentsToAcquireBusinessesAndInterestInAffiliates,Payments to Acquire Businesses and Interest in Affiliates,"The cash outflow associated with the acquisition of a controlling interest in another entity or an entity that is related to it but not strictly controlled (for example, an unconsolidated subsidiary, affiliate, joint venture or equity method investment)."
us-gaap:PaymentsToAcquireBusinessesGross,us-gaap,PaymentsToAcquireBusinessesGross,"Payments to Acquire Businesses, Gross",The cash outflow associated with the acquisition of business during the period. The cash portion only of the acquisition price.
us-gaap:PaymentsToAcquireBusinessesNetOfCashAcquired,us-gaap,PaymentsToAcquireBusinessesNetOfCashAcquired,"Payments to Acquire Businesses, Net of Cash Acquired","The cash outflow associated with the acquisition of a business, net of the cash acquired from the purchase."
us-gaap:PaymentsToAcquireEquityMethodInvestments,us-gaap,PaymentsToAcquireEquityMethodInvestments,Payments to Acquire Equity Method Investments,"The cash outflow associated with the purchase of or advances to an equity method investments, which are investments in joint ventures and entities in which the entity has an equity ownership interest normally of 20 to 50 percent and exercises significant influence."
us-gaap:PaymentsToAcquireEquitySecuritiesFvNi,us-gaap,PaymentsToAcquireEquitySecuritiesFvNi,,
us-gaap:PaymentsToAcquireHeldToMaturitySecurities,us-gaap,PaymentsToAcquireHeldToMaturitySecurities,Payments to Acquire Held-to-maturity Securities,Amount of cash outflow through purchase of long-term held-to-maturity securities.
us-gaap:PaymentsToAcquireIntangibleAssets,us-gaap,PaymentsToAcquireIntangibleAssets,Payments to Acquire Intangible Assets,"The cash outflow to acquire asset without physical form usually arising from contractual or other legal rights, excluding goodwill."
us-gaap:PaymentsToAcquireInterestInJointVenture,us-gaap,PaymentsToAcquireInterestInJointVenture,Payments to Acquire Interest in Joint Venture,The cash outflow associated with the investment in or advances to an entity in which the reporting entity shares control of the entity with another party or group.
us-gaap:PaymentsToAcquireInterestInSubsidiariesAndAffiliates,us-gaap,PaymentsToAcquireInterestInSubsidiariesAndAffiliates,Payments to Acquire Interest in Subsidiaries and Affiliates,"The cash outflow associated with the acquisition of or advances to an entity that is related to it but not strictly controlled (for example, an unconsolidated subsidiary, affiliate, and joint venture or equity method investment) or the acquisition of an additional interest in a subsidiary (controlled entity)."
us-gaap:PaymentsToAcquireInvestments,us-gaap,PaymentsToAcquireInvestments,Payments to Acquire Investments,"The cash outflow associated with the purchase of all investments (debt, security, other) during the period."
us-gaap:PaymentsToAcquireLandHeldForUse,us-gaap,PaymentsToAcquireLandHeldForUse,Payments to Acquire Land Held-for-use,The cash outflow for acquisition of land for use; excludes purchases of land held as inventory or as investments.
us-gaap:PaymentsToAcquireMarketableSecurities,us-gaap,PaymentsToAcquireMarketableSecurities,Payments to Acquire Marketable Securities,Amount of cash outflow for purchase of marketable security.
us-gaap:PaymentsToAcquireMortgageServicingRightsMSR,us-gaap,PaymentsToAcquireMortgageServicingRightsMSR,Payments to Acquire Mortgage Servicing Rights (MSR),"The cash outflow to obtain servicing rights, which contractually entitle the servicer to receive fees and ancillary revenues for performing billing, collection, disbursement and recordkeeping services in connection with a mortgage portfolio. Rights may be obtained via (1) acquisition or assumption of a servicing obligation that does not relate to financial assets of the servicer or its consolidated affiliates; or (2) by originating mortgage loans and then (a) transferring the loans to a Variable Interest Entity (VIE) in a transaction that meets the necessary transfer and classification requirements, or (b) transferring the loans in a transaction that meets the requirements for sale accounting."
us-gaap:PaymentsToAcquireOtherInvestments,us-gaap,PaymentsToAcquireOtherInvestments,Payments to Acquire Other Investments,Amount of cash outflow to acquire investments classified as other.
us-gaap:PaymentsToAcquireProductiveAssets,us-gaap,PaymentsToAcquireProductiveAssets,Payments to Acquire Productive Assets,"The cash outflow for purchases of and capital improvements on property, plant and equipment (capital expenditures), software, and other intangible assets."
us-gaap:PaymentsToAcquirePropertyPlantAndEquipment,us-gaap,PaymentsToAcquirePropertyPlantAndEquipment,"Payments to Acquire Property, Plant, and Equipment","The cash outflow associated with the acquisition of long-lived, physical assets that are used in the normal conduct of business to produce goods and services and not intended for resale; includes cash outflows to pay for construction of self-constructed assets."
us-gaap:PaymentsToAcquireShortTermInvestments,us-gaap,PaymentsToAcquireShortTermInvestments,Payments to Acquire Short-term Investments,"The cash outflow for securities or other assets acquired, which qualify for treatment as an investing activity and are to be liquidated, if necessary, within the current operating cycle. Includes cash flows from securities classified as trading securities that were acquired for reasons other than sale in the short-term."
us-gaap:PaymentsToMinorityShareholders,us-gaap,PaymentsToMinorityShareholders,Payments to Noncontrolling Interests,"Amount of cash outflow to a noncontrolling interest. Includes, but not limited to, reduction of noncontrolling interest ownership. Excludes dividends paid to the noncontrolling interest."
us-gaap:PensionAndOtherPostretirementBenefitExpense,us-gaap,PensionAndOtherPostretirementBenefitExpense,Pension and Other Postretirement Benefits Cost (Reversal of Cost),Amount of cost (reversal of cost) for pension and other postretirement benefits.
us-gaap:PensionAndOtherPostretirementBenefitsExpenseReversalOfExpenseNoncash,us-gaap,PensionAndOtherPostretirementBenefitsExpenseReversalOfExpenseNoncash,"Pension and Other Postretirement Benefits Expense (Reversal of Expense), Noncash",Amount of noncash expense (reversal of expense) for pension and other postretirement benefits.
us-gaap:PensionAndOtherPostretirementDefinedBenefitPlansCurrentLiabilities,us-gaap,PensionAndOtherPostretirementDefinedBenefitPlansCurrentLiabilities,"Liability, Defined Benefit Plan, Current","Amount of liability, recognized in statement of financial position, for defined benefit pension and other postretirement plans, classified as current."
us-gaap:PensionAndOtherPostretirementDefinedBenefitPlansLiabilitiesNoncurrent,us-gaap,PensionAndOtherPostretirementDefinedBenefitPlansLiabilitiesNoncurrent,"Liability, Defined Benefit Plan, Noncurrent","Amount of liability, recognized in statement of financial position, for defined benefit pension and other postretirement plans, classified as noncurrent."
us-gaap:PensionAndOtherPostretirementDefinedBenefitPlansNoncurrentLiabilities,us-gaap,PensionAndOtherPostretirementDefinedBenefitPlansNoncurrentLiabilities,"Pension and Other Postretirement Defined Benefit Plans, Noncurrent Liabilities (Deprecated 2009-01-31)","For classified balance sheets this represents the noncurrent liability for underfunded plans recognized in the balance sheet that is associated with the defined benefit pension plans and other postretirement defined benefit plans. For unclassified balance sheets, this represents the entire liability recognized in the balance sheet that is associated with the defined benefit plans."
us-gaap:PledgedAssetsSeparatelyReportedOnStatementOfFinancialPositionAtFairValue,us-gaap,PledgedAssetsSeparatelyReportedOnStatementOfFinancialPositionAtFairValue,"Pledged Assets Separately Reported, Other, on Statement of Financial Position, at Fair Value","The sum of the fair values, as of the date of each statement of financial position presented, of assets which are owned but transferred to serve as collateral for the payment of debt obligations, primarily secured borrowings, repurchase agreements or other current or potential obligations, and that are reclassified and separately reported in the statement of financial position because the transferee has the right by contract or custom to sell or re-pledge them."
us-gaap:PostemploymentBenefitsLiabilityCurrentAndNoncurrent,us-gaap,PostemploymentBenefitsLiabilityCurrentAndNoncurrent,Postemployment Benefits Liability,"The carrying amount as of the balance sheet date of the obligations recognized for the various benefits provided to former or inactive employees, their beneficiaries, and covered dependents after employment but before retirement."
us-gaap:PreOpeningCosts,us-gaap,PreOpeningCosts,Pre-Opening Costs,Expenditures associated with opening new locations which are noncapital in nature and expensed as incurred.
us-gaap:PreferredStockDividends,us-gaap,PreferredStockDividends,Preferred Stock Dividends (Deprecated 2011-01-31),"The amount of dividends declared or paid in the period to preferred shareholders, or the amount for which the obligation to pay them dividends arose in the period."
us-gaap:PreferredStockDividendsAndOtherAdjustments,us-gaap,PreferredStockDividendsAndOtherAdjustments,Preferred Stock Dividends and Other Adjustments,The aggregate value of preferred stock dividends and other adjustments necessary to derive net income apportioned to common stockholders.
us-gaap:PreferredStockIncludingAdditionalPaidInCapitalNetOfDiscount,us-gaap,PreferredStockIncludingAdditionalPaidInCapitalNetOfDiscount,"Preferred Stock, Including Additional Paid in Capital, Net of Discount","Aggregate par value plus amounts in excess of par or issuance value (in cases of no-par value stock) for nonredeemable preferred stock (or preferred stock redeemable solely at the option of the issuer) issued and outstanding, net of discount on shares. Aggregate for preferred stock issued and outstanding."
us-gaap:PreferredStockLiquidationPreferenceValue,us-gaap,PreferredStockLiquidationPreferenceValue,"Preferred Stock, Liquidation Preference, Value",Value of the difference between preference in liquidation and the par or stated values of the preferred shares.
us-gaap:PreferredStockNoParValue,us-gaap,PreferredStockNoParValue,"Preferred Stock, No Par Value",Face amount per share of no-par value preferred stock nonredeemable or redeemable solely at the option of the issuer.
us-gaap:PreferredStockParOrStatedValuePerShare,us-gaap,PreferredStockParOrStatedValuePerShare,"Preferred Stock, Par or Stated Value Per Share",Face amount or stated value per share of preferred stock nonredeemable or redeemable solely at the option of the issuer.
us-gaap:PreferredStockRedemptionPremium,us-gaap,PreferredStockRedemptionPremium,Preferred Stock Redemption Premium,"The excess of (1) fair value of the consideration transferred to the holders of the preferred stock over (2) the carrying amount of the preferred stock in the registrant's balance sheet, during the accounting period."
us-gaap:PreferredStockRedemptionPricePerShare,us-gaap,PreferredStockRedemptionPricePerShare,"Preferred Stock, Redemption Price Per Share",The price per share at which the preferred stock of an entity that has priority over common stock in the distribution of dividends and in the event of liquidation of the entity is redeemed or may be called at. The redemption features of this preferred stock are solely within the control of the issuer.
us-gaap:PreferredStockShareSubscriptions,us-gaap,PreferredStockShareSubscriptions,"Preferred Stock, Shares Subscribed but Unissued","The number of nonredeemable preferred stock (shares) (or preferred stock redeemable solely at the option of the issuer) allocated to investors to buy shares of a new issue of preferred stock before they are offered to the public. When stock is sold on a subscription basis, the issuer does not initially receive the total proceeds. In general, the issuer does not issue the shares to the investor until it receives the entire proceeds."
us-gaap:PreferredStockSharesAuthorized,us-gaap,PreferredStockSharesAuthorized,"Preferred Stock, Shares Authorized",The maximum number of nonredeemable preferred shares (or preferred stock redeemable solely at the option of the issuer) permitted to be issued by an entity's charter and bylaws.
us-gaap:PreferredStockSharesIssued,us-gaap,PreferredStockSharesIssued,"Preferred Stock, Shares Issued","Total number of nonredeemable preferred shares (or preferred stock redeemable solely at the option of the issuer) issued to shareholders (includes related preferred shares that were issued, repurchased, and remain in the treasury). May be all or portion of the number of preferred shares authorized. Excludes preferred shares that are classified as debt."
us-gaap:PreferredStockSharesOutstanding,us-gaap,PreferredStockSharesOutstanding,"Preferred Stock, Shares Outstanding",Aggregate share number for all nonredeemable preferred stock (or preferred stock redeemable solely at the option of the issuer) held by stockholders. Does not include preferred shares that have been repurchased.
us-gaap:PreferredStockValue,us-gaap,PreferredStockValue,"Preferred Stock, Value, Issued","Aggregate par or stated value of issued nonredeemable preferred stock (or preferred stock redeemable solely at the option of the issuer). This item includes treasury stock repurchased by the entity. Note: elements for number of nonredeemable preferred shares, par value and other disclosure concepts are in another section within stockholders' equity."
us-gaap:PreferredStockValueOutstanding,us-gaap,PreferredStockValueOutstanding,"Preferred Stock, Value, Outstanding","Value of all nonredeemable preferred stock (or preferred stock redeemable solely at the option of the issuer) held by shareholders, which is net of related treasury stock. May be all or a portion of the number of preferred shares authorized. These shares represent the ownership interest of the preferred shareholders."
us-gaap:PrepaidExpenseAndOtherAssetsCurrent,us-gaap,PrepaidExpenseAndOtherAssetsCurrent,"Prepaid Expense and Other Assets, Current","Amount of asset related to consideration paid in advance for costs that provide economic benefits in future periods, and amount of other assets that are expected to be realized or consumed within one year or the normal operating cycle, if longer."
us-gaap:PrepaidExpenseCurrent,us-gaap,PrepaidExpenseCurrent,"Prepaid Expense, Current","Amount of asset related to consideration paid in advance for costs that provide economic benefits within a future period of one year or the normal operating cycle, if longer."
us-gaap:PrepaidExpenseOtherNoncurrent,us-gaap,PrepaidExpenseOtherNoncurrent,"Prepaid Expense Other, Noncurrent","Carrying amount as of the balance sheet date of amounts paid in advance which will be charged against earnings in periods after one year or beyond the operating cycle, if longer."
us-gaap:PrepaidInsurance,us-gaap,PrepaidInsurance,Prepaid Insurance,"Amount of asset related to consideration paid in advance for insurance that provides economic benefits within a future period of one year or the normal operating cycle, if longer."
us-gaap:PrepaidRent,us-gaap,PrepaidRent,Prepaid Rent,"Amount of asset related to consideration paid in advance for rent that provides economic benefits within a future period of one year or the normal operating cycle, if longer."
us-gaap:PrepaidTaxes,us-gaap,PrepaidTaxes,Prepaid Taxes,"Amount of asset related to consideration paid in advance for income and other taxes that provide economic benefits within a future period of one year or the normal operating cycle, if longer."
us-gaap:PrincipalAmountOutstandingOfLoansHeldInPortfolio,us-gaap,PrincipalAmountOutstandingOfLoansHeldInPortfolio,Principal Amount Outstanding of Loans Held-in-portfolio,This is the result of the principal amount outstanding of total loans managed or securitized less securitized loans and loans that are in the process of being securitized.
us-gaap:PrincipalAmountOutstandingOnLoansSecuritized,us-gaap,PrincipalAmountOutstandingOnLoansSecuritized,Principal Amount Outstanding on Loans Securitized or Asset-backed Financing Arrangement,This is the principal amount outstanding for securitized loans only (across all types of loans).
us-gaap:PrincipalInvestmentGainsLosses,us-gaap,PrincipalInvestmentGainsLosses,Principal Investment Gain (Loss),"Amount of realized and unrealized gain (loss), from the firm's direct investment activity, conducted separately from customer trading activities, and includes, but is not limited to, investments in private equity, alternative investment products, real estate, and exchanges and memberships."
us-gaap:PrincipalTransactionsRevenue,us-gaap,PrincipalTransactionsRevenue,"Principal Transactions Revenue, Net","Amount of realized and unrealized gain (loss) resulting from the difference between acquisition price and selling price or fair value of trading assets and trading liabilities, and from the firm's direct investment activity, conducted separately from customer trading activities, including, but not limited to, investments in private equity, alternative investment products, real estate, and exchanges and memberships."
us-gaap:ProceedsFromCollectionOfAdvanceToAffiliate,us-gaap,ProceedsFromCollectionOfAdvanceToAffiliate,Proceeds from Collection of Advance to Affiliate,The cash inflow from the collection of money previously advanced to an entity that is related to it but not strictly controlled.
us-gaap:ProceedsFromCollectionOfNotesReceivable,us-gaap,ProceedsFromCollectionOfNotesReceivable,Proceeds from Collection of Notes Receivable,The cash inflow associated with principal collections from a borrowing supported by a written promise to pay an obligation.
us-gaap:ProceedsFromConvertibleDebt,us-gaap,ProceedsFromConvertibleDebt,Proceeds from Convertible Debt,"The cash inflow from the issuance of a long-term debt instrument which can be exchanged for a specified amount of another security, typically the entity's common stock, at the option of the issuer or the holder."
us-gaap:ProceedsFromDebtMaturingInMoreThanThreeMonths,us-gaap,ProceedsFromDebtMaturingInMoreThanThreeMonths,"Proceeds from Debt, Maturing in More than Three Months",The cash inflow from a borrowing having initial term of repayment of more than three months. Includes proceeds from long-term and short-term debt.
us-gaap:ProceedsFromDebtNetOfIssuanceCosts,us-gaap,ProceedsFromDebtNetOfIssuanceCosts,"Proceeds from Debt, Net of Issuance Costs","The cash inflow from additional borrowings, net of cash paid to third parties in connection with debt origination."
us-gaap:ProceedsFromDivestitureOfBusinesses,us-gaap,ProceedsFromDivestitureOfBusinesses,Proceeds from Divestiture of Businesses,"The cash inflow associated with the amount received from the sale of a portion of the company's business, for example a segment, division, branch or other business, during the period."
us-gaap:ProceedsFromHedgeFinancingActivities,us-gaap,ProceedsFromHedgeFinancingActivities,"Proceeds from Hedge, Financing Activities","The cash inflow from a financial contract that meets the hedge criteria as either cash flow hedge, fair value hedge or hedge of net investment in foreign operations."
us-gaap:ProceedsFromIncomeTaxRefunds,us-gaap,ProceedsFromIncomeTaxRefunds,Proceeds from Income Tax Refunds,The amount of cash received during the period as refunds for the overpayment of taxes.
us-gaap:ProceedsFromIssuanceInitialPublicOffering,us-gaap,ProceedsFromIssuanceInitialPublicOffering,Proceeds from Issuance Initial Public Offering,The cash inflow associated with the amount received from entity's first offering of stock to the public.
us-gaap:ProceedsFromIssuanceOfCommercialPaper,us-gaap,ProceedsFromIssuanceOfCommercialPaper,Proceeds from Issuance of Commercial Paper,The cash inflow from borrowing by issuing commercial paper.
us-gaap:ProceedsFromIssuanceOfCommonStock,us-gaap,ProceedsFromIssuanceOfCommonStock,Proceeds from Issuance of Common Stock,The cash inflow from the additional capital contribution to the entity.
us-gaap:ProceedsFromIssuanceOfDebt,us-gaap,ProceedsFromIssuanceOfDebt,Proceeds from Issuance of Debt,The cash inflow during the period from additional borrowings in aggregate debt. Includes proceeds from short-term and long-term debt.
us-gaap:ProceedsFromIssuanceOfLongTermDebt,us-gaap,ProceedsFromIssuanceOfLongTermDebt,Proceeds from Issuance of Long-term Debt,"The cash inflow from a debt initially having maturity due after one year or beyond the operating cycle, if longer."
us-gaap:ProceedsFromIssuanceOfLongTermDebtAndCapitalSecuritiesNet,us-gaap,ProceedsFromIssuanceOfLongTermDebtAndCapitalSecuritiesNet,"Proceeds from Issuance of Long-term Debt and Capital Securities, Net","The cash inflow associated with security instrument that either represents a creditor or an ownership relationship with the holder of the investment security with a maturity of beyond one year or normal operating cycle, if longer. Includes proceeds from (a) debt, (b) capital lease obligations, (c) mandatory redeemable capital securities, and (d) any combination of (a), (b), or (c)."
us-gaap:ProceedsFromIssuanceOfPreferredStockAndPreferenceStock,us-gaap,ProceedsFromIssuanceOfPreferredStockAndPreferenceStock,Proceeds from Issuance of Preferred Stock and Preference Stock,Proceeds from issuance of capital stock which provides for a specific dividend that is paid to the shareholders before any dividends to common stockholders and which takes precedence over common stockholders in the event of liquidation.
us-gaap:ProceedsFromIssuanceOfPrivatePlacement,us-gaap,ProceedsFromIssuanceOfPrivatePlacement,Proceeds from Issuance of Private Placement,The cash inflow associated with the amount received from entity's raising of capital via private rather than public placement.
us-gaap:ProceedsFromIssuanceOfRedeemablePreferredStock,us-gaap,ProceedsFromIssuanceOfRedeemablePreferredStock,Proceeds from Issuance of Redeemable Preferred Stock,The cash inflow from issuance of preferred stock that is classified as callable.
us-gaap:ProceedsFromIssuanceOfSharesUnderIncentiveAndShareBasedCompensationPlansIncludingStockOptions,us-gaap,ProceedsFromIssuanceOfSharesUnderIncentiveAndShareBasedCompensationPlansIncludingStockOptions,"Proceeds, Issuance of Shares, Share-based Payment Arrangement, Including Option Exercised","Amount of cash inflow from issuance of shares under share-based payment arrangement. Includes, but is not limited to, option exercised."
us-gaap:ProceedsFromIssuanceOfUnsecuredDebt,us-gaap,ProceedsFromIssuanceOfUnsecuredDebt,Proceeds from Issuance of Unsecured Debt,The cash inflow from the issuance of long-term debt that is not secured by collateral. Excludes proceeds from tax exempt unsecured debt.
us-gaap:ProceedsFromIssuanceOfWarrants,us-gaap,ProceedsFromIssuanceOfWarrants,Proceeds from Issuance of Warrants,The cash inflow from issuance of rights to purchase common shares at predetermined price (usually issued together with corporate debt).
us-gaap:ProceedsFromIssuanceOrSaleOfEquity,us-gaap,ProceedsFromIssuanceOrSaleOfEquity,Proceeds from Issuance or Sale of Equity,"The cash inflow from the issuance of common stock, preferred stock, treasury stock, stock options, and other types of equity."
us-gaap:ProceedsFromLinesOfCredit,us-gaap,ProceedsFromLinesOfCredit,Proceeds from Lines of Credit,"Amount of cash inflow from contractual arrangement with the lender, including but not limited to, letter of credit, standby letter of credit and revolving credit arrangements."
us-gaap:ProceedsFromMaturitiesPrepaymentsAndCallsOfAvailableForSaleSecurities,us-gaap,ProceedsFromMaturitiesPrepaymentsAndCallsOfAvailableForSaleSecurities,"Proceeds from Maturities, Prepayments and Calls of Debt Securities, Available-for-sale","Amount of cash inflow from maturity, prepayment and call of investment in debt security measured at fair value with change in fair value recognized in other comprehensive income (available-for-sale)."
us-gaap:ProceedsFromMaturitiesPrepaymentsAndCallsOfHeldToMaturitySecurities,us-gaap,ProceedsFromMaturitiesPrepaymentsAndCallsOfHeldToMaturitySecurities,"Proceeds from Maturities, Prepayments and Calls of Held-to-maturity Securities","The cash inflow associated with the maturity, prepayments and calls (requests for early payments) of debt securities designated as held-to-maturity."
us-gaap:ProceedsFromMinorityShareholders,us-gaap,ProceedsFromMinorityShareholders,Proceeds from Noncontrolling Interests,"Amount of cash inflow from a noncontrolling interest. Includes, but is not limited to, purchase of additional shares or other increase in noncontrolling interest ownership."
us-gaap:ProceedsFromOtherDebt,us-gaap,ProceedsFromOtherDebt,Proceeds from Other Debt,Amount of cash inflow from debt classified as other.
us-gaap:ProceedsFromOtherShortTermDebt,us-gaap,ProceedsFromOtherShortTermDebt,Proceeds from Other Short-term Debt,Amount of cash inflow from short-term debt classified as other.
us-gaap:ProceedsFromPaymentsForFederalFundsSoldAndSecuritiesPurchasedUnderAgreementsToResellNet,us-gaap,ProceedsFromPaymentsForFederalFundsSoldAndSecuritiesPurchasedUnderAgreementsToResellNet,"Proceeds from (Payments for) Federal Funds Sold and Securities Purchased under Agreements to Resell, Net",The cash flow from the funds lent to and (borrowed from) other financial reporting institutions arising from excess or shortfall in reserve deposited at the Federal Reserve Bank to meet legal requirements. This lending and borrowing is usually contracted on an overnight basis at an agreed rate of interest. Also include cash outflow or inflow from investments purchased under the agreement to resell such investment.
us-gaap:ProceedsFromPaymentsForInInterestBearingDepositsInBanks,us-gaap,ProceedsFromPaymentsForInInterestBearingDepositsInBanks,Proceeds from (Payments for) in Interest-bearing Deposits in Banks,"The net cash inflow or outflow in Interest-bearing Deposits by banks in other financial institutions for relatively short periods of time including, for example, certificates of deposits."
us-gaap:ProceedsFromPaymentsForOtherFinancingActivities,us-gaap,ProceedsFromPaymentsForOtherFinancingActivities,Proceeds from (Payments for) Other Financing Activities,Amount of cash inflow (outflow) from financing activities classified as other.
us-gaap:ProceedsFromPaymentsForSecuritiesPurchasedUnderAgreementsToResell,us-gaap,ProceedsFromPaymentsForSecuritiesPurchasedUnderAgreementsToResell,Proceeds from (Payments for) Securities Purchased under Agreements to Resell,The net cash flow from purchases followed by sales of securities under terms of reverse repurchase agreements.
us-gaap:ProceedsFromPaymentsToMinorityShareholders,us-gaap,ProceedsFromPaymentsToMinorityShareholders,Proceeds from (Payments to) Noncontrolling Interests,Amount of cash inflow (outflow) from (to) a noncontrolling interest. Excludes dividends paid to the noncontrolling interest.
us-gaap:ProceedsFromRepaymentsOfCommercialPaper,us-gaap,ProceedsFromRepaymentsOfCommercialPaper,Proceeds from (Repayments of) Commercial Paper,The net cash inflow or cash outflow from issuing (borrowing) and repaying commercial paper.
us-gaap:ProceedsFromRepaymentsOfLongTermDebtAndCapitalSecurities,us-gaap,ProceedsFromRepaymentsOfLongTermDebtAndCapitalSecurities,Proceeds from (Repayments of) Long-term Debt and Capital Securities,"Amount of cash inflow (outflow) from long-term debt, including capital lease obligations and mandatory redeemable capital securities."
us-gaap:ProceedsFromRepaymentsOfOtherDebt,us-gaap,ProceedsFromRepaymentsOfOtherDebt,Proceeds from (Repayments of) Other Debt,Amount of cash inflow (outflow) for debt classified as other.
us-gaap:ProceedsFromRepaymentsOfSecuredDebt,us-gaap,ProceedsFromRepaymentsOfSecuredDebt,Proceeds from (Repayments of) Secured Debt,Amount of cash inflow (outflow) from long-term debt wholly or partially secured by collateral. Excludes tax exempt secured debt.
us-gaap:ProceedsFromRepaymentsOfShortTermDebt,us-gaap,ProceedsFromRepaymentsOfShortTermDebt,Proceeds from (Repayments of) Short-term Debt,"The net cash inflow or outflow for borrowing having initial term of repayment within one year or the normal operating cycle, if longer."
us-gaap:ProceedsFromRepaymentsOfShortTermDebtMaturingInMoreThanThreeMonths,us-gaap,ProceedsFromRepaymentsOfShortTermDebtMaturingInMoreThanThreeMonths,"Proceeds from (Repayments of) Short-term Debt, Maturing in More than Three Months",The cash inflow from a borrowing net of the cash outflow from repayment of a borrowing having initial term of repayment of more than three months but less than one year or one operating cycle (if the normal cycle is more than one year).
us-gaap:ProceedsFromRepaymentsOfShortTermDebtMaturingInThreeMonthsOrLess,us-gaap,ProceedsFromRepaymentsOfShortTermDebtMaturingInThreeMonthsOrLess,"Proceeds from (Repayments of) Short-term Debt, Maturing in Three Months or Less",The cash inflow from a borrowing net of the cash outflow from repayment of a borrowing having initial term of repayment within three months.
us-gaap:ProceedsFromRoyaltiesReceived,us-gaap,ProceedsFromRoyaltiesReceived,Proceeds from Royalties Received,Cash received for royalties during the current period.
us-gaap:ProceedsFromSaleAndCollectionOfReceivables,us-gaap,ProceedsFromSaleAndCollectionOfReceivables,Proceeds from Sale and Collection of Receivables,The cash inflow associated with the proceeds from sale and collection of receivables during the period.
us-gaap:ProceedsFromSaleAndMaturityOfMarketableSecurities,us-gaap,ProceedsFromSaleAndMaturityOfMarketableSecurities,Proceeds from Sale and Maturity of Marketable Securities,The cash inflow associated with the aggregate amount received by the entity through sale or maturity of marketable securities (held-to-maturity or available-for-sale) during the period.
us-gaap:ProceedsFromSaleAndMaturityOfOtherInvestments,us-gaap,ProceedsFromSaleAndMaturityOfOtherInvestments,Proceeds from Sale and Maturity of Other Investments,"The cash inflow associated with the sale and maturity (principal being due) of other investments, prepayment and call (request of early payment) of other investments not otherwise defined in the taxonomy."
us-gaap:ProceedsFromSaleMaturityAndCollectionOfShorttermInvestments,us-gaap,ProceedsFromSaleMaturityAndCollectionOfShorttermInvestments,"Proceeds from Sale, Maturity and Collection of Short-term Investments","The cash inflow from sales, maturities, prepayments, calls and collections of all investments, including securities and other assets, having ready marketability and intended by management to be liquidated, if necessary, within the current operating cycle. Includes cash flows from securities classified as trading securities that were acquired for reasons other than sale in the short-term."
us-gaap:ProceedsFromSaleMaturityAndCollectionsOfInvestments,us-gaap,ProceedsFromSaleMaturityAndCollectionsOfInvestments,"Proceeds from Sale, Maturity and Collection of Investments","The cash inflow associated with the sale, maturity and collection of all investments such as debt, security and so forth during the period."
us-gaap:ProceedsFromSaleOfAvailableForSaleSecurities,us-gaap,ProceedsFromSaleOfAvailableForSaleSecurities,Proceeds from Sale of Available-for-sale Securities,The cash inflow associated with the sale of debt and equity securities classified as available-for-sale securities.
us-gaap:ProceedsFromSaleOfAvailableForSaleSecuritiesDebt,us-gaap,ProceedsFromSaleOfAvailableForSaleSecuritiesDebt,"Proceeds from Sale of Debt Securities, Available-for-sale",Amount of cash inflow from sale of investment in debt security measured at fair value with change in fair value recognized in other comprehensive income (available-for-sale).
us-gaap:ProceedsFromSaleOfEquitySecuritiesFvNi,us-gaap,ProceedsFromSaleOfEquitySecuritiesFvNi,,
us-gaap:ProceedsFromSaleOfFinanceReceivables,us-gaap,ProceedsFromSaleOfFinanceReceivables,Proceeds from Sale of Finance Receivables,The cash inflow associated with the sale of receivables arising from the financing of goods and services.
us-gaap:ProceedsFromSaleOfLoansAndLeasesHeldForInvestment,us-gaap,ProceedsFromSaleOfLoansAndLeasesHeldForInvestment,Proceeds from Sale of Loans and Leases Held-for-investment,"The net cash inflow from (a) sales of loans held-for-investment, (b) sales of leases held-for-investment, and (c) both. Includes proceeds from securitizations of loans."
us-gaap:ProceedsFromSaleOfProductiveAssets,us-gaap,ProceedsFromSaleOfProductiveAssets,Proceeds from Sale of Productive Assets,"The cash inflow from the sale of property, plant and equipment (capital expenditures), software, and other intangible assets."
us-gaap:ProceedsFromSaleOfPropertyPlantAndEquipment,us-gaap,ProceedsFromSaleOfPropertyPlantAndEquipment,"Proceeds from Sale of Property, Plant, and Equipment","The cash inflow from the sale of long-lived, physical assets that are used in the normal conduct of business to produce goods and services and not intended for resale."
us-gaap:ProceedsFromSaleOfShortTermInvestments,us-gaap,ProceedsFromSaleOfShortTermInvestments,Proceeds from Sale of Short-term Investments,"The cash inflow from sales of all investments, including securities and other assets, having ready marketability and intended by management to be liquidated, if necessary, within the current operating cycle. Includes cash flows from securities classified as trading securities that were acquired for reasons other than sale in the short-term."
us-gaap:ProceedsFromSaleOfTreasuryStock,us-gaap,ProceedsFromSaleOfTreasuryStock,Proceeds from Sale of Treasury Stock,The cash inflow from the issuance of an equity stock that has been previously reacquired by the entity.
us-gaap:ProceedsFromSalesOfBusinessAffiliateAndProductiveAssets,us-gaap,ProceedsFromSalesOfBusinessAffiliateAndProductiveAssets,"Proceeds from Sales of Business, Affiliate and Productive Assets","Aggregate cash proceeds received from a combination of transactions in which noncurrent assets are sold, which may include the sale of a business, an investment in an affiliate (including an equity method investee), property, plant and equipment and intangible assets. Excludes sales of trading, available-for-sale, and held-to-maturity securities."
us-gaap:ProceedsFromSecuredNotesPayable,us-gaap,ProceedsFromSecuredNotesPayable,Proceeds from Secured Notes Payable,"The cash inflow from borrowings supported by a written promise to pay an obligation that is collateralized (backed by pledge, mortgage or other lien in the entity's assets)."
us-gaap:ProceedsFromShortTermDebt,us-gaap,ProceedsFromShortTermDebt,Proceeds from Short-term Debt,"The cash inflow from a borrowing having initial term of repayment within one year or the normal operating cycle, if longer."
us-gaap:ProceedsFromShortTermDebtMaturingInMoreThanThreeMonths,us-gaap,ProceedsFromShortTermDebtMaturingInMoreThanThreeMonths,"Proceeds from Short-term Debt, Maturing in More than Three Months",The cash inflow from a borrowing having initial term of repayment of more than three months but less than one year or one operating cycle (if the normal cycle is more than one year).
us-gaap:ProceedsFromShortTermDebtMaturingInThreeMonthsOrLess,us-gaap,ProceedsFromShortTermDebtMaturingInThreeMonthsOrLess,"Proceeds from Short-term Debt, Maturing in Three Months or Less",The cash inflow from a borrowing having initial term of repayment within three months.
us-gaap:ProceedsFromStockOptionsExercised,us-gaap,ProceedsFromStockOptionsExercised,Proceeds from Stock Options Exercised,Amount of cash inflow from exercise of option under share-based payment arrangement.
us-gaap:ProceedsFromStockPlans,us-gaap,ProceedsFromStockPlans,Proceeds from Stock Plans,The cash inflow associated with the amount received from the stock plan during the period.
us-gaap:ProductLiabilityAccrualPeriodExpense,us-gaap,ProductLiabilityAccrualPeriodExpense,"Product Liability Accrual, Period Expense",The amount of loss reported during the period pertaining to product liability.
us-gaap:ProductWarrantyAccrual,us-gaap,ProductWarrantyAccrual,Standard and Extended Product Warranty Accrual,Carrying value as of the balance sheet date of obligations incurred through that date and payable for estimated claims under standard and extended warranty protection rights granted to customers.
us-gaap:ProductWarrantyAccrualAdditionsFromBusinessAcquisition,us-gaap,ProductWarrantyAccrualAdditionsFromBusinessAcquisition,"Standard and Extended Product Warranty Accrual, Additions from Business Acquisition",Amount of increase in the standard and extended product warranty accrual from a business acquisition.
us-gaap:ProductWarrantyAccrualClassifiedCurrent,us-gaap,ProductWarrantyAccrualClassifiedCurrent,"Product Warranty Accrual, Current","Carrying value as of the balance sheet date of obligations incurred through that date and payable for estimated claims under standard and extended warranty protection rights granted to customers. For classified balance sheets, represents the current portion of the liabilities (due within one year or within the normal operating cycle if longer)."
us-gaap:ProductWarrantyAccrualNoncurrent,us-gaap,ProductWarrantyAccrualNoncurrent,"Product Warranty Accrual, Noncurrent",Carrying value as of the balance sheet date of obligations incurred through that date and due after one year (or beyond the operating cycle if longer) for estimated claims under standard and extended warranty protection rights granted to customers.
us-gaap:ProductWarrantyAccrualPayments,us-gaap,ProductWarrantyAccrualPayments,"Standard and Extended Product Warranty Accrual, Decrease for Payments",Amount of decrease in the standard and extended product warranty accrual from payments made in cash or in kind to satisfy claims under the terms of the standard and extended product warranty.
us-gaap:ProductWarrantyAccrualPeriodIncreaseDecrease,us-gaap,ProductWarrantyAccrualPeriodIncreaseDecrease,"Standard and Extended Product Warranty Accrual, Period Increase (Decrease)",Amount of increase (decrease) in the standard and extended product warranty liability.
us-gaap:ProductWarrantyAccrualPreexistingIncreaseDecrease,us-gaap,ProductWarrantyAccrualPreexistingIncreaseDecrease,"Standard and Extended Product Warranty Accrual, Increase (Decrease) for Preexisting Warranties",Amount of increase (decrease) in the standard and extended product warranty accrual from changes in estimates attributable to preexisting product warranties.
us-gaap:ProductWarrantyAccrualWarrantiesIssued,us-gaap,ProductWarrantyAccrualWarrantiesIssued,"Standard and Extended Product Warranty Accrual, Increase for Warranties Issued",Amount of increase in the standard and extended product warranty accrual from warranties issued.
us-gaap:ProductWarrantyExpense,us-gaap,ProductWarrantyExpense,Product Warranty Expense,The expense charged against earnings for the period pertaining to standard and extended warranties on the entity's goods and services granted to customers.
us-gaap:ProfessionalAndContractServicesExpense,us-gaap,ProfessionalAndContractServicesExpense,Professional and Contract Services Expense,"Professional and contract service expense includes cost reimbursements for support services related to contracted projects, outsourced management, technical and staff support."
us-gaap:ProfitLoss,us-gaap,ProfitLoss,"Net Income (Loss), Including Portion Attributable to Noncontrolling Interest","The consolidated profit or loss for the period, net of income taxes, including the portion attributable to the noncontrolling interest."
us-gaap:ProjectsThatHaveExploratoryWellCostsThatHaveBeenCapitalizedForPeriodGreaterThanOneYear,us-gaap,ProjectsThatHaveExploratoryWellCostsThatHaveBeenCapitalizedForPeriodGreaterThanOneYear,"Projects that have Exploratory Well Costs that have been Capitalized for Period Greater than One Year, Number of Projects",The number of projects for which exploratory well costs have been capitalized for a period of greater than one year after the completion of drilling.
us-gaap:PropertyPlantAndEquipmentAdditions,us-gaap,PropertyPlantAndEquipmentAdditions,"Property, Plant and Equipment, Additions","Amount of acquisition of long-lived, physical assets used in the normal conduct of business and not intended for resale. Examples include, but are not limited to, land, buildings, machinery and equipment, office equipment, furniture and fixtures, and computer equipment."
us-gaap:PropertyPlantAndEquipmentAndFinanceLeaseRightOfUseAssetAccumulatedDepreciationAndAmortization,us-gaap,PropertyPlantAndEquipmentAndFinanceLeaseRightOfUseAssetAccumulatedDepreciationAndAmortization,"Property, Plant, and Equipment and Finance Lease Right-of-Use Asset, Accumulated Depreciation and Amortization","Amount of accumulated depreciation and amortization from plant, property, and equipment and right-of-use asset from finance lease."
us-gaap:PropertyPlantAndEquipmentAndFinanceLeaseRightOfUseAssetAfterAccumulatedDepreciationAndAmortization,us-gaap,PropertyPlantAndEquipmentAndFinanceLeaseRightOfUseAssetAfterAccumulatedDepreciationAndAmortization,"Property, Plant, and Equipment and Finance Lease Right-of-Use Asset, after Accumulated Depreciation and Amortization","Amount, after accumulated depreciation and amortization, of property, plant, and equipment and finance lease right-of-use asset."
us-gaap:PropertyPlantAndEquipmentAndFinanceLeaseRightOfUseAssetBeforeAccumulatedDepreciationAndAmortization,us-gaap,PropertyPlantAndEquipmentAndFinanceLeaseRightOfUseAssetBeforeAccumulatedDepreciationAndAmortization,"Property, Plant, and Equipment and Finance Lease Right-of-Use Asset, before Accumulated Depreciation and Amortization","Amount, before accumulated depreciation and amortization, of property, plant, and equipment and finance lease right-of-use asset."
us-gaap:PropertyPlantAndEquipmentDisposals,us-gaap,PropertyPlantAndEquipmentDisposals,"Property, Plant and Equipment, Disposals","Amount of divestiture of long-lived, physical assets used in the normal conduct of business and not intended for resale. Examples include, but are not limited to, land, buildings, machinery and equipment, office equipment, furniture and fixtures, and computer equipment."
us-gaap:PropertyPlantAndEquipmentGross,us-gaap,PropertyPlantAndEquipmentGross,"Property, Plant and Equipment, Gross","Amount before accumulated depreciation, depletion and amortization of physical assets used in the normal conduct of business and not intended for resale. Examples include, but are not limited to, land, buildings, machinery and equipment, office equipment, and furniture and fixtures."
us-gaap:PropertyPlantAndEquipmentNet,us-gaap,PropertyPlantAndEquipmentNet,"Property, Plant and Equipment, Net","Amount after accumulated depreciation, depletion and amortization of physical assets used in the normal conduct of business to produce goods and services and not intended for resale. Examples include, but are not limited to, land, buildings, machinery and equipment, office equipment, and furniture and fixtures."
us-gaap:PropertyPlantAndEquipmentUsefulLifeMaximum,us-gaap,PropertyPlantAndEquipmentUsefulLifeMaximum,"Property, Plant and Equipment, Useful Life, Maximum (Deprecated 2012-01-31)","The maximum useful life of long-lived, physical assets used in the normal conduct of business and not intended for resale. Examples include land, buildings, machinery and equipment, and other types of furniture and equipment including, but not limited to, office equipment, furniture and fixtures, and computer equipment and software."
us-gaap:PropertyPlantAndEquipmentUsefulLifeMinimum,us-gaap,PropertyPlantAndEquipmentUsefulLifeMinimum,"Property, Plant and Equipment, Useful Life, Minimum (Deprecated 2012-01-31)","The minimum useful life of long lived, physical assets used in the normal conduct of business and not intended for resale. Examples include land, buildings, machinery and equipment, and other types of furniture and equipment including, but not limited to, office equipment, furniture and fixtures, and computer equipment and software."
us-gaap:PropertySubjectToOrAvailableForOperatingLeaseAccumulatedDepreciation,us-gaap,PropertySubjectToOrAvailableForOperatingLeaseAccumulatedDepreciation,"Property Subject to or Available for Operating Lease, Accumulated Depreciation","The amount of accumulated depreciation, by major property class, recorded on property subject to or available for lease as of the balance sheet date."
us-gaap:PropertySubjectToOrAvailableForOperatingLeaseGross,us-gaap,PropertySubjectToOrAvailableForOperatingLeaseGross,"Property Subject to or Available for Operating Lease, Gross",Amount before accumulated depreciation of physical assets used in the normal conduct of business to produce goods and services subject to or available for lease.
us-gaap:PropertySubjectToOrAvailableForOperatingLeaseNet,us-gaap,PropertySubjectToOrAvailableForOperatingLeaseNet,"Property Subject to or Available for Operating Lease, Net","The amount of property, by major property class, net of accumulated depreciation, subject to or available for lease as of the balance sheet date."
us-gaap:ProvisionForDoubtfulAccounts,us-gaap,ProvisionForDoubtfulAccounts,"Accounts Receivable, Credit Loss Expense (Reversal)",Amount of expense (reversal of expense) for expected credit loss on accounts receivable.
us-gaap:ProvisionForLoanAndLeaseLosses,us-gaap,ProvisionForLoanAndLeaseLosses,Provision for Loan and Lease Losses,Amount of expense related to estimated loss from loan and lease transactions.
us-gaap:ProvisionForLoanLeaseAndOtherLosses,us-gaap,ProvisionForLoanLeaseAndOtherLosses,"Provision for Loan, Lease, and Other Losses","Amount of expense related loan transactions, lease transactions, credit loss from transactions other than loan and lease transactions, and other loss based on assessment of uncollectability from the counterparty to reduce the account to their net realizable value."
us-gaap:ProvisionForLoanLossesExpensed,us-gaap,ProvisionForLoanLossesExpensed,"Financing Receivable, Credit Loss, Expense (Reversal)",Amount of credit loss expense (reversal of expense) for financing receivable.
us-gaap:ProvisionForOtherLosses,us-gaap,ProvisionForOtherLosses,Provision for Other Losses,Amount of expense related to other loss.
us-gaap:PurchaseObligation,us-gaap,PurchaseObligation,Purchase Obligation,Minimum amount of purchase arrangement in which the entity has agreed to expend funds to procure goods or services from a supplier.
us-gaap:PurchaseObligationDueAfterFifthYear,us-gaap,PurchaseObligationDueAfterFifthYear,"Purchase Obligation, to be Paid, after Year Five","Amount of purchase arrangement to be paid after fifth fiscal year following current fiscal year. Includes, but is not limited to, recorded and unrecorded purchase obligations, long-term purchase commitment, and short-term purchase commitment. Excludes interim and annual periods when interim periods are reported from current statement of financial position date (rolling approach)."
us-gaap:PurchaseObligationDueInFifthYear,us-gaap,PurchaseObligationDueInFifthYear,"Purchase Obligation, to be Paid, Year Five","Amount of purchase arrangement to be paid in fifth fiscal year following current fiscal year. Includes, but is not limited to, recorded and unrecorded purchase obligations, long-term purchase commitment, and short-term purchase commitment. Excludes interim and annual periods when interim periods are reported from current statement of financial position date (rolling approach)."
us-gaap:PurchaseObligationDueInFourthYear,us-gaap,PurchaseObligationDueInFourthYear,"Purchase Obligation, to be Paid, Year Four","Amount of purchase arrangement to be paid in fourth fiscal year following current fiscal year. Includes, but is not limited to, recorded and unrecorded purchase obligations, long-term purchase commitment, and short-term purchase commitment. Excludes interim and annual periods when interim periods are reported from current statement of financial position date (rolling approach)."
us-gaap:PurchaseObligationDueInNextTwelveMonths,us-gaap,PurchaseObligationDueInNextTwelveMonths,"Purchase Obligation, to be Paid, Year One","Amount of purchase arrangement to be paid in next fiscal year following current fiscal year. Includes, but is not limited to, recorded and unrecorded purchase obligations, long-term purchase commitment, and short-term purchase commitment. Excludes interim and annual periods when interim periods are reported from current statement of financial position date (rolling approach)."
us-gaap:PurchaseObligationDueInSecondYear,us-gaap,PurchaseObligationDueInSecondYear,"Purchase Obligation, to be Paid, Year Two","Amount of purchase arrangement to be paid in second fiscal year following current fiscal year. Includes, but is not limited to, recorded and unrecorded purchase obligations, long-term purchase commitment, and short-term purchase commitment. Excludes interim and annual periods when interim periods are reported from current statement of financial position date (rolling approach)."
us-gaap:PurchaseObligationDueInThirdYear,us-gaap,PurchaseObligationDueInThirdYear,"Purchase Obligation, to be Paid, Year Three","Amount of purchase arrangement to be paid in third fiscal year following current fiscal year. Includes, but is not limited to, recorded and unrecorded purchase obligations, long-term purchase commitment, and short-term purchase commitment. Excludes interim and annual periods when interim periods are reported from current statement of financial position date (rolling approach)."
us-gaap:PurchaseObligationFutureMinimumPaymentsRemainderOfFiscalYear,us-gaap,PurchaseObligationFutureMinimumPaymentsRemainderOfFiscalYear,"Purchase Obligation, to be Paid, Remainder of Fiscal Year","Amount of purchase arrangement to be paid in remainder of current fiscal year. Includes, but is not limited to, recorded and unrecorded purchase obligations, long-term purchase commitment, and short-term purchase commitment."
us-gaap:QualifiedAffordableHousingProjectInvestmentsCommitment,us-gaap,QualifiedAffordableHousingProjectInvestmentsCommitment,"Qualified Affordable Housing Project Investments, Commitment",Amount of commitment or contingent commitments to qualified affordable housing project investments.
us-gaap:QualitativeAndQuantitativeInformationAssetsOrLiabilitiesForTransferorsContinuingInvolvementInSecuritizationOrAssetbackedFinancingArrangementPrincipalAmountsOutstanding,us-gaap,QualitativeAndQuantitativeInformationAssetsOrLiabilitiesForTransferorsContinuingInvolvementInSecuritizationOrAssetbackedFinancingArrangementPrincipalAmountsOutstanding,"Qualitative and Quantitative Information, Transferor's Continuing Involvement, Principal Amount Outstanding (Deprecated 2014-01-31)","The total principal outstanding of financial assets transferred in a securitization, asset-backed financing arrangement, or similar transfer that has been accounted for as sales and in which the transferor continues to have involvement, including both the derecognized and recognized portion of such transferred assets."
us-gaap:QuantifyingMisstatementInCurrentYearFinancialStatementsAmount,us-gaap,QuantifyingMisstatementInCurrentYearFinancialStatementsAmount,"Quantifying Misstatement in Current Year Financial Statements, Amount",Amount of each individual error being corrected in the correcting adjustment.
us-gaap:RealEstateAcquiredThroughForeclosure,us-gaap,RealEstateAcquiredThroughForeclosure,Real Estate Acquired Through Foreclosure,Carrying amount as of the balance sheet date of land and buildings obtained through foreclosure proceedings or defeasance in full or partial satisfaction of a debt arrangement.
us-gaap:RealizedInvestmentGainsLosses,us-gaap,RealizedInvestmentGainsLosses,Realized Investment Gains (Losses),Amount of realized gain (loss) on investment.
us-gaap:ReceivablesNetCurrent,us-gaap,ReceivablesNetCurrent,"Receivables, Net, Current","The total amount due to the entity within one year of the balance sheet date (or one operating cycle, if longer) from outside sources, including trade accounts receivable, notes and loans receivable, as well as any other types of receivables, net of allowances established for the purpose of reducing such receivables to an amount that approximates their net realizable value."
us-gaap:ReclassificationFromAccumulatedOtherComprehensiveIncomeCurrentPeriodBeforeTax,us-gaap,ReclassificationFromAccumulatedOtherComprehensiveIncomeCurrentPeriodBeforeTax,"Reclassification from Accumulated Other Comprehensive Income, Current Period, before Tax",Amount before tax of reclassification adjustments of other comprehensive income (loss).
us-gaap:ReclassificationFromAccumulatedOtherComprehensiveIncomeCurrentPeriodNetOfTax,us-gaap,ReclassificationFromAccumulatedOtherComprehensiveIncomeCurrentPeriodNetOfTax,"Reclassification from Accumulated Other Comprehensive Income, Current Period, Net of Tax",Amount after tax of reclassification adjustments of other comprehensive income (loss).
us-gaap:ReclassificationFromAociCurrentPeriodBeforeTaxAttributableToParent,us-gaap,ReclassificationFromAociCurrentPeriodBeforeTaxAttributableToParent,"Reclassification from AOCI, Current Period, before Tax, Attributable to Parent",Amount before tax of reclassification adjustments of other comprehensive income (loss) attributable to parent.
us-gaap:ReclassificationFromAociCurrentPeriodNetOfTaxAttributableToParent,us-gaap,ReclassificationFromAociCurrentPeriodNetOfTaxAttributableToParent,"Reclassification from AOCI, Current Period, Net of Tax, Attributable to Parent",Amount after tax of reclassification adjustments of other comprehensive income (loss) attributable to parent.
us-gaap:ReclassificationToWellFacilitiesAndEquipmentBasedOnDeterminationOfProvedReserves,us-gaap,ReclassificationToWellFacilitiesAndEquipmentBasedOnDeterminationOfProvedReserves,"Reclassification to Well, Facilities, and Equipment Based on Determination of Proved Reserves",Previously capitalized costs of the drilling of wells that were reclassified as part of the costs of the enterprise's wells and related equipment and facilities at the time that proved reserves were found.
us-gaap:ReclassificationsOfTemporaryToPermanentEquity,us-gaap,ReclassificationsOfTemporaryToPermanentEquity,Reclassifications of Temporary to Permanent Equity,The difference between the carrying amount of a financial instrument subject to a registration payment arrangement recorded as temporary equity prior to adoption of FSP EITF 00-19-2 and the carrying amount reclassified to permanent equity upon the adoption of FSP EITF 00-19-2. Recorded as a cumulative effect adjustment to the beginning balance of retained earnings. Does not apply to registration payment arrangements that are no longer outstanding upon adoption of FSP EITF 00-19-2.
us-gaap:RecognitionOfDeferredRevenue,us-gaap,RecognitionOfDeferredRevenue,Recognition of Deferred Revenue,"The amount of previously reported deferred or unearned revenue that was recognized as revenue during the period. For cash flows, this element primarily pertains to amortization of deferred credits on long-term arrangements. As a noncash item, it is deducted from net income when calculating cash provided by or used in operations using the indirect method."
us-gaap:RedeemableNoncontrollingInterestEquityCarryingAmount,us-gaap,RedeemableNoncontrollingInterestEquityCarryingAmount,"Redeemable Noncontrolling Interest, Equity, Carrying Amount","As of the reporting date, the aggregate carrying amount of all noncontrolling interests which are redeemable by the (parent) entity (1) at a fixed or determinable price on a fixed or determinable date, (2) at the option of the holder of the noncontrolling interest, or (3) upon occurrence of an event that is not solely within the control of the (parent) entity. This item includes noncontrolling interest holder's ownership (or holders' ownership) regardless of the type of equity interest (common, preferred, other) including all potential organizational (legal) forms of the investee entity."
us-gaap:RelatedPartyTransactionAmountsOfTransaction,us-gaap,RelatedPartyTransactionAmountsOfTransaction,"Related Party Transaction, Amounts of Transaction",Amount of transactions with related party during the financial reporting period.
us-gaap:RepaymentsOfCommercialPaper,us-gaap,RepaymentsOfCommercialPaper,Repayments of Commercial Paper,The cash outflow due to repaying amounts borrowed by issuing commercial paper.
us-gaap:RepaymentsOfConvertibleDebt,us-gaap,RepaymentsOfConvertibleDebt,Repayments of Convertible Debt,"The cash outflow from the repayment of a long-term debt instrument which can be exchanged for a specified amount of another security, typically the entity's common stock, at the option of the issuer or the holder."
us-gaap:RepaymentsOfDebt,us-gaap,RepaymentsOfDebt,Repayments of Debt,The cash outflow during the period from the repayment of aggregate short-term and long-term debt. Excludes payment of capital lease obligations.
us-gaap:RepaymentsOfDebtAndCapitalLeaseObligations,us-gaap,RepaymentsOfDebtAndCapitalLeaseObligations,Repayments of Debt and Lease Obligation,Amount of cash outflow for short-term and long-term debt and lease obligation.
us-gaap:RepaymentsOfDebtMaturingInMoreThanThreeMonths,us-gaap,RepaymentsOfDebtMaturingInMoreThanThreeMonths,"Repayments of Debt, Maturing in More than Three Months",The cash outflow from a repayment of a borrowing having initial term of repayment of more than three months. Includes repayments of short-term and long-term debt.
us-gaap:RepaymentsOfLongTermCapitalLeaseObligations,us-gaap,RepaymentsOfLongTermCapitalLeaseObligations,Repayments of Long-term Capital Lease Obligations,"The cash outflow for the obligation for a lease meeting the criteria for capitalization (with maturities exceeding one year or beyond the operating cycle of the entity, if longer)."
us-gaap:RepaymentsOfLongTermDebt,us-gaap,RepaymentsOfLongTermDebt,Repayments of Long-term Debt,"The cash outflow for debt initially having maturity due after one year or beyond the normal operating cycle, if longer."
us-gaap:RepaymentsOfLongTermDebtAndCapitalSecurities,us-gaap,RepaymentsOfLongTermDebtAndCapitalSecurities,"Repayment of Long-term Debt, Long-term Lease Obligation, and Capital Security","Amount of cash outflow for debt, mandatory redeemable security, and principal payment for finance lease obligation."
us-gaap:RepaymentsOfOtherDebt,us-gaap,RepaymentsOfOtherDebt,Repayments of Other Debt,Amount of cash outflow for the payment of debt classified as other.
us-gaap:RepaymentsOfOtherShortTermDebt,us-gaap,RepaymentsOfOtherShortTermDebt,Repayments of Other Short-term Debt,"Amount of cash outflow for the payment of debt classified as other, maturing within one year or the operating cycle, if longer."
us-gaap:RepaymentsOfRelatedPartyDebt,us-gaap,RepaymentsOfRelatedPartyDebt,Repayments of Related Party Debt,"The cash outflow for the payment of a long-term borrowing made from a related party where one party can exercise control or significant influence over another party; including affiliates, owners or officers and their immediate families, pension trusts, and so forth. Alternate caption: Payments for Advances from Affiliates."
us-gaap:RepaymentsOfSeniorDebt,us-gaap,RepaymentsOfSeniorDebt,Repayments of Senior Debt,The cash outflow for a long-term debt where the holder has highest claim on the entity's asset in case of bankruptcy or liquidation during the period.
us-gaap:RepaymentsOfShortTermDebt,us-gaap,RepaymentsOfShortTermDebt,Repayments of Short-term Debt,"The cash outflow for a borrowing having initial term of repayment within one year or the normal operating cycle, if longer."
us-gaap:RepaymentsOfShortTermDebtMaturingInMoreThanThreeMonths,us-gaap,RepaymentsOfShortTermDebtMaturingInMoreThanThreeMonths,"Repayments of Short-term Debt, Maturing in More than Three Months",The cash outflow from a repayment of a borrowing having initial term of repayment of more than three months but less than one year or one operating cycle (if the normal cycle is more than one year).
us-gaap:RepaymentsOfShortTermDebtMaturingInThreeMonthsOrLess,us-gaap,RepaymentsOfShortTermDebtMaturingInThreeMonthsOrLess,"Repayments of Short-term Debt, Maturing in Three Months or Less",The cash outflow from a repayment of a borrowing having initial term of repayment within three months.
us-gaap:ResearchAndDevelopmentExpense,us-gaap,ResearchAndDevelopmentExpense,Research and Development Expense,"The aggregate costs incurred (1) in a planned search or critical investigation aimed at discovery of new knowledge with the hope that such knowledge will be useful in developing a new product or service, a new process or technique, or in bringing about a significant improvement to an existing product or process; or (2) to translate research findings or other knowledge into a plan or design for a new product or process or for a significant improvement to an existing product or process whether intended for sale or the entity's use, during the reporting period charged to research and development projects, including the costs of developing computer software up to the point in time of achieving technological feasibility, and costs allocated in accounting for a business combination to in-process projects deemed to have no alternative future use."
us-gaap:ResearchAndDevelopmentExpenseExcludingAcquiredInProcessCost,us-gaap,ResearchAndDevelopmentExpenseExcludingAcquiredInProcessCost,Research and Development Expense (Excluding Acquired in Process Cost),"The costs incurred in a planned search or critical investigation aimed at discovery of new knowledge with the hope that such knowledge will be useful in developing a new product or service, a new process or technique, or in bringing about a significant improvement to an existing product or process; or to translate research findings or other knowledge into a plan or design for a new product or process or for a significant improvement to an existing product or process whether intended for sale or the entity's use, during the reporting period charged to research and development projects, excluding in-process research and development acquired in a business combination consummated during the period. Excludes software research and development, which has a separate concept."
us-gaap:ResearchAndDevelopmentInProcess,us-gaap,ResearchAndDevelopmentInProcess,Research and Development in Process,The amount of purchased research and development assets that are acquired in a business combination have no alternative future use and are therefore written off in the period of acquisition.
us-gaap:RestrictedCash,us-gaap,RestrictedCash,Restricted Cash,"Amount of cash restricted as to withdrawal or usage. Cash includes, but is not limited to, currency on hand, demand deposits with banks or financial institutions, and other accounts with general characteristics of demand deposits."
us-gaap:RestrictedCashAndCashEquivalents,us-gaap,RestrictedCashAndCashEquivalents,Restricted Cash and Cash Equivalents,"Amount of cash and cash equivalents restricted as to withdrawal or usage. Cash includes, but is not limited to, currency on hand, demand deposits with banks or financial institutions, and other accounts with general characteristics of demand deposits. Cash equivalents include, but are not limited to, short-term, highly liquid investments that are both readily convertible to known amounts of cash and so near their maturity that they present insignificant risk of changes in value because of changes in interest rates."
us-gaap:RestrictedCashAndCashEquivalentsAtCarryingValue,us-gaap,RestrictedCashAndCashEquivalentsAtCarryingValue,"Restricted Cash and Cash Equivalents, Current","Amount of cash and cash equivalents restricted as to withdrawal or usage, classified as current. Cash includes, but is not limited to, currency on hand, demand deposits with banks or financial institutions, and other accounts with general characteristics of demand deposits. Cash equivalents include, but are not limited to, short-term, highly liquid investments that are both readily convertible to known amounts of cash and so near their maturity that they present insignificant risk of changes in value because of changes in interest rates."
us-gaap:RestrictedCashAndCashEquivalentsNoncurrent,us-gaap,RestrictedCashAndCashEquivalentsNoncurrent,"Restricted Cash and Cash Equivalents, Noncurrent","Amount of cash and cash equivalents restricted as to withdrawal or usage, classified as noncurrent. Cash includes, but is not limited to, currency on hand, demand deposits with banks or financial institutions, and other accounts with general characteristics of demand deposits. Cash equivalents include, but are not limited to, short-term, highly liquid investments that are both readily convertible to known amounts of cash and so near their maturity that they present insignificant risk of changes in value because of changes in interest rates."
us-gaap:RestrictedCashAndInvestments,us-gaap,RestrictedCashAndInvestments,Restricted Cash and Investments,"Cash and investments whose use in whole or in part is restricted for the long-term, generally by contractual agreements or regulatory requirements. For use in an unclassified balance sheet."
us-gaap:RestrictedCashAndInvestmentsCurrent,us-gaap,RestrictedCashAndInvestmentsCurrent,"Restricted Cash and Investments, Current","The current cash, cash equivalents and investments that are restricted as to withdrawal or usage. Restrictions may include legally restricted deposits held as compensating balances against short-term borrowing arrangements, contracts entered into with others, or entity statements of intention with regard to particular deposits; however, time deposits and short-term certificates of deposit are not generally included in legally restricted deposits. Excludes compensating balance arrangements that are not agreements which legally restrict the use of cash amounts shown on the balance sheet. Includes current cash equivalents and investments that are similarly restricted as to withdrawal, usage or disposal."
us-gaap:RestrictedCashCurrent,us-gaap,RestrictedCashCurrent,"Restricted Cash, Current","Amount of cash restricted as to withdrawal or usage, classified as current. Cash includes, but is not limited to, currency on hand, demand deposits with banks or financial institutions, and other accounts with general characteristics of demand deposits."
us-gaap:RestrictedCashNoncurrent,us-gaap,RestrictedCashNoncurrent,"Restricted Cash, Noncurrent","Amount of cash restricted as to withdrawal or usage, classified as noncurrent. Cash includes, but is not limited to, currency on hand, demand deposits with banks or financial institutions, and other accounts with general characteristics of demand deposits."
us-gaap:RestrictedInvestments,us-gaap,RestrictedInvestments,Restricted Investments,"Investments which are not defined as or included in marketable (debt, equity, or other) securities whose use is restricted in whole or in part, generally by contractual agreements or regulatory requirements. For use in an unclassified balance sheet."
us-gaap:RestrictedStockExpense,us-gaap,RestrictedStockExpense,Restricted Stock or Unit Expense,Amount of noncash expense for award of restricted stock or unit under share-based payment arrangement.
us-gaap:RestructuringAndRelatedCostExpectedCostRemaining1,us-gaap,RestructuringAndRelatedCostExpectedCostRemaining1,"Restructuring and Related Cost, Expected Cost Remaining",Amount of expected cost remaining for the specified restructuring cost.
us-gaap:RestructuringAndRelatedCostExpectedNumberOfPositionsEliminated,us-gaap,RestructuringAndRelatedCostExpectedNumberOfPositionsEliminated,"Restructuring and Related Cost, Expected Number of Positions Eliminated",The expected number of positions to be eliminated as a result of restructuring activities.
us-gaap:RestructuringAndRelatedCostNumberOfPositionsEliminatedInceptionToDate,us-gaap,RestructuringAndRelatedCostNumberOfPositionsEliminatedInceptionToDate,"Restructuring and Related Cost, Number of Positions Eliminated, Inception to Date",The number of positions eliminated as of the balance sheet date since inception of the restructuring plan(s).
us-gaap:RestructuringCharges,us-gaap,RestructuringCharges,Restructuring Charges,Amount of expenses associated with exit or disposal activities pursuant to an authorized plan. Excludes expenses related to a discontinued operation or an asset retirement obligation.
us-gaap:RestructuringCosts,us-gaap,RestructuringCosts,Restructuring Costs,"Amount, after cash payment, of expenses associated with exit or disposal activities pursuant to an authorized plan. Excludes expenses related to a discontinued operation or an asset retirement obligation."
us-gaap:RestructuringReserve,us-gaap,RestructuringReserve,Restructuring Reserve,Carrying amount (including both current and noncurrent portions of the accrual) as of the balance sheet date pertaining to a specified type of cost associated with exit from or disposal of business activities or restructuring pursuant to a duly authorized plan.
us-gaap:RestructuringReserveAccrualAdjustment1,us-gaap,RestructuringReserveAccrualAdjustment1,"Restructuring Reserve, Accrual Adjustment",Amount of expense (reversal of expense) which increases (decreases) the restructuring reserve from an adjustment to a previously accrued restructuring liability.
us-gaap:RestructuringReservePeriodIncreaseDecrease,us-gaap,RestructuringReservePeriodIncreaseDecrease,"Restructuring Reserve, Period Increase (Decrease)",Amount of increase (decrease) in the accrual for restructuring costs.
us-gaap:RestructuringReserveSettledWithCash,us-gaap,RestructuringReserveSettledWithCash,"Restructuring Reserve, Settled With Cash (Deprecated 2013-01-31)","Amount of cash paid in the period to fully or partially settle a specified, previously accrued type of restructuring cost."
us-gaap:RestructuringReserveSettledWithoutCash1,us-gaap,RestructuringReserveSettledWithoutCash1,"Restructuring Reserve, Settled without Cash (Deprecated 2016-01-31)",Amount of consideration other than cash used to fully or partially settle an accrued restructuring cost.
us-gaap:RestructuringReserveSettledWithoutCash2,us-gaap,RestructuringReserveSettledWithoutCash2,"Restructuring Reserve, Settled without Cash",Amount of decrease in the reserve for full or partial settlement through consideration other than cash.
us-gaap:ResultsOfOperationsIncomeBeforeIncomeTaxes,us-gaap,ResultsOfOperationsIncomeBeforeIncomeTaxes,"Results of Operations, Income before Income Taxes",Income before income taxes for oil and gas producing activities.
us-gaap:RetainedEarningsAccumulatedDeficit,us-gaap,RetainedEarningsAccumulatedDeficit,Retained Earnings (Accumulated Deficit),The cumulative amount of the reporting entity's undistributed earnings or deficit.
us-gaap:RetainedInterestFairValueDisclosure,us-gaap,RetainedInterestFairValueDisclosure,"Retained Interest, Fair Value Disclosure",Fair value portion of interest continued to be held by a transferor after transferring financial assets to a third party.
us-gaap:RevenueFromAdministrativeServices,us-gaap,RevenueFromAdministrativeServices,Revenue from Administrative Services (Deprecated 2013-01-31),"Aggregate revenue from both affiliated and unaffiliated entities earned during the period from providing administrative services to investment managers or funds seeking to outsource all or part of their mutual fund service functions. Examples of such administrative or support services include the following: legal advice, centralized cash management, filing of reports with the SEC and the IRS, registering of fund shares, corresponding with shareholders, and determination of compliance with various restrictions. An affiliate is a party that, directly or indirectly through one or more intermediaries, controls, is controlled by, or is under common control with the entity."
us-gaap:RevenueFromContractWithCustomerExcludingAssessedTax,us-gaap,RevenueFromContractWithCustomerExcludingAssessedTax,"Revenue from Contract with Customer, Excluding Assessed Tax","Amount, excluding tax collected from customer, of revenue from satisfaction of performance obligation by transferring promised good or service to customer. Tax collected from customer is tax assessed by governmental authority that is both imposed on and concurrent with specific revenue-producing transaction, including, but not limited to, sales, use, value added and excise."
us-gaap:RevenueNotFromContractWithCustomer,us-gaap,RevenueNotFromContractWithCustomer,Revenue Not from Contract with Customer,Amount of revenue that is not accounted for under Topic 606.
us-gaap:RevenueRecognitionSalesReturnsReserveForSalesReturns,us-gaap,RevenueRecognitionSalesReturnsReserveForSalesReturns,"Revenue Recognition, Sales Returns, Reserve for Sales Returns",Amount of estimated sales returns.
us-gaap:RevenueRemainingPerformanceObligation,us-gaap,RevenueRemainingPerformanceObligation,"Revenue, Remaining Performance Obligation, Amount",Amount of transaction price allocated to performance obligation that has not been recognized as revenue.
us-gaap:RevenueRemainingPerformanceObligationPercentage,us-gaap,RevenueRemainingPerformanceObligationPercentage,"Revenue, Remaining Performance Obligation, Percentage",Percentage of remaining performance obligation to total remaining performance obligation not recognized as revenue.
us-gaap:Revenues,us-gaap,Revenues,Revenues,"Amount of revenue recognized from goods sold, services rendered, insurance premiums, or other activities that constitute an earning process. Includes, but is not limited to, investment and interest income before deduction of interest expense when recognized as a component of revenue, and sales and trading gain (loss)."
us-gaap:RevenuesNetOfInterestExpense,us-gaap,RevenuesNetOfInterestExpense,"Revenues, Net of Interest Expense","Amount of revenue recognized from goods sold, services rendered, insurance premiums, or other activities that constitute an earning process. Includes, but is not limited to, investment and interest income after deduction of interest expense when recognized as a component of revenue, and sales and trading gain (loss)."
us-gaap:RightOfUseAssetObtainedInExchangeForFinanceLeaseLiability,us-gaap,RightOfUseAssetObtainedInExchangeForFinanceLeaseLiability,Right-of-Use Asset Obtained in Exchange for Finance Lease Liability,Amount of increase in right-of-use asset obtained in exchange for finance lease liability.
us-gaap:RightOfUseAssetObtainedInExchangeForOperatingLeaseLiability,us-gaap,RightOfUseAssetObtainedInExchangeForOperatingLeaseLiability,Right-of-Use Asset Obtained in Exchange for Operating Lease Liability,Amount of increase in right-of-use asset obtained in exchange for operating lease liability.
us-gaap:SalesReturnsAndAllowancesGoods,us-gaap,SalesReturnsAndAllowancesGoods,"Sales Returns and Allowances, Goods (Deprecated 2018-01-31)","Total deduction from sales during the period arising from goods returned by customers (other than under warranty provisions) and price reductions (allowance, price protection agreements) given by the entity. Returns and allowances are a deduction from gross revenue in arriving at net revenue."
us-gaap:SalesRevenueEnergyServices,us-gaap,SalesRevenueEnergyServices,"Sales Revenue, Energy Services (Deprecated 2018-01-31)",Revenue derived from energy-related services such as supplying various forms of energy from the operation of on-site facilities or cogeneration plants and procurement services provided to energy purchasers.
us-gaap:SalesRevenueGoodsNet,us-gaap,SalesRevenueGoodsNet,"Sales Revenue, Goods, Net (Deprecated 2018-01-31)","Aggregate revenue during the period from the sale of goods in the normal course of business, after deducting returns, allowances and discounts."
us-gaap:SalesRevenueNet,us-gaap,SalesRevenueNet,"Revenue, Net (Deprecated 2018-01-31)","Total revenue from sale of goods and services rendered during the reporting period, in the normal course of business, reduced by sales returns and allowances, and sales discounts."
us-gaap:SalesRevenueServicesGross,us-gaap,SalesRevenueServicesGross,"Sales Revenue, Services, Other (Deprecated 2018-01-31)",Amount before allowances and discounts of service revenue classified as other.
us-gaap:SalesRevenueServicesNet,us-gaap,SalesRevenueServicesNet,"Sales Revenue, Services, Net (Deprecated 2018-01-31)","Aggregate revenue during the period from services rendered in the normal course of business, after deducting allowances and discounts."
us-gaap:SalesTypeAndDirectFinancingLeasesLeaseReceivablePaymentsToBeReceived,us-gaap,SalesTypeAndDirectFinancingLeasesLeaseReceivablePaymentsToBeReceived,"Sales-type and Direct Financing Leases, Lease Receivable, Payments to be Received",Amount of undiscounted cash flows to be received by lessor for sales-type and direct financing leases.
us-gaap:SalesTypeAndDirectFinancingLeasesLeaseReceivablePaymentsToBeReceivedFiveYears,us-gaap,SalesTypeAndDirectFinancingLeasesLeaseReceivablePaymentsToBeReceivedFiveYears,"Sales-Type and Direct Financing Leases, Lease Receivable, to be Received, Year Five",Amount of undiscounted cash flows to be received by lessor for sales-type and direct financing leases in fifth fiscal year following current fiscal year. Excludes interim and annual periods when interim periods are reported from current statement of financial position date (rolling approach).
us-gaap:SalesTypeAndDirectFinancingLeasesLeaseReceivablePaymentsToBeReceivedFourYears,us-gaap,SalesTypeAndDirectFinancingLeasesLeaseReceivablePaymentsToBeReceivedFourYears,"Sales-Type and Direct Financing Leases, Lease Receivable, to be Received, Year Four",Amount of undiscounted cash flows to be received by lessor for sales-type and direct financing leases in fourth fiscal year following current fiscal year. Excludes interim and annual periods when interim periods are reported from current statement of financial position date (rolling approach).
us-gaap:SalesTypeAndDirectFinancingLeasesLeaseReceivablePaymentsToBeReceivedNextTwelveMonths,us-gaap,SalesTypeAndDirectFinancingLeasesLeaseReceivablePaymentsToBeReceivedNextTwelveMonths,"Sales-Type and Direct Financing Leases, Lease Receivable, to be Received, Year One",Amount of undiscounted cash flows to be received by lessor for sales-type and direct financing leases in next fiscal year following current fiscal year. Excludes interim and annual periods when interim periods are reported from current statement of financial position date (rolling approach).
us-gaap:SalesTypeAndDirectFinancingLeasesLeaseReceivablePaymentsToBeReceivedThereafter,us-gaap,SalesTypeAndDirectFinancingLeasesLeaseReceivablePaymentsToBeReceivedThereafter,"Sales-Type and Direct Financing Leases, Lease Receivable, to be Received, after Year Five",Amount of undiscounted cash flows to be received by lessor for sales-type and direct financing leases after fifth fiscal year following current fiscal year. Excludes interim and annual periods when interim periods are reported from current statement of financial position date (rolling approach).
us-gaap:SalesTypeAndDirectFinancingLeasesLeaseReceivablePaymentsToBeReceivedThreeYears,us-gaap,SalesTypeAndDirectFinancingLeasesLeaseReceivablePaymentsToBeReceivedThreeYears,"Sales-Type and Direct Financing Leases, Lease Receivable, to be Received, Year Three",Amount of undiscounted cash flows to be received by lessor for sales-type and direct financing leases in third fiscal year following current fiscal year. Excludes interim and annual periods when interim periods are reported from current statement of financial position date (rolling approach).
us-gaap:SalesTypeAndDirectFinancingLeasesLeaseReceivablePaymentsToBeReceivedTwoYears,us-gaap,SalesTypeAndDirectFinancingLeasesLeaseReceivablePaymentsToBeReceivedTwoYears,"Sales-Type and Direct Financing Leases, Lease Receivable, to be Received, Year Two",Amount of undiscounted cash flows to be received by lessor for sales-type and direct financing leases in second fiscal year following current fiscal year. Excludes interim and annual periods when interim periods are reported from current statement of financial position date (rolling approach).
us-gaap:SalesTypeAndDirectFinancingLeasesLeaseReceivableUndiscountedExcessAmount,us-gaap,SalesTypeAndDirectFinancingLeasesLeaseReceivableUndiscountedExcessAmount,"Sales-type and Direct Financing Leases, Lease Receivable, Undiscounted Excess Amount",Amount of undiscounted lease receivable in excess of discounted receivable for sales-type and direct financing leases.
us-gaap:SalesTypeLeaseLeaseReceivable,us-gaap,SalesTypeLeaseLeaseReceivable,"Sales-type Lease, Lease Receivable","Present value of lease payments not yet received by lessor and amount expected to be derived from underlying asset, following end of lease term guaranteed by lessee or other third party unrelated to lessor, from sales-type lease."
us-gaap:SalesTypeLeaseNetInvestmentInLease,us-gaap,SalesTypeLeaseNetInvestmentInLease,"Sales-type Lease, Net Investment in Lease",Amount of net investment in sales-type lease.
us-gaap:SalesTypeLeaseNetInvestmentInLeaseAfterAllowanceForCreditLoss,us-gaap,SalesTypeLeaseNetInvestmentInLeaseAfterAllowanceForCreditLoss,,
us-gaap:SalesTypeLeaseNetInvestmentInLeaseAfterAllowanceForCreditLossCurrent,us-gaap,SalesTypeLeaseNetInvestmentInLeaseAfterAllowanceForCreditLossCurrent,,
us-gaap:SalesTypeLeaseNetInvestmentInLeaseAfterAllowanceForCreditLossNoncurrent,us-gaap,SalesTypeLeaseNetInvestmentInLeaseAfterAllowanceForCreditLossNoncurrent,,
us-gaap:SalesTypeLeaseNetInvestmentInLeaseAllowanceForCreditLoss,us-gaap,SalesTypeLeaseNetInvestmentInLeaseAllowanceForCreditLoss,"Sales-type Lease, Net Investment in Lease, Allowance for Credit Loss",Amount of allowance for credit loss on net investment in sales-type lease.
us-gaap:SalesTypeLeaseRevenue,us-gaap,SalesTypeLeaseRevenue,"Sales-type Lease, Revenue",Amount of sales-type lease revenue.
us-gaap:SecuredBorrowingsGrossDifferenceAmount,us-gaap,SecuredBorrowingsGrossDifferenceAmount,"Secured Borrowings, Gross, Difference, Amount","Amount of secured borrowings in excess of (less than) the liability for repurchase agreements and securities lending transactions, before offset, included in offsetting disclosures."
us-gaap:SecuredLongTermDebt,us-gaap,SecuredLongTermDebt,"Secured Long-term Debt, Noncurrent","Carrying amount of collateralized debt obligations with maturities initially due after one year or beyond the operating cycle, if longer, excluding the current portion. Obligations include, but not limited to, mortgage loans, chattel loans, and other borrowings secured by assets."
us-gaap:SecuritiesBorrowed,us-gaap,SecuritiesBorrowed,Securities Borrowed,"Amount, after the effects of master netting arrangements, of securities borrowed from entities in exchange for collateral. Includes assets not subject to a master netting arrangement and not elected to be offset."
us-gaap:SecuritiesBorrowedAmountOffsetAgainstCollateral,us-gaap,SecuritiesBorrowedAmountOffsetAgainstCollateral,"Securities Borrowed, Amount Offset Against Collateral","Amount, after effects of master netting arrangements, of securities borrowed from entities in exchange for collateral offset against an obligation to return collateral under a master netting arrangement. Includes assets not subject to a master netting arrangement and not elected to be offset."
us-gaap:SecuritiesBorrowedCollateralObligationToReturnCash,us-gaap,SecuritiesBorrowedCollateralObligationToReturnCash,"Securities Borrowed, Collateral, Obligation to Return Cash",Amount of obligation to return cash collateral under master netting arrangements that have not been offset against securities borrowed.
us-gaap:SecuritiesBorrowedCollateralObligationToReturnSecurities,us-gaap,SecuritiesBorrowedCollateralObligationToReturnSecurities,"Securities Borrowed, Collateral, Obligation to Return Securities",Amount of obligation to return securities collateral under master netting arrangements that have not been offset against securities borrowed.
us-gaap:SecuritiesBorrowedFairValueOfCollateral,us-gaap,SecuritiesBorrowedFairValueOfCollateral,"Securities Borrowed, Fair Value of Collateral",Fair value of the securities received as collateral against securities borrowed.
us-gaap:SecuritiesBorrowedGrossIncludingNotSubjectToMasterNettingArrangement,us-gaap,SecuritiesBorrowedGrossIncludingNotSubjectToMasterNettingArrangement,"Securities Borrowed, Gross Including Not Subject to Master Netting Arrangement","Amount, before effects of master netting arrangements, of securities borrowed from entities in exchange for collateral. Includes assets not subject to a master netting arrangement and elected not to be offset."
us-gaap:SecuritiesBorrowedLiability,us-gaap,SecuritiesBorrowedLiability,"Securities Borrowed, Liability",Amount of liability associated with securities borrowed from entities in exchange for collateral.
us-gaap:SecuritiesBorrowedNotSubjectToMasterNettingArrangement,us-gaap,SecuritiesBorrowedNotSubjectToMasterNettingArrangement,"Securities Borrowed, Not Subject to Master Netting Arrangement","Amount of securities borrowed from entities in exchange for collateral, not subject to a master netting arrangement."
us-gaap:SecuritiesBorrowedNotSubjectToMasterNettingArrangementDeduction,us-gaap,SecuritiesBorrowedNotSubjectToMasterNettingArrangementDeduction,"Securities Borrowed, Not Subject to Master Netting Arrangement Deduction","Amount of securities borrowed from entities in exchange for collateral, not subject to a master netting arrangement, deducted from securities borrowed."
us-gaap:SecuritiesBorrowedOffsetAgainstCollateralNetOfNotSubjectToMasterNettingArrangementPolicyElection,us-gaap,SecuritiesBorrowedOffsetAgainstCollateralNetOfNotSubjectToMasterNettingArrangementPolicyElection,"Securities Borrowed, Offset Against Collateral, Net of Not Subject to Master Netting Arrangement, Policy Election","Amount, after effects of master netting arrangements, deduction of assets not subject to a master netting arrangement and elected not to be offset, of securities borrowed from entities in exchange for collateral, offset against an obligation to return collateral under a master netting arrangement."
us-gaap:SecuritiesForReverseRepurchaseAgreements,us-gaap,SecuritiesForReverseRepurchaseAgreements,Securities for Reverse Repurchase Agreements,The carrying value of securities purchased to be resold in reverse repurchase transactions as of the balance sheet date.
us-gaap:SecuritiesLoaned,us-gaap,SecuritiesLoaned,Securities Loaned,"Amount, after the effects of master netting arrangements, of securities loaned to entities in exchange for collateral. Includes liabilities not subject to a master netting arrangement and not elected to be offset."
us-gaap:SecuritiesLoanedAmountOffsetAgainstCollateral,us-gaap,SecuritiesLoanedAmountOffsetAgainstCollateral,"Securities Loaned, Amount Offset Against Collateral","Amount, after effects of master netting arrangements, of securities loaned to entities in exchange for collateral offset against a right to receive collateral. Includes liabilities not subject to a master netting arrangement and not elected to be offset."
us-gaap:SecuritiesLoanedAsset,us-gaap,SecuritiesLoanedAsset,"Securities Loaned, Asset",Amount of asset associated with securities loaned to entities in exchange for collateral.
us-gaap:SecuritiesLoanedCollateralRightToReclaimCash,us-gaap,SecuritiesLoanedCollateralRightToReclaimCash,"Securities Loaned, Collateral, Right to Reclaim Cash",Amount of right to receive cash collateral under master netting arrangements that have not been offset against securities loaned.
us-gaap:SecuritiesLoanedCollateralRightToReclaimSecurities,us-gaap,SecuritiesLoanedCollateralRightToReclaimSecurities,"Securities Loaned, Collateral, Right to Reclaim Securities",Amount of right to receive securities collateral under master netting arrangements that have not been offset against securities loaned.
us-gaap:SecuritiesLoanedFairValueOfCollateral,us-gaap,SecuritiesLoanedFairValueOfCollateral,"Securities Loaned, Fair Value of Collateral",Fair value of the securities pledged as collateral against securities loaned.
us-gaap:SecuritiesLoanedGross,us-gaap,SecuritiesLoanedGross,"Securities Loaned, Gross","Amount, before effects of master netting arrangements, of securities loaned to entities in exchange for collateral. Includes liabilities elected not to be offset. Excludes liabilities not subject to a master netting arrangement."
us-gaap:SecuritiesLoanedGrossIncludingNotSubjectToMasterNettingArrangement,us-gaap,SecuritiesLoanedGrossIncludingNotSubjectToMasterNettingArrangement,"Securities Loaned, Gross Including Not Subject to Master Netting Arrangement","Amount, before effects of master netting arrangements, of securities loaned to entities in exchange for collateral. Includes liabilities not subject to a master netting arrangement and elected not to be offset."
us-gaap:SecuritiesLoanedIncludingNotSubjectToMasterNettingArrangementAndAssetsOtherThanSecuritiesTransferred,us-gaap,SecuritiesLoanedIncludingNotSubjectToMasterNettingArrangementAndAssetsOtherThanSecuritiesTransferred,"Securities Loaned, Including Not Subject to Master Netting Arrangement and Assets other than Securities Transferred","Amount, before effects of master netting arrangements, of financial assets loaned to entities in exchange for collateral. Includes liabilities not subject to a master netting arrangement and financial assets transferred other than securities that qualify as secured borrowings."
us-gaap:SecuritiesLoanedNotOffsetPolicyElectionDeduction,us-gaap,SecuritiesLoanedNotOffsetPolicyElectionDeduction,"Securities Loaned, Not Offset, Policy Election Deduction","Amount of securities loaned to entities in exchange for collateral, elected not to be offset, deducted from securities loaned."
us-gaap:SecuritiesLoanedNotSubjectToMasterNettingArrangementDeduction,us-gaap,SecuritiesLoanedNotSubjectToMasterNettingArrangementDeduction,"Securities Loaned, Not Subject to Master Netting Arrangement Deduction","Amount of securities loaned to entities in exchange for collateral, not subject to a master netting arrangement, deducted from securities loaned."
us-gaap:SecuritiesLoanedOffsetAgainstCollateralNetOfNotSubjectToMasterNettingArrangementPolicyElection,us-gaap,SecuritiesLoanedOffsetAgainstCollateralNetOfNotSubjectToMasterNettingArrangementPolicyElection,"Securities Loaned, Offset Against Collateral, Net of Not Subject to Master Netting Arrangement, Policy Election","Amount, after effects of master netting arrangements, deduction of liabilities not subject to a master netting arrangement and elected not to be offset, of securities loaned to entities in exchange for collateral, offset against a right to receive collateral."
us-gaap:SecuritiesOwnedNotReadilyMarketable,us-gaap,SecuritiesOwnedNotReadilyMarketable,Securities Owned Not Readily Marketable (Deprecated 2019-01-31),"Aggregate carrying value of owned private equity or other securities for which a quoted market price is not readily determinable, the value of which has been determined by management based upon fair value methods, including pricing of similar securities and valuation techniques and is included in the schedule of financial condition or the balance sheet."
us-gaap:SecuritiesPurchasedUnderAgreementsToResell,us-gaap,SecuritiesPurchasedUnderAgreementsToResell,Securities Purchased under Agreements to Resell,"Amount, after the effects of master netting arrangements, of funds outstanding loaned in the form of a security resale agreement between the entity and another party for the purchase and resale of identical or substantially the same securities at a date certain for a specified price. Includes purchases of participations in pools of securities that are subject to a resale agreement, assets not subject to a master netting arrangement and not elected to be offset."
us-gaap:SecuritiesPurchasedUnderAgreementsToResellAmountOffsetAgainstCollateral,us-gaap,SecuritiesPurchasedUnderAgreementsToResellAmountOffsetAgainstCollateral,"Securities Purchased under Agreements to Resell, Amount Offset Against Collateral","Amount, after effects of master netting arrangements, of funds outstanding loaned in the form of a security resale agreement between the entity and another party for the purchase and resale of identical or substantially the same securities at a date certain for a specified price offset against an obligation to return collateral. Includes assets not subject to a master netting arrangement and not elected to be offset."
us-gaap:SecuritiesPurchasedUnderAgreementsToResellCollateralObligationToReturnCash,us-gaap,SecuritiesPurchasedUnderAgreementsToResellCollateralObligationToReturnCash,"Securities Purchased under Agreements to Resell, Collateral, Obligation to Return Cash",Amount of obligation to return cash collateral under master netting arrangements that have not been offset against securities purchased under agreement to resell.
us-gaap:SecuritiesPurchasedUnderAgreementsToResellCollateralObligationToReturnSecurities,us-gaap,SecuritiesPurchasedUnderAgreementsToResellCollateralObligationToReturnSecurities,"Securities Purchased under Agreements to Resell, Collateral, Obligation to Return Securities",Amount of obligation to return securities collateral under master netting arrangements that have not been offset against securities purchased under agreement to resell.
us-gaap:SecuritiesPurchasedUnderAgreementsToResellFairValueOfCollateral,us-gaap,SecuritiesPurchasedUnderAgreementsToResellFairValueOfCollateral,"Securities Purchased under Agreements to Resell, Fair Value of Collateral",Fair value of securities received as collateral against securities purchased under agreement to resell.
us-gaap:SecuritiesPurchasedUnderAgreementsToResellGross,us-gaap,SecuritiesPurchasedUnderAgreementsToResellGross,"Securities Purchased under Agreements to Resell, Gross","Amount, before effects of master netting arrangements, of funds outstanding loaned in the form of a security resale agreement between the entity and another party for the purchase and resale of identical or substantially the same securities at a date certain for a specified price. Includes assets elected not to be offset. Excludes assets not subject to a master netting arrangement."
us-gaap:SecuritiesPurchasedUnderAgreementsToResellGrossIncludingNotSubjectToMasterNettingArrangement,us-gaap,SecuritiesPurchasedUnderAgreementsToResellGrossIncludingNotSubjectToMasterNettingArrangement,"Securities Purchased under Agreements to Resell, Gross Including Not Subject to Master Netting Arrangement","Amount, before effects of master netting arrangements, of funds outstanding loaned in the form of a security resale agreement between the entity and another party for the purchase and resale of identical or substantially the same securities at a date certain for a specified price. Includes assets not subject to a master netting arrangement and elected not to be offset."
us-gaap:SecuritiesPurchasedUnderAgreementsToResellLiability,us-gaap,SecuritiesPurchasedUnderAgreementsToResellLiability,"Securities Purchased under Agreements to Resell, Liability",Amount of liability associated with funds outstanding loaned in the form of a security resale agreement between the entity and another party for the purchase and resale of identical or substantially the same securities at a date certain for a specified price.
us-gaap:SecuritiesPurchasedUnderAgreementsToResellNotOffsetPolicyElectionDeduction,us-gaap,SecuritiesPurchasedUnderAgreementsToResellNotOffsetPolicyElectionDeduction,"Securities Purchased under Agreements to Resell, Not Offset, Policy Election Deduction","Amount of funds outstanding loaned in the form of a security resale agreement between the entity and another party for the purchase and resale of identical or substantially the same securities at a date certain for a specified price, elected not to be offset, deducted from securities purchased under agreements to resell."
us-gaap:SecuritiesPurchasedUnderAgreementsToResellNotSubjectToMasterNettingArrangement,us-gaap,SecuritiesPurchasedUnderAgreementsToResellNotSubjectToMasterNettingArrangement,"Securities Purchased under Agreements to Resell, Not Subject to Master Netting Arrangement","Amount of funds outstanding loaned in the form of a security resale agreement between the entity and another party for the purchase and resale of identical or substantially the same securities at a date certain for a specified price, not subject to a master netting arrangement."
us-gaap:SecuritiesPurchasedUnderAgreementsToResellNotSubjectToMasterNettingArrangementDeduction,us-gaap,SecuritiesPurchasedUnderAgreementsToResellNotSubjectToMasterNettingArrangementDeduction,"Securities Purchased under Agreements to Resell, Not Subject to Master Netting Arrangement Deduction","Amount of funds outstanding loaned in the form of a security resale agreement between the entity and another party for the purchase and resale of identical or substantially the same securities at a date certain for a specified price, not subject to a master netting arrangement, deducted from securities purchased under agreements to resell."
us-gaap:SecuritiesPurchasedUnderAgreementsToResellOffsetAgainstCollateralNetOfNotSubjectToMasterNettingArrangementPolicyElection,us-gaap,SecuritiesPurchasedUnderAgreementsToResellOffsetAgainstCollateralNetOfNotSubjectToMasterNettingArrangementPolicyElection,"Securities Purchased under Agreements to Resell, Offset Against Collateral, Net of Not Subject to Master Netting Arrangement, Policy Election","Amount, after effects of master netting arrangements, deduction of assets not subject to a master netting arrangement and elected not to be offset, of funds outstanding loaned in the form of a security resale agreement between the entity and another party for the purchase and resale of identical or substantially the same securities at a date certain for a specified price, offset against an obligation to return collateral."
us-gaap:SecuritiesReceivedAsCollateral,us-gaap,SecuritiesReceivedAsCollateral,Securities Received as Collateral,"The carrying value as of the balance sheet date of the assets received as collateral against securities loaned to other broker-dealers. Borrowers of securities generally are required to provide collateral to the lenders of securities, commonly cash but sometimes other securities or standby letters of credit, with a value slightly higher than that of the securities borrowed. In instances where the entity is permitted to sell or re-pledge these securities, the entity reports the fair value of the collateral received and the related obligation to return the collateral as a liability."
us-gaap:SecuritiesReserveDepositRequiredAndMade,us-gaap,SecuritiesReserveDepositRequiredAndMade,Securities Reserve Deposit Required and Made,Securities deposited in a special reserve account for the exclusive benefit of customers pursuant to SEC Regulations.
us-gaap:SecuritiesSoldUnderAgreementsToRepurchase,us-gaap,SecuritiesSoldUnderAgreementsToRepurchase,Securities Sold under Agreements to Repurchase,"Amount, after the effects of master netting arrangements, of funds outstanding borrowed in the form of a security repurchase agreement between the entity and another party for the sale and repurchase of identical or substantially the same securities at a date certain for a specified price. Includes liabilities not subject to a master netting arrangement and not elected to be offset."
us-gaap:SecuritiesSoldUnderAgreementsToRepurchaseAmountOffsetAgainstCollateral,us-gaap,SecuritiesSoldUnderAgreementsToRepurchaseAmountOffsetAgainstCollateral,"Securities Sold under Agreements to Repurchase, Amount Offset Against Collateral","Amount, after effects of master netting arrangements, of funds outstanding borrowed in the form of a security repurchase agreement between the entity and another party for the sale and repurchase of identical or substantially the same securities at a date certain for a specified price offset against a right to receive collateral. Includes liabilities not subject to a master netting arrangement and not elected to be offset."
us-gaap:SecuritiesSoldUnderAgreementsToRepurchaseAsset,us-gaap,SecuritiesSoldUnderAgreementsToRepurchaseAsset,"Securities Sold under Agreements to Repurchase, Asset",Amount of asset associated with funds outstanding borrowed in the form of a security repurchase agreement between the entity and another party for the sale and repurchase of identical or substantially the same securities at a date certain for a specified price.
us-gaap:SecuritiesSoldUnderAgreementsToRepurchaseCollateralRightToReclaimCash,us-gaap,SecuritiesSoldUnderAgreementsToRepurchaseCollateralRightToReclaimCash,"Securities Sold under Agreements to Repurchase, Collateral, Right to Reclaim Cash",Amount of right to receive cash collateral under master netting arrangements that have not been offset against securities sold under agreement to repurchase.
us-gaap:SecuritiesSoldUnderAgreementsToRepurchaseCollateralRightToReclaimSecurities,us-gaap,SecuritiesSoldUnderAgreementsToRepurchaseCollateralRightToReclaimSecurities,"Securities Sold under Agreements to Repurchase, Collateral, Right to Reclaim Securities",Amount of right to receive securities collateral under master netting arrangements that have not been offset against securities sold under agreement to repurchase.
us-gaap:SecuritiesSoldUnderAgreementsToRepurchaseFairValueOfCollateral,us-gaap,SecuritiesSoldUnderAgreementsToRepurchaseFairValueOfCollateral,"Securities Sold under Agreements to Repurchase, Fair Value of Collateral",Fair value of securities pledged as collateral against securities sold under agreement to repurchase.
us-gaap:SecuritiesSoldUnderAgreementsToRepurchaseGross,us-gaap,SecuritiesSoldUnderAgreementsToRepurchaseGross,"Securities Sold under Agreements to Repurchase, Gross","Amount, before effects of master netting arrangements, of funds outstanding borrowed in the form of a security repurchase agreement between the entity and another party for the sale and repurchase of identical or substantially the same securities at a date certain for a specified price. Includes liabilities elected not to be offset. Excludes liabilities not subject to a master netting arrangement."
us-gaap:SecuritiesSoldUnderAgreementsToRepurchaseGrossIncludingNotSubjectToMasterNettingArrangement,us-gaap,SecuritiesSoldUnderAgreementsToRepurchaseGrossIncludingNotSubjectToMasterNettingArrangement,"Securities Sold under Agreements to Repurchase, Gross Including Not Subject to Master Netting Arrangement","Amount, before effects of master netting arrangements, of funds outstanding borrowed in the form of a security repurchase agreement between the entity and another party for the sale and repurchase of identical or substantially the same securities at a date certain for a specified price. Includes liabilities not subject to a master netting arrangement and elected not to be offset."
us-gaap:SecuritiesSoldUnderAgreementsToRepurchaseNotSubjectToMasterNettingArrangement,us-gaap,SecuritiesSoldUnderAgreementsToRepurchaseNotSubjectToMasterNettingArrangement,"Securities Sold under Agreements to Repurchase, Not Subject to Master Netting Arrangement","Amount of funds outstanding borrowed in the form of a security repurchase agreement between the entity and another party for the sale and repurchase of identical or substantially the same securities at a date certain for a specified price, not subject to a master netting arrangement."
us-gaap:SecuritiesSoldUnderAgreementsToRepurchaseNotSubjectToMasterNettingArrangementDeduction,us-gaap,SecuritiesSoldUnderAgreementsToRepurchaseNotSubjectToMasterNettingArrangementDeduction,"Securities Sold under Agreements to Repurchase, Not Subject to Master Netting Arrangement Deduction","Amount of funds outstanding borrowed in the form of a security repurchase agreement between the entity and another party for the sale and repurchase of identical or substantially the same securities at a date certain for a specified price, not subject to a master netting arrangement, deducted from securities sold under agreements to repurchase."
us-gaap:SecuritiesSoldUnderAgreementsToRepurchaseOffsetAgainstCollateralNetOfNotSubjectToMasterNettingArrangementPolicyElection,us-gaap,SecuritiesSoldUnderAgreementsToRepurchaseOffsetAgainstCollateralNetOfNotSubjectToMasterNettingArrangementPolicyElection,"Securities Sold under Agreements to Repurchase, Offset Against Collateral, Net of Not Subject to Master Netting Arrangement, Policy Election","Amount, after effects of master netting arrangements, deduction of liabilities not subject to a master netting arrangement and elected not to be offset, of funds outstanding borrowed in the form of a security repurchase agreement between the entity and another party for the sale and repurchase of identical or substantially the same securities at a date certain for a specified price, offset against a right to receive collateral."
us-gaap:SecurityOwnedAndPledgedAsCollateralFairValue,us-gaap,SecurityOwnedAndPledgedAsCollateralFairValue,"Security Owned and Pledged as Collateral, Fair Value",Fair value of financial instrument held by the entity for its own account (proprietary securities) for trading or investment purposes that are carried at fair value and pledged to counterparties as collateral for financing transactions.
us-gaap:SegmentExpenditureAdditionToLongLivedAssets,us-gaap,SegmentExpenditureAdditionToLongLivedAssets,,
us-gaap:SegmentReportingInformationDepreciationDepletionAndAmortizationExpense,us-gaap,SegmentReportingInformationDepreciationDepletionAndAmortizationExpense,"Segment Reporting Information, Depreciation, Depletion, and Amortization Expense (Deprecated 2011-01-31)","Amount of depreciation, depletion, and amortization expense for the reportable segment. Such disclosure is presented if the amount is: (a) is included in the measure of segment profit or loss reviewed by the chief operating decision maker or (b) otherwise regularly provided to the chief operating decision maker, even if not included in that measure of segment profit or loss."
us-gaap:SegmentReportingInformationExpendituresForAdditionsToLongLivedAssets,us-gaap,SegmentReportingInformationExpendituresForAdditionsToLongLivedAssets,"Segment Reporting Information, Expenditures for Additions to Long-Lived Assets (Deprecated 2011-01-31)","Total expenditures for additions to long-lived assets other than financial instruments, long-term customer relationships of a financial institution, mortgage and other servicing rights, deferred policy acquisition costs, and deferred tax assets of the reportable segment."
us-gaap:SegmentReportingInformationExtraordinaryItems,us-gaap,SegmentReportingInformationExtraordinaryItems,"Segment Reporting Information, Extraordinary Items (Deprecated 2011-01-31)","Amount of income or loss from extraordinary items recognized by the reportable segment. Such disclosure is presented if the amount is: (a) included in the measure of segment profit or loss reviewed by the chief operating decision maker or (b) otherwise regularly provided to the chief operating decision maker, even if not included in that measure of segment profit or loss."
us-gaap:SegmentReportingInformationIncomeLossBeforeIncomeTaxes,us-gaap,SegmentReportingInformationIncomeLossBeforeIncomeTaxes,"Segment Reporting Information, Income (Loss) before Income Taxes (Deprecated 2011-01-31)",Amount of income or loss for the reportable segment before income taxes and extraordinary items.
us-gaap:SegmentReportingInformationIncomeTaxExpenseBenefit,us-gaap,SegmentReportingInformationIncomeTaxExpenseBenefit,"Segment Reporting Information, Income Tax Expense (Benefit) (Deprecated 2011-01-31)",Amount of income tax expense or benefit attributed to a reportable segment.
us-gaap:SegmentReportingInformationInterestIncomeExpenseNet,us-gaap,SegmentReportingInformationInterestIncomeExpenseNet,"Segment Reporting Information, Interest Income (Expense), Net (Deprecated 2011-01-31)","Amount of interest revenue net of interest expense for the reportable segment. Reporting interest revenue net of interest expense is permitted only when a majority of the segment's revenues are from interest and the chief operating decision maker relies primarily on net interest revenue to assess the performance of the segment and make decisions about resources to be allocated to the segment. In all other segment disclosure situations, interest revenue must be reported separately from interest expense."
us-gaap:SegmentReportingInformationNoninterestExpense,us-gaap,SegmentReportingInformationNoninterestExpense,"Segment Reporting Information, Noninterest Expense (Deprecated 2011-01-31)","Total amount of expenses, other than interest, for the reportable segment. Must be disclosed if the amount (a) is included in the measure of segment profit or loss reviewed by the chief operating decision maker or (b) is otherwise regularly provided to the chief operating decision maker, even if not included in that measure of segment profit or loss."
us-gaap:SegmentReportingInformationNoninterestIncome,us-gaap,SegmentReportingInformationNoninterestIncome,"Segment Reporting Information, Noninterest Income (Deprecated 2011-01-31)","Total amount of noninterest income for the reportable segment. Must be disclosed if the amount (a) is included in the measure of segment profit or loss reviewed by the chief operating decision maker or (b) is otherwise regularly provided to the chief operating decision maker, even if not included in that measure of segment profit or loss."
us-gaap:SegmentReportingInformationOperatingIncomeLoss,us-gaap,SegmentReportingInformationOperatingIncomeLoss,"Segment Reporting Information, Operating Income (Loss) (Deprecated 2011-01-31)","Amount of income or loss for the reportable segment before unusual Items, equity method income or loss, income taxes, and extraordinary items."
us-gaap:SegmentReportingInformationProfitLoss,us-gaap,SegmentReportingInformationProfitLoss,"Segment Reporting Information, Profit (Loss) (Deprecated 2011-01-31)",Amount of profit or loss recognized by the reportable segment.
us-gaap:SegmentReportingInformationProvisionForCreditLosses,us-gaap,SegmentReportingInformationProvisionForCreditLosses,"Segment Reporting Information, Provision for Credit Losses (Deprecated 2011-01-31)","Amount of the periodic provision charged to operations for the reportable segment, based on an assessment of the uncollectibility of the loan and lease portfolio and other estimated probable credit losses. Is disclosed if the amount (a) is included in the measure of segment profit or loss reviewed by the chief operating decision maker or (b) is otherwise regularly provided to the chief operating decision maker, even if not included in that measure of segment profit or loss."
us-gaap:SegmentReportingInformationRevenue,us-gaap,SegmentReportingInformationRevenue,"Segment Reporting Information, Revenue for Reportable Segment (Deprecated 2013-01-31)","Amount of total revenue for the reportable segments, including revenue from external customers, transactions with other operating segments of the same entity, and (gross) interest revenue. All considered to be ""operating revenue"" for purposes of the taxonomy."
us-gaap:SegmentReportingOtherItemAmount,us-gaap,SegmentReportingOtherItemAmount,,
us-gaap:SegmentReportingReconcilingItemForOperatingProfitLossFromSegmentToConsolidatedAmount,us-gaap,SegmentReportingReconcilingItemForOperatingProfitLossFromSegmentToConsolidatedAmount,"Segment Reporting, Reconciling Item for Operating Profit (Loss) from Segment to Consolidated, Amount (Deprecated 2011-01-31)","Amount of an item in the reconciliation of total profit or loss from reportable segments, to the entity's consolidated income before income taxes, extraordinary items, discontinued operations."
us-gaap:SegmentReportingReconcilingItemsAssets,us-gaap,SegmentReportingReconcilingItemsAssets,"Segment Reporting, Reconciling Items, Assets (Deprecated 2011-01-31)",Total of reconciling items between total reportable segments' assets and consolidated entity assets.
us-gaap:SegmentReportingSegmentAssets,us-gaap,SegmentReportingSegmentAssets,"Segment Reporting, Segment Assets (Deprecated 2011-01-31)",Total assets for reportable segments.
us-gaap:SegmentReportingSegmentOperatingProfitLoss,us-gaap,SegmentReportingSegmentOperatingProfitLoss,"Segment Reporting, Segment Operating Profit (Loss) (Deprecated 2011-01-31)",The total amount of profit or loss for reportable segments.
us-gaap:SelfInsuranceReserve,us-gaap,SelfInsuranceReserve,Self Insurance Reserve,"Carrying amount (including both current and noncurrent portions) of accrued known and estimated losses incurred as of the balance sheet date for which no insurance coverage exists, and for which a claim has been made or is probable of being asserted, typically arising from workmen's compensation-type of incidents and personal injury to nonemployees from accidents on the entity's property."
us-gaap:SelfInsuranceReserveCurrent,us-gaap,SelfInsuranceReserveCurrent,"Self Insurance Reserve, Current","Carrying amount of accrued known and estimated losses incurred as of the balance sheet date for which no insurance coverage exists, and for which a claim has been made or is probable of being asserted, typically arising from workmen's compensation-type of incidents and personal injury to nonemployees from accidents on the entity's property that are expected to be paid within one year (or the normal operating cycle, if longer)."
us-gaap:SellingAndMarketingExpense,us-gaap,SellingAndMarketingExpense,Selling and Marketing Expense,The aggregate total amount of expenses directly related to the marketing or selling of products or services.
us-gaap:SellingGeneralAndAdministrativeExpense,us-gaap,SellingGeneralAndAdministrativeExpense,"Selling, General and Administrative Expense","The aggregate total costs related to selling a firm's product and services, as well as all other general and administrative expenses. Direct selling expenses (for example, credit, warranty, and advertising) are expenses that can be directly linked to the sale of specific products. Indirect selling expenses are expenses that cannot be directly linked to the sale of specific products, for example telephone expenses, Internet, and postal charges. General and administrative expenses include salaries of non-sales personnel, rent, utilities, communication, etc."
us-gaap:SensitivityAnalysisOfFairValueOfInterestsContinuedToBeHeldByTransferorServicingAssetsOrLiabilitiesImpactOf10PercentAdverseChangeInPrepaymentSpeed,us-gaap,SensitivityAnalysisOfFairValueOfInterestsContinuedToBeHeldByTransferorServicingAssetsOrLiabilitiesImpactOf10PercentAdverseChangeInPrepaymentSpeed,"Sensitivity Analysis of Fair Value, Transferor's Interests in Transferred Financial Assets, Impact of 10 Percent Adverse Change in Prepayment Speed",The hypothetical financial impact of a 10 percent adverse change of prepayment speed on the fair value of transferor's interests in transferred financial assets (including any servicing assets or servicing liabilities) as of the balance sheet date.
us-gaap:SensitivityAnalysisOfFairValueOfInterestsContinuedToBeHeldByTransferorServicingAssetsOrLiabilitiesImpactOf20PercentAdverseChangeInPrepaymentSpeed,us-gaap,SensitivityAnalysisOfFairValueOfInterestsContinuedToBeHeldByTransferorServicingAssetsOrLiabilitiesImpactOf20PercentAdverseChangeInPrepaymentSpeed,"Sensitivity Analysis of Fair Value, Transferor's Interests in Transferred Financial Assets, Impact of 20 Percent Adverse Change in Prepayment Speed",The hypothetical financial impact of a 20 percent adverse change of prepayment speed on the fair value of transferor's interests in transferred financial assets (including any servicing assets or servicing liabilities) as of the balance sheet date.
us-gaap:SensitivityAnalysisOfFairValueOfInterestsContinuedToBeHeldByTransferorServicingAssetsOrLiabilitiesImpactOfOtherThan10Or20PercentAdverseChangeInPrepaymentSpeedPercent,us-gaap,SensitivityAnalysisOfFairValueOfInterestsContinuedToBeHeldByTransferorServicingAssetsOrLiabilitiesImpactOfOtherThan10Or20PercentAdverseChangeInPrepaymentSpeedPercent,"Sensitivity Analysis of Fair Value, Transferor's Interests in Transferred Financial Assets, Impact of Other than 10 or 20 Percent Adverse Change in Prepayment Speed, Percent",A specified percentage variance in the prepayment speed assumption in the determination of fair value of transferor's interests in transferred financial assets (including any servicing assets or servicing liabilities).
us-gaap:ServicingAssetAtAmortizedValueAmortization,us-gaap,ServicingAssetAtAmortizedValueAmortization,"Servicing Asset at Amortized Value, Amortization (Deprecated 2012-01-31)",Decreases in the value of servicing assets due to the periodic amortization in proportion to and over the period of estimated net servicing income.
us-gaap:ServicingAssetAtFairValueAmount,us-gaap,ServicingAssetAtFairValueAmount,"Servicing Asset at Fair Value, Amount","Fair value of an asset representing net future revenue from contractually specified servicing fees, late charges, and other ancillary revenues, in excess of future costs related to servicing arrangements."
us-gaap:ServicingAssetAtFairValueChangesInFairValueResultingFromChangesInValuationInputsOrChangesInAssumptions,us-gaap,ServicingAssetAtFairValueChangesInFairValueResultingFromChangesInValuationInputsOrChangesInAssumptions,"Servicing Asset at Fair Value, Changes in Fair Value Resulting from Changes in Valuation Inputs or Changes in Assumptions","Amount of increase (decrease) in fair value from changes in the inputs, assumptions, or model used to calculate the fair value of the contract to service financial assets under which the benefits of servicing are expected to more than adequately compensate the servicer."
us-gaap:ServicingAssetAtFairValueDisposals,us-gaap,ServicingAssetAtFairValueDisposals,"Servicing Asset at Fair Value, Disposals",Decrease in servicing assets subsequently measured at fair value resulting from conveyance of servicing rights to unrelated parties.
us-gaap:ServicingAssetAtFairValueOtherChangesThatAffectBalance,us-gaap,ServicingAssetAtFairValueOtherChangesThatAffectBalance,"Servicing Asset at Fair Value, Other Changes that Affect Balance",Amount of increase (decrease) in fair value from changes classified as other for a contract to service financial assets under which the benefits of servicing are expected to more than adequately compensate the servicer.
us-gaap:ServicingAssetAtFairValuePeriodIncreaseDecrease,us-gaap,ServicingAssetAtFairValuePeriodIncreaseDecrease,"Servicing Asset at Fair Value, Period Increase (Decrease)",The increase (decrease) in the fair value of servicing assets that are subsequently measured at fair value.
us-gaap:SettlementLiabilitiesCurrent,us-gaap,SettlementLiabilitiesCurrent,"Settlement Liabilities, Current","Amounts payable for money transfers, money orders, and consumer payment service arrangements. Settlement liabilities include amounts payable to intermediaries for global payment transfers."
us-gaap:SeveranceCosts,us-gaap,SeveranceCosts,Severance Costs (Deprecated 2013-01-31),"The charge against earnings in the period for known and estimated costs of termination benefits provided to current employees that are involuntarily terminated under a benefit arrangement associated with exit from or disposal of business activities or restructurings pursuant to a duly authorized plan, excluding costs or losses pertaining to an entity newly acquired in a business combination or a discontinued operation as defined by generally accepted accounting principles and costs associated with one-time termination benefits."
us-gaap:SeveranceCosts1,us-gaap,SeveranceCosts1,Severance Costs,"Amount of expenses for special or contractual termination benefits provided to current employees involuntarily terminated under a benefit arrangement associated exit or disposal activities pursuant to an authorized plan. Excludes expenses related to one-time termination benefits, a discontinued operation or an asset retirement obligation."
us-gaap:ShareBasedCompensation,us-gaap,ShareBasedCompensation,"Share-based Payment Arrangement, Noncash Expense",Amount of noncash expense for share-based payment arrangement.
us-gaap:ShareBasedCompensationArrangementByShareBasedPaymentAwardCompensationCost,us-gaap,ShareBasedCompensationArrangementByShareBasedPaymentAwardCompensationCost,"Share-based Compensation Arrangement by Share-based Payment Award, Compensation Cost (Deprecated 2012-01-31)","Equity-based compensation cost during the period with respect to the award, which will be recognized in income (as well as the total recognized tax benefit) or capitalized as part of the cost of an asset."
us-gaap:ShareBasedCompensationArrangementByShareBasedPaymentAwardDiscountFromMarketPriceOfferingDate,us-gaap,ShareBasedCompensationArrangementByShareBasedPaymentAwardDiscountFromMarketPriceOfferingDate,"Share-based Compensation Arrangement by Share-based Payment Award, Discount from Market Price, Offering Date",Discount rate from fair value on offering date that participants pay for shares.
us-gaap:ShareBasedCompensationArrangementByShareBasedPaymentAwardEquityInstrumentsOtherThanOptionsForfeitedInPeriod,us-gaap,ShareBasedCompensationArrangementByShareBasedPaymentAwardEquityInstrumentsOtherThanOptionsForfeitedInPeriod,"Share-based Compensation Arrangement by Share-based Payment Award, Equity Instruments Other than Options, Forfeited in Period","The number of equity-based payment instruments, excluding stock (or unit) options, that were forfeited during the reporting period."
us-gaap:ShareBasedCompensationArrangementByShareBasedPaymentAwardEquityInstrumentsOtherThanOptionsForfeitedInPeriodWeightedAverageGrantDateFairValue,us-gaap,ShareBasedCompensationArrangementByShareBasedPaymentAwardEquityInstrumentsOtherThanOptionsForfeitedInPeriodWeightedAverageGrantDateFairValue,"Share-based Compensation Arrangement by Share-based Payment Award, Equity Instruments Other than Options, Forfeited in Period, Weighted Average Grant Date Fair Value (Deprecated 2012-01-31)",The weighted average fair value as of the grant date of equity-based award plans other than stock (unit) option plans that were not exercised or put into effect during the reporting period as a result of the occurrence of a terminating event specified in the contractual agreement of the plan.
us-gaap:ShareBasedCompensationArrangementByShareBasedPaymentAwardEquityInstrumentsOtherThanOptionsForfeituresWeightedAverageGrantDateFairValue,us-gaap,ShareBasedCompensationArrangementByShareBasedPaymentAwardEquityInstrumentsOtherThanOptionsForfeituresWeightedAverageGrantDateFairValue,"Share-based Compensation Arrangement by Share-based Payment Award, Equity Instruments Other than Options, Forfeitures, Weighted Average Grant Date Fair Value",Weighted average fair value as of the grant date of equity-based award plans other than stock (unit) option plans that were not exercised or put into effect as a result of the occurrence of a terminating event.
us-gaap:ShareBasedCompensationArrangementByShareBasedPaymentAwardEquityInstrumentsOtherThanOptionsGrantsInPeriod,us-gaap,ShareBasedCompensationArrangementByShareBasedPaymentAwardEquityInstrumentsOtherThanOptionsGrantsInPeriod,"Share-based Compensation Arrangement by Share-based Payment Award, Equity Instruments Other than Options, Grants in Period","The number of grants made during the period on other than stock (or unit) option plans (for example, phantom stock or unit plan, stock or unit appreciation rights plan, performance target plan)."
us-gaap:ShareBasedCompensationArrangementByShareBasedPaymentAwardEquityInstrumentsOtherThanOptionsGrantsInPeriodWeightedAverageGrantDateFairValue,us-gaap,ShareBasedCompensationArrangementByShareBasedPaymentAwardEquityInstrumentsOtherThanOptionsGrantsInPeriodWeightedAverageGrantDateFairValue,"Share-based Compensation Arrangement by Share-based Payment Award, Equity Instruments Other than Options, Grants in Period, Weighted Average Grant Date Fair Value","The weighted average fair value at grant date for nonvested equity-based awards issued during the period on other than stock (or unit) option plans (for example, phantom stock or unit plan, stock or unit appreciation rights plan, performance target plan)."
us-gaap:ShareBasedCompensationArrangementByShareBasedPaymentAwardEquityInstrumentsOtherThanOptionsNonvestedIntrinsicValue,us-gaap,ShareBasedCompensationArrangementByShareBasedPaymentAwardEquityInstrumentsOtherThanOptionsNonvestedIntrinsicValue,"Share-based Compensation Arrangement by Share-based Payment Award, Equity Instrument Other than Option, Nonvested, Intrinsic Value",Per share or unit weighted-average intrinsic value of nonvested award under share-based payment arrangement. Excludes share and unit options.
us-gaap:ShareBasedCompensationArrangementByShareBasedPaymentAwardEquityInstrumentsOtherThanOptionsNonvestedNumber,us-gaap,ShareBasedCompensationArrangementByShareBasedPaymentAwardEquityInstrumentsOtherThanOptionsNonvestedNumber,"Share-based Compensation Arrangement by Share-based Payment Award, Equity Instruments Other than Options, Nonvested, Number","The number of non-vested equity-based payment instruments, excluding stock (or unit) options, that validly exist and are outstanding as of the balance sheet date."
us-gaap:ShareBasedCompensationArrangementByShareBasedPaymentAwardEquityInstrumentsOtherThanOptionsNonvestedWeightedAverageGrantDateFairValue,us-gaap,ShareBasedCompensationArrangementByShareBasedPaymentAwardEquityInstrumentsOtherThanOptionsNonvestedWeightedAverageGrantDateFairValue,"Share-based Compensation Arrangement by Share-based Payment Award, Equity Instruments Other than Options, Nonvested, Weighted Average Grant Date Fair Value",Per share or unit weighted-average fair value of nonvested award under share-based payment arrangement. Excludes share and unit options.
us-gaap:ShareBasedCompensationArrangementByShareBasedPaymentAwardEquityInstrumentsOtherThanOptionsShareBasedLiabilitiesPaid,us-gaap,ShareBasedCompensationArrangementByShareBasedPaymentAwardEquityInstrumentsOtherThanOptionsShareBasedLiabilitiesPaid,"Share-based Compensation Arrangement by Share-based Payment Award, Equity Instruments Other than Options, Share-based Liabilities Paid",Amount of cash paid to settle liability for award under share-based payment arrangement.
us-gaap:ShareBasedCompensationArrangementByShareBasedPaymentAwardEquityInstrumentsOtherThanOptionsVestedInPeriod,us-gaap,ShareBasedCompensationArrangementByShareBasedPaymentAwardEquityInstrumentsOtherThanOptionsVestedInPeriod,"Share-based Compensation Arrangement by Share-based Payment Award, Equity Instruments Other than Options, Vested in Period","The number of equity-based payment instruments, excluding stock (or unit) options, that vested during the reporting period."
us-gaap:ShareBasedCompensationArrangementByShareBasedPaymentAwardEquityInstrumentsOtherThanOptionsVestedInPeriodTotalFairValue,us-gaap,ShareBasedCompensationArrangementByShareBasedPaymentAwardEquityInstrumentsOtherThanOptionsVestedInPeriodTotalFairValue,"Share-based Compensation Arrangement by Share-based Payment Award, Equity Instruments Other than Options, Vested in Period, Fair Value","Fair value of share-based awards for which the grantee gained the right by satisfying service and performance requirements, to receive or retain shares or units, other instruments, or cash."
us-gaap:ShareBasedCompensationArrangementByShareBasedPaymentAwardEquityInstrumentsOtherThanOptionsVestedInPeriodWeightedAverageGrantDateFairValue,us-gaap,ShareBasedCompensationArrangementByShareBasedPaymentAwardEquityInstrumentsOtherThanOptionsVestedInPeriodWeightedAverageGrantDateFairValue,"Share-based Compensation Arrangement by Share-based Payment Award, Equity Instruments Other than Options, Vested in Period, Weighted Average Grant Date Fair Value","The weighted average fair value as of grant date pertaining to an equity-based award plan other than a stock (or unit) option plan for which the grantee gained the right during the reporting period, by satisfying service and performance requirements, to receive or retain shares or units, other instruments, or cash in accordance with the terms of the arrangement."
us-gaap:ShareBasedCompensationArrangementByShareBasedPaymentAwardFairValueAssumptionsExpectedDividendRate,us-gaap,ShareBasedCompensationArrangementByShareBasedPaymentAwardFairValueAssumptionsExpectedDividendRate,"Share-based Compensation Arrangement by Share-based Payment Award, Fair Value Assumptions, Expected Dividend Rate",The estimated dividend rate (a percentage of the share price) to be paid (expected dividends) to holders of the underlying shares over the option's term.
us-gaap:ShareBasedCompensationArrangementByShareBasedPaymentAwardFairValueAssumptionsExpectedTerm,us-gaap,ShareBasedCompensationArrangementByShareBasedPaymentAwardFairValueAssumptionsExpectedTerm,"Share-based Compensation Arrangement by Share-based Payment Award, Fair Value Assumptions, Expected Term (Deprecated 2012-01-31)","The period of time an equity-based award is expected to be outstanding. An equity-based award's expected term is generally determined based on, among other factors, the instrument's contractual term and the effects of employees' expected exercise and post-vesting employment termination behavior."
us-gaap:ShareBasedCompensationArrangementByShareBasedPaymentAwardFairValueAssumptionsExpectedVolatilityRate,us-gaap,ShareBasedCompensationArrangementByShareBasedPaymentAwardFairValueAssumptionsExpectedVolatilityRate,"Share-based Compensation Arrangement by Share-based Payment Award, Fair Value Assumptions, Expected Volatility Rate","The estimated measure of the percentage by which a share price is expected to fluctuate during a period. Volatility also may be defined as a probability-weighted measure of the dispersion of returns about the mean. The volatility of a share price is the standard deviation of the continuously compounded rates of return on the share over a specified period. That is the same as the standard deviation of the differences in the natural logarithms of the stock prices plus dividends, if any, over the period."
us-gaap:ShareBasedCompensationArrangementByShareBasedPaymentAwardFairValueAssumptionsRiskFreeInterestRate,us-gaap,ShareBasedCompensationArrangementByShareBasedPaymentAwardFairValueAssumptionsRiskFreeInterestRate,"Share-based Compensation Arrangement by Share-based Payment Award, Fair Value Assumptions, Risk Free Interest Rate",The risk-free interest rate assumption that is used in valuing an option on its own shares.
us-gaap:ShareBasedCompensationArrangementByShareBasedPaymentAwardFairValueAssumptionsRiskFreeInterestRateMaximum,us-gaap,ShareBasedCompensationArrangementByShareBasedPaymentAwardFairValueAssumptionsRiskFreeInterestRateMaximum,"Share-based Compensation Arrangement by Share-based Payment Award, Fair Value Assumptions, Risk Free Interest Rate, Maximum",The maximum risk-free interest rate assumption that is used in valuing an option on its own shares.
us-gaap:ShareBasedCompensationArrangementByShareBasedPaymentAwardFairValueAssumptionsRiskFreeInterestRateMinimum,us-gaap,ShareBasedCompensationArrangementByShareBasedPaymentAwardFairValueAssumptionsRiskFreeInterestRateMinimum,"Share-based Compensation Arrangement by Share-based Payment Award, Fair Value Assumptions, Risk Free Interest Rate, Minimum",The minimum risk-free interest rate assumption that is used in valuing an option on its own shares.
us-gaap:ShareBasedCompensationArrangementByShareBasedPaymentAwardFairValueAssumptionsWeightedAverageVolatilityRate,us-gaap,ShareBasedCompensationArrangementByShareBasedPaymentAwardFairValueAssumptionsWeightedAverageVolatilityRate,"Share-based Compensation Arrangement by Share-based Payment Award, Fair Value Assumptions, Weighted Average Volatility Rate",Rate of weighted-average expected volatility for award under share-based payment arrangement.
us-gaap:ShareBasedCompensationArrangementByShareBasedPaymentAwardMaximumEmployeeSubscriptionRate,us-gaap,ShareBasedCompensationArrangementByShareBasedPaymentAwardMaximumEmployeeSubscriptionRate,"Share-based Compensation Arrangement by Share-based Payment Award, Maximum Employee Subscription Rate",The highest percentage of annual salary that an employee is permitted to utilize with respect to the plan.
us-gaap:ShareBasedCompensationArrangementByShareBasedPaymentAwardNonOptionEquityInstrumentsOther,us-gaap,ShareBasedCompensationArrangementByShareBasedPaymentAwardNonOptionEquityInstrumentsOther,"Share-based Compensation Arrangement by Share-based Payment Award, Non-Option Equity Instruments, Other",Other increase (decrease) in number of shares reserved for issuance under non-option equity instrument agreements that is not separately disclosed.
us-gaap:ShareBasedCompensationArrangementByShareBasedPaymentAwardNonOptionEquityInstrumentsOutstandingNumber,us-gaap,ShareBasedCompensationArrangementByShareBasedPaymentAwardNonOptionEquityInstrumentsOutstandingNumber,"Share-based Compensation Arrangement by Share-based Payment Award, Non-Option Equity Instruments, Outstanding, Number","Number of equity instruments other than options outstanding, including both vested and non-vested instruments."
us-gaap:ShareBasedCompensationArrangementByShareBasedPaymentAwardNumberOfSharesAuthorized,us-gaap,ShareBasedCompensationArrangementByShareBasedPaymentAwardNumberOfSharesAuthorized,"Share-based Compensation Arrangement by Share-based Payment Award, Number of Shares Authorized",Number of shares authorized for issuance under share-based payment arrangement.
us-gaap:ShareBasedCompensationArrangementByShareBasedPaymentAwardNumberOfSharesAvailableForGrant,us-gaap,ShareBasedCompensationArrangementByShareBasedPaymentAwardNumberOfSharesAvailableForGrant,"Share-based Compensation Arrangement by Share-based Payment Award, Number of Shares Available for Grant","The difference between the maximum number of shares (or other type of equity) authorized for issuance under the plan (including the effects of amendments and adjustments), and the sum of: 1) the number of shares (or other type of equity) already issued upon exercise of options or other equity-based awards under the plan; and 2) shares (or other type of equity) reserved for issuance on granting of outstanding awards, net of cancellations and forfeitures, if applicable."
us-gaap:ShareBasedCompensationArrangementByShareBasedPaymentAwardOptionsExercisableIntrinsicValue,us-gaap,ShareBasedCompensationArrangementByShareBasedPaymentAwardOptionsExercisableIntrinsicValue,"Share-based Compensation Arrangement by Share-based Payment Award, Options, Exercisable, Intrinsic Value (Deprecated 2011-01-31)",The total dollar difference between fair values of the underlying shares reserved for issuance and exercise prices of vested portions of options outstanding and currently exercisable under the option plan as of the balance sheet date.
us-gaap:ShareBasedCompensationArrangementByShareBasedPaymentAwardOptionsExercisableNumber,us-gaap,ShareBasedCompensationArrangementByShareBasedPaymentAwardOptionsExercisableNumber,"Share-based Compensation Arrangement by Share-based Payment Award, Options, Exercisable, Number",The number of shares into which fully or partially vested stock options outstanding as of the balance sheet date can be currently converted under the option plan.
us-gaap:ShareBasedCompensationArrangementByShareBasedPaymentAwardOptionsExercisableWeightedAverageExercisePrice,us-gaap,ShareBasedCompensationArrangementByShareBasedPaymentAwardOptionsExercisableWeightedAverageExercisePrice,"Share-based Compensation Arrangement by Share-based Payment Award, Options, Exercisable, Weighted Average Exercise Price",The weighted-average price as of the balance sheet date at which grantees can acquire the shares reserved for issuance on vested portions of options outstanding and currently exercisable under the stock option plan.
us-gaap:ShareBasedCompensationArrangementByShareBasedPaymentAwardOptionsExercisableWeightedAverageRemainingContractualTerm,us-gaap,ShareBasedCompensationArrangementByShareBasedPaymentAwardOptionsExercisableWeightedAverageRemainingContractualTerm,"Share-based Compensation Arrangement by Share-based Payment Award, Options, Exercisable, Weighted Average Remaining Contractual Term (Deprecated 2012-01-31)","The weighted average period between the balance sheet date and expiration for all vested portions of options outstanding and currently exercisable (or convertible) under the plan, which may be expressed in a decimal value for number of years."
us-gaap:ShareBasedCompensationArrangementByShareBasedPaymentAwardOptionsExercisesInPeriod,us-gaap,ShareBasedCompensationArrangementByShareBasedPaymentAwardOptionsExercisesInPeriod,"Share-based Compensation Arrangement by Share-based Payment Award, Options, Exercises in Period (Deprecated 2011-01-31)",The decrease in the number of reserved shares that could potentially be issued attributable to the exercise or conversion during the reporting period of previously issued stock options under the option plan.
us-gaap:ShareBasedCompensationArrangementByShareBasedPaymentAwardOptionsExercisesInPeriodTotalIntrinsicValue,us-gaap,ShareBasedCompensationArrangementByShareBasedPaymentAwardOptionsExercisesInPeriodTotalIntrinsicValue,"Share-based Compensation Arrangement by Share-based Payment Award, Options, Exercises in Period, Intrinsic Value",Amount of accumulated difference between fair value of underlying shares on dates of exercise and exercise price on options exercised (or share units converted) into shares.
us-gaap:ShareBasedCompensationArrangementByShareBasedPaymentAwardOptionsExercisesInPeriodWeightedAverageExercisePrice,us-gaap,ShareBasedCompensationArrangementByShareBasedPaymentAwardOptionsExercisesInPeriodWeightedAverageExercisePrice,"Share-based Compensation Arrangement by Share-based Payment Award, Options, Exercises in Period, Weighted Average Exercise Price (Deprecated 2012-01-31)",The weighted average price at which option holders acquired shares when converting their stock options into shares under the plan during the reporting period.
us-gaap:ShareBasedCompensationArrangementByShareBasedPaymentAwardOptionsExpirationsInPeriod,us-gaap,ShareBasedCompensationArrangementByShareBasedPaymentAwardOptionsExpirationsInPeriod,"Share-based Compensation Arrangement by Share-based Payment Award, Options, Expirations in Period",Number of options or other stock instruments for which the right to exercise has lapsed under the terms of the plan agreements.
us-gaap:ShareBasedCompensationArrangementByShareBasedPaymentAwardOptionsExpirationsInPeriodWeightedAverageExercisePrice,us-gaap,ShareBasedCompensationArrangementByShareBasedPaymentAwardOptionsExpirationsInPeriodWeightedAverageExercisePrice,"Share-based Compensation Arrangement by Share-based Payment Award, Options, Expirations in Period, Weighted Average Exercise Price (Deprecated 2012-01-31)",The weighted average price at which grantees could have acquired the underlying shares with respect to stock options of the plan that lapsed during the reporting period.
us-gaap:ShareBasedCompensationArrangementByShareBasedPaymentAwardOptionsForfeituresAndExpirationsInPeriod,us-gaap,ShareBasedCompensationArrangementByShareBasedPaymentAwardOptionsForfeituresAndExpirationsInPeriod,"Share-based Compensation Arrangement by Share-based Payment Award, Options, Forfeitures and Expirations in Period","For presentations that combine terminations, the number of shares under options that were cancelled during the reporting period as a result of occurrence of a terminating event specified in contractual agreements pertaining to the stock option plan or that expired."
us-gaap:ShareBasedCompensationArrangementByShareBasedPaymentAwardOptionsForfeituresAndExpirationsInPeriodWeightedAverageExercisePrice,us-gaap,ShareBasedCompensationArrangementByShareBasedPaymentAwardOptionsForfeituresAndExpirationsInPeriodWeightedAverageExercisePrice,"Share-based Compensation Arrangement by Share-based Payment Award, Options, Forfeitures and Expirations in Period, Weighted Average Exercise Price",Weighted average price of options that were either forfeited or expired.
us-gaap:ShareBasedCompensationArrangementByShareBasedPaymentAwardOptionsForfeituresInPeriod,us-gaap,ShareBasedCompensationArrangementByShareBasedPaymentAwardOptionsForfeituresInPeriod,"Share-based Compensation Arrangement by Share-based Payment Award, Options, Forfeitures in Period",The number of shares under options that were cancelled during the reporting period as a result of occurrence of a terminating event specified in contractual agreements pertaining to the stock option plan.
us-gaap:ShareBasedCompensationArrangementByShareBasedPaymentAwardOptionsForfeituresInPeriodWeightedAverageExercisePrice,us-gaap,ShareBasedCompensationArrangementByShareBasedPaymentAwardOptionsForfeituresInPeriodWeightedAverageExercisePrice,"Share-based Compensation Arrangement by Share-based Payment Award, Options, Forfeitures in Period, Weighted Average Exercise Price (Deprecated 2012-01-31)",The weighted average price at which grantees could have acquired the underlying shares with respect to stock options that were terminated during the reporting period due to noncompliance with plan terms during the reporting period.
us-gaap:ShareBasedCompensationArrangementByShareBasedPaymentAwardOptionsGrantsInPeriod,us-gaap,ShareBasedCompensationArrangementByShareBasedPaymentAwardOptionsGrantsInPeriod,"Share-based Compensation Arrangement by Share-based Payment Award, Options, Grants in Period, Net of Forfeitures",Net number of share options (or share units) granted during the period.
us-gaap:ShareBasedCompensationArrangementByShareBasedPaymentAwardOptionsGrantsInPeriodGross,us-gaap,ShareBasedCompensationArrangementByShareBasedPaymentAwardOptionsGrantsInPeriodGross,"Share-based Compensation Arrangement by Share-based Payment Award, Options, Grants in Period, Gross",Gross number of share options (or share units) granted during the period.
us-gaap:ShareBasedCompensationArrangementByShareBasedPaymentAwardOptionsGrantsInPeriodWeightedAverageExercisePrice,us-gaap,ShareBasedCompensationArrangementByShareBasedPaymentAwardOptionsGrantsInPeriodWeightedAverageExercisePrice,"Share-based Compensation Arrangement by Share-based Payment Award, Options, Grants in Period, Weighted Average Exercise Price (Deprecated 2012-01-31)",The weighted average price as of the balance sheet date at which grantees can acquire the shares reserved for issuance on stock options awarded under the plan during the reporting period.
us-gaap:ShareBasedCompensationArrangementByShareBasedPaymentAwardOptionsGrantsInPeriodWeightedAverageGrantDateFairValue,us-gaap,ShareBasedCompensationArrangementByShareBasedPaymentAwardOptionsGrantsInPeriodWeightedAverageGrantDateFairValue,"Share-based Compensation Arrangement by Share-based Payment Award, Options, Grants in Period, Weighted Average Grant Date Fair Value",The weighted average grant-date fair value of options granted during the reporting period as calculated by applying the disclosed option pricing methodology.
us-gaap:ShareBasedCompensationArrangementByShareBasedPaymentAwardOptionsOtherIncreasesDecreasesInPeriod,us-gaap,ShareBasedCompensationArrangementByShareBasedPaymentAwardOptionsOtherIncreasesDecreasesInPeriod,"Share-based Compensation Arrangement by Share-based Payment Award, Options, Other Increases (Decreases) in Period","The addition or reduction in the number of reserved shares that could potentially be issued under the option plan attributable to reasons other than grants, exercises, forfeitures, and expirations during the reporting period."
us-gaap:ShareBasedCompensationArrangementByShareBasedPaymentAwardOptionsOutstandingIntrinsicValue,us-gaap,ShareBasedCompensationArrangementByShareBasedPaymentAwardOptionsOutstandingIntrinsicValue,"Share-based Compensation Arrangement by Share-based Payment Award, Options, Outstanding, Intrinsic Value",Amount by which the current fair value of the underlying stock exceeds the exercise price of options outstanding.
us-gaap:ShareBasedCompensationArrangementByShareBasedPaymentAwardOptionsOutstandingNumber,us-gaap,ShareBasedCompensationArrangementByShareBasedPaymentAwardOptionsOutstandingNumber,"Share-based Compensation Arrangement by Share-based Payment Award, Options, Outstanding, Number","Number of options outstanding, including both vested and non-vested options."
us-gaap:ShareBasedCompensationArrangementByShareBasedPaymentAwardOptionsOutstandingWeightedAverageExercisePrice,us-gaap,ShareBasedCompensationArrangementByShareBasedPaymentAwardOptionsOutstandingWeightedAverageExercisePrice,"Share-based Compensation Arrangement by Share-based Payment Award, Options, Outstanding, Weighted Average Exercise Price",Weighted average price at which grantees can acquire the shares reserved for issuance under the stock option plan.
us-gaap:ShareBasedCompensationArrangementByShareBasedPaymentAwardOptionsOutstandingWeightedAverageRemainingContractualTerm,us-gaap,ShareBasedCompensationArrangementByShareBasedPaymentAwardOptionsOutstandingWeightedAverageRemainingContractualTerm,"Share-based Compensation Arrangement by Share-based Payment Award, Options, Outstanding, Weighted Average Remaining Contractual Term (Deprecated 2011-01-31)","The weighted average period between the balance sheet date and expiration for all awards outstanding under the plan, which may be expressed in a decimal value for number of years."
us-gaap:ShareBasedCompensationArrangementByShareBasedPaymentAwardOptionsVestedAndExpectedToVestExercisableAggregateIntrinsicValue,us-gaap,ShareBasedCompensationArrangementByShareBasedPaymentAwardOptionsVestedAndExpectedToVestExercisableAggregateIntrinsicValue,"Share-based Compensation Arrangement by Share-based Payment Award, Options, Vested and Expected to Vest, Exercisable, Aggregate Intrinsic Value","Amount by which current fair value of underlying stock exceeds exercise price of fully vested and expected to vest exercisable or convertible options. Includes, but is not limited to, unvested options for which requisite service period has not been rendered but that are expected to vest based on achievement of performance condition, if forfeitures are recognized when they occur."
us-gaap:ShareBasedCompensationArrangementByShareBasedPaymentAwardOptionsVestedAndExpectedToVestExercisableNumber,us-gaap,ShareBasedCompensationArrangementByShareBasedPaymentAwardOptionsVestedAndExpectedToVestExercisableNumber,"Share-based Compensation Arrangement by Share-based Payment Award, Options, Vested and Expected to Vest, Exercisable, Number","Number of fully vested and expected to vest exercisable options that may be converted into shares under option plan. Includes, but is not limited to, unvested options for which requisite service period has not been rendered but that are expected to vest based on achievement of performance condition, if forfeitures are recognized when they occur."
us-gaap:ShareBasedCompensationArrangementByShareBasedPaymentAwardOptionsVestedAndExpectedToVestExercisableWeightedAverageExercisePrice,us-gaap,ShareBasedCompensationArrangementByShareBasedPaymentAwardOptionsVestedAndExpectedToVestExercisableWeightedAverageExercisePrice,"Share-based Compensation Arrangement by Share-based Payment Award, Options, Vested and Expected to Vest, Exercisable, Weighted Average Exercise Price","Weighted-average exercise price, at which grantee can acquire shares reserved for issuance, for fully vested and expected to vest exercisable or convertible options. Includes, but is not limited to, unvested options for which requisite service period has not been rendered but that are expected to vest based on achievement of performance condition, if forfeitures are recognized when they occur."
us-gaap:ShareBasedCompensationArrangementByShareBasedPaymentAwardOptionsVestedAndExpectedToVestOutstandingAggregateIntrinsicValue,us-gaap,ShareBasedCompensationArrangementByShareBasedPaymentAwardOptionsVestedAndExpectedToVestOutstandingAggregateIntrinsicValue,"Share-based Compensation Arrangement by Share-based Payment Award, Options, Vested and Expected to Vest, Outstanding, Aggregate Intrinsic Value","Amount by which current fair value of underlying stock exceeds exercise price of fully vested and expected to vest options outstanding. Includes, but is not limited to, unvested options for which requisite service period has not been rendered but that are expected to vest based on achievement of performance condition, if forfeitures are recognized when they occur."
us-gaap:ShareBasedCompensationArrangementByShareBasedPaymentAwardOptionsVestedAndExpectedToVestOutstandingNumber,us-gaap,ShareBasedCompensationArrangementByShareBasedPaymentAwardOptionsVestedAndExpectedToVestOutstandingNumber,"Share-based Compensation Arrangement by Share-based Payment Award, Options, Vested and Expected to Vest, Outstanding, Number","Number of fully vested and expected to vest options outstanding that can be converted into shares under option plan. Includes, but is not limited to, unvested options for which requisite service period has not been rendered but that are expected to vest based on achievement of performance condition, if forfeitures are recognized when they occur."
us-gaap:ShareBasedCompensationArrangementByShareBasedPaymentAwardOptionsVestedAndExpectedToVestOutstandingWeightedAverageExercisePrice,us-gaap,ShareBasedCompensationArrangementByShareBasedPaymentAwardOptionsVestedAndExpectedToVestOutstandingWeightedAverageExercisePrice,"Share-based Compensation Arrangement by Share-based Payment Award, Options, Vested and Expected to Vest, Outstanding, Weighted Average Exercise Price","Weighted-average exercise price, at which grantee can acquire shares reserved for issuance, for fully vested and expected to vest options outstanding. Includes, but is not limited to, unvested options for which requisite service period has not been rendered but that are expected to vest based on achievement of performance condition, if forfeitures are recognized when they occur."
us-gaap:ShareBasedCompensationArrangementByShareBasedPaymentAwardOptionsVestedAndExpectedToVestOutstandingWeightedAverageRemainingContractualTerm,us-gaap,ShareBasedCompensationArrangementByShareBasedPaymentAwardOptionsVestedAndExpectedToVestOutstandingWeightedAverageRemainingContractualTerm,"Share-based Compensation Arrangement by Share-based Payment Award, Options, Vested and Expected to Vest, Outstanding, Weighted Average Remaining Contractual Term (Deprecated 2012-01-31)","The weighted-average period between the balance sheet date and expiration date for fully vested and expected to vest options outstanding, which may be expressed in a decimal value for number of years."
us-gaap:ShareBasedCompensationArrangementByShareBasedPaymentAwardOptionsVestedInPeriodFairValue,us-gaap,ShareBasedCompensationArrangementByShareBasedPaymentAwardOptionsVestedInPeriodFairValue,"Share-based Compensation Arrangement by Share-based Payment Award, Options, Vested in Period, Fair Value (Deprecated 2013-01-31)","Fair value of options vested. Excludes equity instruments other than options, for example, but not limited to, share units, stock appreciation rights, restricted stock."
us-gaap:ShareBasedCompensationArrangementByShareBasedPaymentAwardPerShareWeightedAveragePriceOfSharesPurchased,us-gaap,ShareBasedCompensationArrangementByShareBasedPaymentAwardPerShareWeightedAveragePriceOfSharesPurchased,"Share-based Compensation Arrangement by Share-based Payment Award, Per Share Weighted Average Price of Shares Purchased",Per share weighted-average price paid for shares purchased on open market for issuance under share-based payment arrangement.
us-gaap:ShareBasedCompensationArrangementsByShareBasedPaymentAwardOptionsExercisesInPeriodWeightedAverageExercisePrice,us-gaap,ShareBasedCompensationArrangementsByShareBasedPaymentAwardOptionsExercisesInPeriodWeightedAverageExercisePrice,"Share-based Compensation Arrangements by Share-based Payment Award, Options, Exercises in Period, Weighted Average Exercise Price",Weighted average price at which option holders acquired shares when converting their stock options into shares.
us-gaap:ShareBasedCompensationArrangementsByShareBasedPaymentAwardOptionsExpirationsInPeriodWeightedAverageExercisePrice,us-gaap,ShareBasedCompensationArrangementsByShareBasedPaymentAwardOptionsExpirationsInPeriodWeightedAverageExercisePrice,"Share-based Compensation Arrangements by Share-based Payment Award, Options, Expirations in Period, Weighted Average Exercise Price",Weighted average price at which grantees could have acquired the underlying shares with respect to stock options of the plan that expired.
us-gaap:ShareBasedCompensationArrangementsByShareBasedPaymentAwardOptionsForfeituresInPeriodWeightedAverageExercisePrice,us-gaap,ShareBasedCompensationArrangementsByShareBasedPaymentAwardOptionsForfeituresInPeriodWeightedAverageExercisePrice,"Share-based Compensation Arrangements by Share-based Payment Award, Options, Forfeitures in Period, Weighted Average Exercise Price",Weighted average price at which grantees could have acquired the underlying shares with respect to stock options that were terminated.
us-gaap:ShareBasedCompensationArrangementsByShareBasedPaymentAwardOptionsGrantsInPeriodWeightedAverageExercisePrice,us-gaap,ShareBasedCompensationArrangementsByShareBasedPaymentAwardOptionsGrantsInPeriodWeightedAverageExercisePrice,"Share-based Compensation Arrangements by Share-based Payment Award, Options, Grants in Period, Weighted Average Exercise Price",Weighted average per share amount at which grantees can acquire shares of common stock by exercise of options.
us-gaap:ShareBasedCompensationSharesAuthorizedUnderStockOptionPlansExercisePriceRangeExercisableOptionsWeightedAverageExercisePrice,us-gaap,ShareBasedCompensationSharesAuthorizedUnderStockOptionPlansExercisePriceRangeExercisableOptionsWeightedAverageExercisePrice,"Share-based Compensation, Shares Authorized under Stock Option Plans, Exercise Price Range, Exercisable Options, Weighted Average Exercise Price (Deprecated 2011-01-31)",Weighted average exercise price as of the balance sheet date for those equity-based payment arrangements exercisable and outstanding.
us-gaap:ShareBasedCompensationSharesAuthorizedUnderStockOptionPlansExercisePriceRangeExercisableOptionsWeightedAverageRemainingContractualTerm,us-gaap,ShareBasedCompensationSharesAuthorizedUnderStockOptionPlansExercisePriceRangeExercisableOptionsWeightedAverageRemainingContractualTerm,"Share-based Compensation, Shares Authorized under Stock Option Plans, Exercise Price Range, Exercisable Options, Weighted Average Remaining Contractual Term (Deprecated 2011-01-31)","The weighted average remaining life of the outstanding, exercisable stock options as of the balance sheet date for all option plans in the customized range of exercise prices."
us-gaap:ShareBasedCompensationSharesAuthorizedUnderStockOptionPlansExercisePriceRangeNumberOfExercisableOptions,us-gaap,ShareBasedCompensationSharesAuthorizedUnderStockOptionPlansExercisePriceRangeNumberOfExercisableOptions,"Share-based Payment Arrangement, Option, Exercise Price Range, Shares Exercisable",The number of shares reserved for issuance pertaining to the outstanding exercisable stock options as of the balance sheet date in the customized range of exercise prices for which the market and performance vesting condition has been satisfied.
us-gaap:ShareBasedCompensationSharesAuthorizedUnderStockOptionPlansExercisePriceRangeNumberOfOutstandingOptions,us-gaap,ShareBasedCompensationSharesAuthorizedUnderStockOptionPlansExercisePriceRangeNumberOfOutstandingOptions,"Share-based Payment Arrangement, Option, Exercise Price Range, Shares Outstanding",The number of shares reserved for issuance pertaining to the outstanding stock options as of the balance sheet date for all option plans in the customized range of exercise prices.
us-gaap:ShareBasedCompensationSharesAuthorizedUnderStockOptionPlansExercisePriceRangeOutstandingOptionsWeightedAverageExercisePriceBeginningBalance,us-gaap,ShareBasedCompensationSharesAuthorizedUnderStockOptionPlansExercisePriceRangeOutstandingOptionsWeightedAverageExercisePriceBeginningBalance,"Share-based Compensation, Shares Authorized under Stock Option Plans, Exercise Price Range, Outstanding Options, Weighted Average Exercise Price, Beginning Balance (Deprecated 2011-01-31)",The weighted average price as of the balance sheet date at which grantees could acquire the underlying shares with respect to all outstanding stock options which are in the customized range of exercise prices.
us-gaap:ShareBasedCompensationSharesAuthorizedUnderStockOptionPlansExercisePriceRangeOutstandingOptionsWeightedAverageRemainingContractualTerm,us-gaap,ShareBasedCompensationSharesAuthorizedUnderStockOptionPlansExercisePriceRangeOutstandingOptionsWeightedAverageRemainingContractualTerm,"Share-based Compensation, Shares Authorized under Stock Option Plans, Exercise Price Range, Outstanding Options, Weighted Average Remaining Contractual Term (Deprecated 2011-01-31)","The weighted-average period remaining as of the balance sheet date until option expiration pertaining to the outstanding stock options for all option plans in the customized range of exercise prices, which may be expressed in a variety of ways (for example, years, months)."
us-gaap:SharePrice,us-gaap,SharePrice,Share Price,Price of a single share of a number of saleable stocks of a company.
us-gaap:SharebasedCompensationArrangementBySharebasedPaymentAwardAwardVestingRightsPercentage,us-gaap,SharebasedCompensationArrangementBySharebasedPaymentAwardAwardVestingRightsPercentage,"Share-based Compensation Arrangement by Share-based Payment Award, Award Vesting Rights, Percentage",Percentage of vesting of award under share-based payment arrangement.
us-gaap:SharebasedCompensationArrangementBySharebasedPaymentAwardEquityInstrumentsOtherThanOptionsAggregateIntrinsicValueNonvested,us-gaap,SharebasedCompensationArrangementBySharebasedPaymentAwardEquityInstrumentsOtherThanOptionsAggregateIntrinsicValueNonvested,"Share-based Compensation Arrangement by Share-based Payment Award, Equity Instruments Other than Options, Aggregate Intrinsic Value, Nonvested",Intrinsic value of nonvested award under share-based payment arrangement. Excludes share and unit options.
us-gaap:SharebasedCompensationArrangementBySharebasedPaymentAwardOptionsExercisableIntrinsicValue1,us-gaap,SharebasedCompensationArrangementBySharebasedPaymentAwardOptionsExercisableIntrinsicValue1,"Share-based Compensation Arrangement by Share-based Payment Award, Options, Exercisable, Intrinsic Value",Amount of difference between fair value of the underlying shares reserved for issuance and exercise price of vested portions of options outstanding and currently exercisable.
us-gaap:SharebasedCompensationArrangementBySharebasedPaymentAwardOptionsOutstandingWeightedAverageRemainingContractualTerm1,us-gaap,SharebasedCompensationArrangementBySharebasedPaymentAwardOptionsOutstandingWeightedAverageRemainingContractualTerm1,"Share-based Compensation Arrangement by Share-based Payment Award, Options, Outstanding, Weighted Average Remaining Contractual Term (Deprecated 2012-01-31)","The weighted average period between the balance sheet date and expiration for all awards outstanding under the plan, which may be expressed in a decimal value for number of years."
us-gaap:SharebasedCompensationArrangementBySharebasedPaymentAwardOptionsVestedInPeriodFairValue1,us-gaap,SharebasedCompensationArrangementBySharebasedPaymentAwardOptionsVestedInPeriodFairValue1,"Share-based Compensation Arrangement by Share-based Payment Award, Options, Vested in Period, Fair Value","Fair value of options vested. Excludes equity instruments other than options, for example, but not limited to, share units, stock appreciation rights, restricted stock."
us-gaap:SharebasedCompensationArrangementBySharebasedPaymentAwardPurchasePriceOfCommonStockPercent,us-gaap,SharebasedCompensationArrangementBySharebasedPaymentAwardPurchasePriceOfCommonStockPercent,"Share-based Compensation Arrangement by Share-based Payment Award, Purchase Price of Common Stock, Percent",Purchase price of common stock expressed as a percentage of its fair value.
us-gaap:SharebasedCompensationSharesAuthorizedUnderStockOptionPlansExercisePriceRangeExercisableOptionsWeightedAverageExercisePrice1,us-gaap,SharebasedCompensationSharesAuthorizedUnderStockOptionPlansExercisePriceRangeExercisableOptionsWeightedAverageExercisePrice1,"Share-based Payment Arrangement, Option, Exercise Price Range, Exercisable, Weighted Average Exercise Price",Weighted average exercise price as of the balance sheet date for those equity-based payment arrangements exercisable and outstanding.
us-gaap:SharebasedCompensationSharesAuthorizedUnderStockOptionPlansExercisePriceRangeExercisableOptionsWeightedAverageRemainingContractualTerm1,us-gaap,SharebasedCompensationSharesAuthorizedUnderStockOptionPlansExercisePriceRangeExercisableOptionsWeightedAverageRemainingContractualTerm1,"Share-based Compensation, Shares Authorized under Stock Option Plans, Exercise Price Range, Exercisable Options, Weighted Average Remaining Contractual Term (Deprecated 2012-01-31)",The weighted average remaining life of the exercisable stock options as of the balance sheet date for all option plans in the customized range of exercise prices.
us-gaap:SharebasedCompensationSharesAuthorizedUnderStockOptionPlansExercisePriceRangeOutstandingOptionsWeightedAverageExercisePriceBeginningBalance1,us-gaap,SharebasedCompensationSharesAuthorizedUnderStockOptionPlansExercisePriceRangeOutstandingOptionsWeightedAverageExercisePriceBeginningBalance1,"Share-based Payment Arrangement, Option, Exercise Price Range, Outstanding, Weighted Average Exercise Price",The weighted average price as of the balance sheet date at which grantees could acquire the underlying shares with respect to all outstanding stock options which are in the customized range of exercise prices.
us-gaap:SharebasedCompensationSharesAuthorizedUnderStockOptionPlansExercisePriceRangeOutstandingOptionsWeightedAverageRemainingContractualTerm1,us-gaap,SharebasedCompensationSharesAuthorizedUnderStockOptionPlansExercisePriceRangeOutstandingOptionsWeightedAverageRemainingContractualTerm1,"Share-based Compensation, Shares Authorized under Stock Option Plans, Exercise Price Range, Outstanding Options, Weighted Average Remaining Contractual Term (Deprecated 2012-01-31)","The weighted-average period remaining as of the balance sheet date until option expiration pertaining to the outstanding stock options for all option plans in the customized range of exercise prices, which may be expressed in a variety of ways (for example, years, months)."
us-gaap:SharesIssued,us-gaap,SharesIssued,"Shares, Issued","Number of shares of stock issued as of the balance sheet date, including shares that had been issued and were previously outstanding but which are now held in the treasury."
us-gaap:SharesPaidForTaxWithholdingForShareBasedCompensation,us-gaap,SharesPaidForTaxWithholdingForShareBasedCompensation,"Share-based Payment Arrangement, Shares Withheld for Tax Withholding Obligation",Number of shares used to settle grantee's tax withholding obligation for award under share-based payment arrangement.
us-gaap:ShippingHandlingAndTransportationCosts,us-gaap,ShippingHandlingAndTransportationCosts,"Shipping, Handling and Transportation Costs (Deprecated 2018-01-31)",Cost incurred during the reporting period in transporting goods and services to customers. Includes freight-out costs.
us-gaap:ShortTermBankLoansAndNotesPayable,us-gaap,ShortTermBankLoansAndNotesPayable,Short-term Bank Loans and Notes Payable,"Amount of borrowings from a bank classified as other, maturing within one year or operating cycle, if longer."
us-gaap:ShortTermBorrowings,us-gaap,ShortTermBorrowings,Short-term Debt,"Reflects the total carrying amount as of the balance sheet date of debt having initial terms less than one year or the normal operating cycle, if longer."
us-gaap:ShortTermDebtWeightedAverageInterestRate,us-gaap,ShortTermDebtWeightedAverageInterestRate,"Short-term Debt, Weighted Average Interest Rate, at Point in Time",Weighted average interest rate of short-term debt outstanding calculated at point in time.
us-gaap:ShortTermInvestments,us-gaap,ShortTermInvestments,Short-term Investments,"Amount of investments including trading securities, available-for-sale securities, held-to-maturity securities, and short-term investments classified as other and current."
us-gaap:ShorttermDebtAverageOutstandingAmount,us-gaap,ShorttermDebtAverageOutstandingAmount,"Short-term Debt, Average Outstanding Amount","For the form of debt having an initial term of less than one year or less than the normal operating cycle, if longer, average borrowings during the period."
us-gaap:ShorttermDebtMaximumMonthendOutstandingAmount,us-gaap,ShorttermDebtMaximumMonthendOutstandingAmount,"Short-term Debt, Maximum Month-end Outstanding Amount","For the form of debt having an initial term of less than one year or less than the normal operating cycle, if longer, maximum month-end borrowings during the period."
us-gaap:SignificantChangeInUnrecognizedTaxBenefitsIsReasonablyPossibleAmountOfUnrecordedBenefit,us-gaap,SignificantChangeInUnrecognizedTaxBenefitsIsReasonablyPossibleAmountOfUnrecordedBenefit,"Significant Change in Unrecognized Tax Benefits is Reasonably Possible, Amount of Unrecorded Benefit",The amount of the unrecognized tax benefit of a position taken for which it is reasonably possible that the total amount thereof will significantly increase or decrease within twelve months of the balance sheet date.
us-gaap:SignificantChangeInUnrecognizedTaxBenefitsIsReasonablyPossibleEstimatedRangeOfChangeLowerBound,us-gaap,SignificantChangeInUnrecognizedTaxBenefitsIsReasonablyPossibleEstimatedRangeOfChangeLowerBound,"Significant (Increase) Decrease in Unrecognized Tax Benefits is Reasonably Possible, Estimated Range of Change, Lower Bound (Deprecated 2015-01-31)",Amount of (increase) decrease reasonably possible in the estimated lower bound of the unrecognized tax benefit for a tax position taken or expected to be taken.
us-gaap:SignificantChangeInUnrecognizedTaxBenefitsIsReasonablyPossibleEstimatedRangeOfChangeUpperBound,us-gaap,SignificantChangeInUnrecognizedTaxBenefitsIsReasonablyPossibleEstimatedRangeOfChangeUpperBound,"Significant (Increase) Decrease in Unrecognized Tax Benefits is Reasonably Possible, Estimated Range of Change, Upper Bound (Deprecated 2015-01-31)",Amount of (increase) decrease reasonably possible in the estimated upper bound of the unrecognized tax benefit for a tax position taken or expected to be taken.
us-gaap:SquareFootageOfRealEstateProperty,us-gaap,SquareFootageOfRealEstateProperty,Square Footage of Real Estate Property (Deprecated 2012-01-31),The amount of square footage related to a real estate property.
us-gaap:StandardProductWarrantyAccrual,us-gaap,StandardProductWarrantyAccrual,Standard Product Warranty Accrual,Amount as of the balance sheet date of the aggregate standard product warranty liability. Does not include the balance for the extended product warranty liability.
us-gaap:StandardProductWarrantyAccrualCurrent,us-gaap,StandardProductWarrantyAccrualCurrent,"Standard Product Warranty Accrual, Current","Amount as of the balance sheet date of the aggregate standard product warranty liability that is expected to be paid within one year or the normal operating cycle, if longer. Does not include the balance for the extended product warranty liability."
us-gaap:StandardProductWarrantyAccrualNoncurrent,us-gaap,StandardProductWarrantyAccrualNoncurrent,"Standard Product Warranty Accrual, Noncurrent","Amount as of the balance sheet date of the aggregate standard product warranty liability that is expected to be paid after one year or beyond the normal operating cycle, if longer. Does not include the balance for the extended product warranty liability."
us-gaap:StandardProductWarrantyAccrualPayments,us-gaap,StandardProductWarrantyAccrualPayments,"Standard Product Warranty Accrual, Decrease for Payments",Amount of decrease in the standard product warranty accrual from payments made in cash or in kind to satisfy claims under the terms of the standard product warranty. Excludes extended product warranties.
us-gaap:StandardProductWarrantyAccrualWarrantiesIssued,us-gaap,StandardProductWarrantyAccrualWarrantiesIssued,"Standard Product Warranty Accrual, Increase for Warranties Issued",Amount of increase in the standard product warranty accrual from warranties issued. Excludes extended product warranties.
us-gaap:StateAndLocalIncomeTaxExpenseBenefitContinuingOperations,us-gaap,StateAndLocalIncomeTaxExpenseBenefitContinuingOperations,"State and Local Income Tax Expense (Benefit), Continuing Operations",Amount of state and local current and deferred income tax expense (benefit) attributable to continuing operations.
us-gaap:StockGrantedDuringPeriodValueSharebasedCompensation,us-gaap,StockGrantedDuringPeriodValueSharebasedCompensation,"Shares Granted, Value, Share-based Payment Arrangement, after Forfeiture","Value, after forfeiture, of shares granted under share-based payment arrangement. Excludes employee stock ownership plan (ESOP)."
us-gaap:StockGrantedDuringPeriodValueSharebasedCompensationGross,us-gaap,StockGrantedDuringPeriodValueSharebasedCompensationGross,"Shares Granted, Value, Share-based Payment Arrangement, before Forfeiture","Value, before forfeiture, of shares granted under share-based payment arrangement. Excludes employee stock ownership plan (ESOP)."
us-gaap:StockIssued1,us-gaap,StockIssued1,Stock Issued,The fair value of stock issued in noncash financing activities.
us-gaap:StockIssuedDuringPeriodSharesAcquisitions,us-gaap,StockIssuedDuringPeriodSharesAcquisitions,"Stock Issued During Period, Shares, Acquisitions",Number of shares of stock issued during the period pursuant to acquisitions.
us-gaap:StockIssuedDuringPeriodSharesConversionOfConvertibleSecurities,us-gaap,StockIssuedDuringPeriodSharesConversionOfConvertibleSecurities,"Stock Issued During Period, Shares, Conversion of Convertible Securities",Number of shares issued during the period as a result of the conversion of convertible securities.
us-gaap:StockIssuedDuringPeriodSharesEmployeeBenefitPlan,us-gaap,StockIssuedDuringPeriodSharesEmployeeBenefitPlan,"Stock Issued During Period, Shares, Employee Benefit Plan","Number of shares issued during the period to an employee benefit plan, such as a defined contribution or defined benefit plan."
us-gaap:StockIssuedDuringPeriodSharesEmployeeStockPurchasePlans,us-gaap,StockIssuedDuringPeriodSharesEmployeeStockPurchasePlans,"Stock Issued During Period, Shares, Employee Stock Purchase Plans",Number of shares issued during the period as a result of an employee stock purchase plan.
us-gaap:StockIssuedDuringPeriodSharesNewIssues,us-gaap,StockIssuedDuringPeriodSharesNewIssues,"Stock Issued During Period, Shares, New Issues",Number of new stock issued during the period.
us-gaap:StockIssuedDuringPeriodSharesOther,us-gaap,StockIssuedDuringPeriodSharesOther,"Stock Issued During Period, Shares, Other",Number of shares of stock issued attributable to transactions classified as other.
us-gaap:StockIssuedDuringPeriodSharesStockOptionsExercised,us-gaap,StockIssuedDuringPeriodSharesStockOptionsExercised,"Share-based Compensation Arrangement by Share-based Payment Award, Options, Exercises in Period",Number of share options (or share units) exercised during the current period.
us-gaap:StockIssuedDuringPeriodSharesTreasuryStockReissued,us-gaap,StockIssuedDuringPeriodSharesTreasuryStockReissued,"Stock Issued During Period, Shares, Treasury Stock Reissued",Number of treasury shares or units reissued. Excludes reissuance of shares or units in treasury for award under share-based payment arrangement.
us-gaap:StockIssuedDuringPeriodValueAcquisitions,us-gaap,StockIssuedDuringPeriodValueAcquisitions,"Stock Issued During Period, Value, Acquisitions",Value of stock issued pursuant to acquisitions during the period.
us-gaap:StockIssuedDuringPeriodValueConversionOfConvertibleSecurities,us-gaap,StockIssuedDuringPeriodValueConversionOfConvertibleSecurities,"Stock Issued During Period, Value, Conversion of Convertible Securities",The gross value of stock issued during the period upon the conversion of convertible securities.
us-gaap:StockIssuedDuringPeriodValueEmployeeBenefitPlan,us-gaap,StockIssuedDuringPeriodValueEmployeeBenefitPlan,"Stock Issued During Period, Value, Employee Benefit Plan","Value of shares issued during the period to an employee benefit plan, such as a defined contribution or defined benefit plan."
us-gaap:StockIssuedDuringPeriodValueEmployeeStockOwnershipPlan,us-gaap,StockIssuedDuringPeriodValueEmployeeStockOwnershipPlan,"Stock Issued During Period, Value, Employee Stock Ownership Plan",Aggregate value of stock issued during the period as a result of employee stock ownership plan (ESOP).
us-gaap:StockIssuedDuringPeriodValueEmployeeStockPurchasePlan,us-gaap,StockIssuedDuringPeriodValueEmployeeStockPurchasePlan,"Stock Issued During Period, Value, Employee Stock Purchase Plan",Aggregate change in value for stock issued during the period as a result of employee stock purchase plan.
us-gaap:StockIssuedDuringPeriodValueNewIssues,us-gaap,StockIssuedDuringPeriodValueNewIssues,"Stock Issued During Period, Value, New Issues",Equity impact of the value of new stock issued during the period. Includes shares issued in an initial public offering or a secondary public offering.
us-gaap:StockIssuedDuringPeriodValueOther,us-gaap,StockIssuedDuringPeriodValueOther,"Stock Issued During Period, Value, Other",Value of shares of stock issued attributable to transactions classified as other.
us-gaap:StockIssuedDuringPeriodValueShareBasedCompensation,us-gaap,StockIssuedDuringPeriodValueShareBasedCompensation,"Shares Issued, Value, Share-based Payment Arrangement, after Forfeiture","Value, after forfeiture, of shares issued under share-based payment arrangement. Excludes employee stock ownership plan (ESOP)."
us-gaap:StockIssuedDuringPeriodValueStockOptionsExercised,us-gaap,StockIssuedDuringPeriodValueStockOptionsExercised,"Stock Issued During Period, Value, Stock Options Exercised",Value of stock issued as a result of the exercise of stock options.
us-gaap:StockIssuedDuringPeriodValueTreasuryStockReissued,us-gaap,StockIssuedDuringPeriodValueTreasuryStockReissued,"Stock Issued During Period, Value, Treasury Stock Reissued",Value of treasury shares or units reissued. Excludes reissuance of shares or units in treasury for award under share-based payment arrangement.
us-gaap:StockOptionPlanExpense,us-gaap,StockOptionPlanExpense,Stock or Unit Option Plan Expense,Amount of noncash expense for option under share-based payment arrangement.
us-gaap:StockRedeemedOrCalledDuringPeriodValue,us-gaap,StockRedeemedOrCalledDuringPeriodValue,"Stock Redeemed or Called During Period, Value",Equity impact of the value of stock bought back by the entity at the exercise price or redemption price.
us-gaap:StockRepurchaseProgramAuthorizedAmount,us-gaap,StockRepurchaseProgramAuthorizedAmount,"Stock Repurchase Program, Authorized Amount (Deprecated 2014-01-31)",Amount of a stock repurchase plan authorized by an entity's Board of Directors.
us-gaap:StockRepurchaseProgramAuthorizedAmount1,us-gaap,StockRepurchaseProgramAuthorizedAmount1,"Stock Repurchase Program, Authorized Amount",Amount of stock repurchase plan authorized.
us-gaap:StockRepurchaseProgramNumberOfSharesAuthorizedToBeRepurchased,us-gaap,StockRepurchaseProgramNumberOfSharesAuthorizedToBeRepurchased,"Stock Repurchase Program, Number of Shares Authorized to be Repurchased",The number of shares authorized to be repurchased by an entity's Board of Directors under a stock repurchase plan.
us-gaap:StockRepurchaseProgramRemainingAuthorizedRepurchaseAmount,us-gaap,StockRepurchaseProgramRemainingAuthorizedRepurchaseAmount,"Stock Repurchase Program, Remaining Authorized Repurchase Amount (Deprecated 2014-01-31)",Amount remaining of a stock repurchase plan authorized by an entity's Board of Directors.
us-gaap:StockRepurchaseProgramRemainingAuthorizedRepurchaseAmount1,us-gaap,StockRepurchaseProgramRemainingAuthorizedRepurchaseAmount1,"Stock Repurchase Program, Remaining Authorized Repurchase Amount",Amount remaining of a stock repurchase plan authorized.
us-gaap:StockRepurchasedAndRetiredDuringPeriodShares,us-gaap,StockRepurchasedAndRetiredDuringPeriodShares,"Stock Repurchased and Retired During Period, Shares",Number of shares that have been repurchased and retired during the period.
us-gaap:StockRepurchasedAndRetiredDuringPeriodValue,us-gaap,StockRepurchasedAndRetiredDuringPeriodValue,"Stock Repurchased and Retired During Period, Value",Equity impact of the value of stock that has been repurchased and retired during the period. The excess of the purchase price over par value can be charged against retained earnings (once the excess is fully allocated to additional paid in capital).
us-gaap:StockRepurchasedDuringPeriodShares,us-gaap,StockRepurchasedDuringPeriodShares,"Stock Repurchased During Period, Shares",Number of shares that have been repurchased during the period and have not been retired and are not held in treasury. Some state laws may govern the circumstances under which an entity may acquire its own stock and prescribe the accounting treatment therefore. This element is used when state law does not recognize treasury stock.
us-gaap:StockRepurchasedDuringPeriodValue,us-gaap,StockRepurchasedDuringPeriodValue,"Stock Repurchased During Period, Value",Equity impact of the value of stock that has been repurchased during the period and has not been retired and is not held in treasury. Some state laws may mandate the circumstances under which an entity may acquire its own stock and prescribe the accounting treatment therefore. This element is used when state law does not recognize treasury stock.
us-gaap:StockholdersEquity,us-gaap,StockholdersEquity,Stockholders' Equity Attributable to Parent,"Total of all stockholders' equity (deficit) items, net of receivables from officers, directors, owners, and affiliates of the entity which are attributable to the parent. The amount of the economic entity's stockholders' equity attributable to the parent excludes the amount of stockholders' equity which is allocable to that ownership interest in subsidiary equity which is not attributable to the parent (noncontrolling interest, minority interest). This excludes temporary equity and is sometimes called permanent equity."
us-gaap:StockholdersEquityBeforeTreasuryStock,us-gaap,StockholdersEquityBeforeTreasuryStock,Stockholders' Equity before Treasury Stock,"Total amount of stockholders' equity (deficit) items including stock value, paid in capital, retained earnings and including equity attributable to noncontrolling interests and before deducting the carrying value of treasury stock."
us-gaap:StockholdersEquityIncludingPortionAttributableToNoncontrollingInterest,us-gaap,StockholdersEquityIncludingPortionAttributableToNoncontrollingInterest,"Stockholders' Equity, Including Portion Attributable to Noncontrolling Interest","Amount of stockholders' equity (deficit), net of receivables from officers, directors, owners, and affiliates of the entity, attributable to both the parent and noncontrolling interests. Amount excludes temporary equity. Alternate caption for the concept is permanent equity."
us-gaap:StockholdersEquityNoteSpinoffTransaction,us-gaap,StockholdersEquityNoteSpinoffTransaction,"Stockholders' Equity Note, Spinoff Transaction",The change in equity as a result of a spin-off transaction (a regular or reverse spin-off) which is based on the recorded amounts.
us-gaap:StockholdersEquityNoteStockSplitConversionRatio1,us-gaap,StockholdersEquityNoteStockSplitConversionRatio1,"Stockholders' Equity Note, Stock Split, Conversion Ratio","Ratio applied to the conversion of stock split, for example but not limited to, one share converted to two or two shares converted to one."
us-gaap:StockholdersEquityOther,us-gaap,StockholdersEquityOther,"Stockholders' Equity, Other",This element represents movements included in the statement of changes in stockholders' equity which are not separately disclosed or provided for elsewhere in the taxonomy.
us-gaap:SubleaseIncome,us-gaap,SubleaseIncome,Sublease Income,Amount of sublease income excluding finance and operating lease expense.
us-gaap:SubsequentEventAmount,us-gaap,SubsequentEventAmount,"Subsequent Event, Amount (Deprecated 2013-01-31)","Reflects the known or estimated financial effect of the event, or transaction that occurred between the balance sheet date and the date the financial statements are issued or available to be issued."
us-gaap:SupplierFinanceProgramObligation,us-gaap,SupplierFinanceProgramObligation,,
us-gaap:SupplierFinanceProgramObligationCurrent,us-gaap,SupplierFinanceProgramObligationCurrent,,
us-gaap:SupplierFinanceProgramObligationDecreaseSettlement,us-gaap,SupplierFinanceProgramObligationDecreaseSettlement,,
us-gaap:SupplierFinanceProgramObligationIncrease,us-gaap,SupplierFinanceProgramObligationIncrease,,
us-gaap:TaxAdjustmentsSettlementsAndUnusualProvisions,us-gaap,TaxAdjustmentsSettlementsAndUnusualProvisions,"Tax Adjustments, Settlements, and Unusual Provisions","Amount of increase (decrease) to previously recorded tax expense. Includes, but is not limited to, significant settlements of income tax disputes, and unusual tax positions or infrequent actions taken by the entity, including tax assessment reversal, and IRS tax settlement."
us-gaap:TaxBenefitFromStockOptionsExercised,us-gaap,TaxBenefitFromStockOptionsExercised,Tax Benefit from Stock Options Exercised (Deprecated 2012-01-31),Reductions in the entity's income taxes that arise when compensation cost (from non-qualified stock options) recognized on the entity's tax return exceeds compensation cost from non-qualified stock options recognized on the income statement. This element increases net cash provided by operating activities.
us-gaap:TaxBenefitFromStockOptionsExercised1,us-gaap,TaxBenefitFromStockOptionsExercised1,Tax Benefit from Stock Options Exercised (Deprecated 2013-01-31),"Tax benefits realized from the exercise of stock options resulting in reductions in the entity's income taxes, which increases net cash provided by operating activities."
us-gaap:TaxCreditCarryforwardAmount,us-gaap,TaxCreditCarryforwardAmount,"Tax Credit Carryforward, Amount","The amount of the tax credit carryforward, before tax effects, available to reduce future taxable income under enacted tax laws."
us-gaap:TaxCreditCarryforwardDeferredTaxAsset,us-gaap,TaxCreditCarryforwardDeferredTaxAsset,"Tax Credit Carryforward, Deferred Tax Asset (Deprecated 2015-01-31)","Amount of deferred tax asset, before valuation allowance, attributable to deductible other tax carryforwards."
us-gaap:TaxCreditCarryforwardValuationAllowance,us-gaap,TaxCreditCarryforwardValuationAllowance,"Tax Credit Carryforward, Valuation Allowance",Amount of valuation allowance pertaining to the deferred tax asset representing potential future taxable deductions from tax credit carryforwards for which it is more likely than not that a tax benefit will not be realized.
us-gaap:TaxCutsAndJobsActOf2017ChangeInTaxRateDeferredTaxLiabilityIncomeTaxBenefit,us-gaap,TaxCutsAndJobsActOf2017ChangeInTaxRateDeferredTaxLiabilityIncomeTaxBenefit,"Tax Cuts and Jobs Act, Change in Tax Rate, Deferred Tax Liability, Income Tax Benefit",Amount of income tax benefit for remeasurement of deferred tax liability from change in tax rate pursuant to Tax Cuts and Jobs Act.
us-gaap:TaxCutsAndJobsActOf2017IncomeTaxExpenseBenefit,us-gaap,TaxCutsAndJobsActOf2017IncomeTaxExpenseBenefit,"Tax Cuts and Jobs Act, Income Tax Expense (Benefit)",Amount of income tax expense (benefit) from effect of Tax Cuts and Jobs Act.
us-gaap:TaxCutsAndJobsActOf2017IncompleteAccountingChangeInTaxRateDeferredTaxAssetProvisionalIncomeTaxExpense,us-gaap,TaxCutsAndJobsActOf2017IncompleteAccountingChangeInTaxRateDeferredTaxAssetProvisionalIncomeTaxExpense,"Tax Cuts and Jobs Act, Incomplete Accounting, Change in Tax Rate, Deferred Tax Asset, Provisional Income Tax Expense (Deprecated 2020-01-31)",Amount of reasonable estimate for income tax expense for which accounting for tax effect for remeasurement of deferred tax asset from change in tax rate is incomplete pursuant to Tax Cuts and Jobs Act.
us-gaap:TaxCutsAndJobsActOf2017IncompleteAccountingChangeInTaxRateDeferredTaxLiabilityProvisionalIncomeTaxBenefit,us-gaap,TaxCutsAndJobsActOf2017IncompleteAccountingChangeInTaxRateDeferredTaxLiabilityProvisionalIncomeTaxBenefit,"Tax Cuts and Jobs Act, Incomplete Accounting, Change in Tax Rate, Deferred Tax Liability, Provisional Income Tax Benefit (Deprecated 2020-01-31)",Amount of reasonable estimate for income tax benefit for which accounting for tax effect for remeasurement of deferred tax liability from change in tax rate is incomplete pursuant to Tax Cuts and Jobs Act.
us-gaap:TaxCutsAndJobsActOf2017IncompleteAccountingChangeInTaxRateProvisionalIncomeTaxExpenseBenefit,us-gaap,TaxCutsAndJobsActOf2017IncompleteAccountingChangeInTaxRateProvisionalIncomeTaxExpenseBenefit,"Tax Cuts and Jobs Act, Incomplete Accounting, Change in Tax Rate, Provisional Income Tax Expense (Benefit) (Deprecated 2020-01-31)",Amount of reasonable estimate for income tax expense (benefit) for which accounting for tax effect for remeasurement of deferred tax from change in tax rate is incomplete pursuant to Tax Cuts and Jobs Act.
us-gaap:TaxCutsAndJobsActOf2017IncompleteAccountingProvisionalIncomeTaxExpenseBenefit,us-gaap,TaxCutsAndJobsActOf2017IncompleteAccountingProvisionalIncomeTaxExpenseBenefit,"Tax Cuts and Jobs Act, Incomplete Accounting, Provisional Income Tax Expense (Benefit) (Deprecated 2020-01-31)",Amount of reasonable estimate for income tax expense (benefit) for which accounting for tax effect is incomplete pursuant to Tax Cuts and Jobs Act.
us-gaap:TaxCutsAndJobsActOf2017IncompleteAccountingTransitionTaxForAccumulatedForeignEarningsProvisionalIncomeTaxExpense,us-gaap,TaxCutsAndJobsActOf2017IncompleteAccountingTransitionTaxForAccumulatedForeignEarningsProvisionalIncomeTaxExpense,"Tax Cuts and Jobs Act, Incomplete Accounting, Transition Tax for Accumulated Foreign Earnings, Provisional Income Tax Expense (Deprecated 2020-01-31)",Amount of reasonable estimate for income tax expense for which accounting for tax effect from transition tax on accumulated earnings of controlled foreign corporation deemed repatriated is incomplete pursuant to Tax Cuts and Jobs Act.
us-gaap:TaxCutsAndJobsActOf2017MeasurementPeriodAdjustmentIncomeTaxExpenseBenefit,us-gaap,TaxCutsAndJobsActOf2017MeasurementPeriodAdjustmentIncomeTaxExpenseBenefit,"Tax Cuts and Jobs Act, Measurement Period Adjustment, Income Tax Expense (Benefit)",Amount of income tax expense (benefit) for measurement period adjustment from accounting for tax effect pursuant to Tax Cuts and Jobs Act.
us-gaap:TaxCutsAndJobsActOf2017TransitionTaxForAccumulatedForeignEarningsIncomeTaxExpense,us-gaap,TaxCutsAndJobsActOf2017TransitionTaxForAccumulatedForeignEarningsIncomeTaxExpense,"Tax Cuts and Jobs Act, Transition Tax for Accumulated Foreign Earnings, Income Tax Expense",Amount of income tax expense from transition tax on accumulated earnings of controlled foreign corporation deemed repatriated pursuant to Tax Cuts and Jobs Act.
us-gaap:TaxesOther,us-gaap,TaxesOther,"Taxes, Other",Amount of tax expense classified as other.
us-gaap:TaxesPayableCurrent,us-gaap,TaxesPayableCurrent,"Taxes Payable, Current","Carrying value as of the balance sheet date of obligations incurred and payable for statutory income, sales, use, payroll, excise, real, property and other taxes. Used to reflect the current portion of the liabilities (due within one year or within the normal operating cycle if longer)."
us-gaap:TemporaryEquityCarryingAmountAttributableToParent,us-gaap,TemporaryEquityCarryingAmountAttributableToParent,"Temporary Equity, Carrying Amount, Attributable to Parent","Carrying amount, attributable to parent, of an entity's issued and outstanding stock which is not included within permanent equity. Temporary equity is a security with redemption features that are outside the control of the issuer, is not classified as an asset or liability in conformity with GAAP, and is not mandatorily redeemable. Includes any type of security that is redeemable at a fixed or determinable price or on a fixed or determinable date or dates, is redeemable at the option of the holder, or has conditions for redemption which are not solely within the control of the issuer. Includes stock with a put option held by an ESOP and stock redeemable by a holder only in the event of a change in control of the issuer."
us-gaap:TemporaryEquityCarryingAmountIncludingPortionAttributableToNoncontrollingInterests,us-gaap,TemporaryEquityCarryingAmountIncludingPortionAttributableToNoncontrollingInterests,"Temporary Equity, Carrying Amount, Including Portion Attributable to Noncontrolling Interests","Carrying amount, attributable to parent and noncontrolling interests, of an entity's issued and outstanding stock which is not included within permanent equity. Temporary equity is a security with redemption features that are outside the control of the issuer, is not classified as an asset or liability in conformity with GAAP, and is not mandatorily redeemable. Includes any type of security that is redeemable at a fixed or determinable price or on a fixed or determinable date or dates, is redeemable at the option of the holder, or has conditions for redemption which are not solely within the control of the issuer. Includes stock with a put option held by an ESOP and stock redeemable by a holder only in the event of a change in control of the issuer."
us-gaap:TemporaryEquityNetIncome,us-gaap,TemporaryEquityNetIncome,"Temporary Equity, Net Income",The portion of net income or loss attributable to temporary equity interest.
us-gaap:TemporaryEquityValueExcludingAdditionalPaidInCapital,us-gaap,TemporaryEquityValueExcludingAdditionalPaidInCapital,"Temporary Equity, Par Value","Carrying amount of the par value of temporary equity outstanding. Temporary equity is a security with redemption features that are outside the control of the issuer, is not classified as an asset or liability in conformity with GAAP, and is not mandatorily redeemable. Includes any type of security that is redeemable at a fixed or determinable price or on a fixed or determinable date or dates, is redeemable at the option of the holder, or has conditions for redemption which are not solely within the control of the issuer. Includes stock with put option held by ESOP and stock redeemable by holder only in the event of a change in control of the issuer."
us-gaap:TerminationLoans,us-gaap,TerminationLoans,Termination Loans,"Definite liabilities to third parties under a termination loan agreement, whether or not guaranteed in whole or in part by the government."
us-gaap:TierOneLeverageCapitalRequiredForCapitalAdequacyToAverageAssets,us-gaap,TierOneLeverageCapitalRequiredForCapitalAdequacyToAverageAssets,"Banking Regulation, Tier One Leverage Capital Ratio, Capital Adequacy, Minimum",Ratio of minimum Tier 1 leverage capital to average assets required for capital adequacy as defined by regulatory framework.
us-gaap:TierOneLeverageCapitalRequiredToBeWellCapitalizedToAverageAssets,us-gaap,TierOneLeverageCapitalRequiredToBeWellCapitalizedToAverageAssets,"Banking Regulation, Tier One Leverage Capital Ratio, Well Capitalized, Minimum",Ratio of minimum Tier 1 leverage capital to average assets categorized as well capitalized as defined by regulatory framework for prompt corrective action.
us-gaap:TierOneRiskBasedCapital,us-gaap,TierOneRiskBasedCapital,"Banking Regulation, Tier One Risk-Based Capital, Actual",Amount of Tier 1 risk-based capital as defined by regulatory framework.
us-gaap:TierOneRiskBasedCapitalRequiredForCapitalAdequacyToRiskWeightedAssets,us-gaap,TierOneRiskBasedCapitalRequiredForCapitalAdequacyToRiskWeightedAssets,"Banking Regulation, Tier One Risk-Based Capital Ratio, Capital Adequacy, Minimum",Ratio of minimum Tier 1 risk-based capital to risk-weighted assets required for capital adequacy as defined by regulatory framework.
us-gaap:TierOneRiskBasedCapitalRequiredToBeWellCapitalizedToRiskWeightedAssets,us-gaap,TierOneRiskBasedCapitalRequiredToBeWellCapitalizedToRiskWeightedAssets,"Banking Regulation, Tier One Risk-Based Capital Ratio, Well Capitalized, Minimum",Ratio of minimum Tier 1 risk-based capital to risk-weighted assets categorized as well capitalized as defined by regulatory framework for prompt corrective action.
us-gaap:TierOneRiskBasedCapitalToRiskWeightedAssets,us-gaap,TierOneRiskBasedCapitalToRiskWeightedAssets,"Banking Regulation, Tier One Risk-Based Capital Ratio, Actual",Ratio of Tier 1 risk-based capital to risk-weighted assets as defined by regulatory framework.
us-gaap:TierTwoRiskBasedCapital,us-gaap,TierTwoRiskBasedCapital,"Banking Regulation, Tier Two Risk-Based Capital, Actual",Amount of Tier 2 risk-based capital as defined by regulatory framework.
us-gaap:TimeDepositMaturitiesAfterRollingYearFive,us-gaap,TimeDepositMaturitiesAfterRollingYearFive,"Time Deposit Maturities, after Rolling Year Five","Amount of time deposits maturing after the fifth rolling twelve months following the latest balance sheet. Time deposits include, but are not limited to, certificates of deposits. For interim and annual periods when interim periods are reported on a rolling approach, from latest balance sheet date."
us-gaap:TimeDepositMaturitiesAfterYearFive,us-gaap,TimeDepositMaturitiesAfterYearFive,"Time Deposit Maturities, after Year Five","Amount of time deposit maturing after fifth fiscal year following current fiscal year. Time deposit includes, but is not limited to, certificate of deposit. Excludes interim and annual periods when interim periods are reported from current statement of financial position date (rolling approach)."
us-gaap:TimeDepositMaturitiesNextRollingTwelveMonths,us-gaap,TimeDepositMaturitiesNextRollingTwelveMonths,"Time Deposit Maturities, Next Rolling Twelve Months","Amount of time deposits maturing in the next rolling twelve months following the latest balance sheet. Time deposits include, but are not limited to, certificates of deposits. For interim and annual periods when interim periods are reported on a rolling approach, from latest balance sheet date."
us-gaap:TimeDepositMaturitiesRollingYearFive,us-gaap,TimeDepositMaturitiesRollingYearFive,"Time Deposit Maturities, Rolling Year Five","Amount of time deposits maturing in the fifth rolling twelve months following the latest balance sheet. Time deposits include, but are not limited to, certificates of deposits. For interim and annual periods when interim periods are reported on a rolling approach, from latest balance sheet date."
us-gaap:TimeDepositMaturitiesRollingYearFour,us-gaap,TimeDepositMaturitiesRollingYearFour,"Time Deposit Maturities, Rolling Year Four","Amount of time deposits maturing in the fourth rolling twelve months following the latest balance sheet. Time deposits include, but are not limited to, certificates of deposits. For interim and annual periods when interim periods are reported on a rolling approach, from latest balance sheet date."
us-gaap:TimeDepositMaturitiesRollingYearThree,us-gaap,TimeDepositMaturitiesRollingYearThree,"Time Deposit Maturities, Rolling Year Three","Amount of time deposits maturing in the third rolling twelve months following the latest balance sheet. Time deposits include, but are not limited to, certificates of deposits. For interim and annual periods when interim periods are reported on a rolling approach, from latest balance sheet date."
us-gaap:TimeDepositMaturitiesRollingYearTwo,us-gaap,TimeDepositMaturitiesRollingYearTwo,"Time Deposit Maturities, Rolling Year Two","Amount of time deposits maturing in the second rolling twelve months following the latest balance sheet. Time deposits include, but are not limited to, certificates of deposits. For interim and annual periods when interim periods are reported on a rolling approach, from latest balance sheet date."
us-gaap:TimeDepositMaturitiesYearFive,us-gaap,TimeDepositMaturitiesYearFive,"Time Deposit Maturities, Year Five","Amount of time deposit maturing in fifth fiscal year following current fiscal year. Time deposit includes, but is not limited to, certificate of deposit. Excludes interim and annual periods when interim periods are reported from current statement of financial position date (rolling approach)."
us-gaap:TimeDepositMaturitiesYearFour,us-gaap,TimeDepositMaturitiesYearFour,"Time Deposit Maturities, Year Four","Amount of time deposit maturing in fourth fiscal year following current fiscal year. Time deposit includes, but is not limited to, certificate of deposit. Excludes interim and annual periods when interim periods are reported from current statement of financial position date (rolling approach)."
us-gaap:TimeDepositMaturitiesYearOne,us-gaap,TimeDepositMaturitiesYearOne,"Time Deposit Maturities, Year One","Amount of time deposit maturing in next fiscal year following current fiscal year. Time deposit includes, but is not limited to, certificate of deposit. Excludes interim and annual periods when interim periods are reported from current statement of financial position date (rolling approach)."
us-gaap:TimeDepositMaturitiesYearThree,us-gaap,TimeDepositMaturitiesYearThree,"Time Deposit Maturities, Year Three","Amount of time deposit maturing in third fiscal year following current fiscal year. Time deposit includes, but is not limited to, certificate of deposit. Excludes interim and annual periods when interim periods are reported from current statement of financial position date (rolling approach)."
us-gaap:TimeDepositMaturitiesYearTwo,us-gaap,TimeDepositMaturitiesYearTwo,"Time Deposit Maturities, Year Two","Amount of time deposit maturing in second fiscal year following current fiscal year. Time deposit includes, but is not limited to, certificate of deposit. Excludes interim and annual periods when interim periods are reported from current statement of financial position date (rolling approach)."
us-gaap:TimeDeposits,us-gaap,TimeDeposits,Time Deposits,"Amount of time deposit liabilities, including certificates of deposit."
us-gaap:TimeDeposits100000OrMore,us-gaap,TimeDeposits100000OrMore,"Time Deposits, $100,000 or More","Amount of time deposit liabilities, including certificates of deposit, in denominations of $100,000 or more."
us-gaap:TimeDeposits100000OrMoreDomestic,us-gaap,TimeDeposits100000OrMoreDomestic,"Time Deposits, $100,000 or More, Domestic (Deprecated 2016-01-31)","The aggregate amount of domestic time deposits (including certificates of deposits, individual retirement accounts and open accounts) in denominations of $100,000 or more."
us-gaap:TimeDeposits100000OrMoreForeign,us-gaap,TimeDeposits100000OrMoreForeign,"Time Deposits, $100,000 or More, Foreign (Deprecated 2016-01-31)","The aggregate amount of foreign time deposits (including certificates of deposits, individual retirement accounts and open accounts) in denominations of $100,000 or more."
us-gaap:TimeDepositsAtCarryingValue,us-gaap,TimeDepositsAtCarryingValue,"Time Deposits, at Carrying Value","Any certificate of deposit or savings account held by a bank or other financial institution for a short-term specified period of time. Because of their short-term, time deposits are considered highly liquid investments that are both readily convertible to known amounts of cash and so near their maturity that they present insignificant risk of changes in value because of changes in interest rates. Generally, only investments with original maturities of three months or less qualify under that definition. Original maturity means original maturity to the entity holding the investment. For example, both a three-month US Treasury bill and a three-year Treasury note purchased three months from maturity qualify as cash equivalents. However, a Treasury note purchased three-years ago does not become a cash equivalent when its remaining maturity is three months."
us-gaap:TimeDepositsAtOrAboveFDICInsuranceLimit,us-gaap,TimeDepositsAtOrAboveFDICInsuranceLimit,"Time Deposits, at or Above FDIC Insurance Limit","Amount of time deposit liabilities, including certificates of deposit, in denominations that meet or exceed the Federal Deposit Insurance Corporation (FDIC) insurance limit."
us-gaap:TradingGainsLosses,us-gaap,TradingGainsLosses,Trading Gain (Loss),"Amount of gain (loss) resulting from the difference between the acquisition price and the selling price or fair value of trading assets and trading liabilities, conducted separately from customer trading activities. Includes, but is not limited to, changes in fair value of trading assets and trading liabilities."
us-gaap:TradingLiabilities,us-gaap,TradingLiabilities,Trading Liabilities,"The carrying amount of liabilities as of the balance sheet date that pertain to principal and customer trading transactions, or which may be incurred with the objective of generating a profit from short-term fluctuations in price as part of an entity's market-making, hedging and proprietary trading. Examples include short positions in securities, derivatives and commodities, obligations under repurchase agreements, and securities borrowed arrangements."
us-gaap:TradingLiabilitiesFairValueDisclosure,us-gaap,TradingLiabilitiesFairValueDisclosure,"Trading Liabilities, Fair Value Disclosure","Fair value portion of liabilities pertaining to principal and customer trading transactions, or which may be incurred with the objective of generating a profit from short-term fluctuations in price as part of an entity's market-making, hedging and proprietary trading. Examples include, but are not limited to, short positions in securities, derivatives and commodities."
us-gaap:TradingSecuritiesDebt,us-gaap,TradingSecuritiesDebt,"Debt Securities, Trading",Amount of investment in debt security measured at fair value with change in fair value recognized in net income (trading).
us-gaap:TradingSecuritiesPledgedAsCollateral,us-gaap,TradingSecuritiesPledgedAsCollateral,Trading Securities Pledged as Collateral (Deprecated 2018-01-31),The fair value of trading securities that serve as collateral for borrowings.
us-gaap:TransferOfFinancialAssetsAccountedForAsSalesAmountDerecognized,us-gaap,TransferOfFinancialAssetsAccountedForAsSalesAmountDerecognized,"Transfer of Financial Assets Accounted for as Sales, Amount Derecognized","Amount of derecognized financial assets from transactions which comprise an initial transfer and an agreement entered into in contemplation of the initial transfer resulting in retention of substantially all of the exposure to the economic return throughout the term of the transaction, at the date of derecognition."
us-gaap:TransfersAccountedForAsSecuredBorrowingsAssetsCarryingAmount,us-gaap,TransfersAccountedForAsSecuredBorrowingsAssetsCarryingAmount,"Transfers Accounted for as Secured Borrowings, Assets, Carrying Amount",Carrying amount of financial assets accounted for as secured borrowings recognized in the transferor's statement of financial position at the end of each period presented.
us-gaap:TranslationAdjustmentForNetInvestmentHedgeIncreaseDecreaseNetOfTax,us-gaap,TranslationAdjustmentForNetInvestmentHedgeIncreaseDecreaseNetOfTax,"Gain (Loss) on Derivative Used in Net Investment Hedge, after Tax","Amount, after tax, of reclassification from accumulated other comprehensive income (AOCI) of gain (loss) from increase (decrease) in fair value of net investment hedge."
us-gaap:TranslationAdjustmentForNetInvestmentHedgeLossGainOnReclassifiedOfEarningsNetOfTax,us-gaap,TranslationAdjustmentForNetInvestmentHedgeLossGainOnReclassifiedOfEarningsNetOfTax,"Derivatives used in Net Investment Hedge, Loss (Gain), Reclassified to Earnings, Net of Tax (Deprecated 2016-01-31)",Amounts reclassified from other comprehensive income to earnings during the period as a result of the sale or complete or substantially complete liquidation of an investment in a foreign entity. Net of tax effect.
us-gaap:TranslationAdjustmentForNetInvestmentHedgeNetOfTax,us-gaap,TranslationAdjustmentForNetInvestmentHedgeNetOfTax,"Derivatives used in Net Investment Hedge, Net of Tax","Amount, after tax, of cumulative translation adjustment attributable to gain (loss) on foreign currency derivatives that are designated as, and are effective as, economic hedges of a net investment in a foreign entity."
us-gaap:TranslationAdjustmentFunctionalToReportingCurrencyIncreaseDecreaseGrossOfTax,us-gaap,TranslationAdjustmentFunctionalToReportingCurrencyIncreaseDecreaseGrossOfTax,"Translation Adjustment Functional to Reporting Currency, Increase (Decrease), Gross of Tax","Amount of cumulative translation gain (loss), before tax, from translating foreign currency financial statements into the reporting currency."
us-gaap:TranslationAdjustmentFunctionalToReportingCurrencyNetOfTaxPeriodIncreaseDecrease,us-gaap,TranslationAdjustmentFunctionalToReportingCurrencyNetOfTaxPeriodIncreaseDecrease,"Translation Adjustment Functional to Reporting Currency, Net of Tax, Period Increase (Decrease)","Amount of increase (decrease) in cumulative translation adjustment, after tax, from translating foreign currency financial statements into the reporting currency."
us-gaap:TreasuryStockAcquiredAverageCostPerShare,us-gaap,TreasuryStockAcquiredAverageCostPerShare,"Treasury Stock Acquired, Average Cost Per Share",Total cost of shares repurchased divided by the total number of shares repurchased.
us-gaap:TreasuryStockCommonShares,us-gaap,TreasuryStockCommonShares,"Treasury Stock, Common, Shares",Number of previously issued common shares repurchased by the issuing entity and held in treasury.
us-gaap:TreasuryStockCommonValue,us-gaap,TreasuryStockCommonValue,"Treasury Stock, Common, Value",Amount allocated to previously issued common shares repurchased by the issuing entity and held in treasury.
us-gaap:TreasuryStockRetiredCostMethodAmount,us-gaap,TreasuryStockRetiredCostMethodAmount,"Treasury Stock, Retired, Cost Method, Amount","Amount of decrease of par value, additional paid in capital (APIC) and retained earnings of common and preferred stock retired from treasury when treasury stock is accounted for under the cost method."
us-gaap:TreasuryStockShares,us-gaap,TreasuryStockShares,"Treasury Stock, Shares",Number of common and preferred shares that were previously issued and that were repurchased by the issuing entity and held in treasury on the financial statement date. This stock has no voting rights and receives no dividends.
us-gaap:TreasuryStockSharesAcquired,us-gaap,TreasuryStockSharesAcquired,"Treasury Stock, Shares, Acquired",Number of shares that have been repurchased during the period and are being held in treasury.
us-gaap:TreasuryStockSharesRetired,us-gaap,TreasuryStockSharesRetired,"Treasury Stock, Shares, Retired",Number of shares of common and preferred stock retired from treasury during the period.
us-gaap:TreasuryStockValue,us-gaap,TreasuryStockValue,"Treasury Stock, Value","The amount allocated to treasury stock. Treasury stock is common and preferred shares of an entity that were issued, repurchased by the entity, and are held in its treasury."
us-gaap:TreasuryStockValueAcquiredCostMethod,us-gaap,TreasuryStockValueAcquiredCostMethod,"Treasury Stock, Value, Acquired, Cost Method",Equity impact of the cost of common and preferred stock that were repurchased during the period. Recorded using the cost method.
us-gaap:USGovernmentSecuritiesAtCarryingValue,us-gaap,USGovernmentSecuritiesAtCarryingValue,"US Government Securities, at Carrying Value","Debt (bills, notes or bonds) that are issued by the government of the United States which are short-term, highly liquid investments that are both readily convertible to known amounts of cash and so near their maturity that they present insignificant risk of changes in value because of changes in interest rates. Generally, only investments with original maturities of three months or less qualify under that definition. Original maturity means original maturity to the entity holding the investment. For example, both a three-month US Treasury bill and a three-year Treasury note purchased three months from maturity qualify as cash equivalents. However, a Treasury note purchased three-years ago does not become a cash equivalent when its remaining maturity is three months."
us-gaap:UnamortizedDebtIssuanceExpense,us-gaap,UnamortizedDebtIssuanceExpense,Unamortized Debt Issuance Expense,The remaining balance of debt issuance expenses that were capitalized and are being amortized against income over the lives of the respective bond issues. This does not include the amounts capitalized as part of the cost of the utility plant or asset.
us-gaap:UnbilledContractsReceivable,us-gaap,UnbilledContractsReceivable,Unbilled Contracts Receivable,"Unbilled amounts due for services rendered or to be rendered, actions taken or to be taken, or a promise to refrain from taking certain actions in accordance with the terms of a legally binding agreement between the entity and, at a minimum, one other party. An example would be amounts associated with contracts or programs where the recognized revenue for performance thereunder exceeds the amounts billed under the terms thereof as of the date of the balance sheet."
us-gaap:UnderwritingIncomeLoss,us-gaap,UnderwritingIncomeLoss,Underwriting Income (Loss),The difference between the price paid by the public and the contract price less the related expenses. A broker-dealer may underwrite a security offering by contracting to buy the issue either at a fixed price or a price based on selling the offering on a best-effort basis.
us-gaap:UndistributedEarningsLossAvailableToCommonShareholdersBasic,us-gaap,UndistributedEarningsLossAvailableToCommonShareholdersBasic,"Undistributed Earnings (Loss) Available to Common Shareholders, Basic",Amount of undistributed earnings (loss) allocated to common stock as if earnings had been distributed. Excludes distributed earnings.
us-gaap:UndistributedEarningsOfForeignSubsidiaries,us-gaap,UndistributedEarningsOfForeignSubsidiaries,Undistributed Earnings of Foreign Subsidiaries,Amount of undistributed earnings of foreign subsidiaries intended to be permanently reinvested outside the country of domicile.
us-gaap:UnrealizedGainLossOnCashFlowHedgingInstruments,us-gaap,UnrealizedGainLossOnCashFlowHedgingInstruments,Unrealized Gain (Loss) on Cash Flow Hedging Instruments,"Amount of unrealized gain (loss) related to derivatives designated as cash flow hedging instruments, recorded in results of operations to the extent that the cash flow hedge is determined to be ineffective."
us-gaap:UnrealizedGainLossOnDerivatives,us-gaap,UnrealizedGainLossOnDerivatives,Unrealized Gain (Loss) on Derivatives,"The net change in the difference between the fair value and the carrying value, or in the comparative fair values, of derivative instruments, including options, swaps, futures, and forward contracts, held at each balance sheet date, that was included in earnings for the period."
us-gaap:UnrealizedGainLossOnInvestments,us-gaap,UnrealizedGainLossOnInvestments,Unrealized Gain (Loss) on Investments,Amount of unrealized gain (loss) on investment.
us-gaap:UnrealizedGainLossOnSecurities,us-gaap,UnrealizedGainLossOnSecurities,Unrealized Gain (Loss) on Securities,Amount of unrealized gain (loss) recognized in the income statement on unsold other securities.
us-gaap:UnrecognizedTaxBenefits,us-gaap,UnrecognizedTaxBenefits,Unrecognized Tax Benefits,Amount of unrecognized tax benefits.
us-gaap:UnrecognizedTaxBenefitsDecreasesResultingFromCurrentPeriodTaxPositions,us-gaap,UnrecognizedTaxBenefitsDecreasesResultingFromCurrentPeriodTaxPositions,"Unrecognized Tax Benefits, Decrease Resulting from Current Period Tax Positions",Amount of decrease in unrecognized tax benefits resulting from tax positions that have been or will be taken in current period tax return.
us-gaap:UnrecognizedTaxBenefitsDecreasesResultingFromPriorPeriodTaxPositions,us-gaap,UnrecognizedTaxBenefitsDecreasesResultingFromPriorPeriodTaxPositions,"Unrecognized Tax Benefits, Decrease Resulting from Prior Period Tax Positions",Amount of decrease in unrecognized tax benefits resulting from tax positions taken in prior period tax returns.
us-gaap:UnrecognizedTaxBenefitsDecreasesResultingFromSettlementsWithTaxingAuthorities,us-gaap,UnrecognizedTaxBenefitsDecreasesResultingFromSettlementsWithTaxingAuthorities,"Unrecognized Tax Benefits, Decrease Resulting from Settlements with Taxing Authorities",Amount of decrease in unrecognized tax benefits resulting from settlements with taxing authorities.
us-gaap:UnrecognizedTaxBenefitsIncomeTaxPenaltiesAccrued,us-gaap,UnrecognizedTaxBenefitsIncomeTaxPenaltiesAccrued,"Unrecognized Tax Benefits, Income Tax Penalties Accrued","Amount of statutory penalties accrued for a tax position claimed or expected to be claimed by the entity, in its tax return."
us-gaap:UnrecognizedTaxBenefitsIncomeTaxPenaltiesAndInterestAccrued,us-gaap,UnrecognizedTaxBenefitsIncomeTaxPenaltiesAndInterestAccrued,"Unrecognized Tax Benefits, Income Tax Penalties and Interest Accrued",Amount accrued for interest on an underpayment of income taxes and penalties related to a tax position claimed or expected to be claimed in the tax return.
us-gaap:UnrecognizedTaxBenefitsIncomeTaxPenaltiesAndInterestExpense,us-gaap,UnrecognizedTaxBenefitsIncomeTaxPenaltiesAndInterestExpense,"Unrecognized Tax Benefits, Income Tax Penalties and Interest Expense",Amount of expense for interest on an underpayment of income taxes and penalties related to a tax position claimed or expected to be claimed in the tax return.
us-gaap:UnrecognizedTaxBenefitsIncomeTaxPenaltiesExpense,us-gaap,UnrecognizedTaxBenefitsIncomeTaxPenaltiesExpense,"Unrecognized Tax Benefits, Income Tax Penalties Expense",Amount of expense for penalties related to a tax position claimed or expected to be claimed in the tax return.
us-gaap:UnrecognizedTaxBenefitsIncreasesResultingFromAcquisition,us-gaap,UnrecognizedTaxBenefitsIncreasesResultingFromAcquisition,"Unrecognized Tax Benefits, Increase Resulting from Acquisition",Amount of increase in unrecognized tax benefits resulting from acquisitions.
us-gaap:UnrecognizedTaxBenefitsIncreasesResultingFromCurrentPeriodTaxPositions,us-gaap,UnrecognizedTaxBenefitsIncreasesResultingFromCurrentPeriodTaxPositions,"Unrecognized Tax Benefits, Increase Resulting from Current Period Tax Positions",Amount of increase in unrecognized tax benefits resulting from tax positions that have been or will be taken in current period tax return.
us-gaap:UnrecognizedTaxBenefitsIncreasesResultingFromPriorPeriodTaxPositions,us-gaap,UnrecognizedTaxBenefitsIncreasesResultingFromPriorPeriodTaxPositions,"Unrecognized Tax Benefits, Increase Resulting from Prior Period Tax Positions",Amount of increase in unrecognized tax benefits resulting from tax positions taken in prior period tax returns.
us-gaap:UnrecognizedTaxBenefitsInterestOnIncomeTaxesAccrued,us-gaap,UnrecognizedTaxBenefitsInterestOnIncomeTaxesAccrued,"Unrecognized Tax Benefits, Interest on Income Taxes Accrued",Amount of interest expense accrued for an underpayment of income taxes.
us-gaap:UnrecognizedTaxBenefitsInterestOnIncomeTaxesExpense,us-gaap,UnrecognizedTaxBenefitsInterestOnIncomeTaxesExpense,"Unrecognized Tax Benefits, Interest on Income Taxes Expense",Amount of interest expense for an underpayment of income taxes.
us-gaap:UnrecognizedTaxBenefitsPeriodIncreaseDecrease,us-gaap,UnrecognizedTaxBenefitsPeriodIncreaseDecrease,"Unrecognized Tax Benefits, Period Increase (Decrease)",Amount of increase (decrease) in unrecognized tax benefits attributable to uncertain tax positions taken in tax returns.
us-gaap:UnrecognizedTaxBenefitsReductionsResultingFromLapseOfApplicableStatuteOfLimitations,us-gaap,UnrecognizedTaxBenefitsReductionsResultingFromLapseOfApplicableStatuteOfLimitations,"Unrecognized Tax Benefits, Reduction Resulting from Lapse of Applicable Statute of Limitations",Amount of decrease in unrecognized tax benefits resulting from lapses of applicable statutes of limitations.
us-gaap:UnrecognizedTaxBenefitsResultingInNetOperatingLossCarryforward,us-gaap,UnrecognizedTaxBenefitsResultingInNetOperatingLossCarryforward,Unrecognized Tax Benefits Resulting in Net Operating Loss Carryforward (Deprecated 2014-01-31),Amount of an unrecognized tax benefit that is directly related to a position taken in a tax year that results in a net operating loss carryforward. This amount is presented as a reduction of the related deferred tax asset in the balance sheet if that deferred tax asset is not used. This amount is presented separately from the deferred tax asset for a net operating loss carryforward if this unrelated tax benefit is associated with a different tax position.
us-gaap:UnrecognizedTaxBenefitsThatWouldImpactEffectiveTaxRate,us-gaap,UnrecognizedTaxBenefitsThatWouldImpactEffectiveTaxRate,Unrecognized Tax Benefits that Would Impact Effective Tax Rate,"The total amount of unrecognized tax benefits that, if recognized, would affect the effective tax rate."
us-gaap:UnrecordedUnconditionalPurchaseObligationBalanceOnFifthAnniversary,us-gaap,UnrecordedUnconditionalPurchaseObligationBalanceOnFifthAnniversary,"Unrecorded Unconditional Purchase Obligation, to be Paid, Year Five",Amount of fixed and determinable portion of unrecorded unconditional purchase obligation to be paid in fifth fiscal year following current fiscal year. Excludes interim and annual periods when interim periods are reported from current statement of financial position date (rolling approach).
us-gaap:UnrecordedUnconditionalPurchaseObligationBalanceOnFirstAnniversary,us-gaap,UnrecordedUnconditionalPurchaseObligationBalanceOnFirstAnniversary,"Unrecorded Unconditional Purchase Obligation, to be Paid, Year One",Amount of fixed and determinable portion of unrecorded unconditional purchase obligation to be paid in next fiscal year following current fiscal year. Excludes interim and annual periods when interim periods are reported from current statement of financial position date (rolling approach).
us-gaap:UnrecordedUnconditionalPurchaseObligationBalanceOnFourthAnniversary,us-gaap,UnrecordedUnconditionalPurchaseObligationBalanceOnFourthAnniversary,"Unrecorded Unconditional Purchase Obligation, to be Paid, Year Four",Amount of fixed and determinable portion of unrecorded unconditional purchase obligation to be paid in fourth fiscal year following current fiscal year. Excludes interim and annual periods when interim periods are reported from current statement of financial position date (rolling approach).
us-gaap:UnrecordedUnconditionalPurchaseObligationBalanceOnSecondAnniversary,us-gaap,UnrecordedUnconditionalPurchaseObligationBalanceOnSecondAnniversary,"Unrecorded Unconditional Purchase Obligation, to be Paid, Year Two",Amount of fixed and determinable portion of unrecorded unconditional purchase obligation to be paid in second fiscal year following current fiscal year. Excludes interim and annual periods when interim periods are reported from current statement of financial position date (rolling approach).
us-gaap:UnrecordedUnconditionalPurchaseObligationBalanceOnThirdAnniversary,us-gaap,UnrecordedUnconditionalPurchaseObligationBalanceOnThirdAnniversary,"Unrecorded Unconditional Purchase Obligation, to be Paid, Year Three",Amount of fixed and determinable portion of unrecorded unconditional purchase obligation to be paid in third fiscal year following current fiscal year. Excludes interim and annual periods when interim periods are reported from current statement of financial position date (rolling approach).
us-gaap:UnrecordedUnconditionalPurchaseObligationBalanceSheetAmount,us-gaap,UnrecordedUnconditionalPurchaseObligationBalanceSheetAmount,Unrecorded Unconditional Purchase Obligation,"Amount of the unrecorded obligation to transfer funds in the future for fixed or minimum amounts or quantities of goods or services at fixed or minimum prices (for example, as in take-or-pay contracts or throughput contracts)."
us-gaap:UnrecordedUnconditionalPurchaseObligationDueAfterFiveYears,us-gaap,UnrecordedUnconditionalPurchaseObligationDueAfterFiveYears,"Unrecorded Unconditional Purchase Obligation, to be Paid, after Year Five",Amount of fixed and determinable portion of unrecorded unconditional purchase obligation to be paid after fifth fiscal year following current fiscal year. Excludes interim and annual periods when interim periods are reported from current statement of financial position date (rolling approach).
us-gaap:UnrecordedUnconditionalPurchaseObligationDueInRemainderOfFiscalYear,us-gaap,UnrecordedUnconditionalPurchaseObligationDueInRemainderOfFiscalYear,"Unrecorded Unconditional Purchase Obligation, to be Paid, Remainder of Fiscal Year",Amount of fixed and determinable portion of unrecorded unconditional purchase obligation to be paid in remainder of current fiscal year.
us-gaap:UnrecordedUnconditionalPurchaseObligationImputedInterest,us-gaap,UnrecordedUnconditionalPurchaseObligationImputedInterest,"Unrecorded Unconditional Purchase Obligation, Imputed Interest","If disclosed, the amount of imputed interest necessary to reduce an unconditional purchase obligation to present value on an unrecorded unconditional purchase obligation."
us-gaap:UnsecuredDebt,us-gaap,UnsecuredDebt,Unsecured Debt,"Including the current and noncurrent portions, carrying value as of the balance sheet date of uncollateralized debt obligations (with maturities initially due after one year or beyond the operating cycle if longer)."
us-gaap:ValuationAllowanceAmount,us-gaap,ValuationAllowanceAmount,"Valuation Allowance, Amount (Deprecated 2013-01-31)",The amount of the valuation allowance recorded as of the balance sheet date pertaining to the specified deferred tax asset for which an assessment was made that it is more likely than not that all or a portion of such deferred tax asset will not be realized through related deductions on future tax returns.
us-gaap:ValuationAllowanceDeferredTaxAssetChangeInAmount,us-gaap,ValuationAllowanceDeferredTaxAssetChangeInAmount,"Valuation Allowance, Deferred Tax Asset, Increase (Decrease), Amount",Amount of increase (decrease) in the valuation allowance for a specified deferred tax asset.
us-gaap:ValuationAllowancesAndReservesAdjustments,us-gaap,ValuationAllowancesAndReservesAdjustments,"SEC Schedule, 12-09, Valuation Allowances and Reserves, Increase (Decrease) Adjustment",Amount of increase (decrease) in valuation and qualifying accounts and reserves from adjustment.
us-gaap:ValuationAllowancesAndReservesBalance,us-gaap,ValuationAllowancesAndReservesBalance,"SEC Schedule, 12-09, Valuation Allowances and Reserves, Amount",Amount of valuation and qualifying accounts and reserves.
us-gaap:ValuationAllowancesAndReservesChargedToCostAndExpense,us-gaap,ValuationAllowancesAndReservesChargedToCostAndExpense,"SEC Schedule, 12-09, Valuation Allowances and Reserves, Additions, Charge to Cost and Expense",Amount of increase in valuation and qualifying accounts and reserves from charge to cost and expense.
us-gaap:ValuationAllowancesAndReservesDeductions,us-gaap,ValuationAllowancesAndReservesDeductions,"SEC Schedule, 12-09, Valuation Allowances and Reserves, Deduction",Amount of decrease in valuation and qualifying accounts and reserves.
us-gaap:ValuationAllowancesAndReservesRecoveries,us-gaap,ValuationAllowancesAndReservesRecoveries,"SEC Schedule, 12-09, Valuation Allowances and Reserves, Addition, Recovery",Amount of increase in valuation and qualifying accounts and reserves from recovery of amount previously written off or reestablishment of reserve previously utilized.
us-gaap:VariableInterestEntityConsolidatedAssetsPledged,us-gaap,VariableInterestEntityConsolidatedAssetsPledged,"Variable Interest Entity, Consolidated, Assets, Pledged (Deprecated 2020-01-31)",Amount of consolidated variable interest entity's (VIE) assets that can only be used to settle obligations of VIE.
us-gaap:VariableInterestEntityConsolidatedLiabilitiesNoRecourse,us-gaap,VariableInterestEntityConsolidatedLiabilitiesNoRecourse,"Variable Interest Entity, Consolidated, Liabilities, No Recourse (Deprecated 2020-01-31)",Amount of consolidated variable interest entity's (VIE) liabilities that do not have recourse to general credit of primary beneficiary.
us-gaap:VariableInterestEntityEntityMaximumLossExposureAmount,us-gaap,VariableInterestEntityEntityMaximumLossExposureAmount,"Variable Interest Entity, Reporting Entity Involvement, Maximum Loss Exposure, Amount",The reporting entity's maximum amount of exposure to loss as a result of its involvement with the Variable Interest Entity (VIE).
us-gaap:VariableInterestMaximumExposureToLoss,us-gaap,VariableInterestMaximumExposureToLoss,"Variable Interest, Maximum Exposure to Loss (Deprecated 2009-01-31)",Quantifies the entity's maximum exposure to loss.
us-gaap:VariableLeaseCost,us-gaap,VariableLeaseCost,"Variable Lease, Cost","Amount of variable lease cost, excluded from lease liability, recognized when obligation for payment is incurred for finance and operating leases."
us-gaap:WarehouseAgreementBorrowings,us-gaap,WarehouseAgreementBorrowings,Warehouse Agreement Borrowings,Carrying value as of the balance sheet date of the outstanding short-term borrowings under a revolving line of credit used by mortgage bankers to finance the origination or purchase of loans.
us-gaap:WeightedAverageNumberDilutedSharesOutstandingAdjustment,us-gaap,WeightedAverageNumberDilutedSharesOutstandingAdjustment,Weighted Average Number Diluted Shares Outstanding Adjustment,The sum of dilutive potential common shares or units used in the calculation of the diluted per-share or per-unit computation.
us-gaap:WeightedAverageNumberOfDilutedSharesOutstanding,us-gaap,WeightedAverageNumberOfDilutedSharesOutstanding,"Weighted Average Number of Shares Outstanding, Diluted","The average number of shares or units issued and outstanding that are used in calculating diluted EPS or earnings per unit (EPU), determined based on the timing of issuance of shares or units in the period."
us-gaap:WeightedAverageNumberOfShareOutstandingBasicAndDiluted,us-gaap,WeightedAverageNumberOfShareOutstandingBasicAndDiluted,"Weighted Average Number of Shares Outstanding, Basic and Diluted",Average number of shares or units issued and outstanding that are used in calculating basic and diluted earnings per share (EPS).
us-gaap:WeightedAverageNumberOfSharesOutstandingBasic,us-gaap,WeightedAverageNumberOfSharesOutstandingBasic,"Weighted Average Number of Shares Outstanding, Basic","Number of [basic] shares or units, after adjustment for contingently issuable shares or units and other shares or units not deemed outstanding, determined by relating the portion of time within a reporting period that common shares or units have been outstanding to the total time in that period."
us-gaap:WorkersCompensationLiabilityCurrentAndNoncurrent,us-gaap,WorkersCompensationLiabilityCurrentAndNoncurrent,Workers' Compensation Liability,Carrying value as of the balance sheet date of obligations and payables pertaining to claims incurred of a workers compensation nature.
