filing_id,company_id,ticker,company_name,form_type,filing_date,report_date,fiscal_year,fiscal_period,fiscal_quarter,sic,sic_description,state_of_incorporation,revenue_usd,revenue_usd_concept_id,revenue_usd_unit_id,revenue_usd_period_start,revenue_usd_period_end,assets_usd,assets_usd_concept_id,assets_usd_unit_id,assets_usd_period_start,assets_usd_period_end,liabilities_usd,liabilities_usd_concept_id,liabilities_usd_unit_id,liabilities_usd_period_start,liabilities_usd_period_end,net_income_usd,net_income_usd_concept_id,net_income_usd_unit_id,net_income_usd_period_start,net_income_usd_period_end,operating_cash_flow_usd,operating_cash_flow_usd_concept_id,operating_cash_flow_usd_unit_id,operating_cash_flow_usd_period_start,operating_cash_flow_usd_period_end,investing_cash_flow_usd,investing_cash_flow_usd_concept_id,investing_cash_flow_usd_unit_id,investing_cash_flow_usd_period_start,investing_cash_flow_usd_period_end,financing_cash_flow_usd,financing_cash_flow_usd_concept_id,financing_cash_flow_usd_unit_id,financing_cash_flow_usd_period_start,financing_cash_flow_usd_period_end,shares_outstanding,shares_outstanding_concept_id,shares_outstanding_unit_id,shares_outstanding_period_start,shares_outstanding_period_end,market_cap_usd,market_cap_usd_concept_id,market_cap_usd_unit_id,market_cap_usd_period_start,market_cap_usd_period_end
000032019322000007,0000320193,AAPL,Apple Inc.,10-Q,2022-01-28,2021-12-25,2022,Q1,1,3571,Electronic Computers,CA,123945000000,us-gaap:RevenueFromContractWithCustomerExcludingAssessedTax,USD,2021-09-26,2021-12-25,381191000000,us-gaap:Assets,USD,,2021-12-25,309259000000,us-gaap:Liabilities,USD,,2021-12-25,34630000000,us-gaap:NetIncomeLoss,USD,2021-09-26,2021-12-25,46966000000,us-gaap:NetCashProvidedByUsedInOperatingActivities,USD,2021-09-26,2021-12-25,-16106000000,us-gaap:NetCashProvidedByUsedInInvestingActivities,USD,2021-09-26,2021-12-25,-28159000000,us-gaap:NetCashProvidedByUsedInFinancingActivities,USD,2021-09-26,2021-12-25,16319441000,dei:EntityCommonStockSharesOutstanding,shares,,2022-01-14,,,USD,,
000032019322000059,0000320193,AAPL,Apple Inc.,10-Q,2022-04-29,2022-03-26,2022,Q2,2,3571,Electronic Computers,CA,221223000000,us-gaap:RevenueFromContractWithCustomerExcludingAssessedTax,USD,2021-09-26,2022-03-26,350662000000,us-gaap:Assets,USD,,2022-03-26,283263000000,us-gaap:Liabilities,USD,,2022-03-26,59640000000,us-gaap:NetIncomeLoss,USD,2021-09-26,2022-03-26,75132000000,us-gaap:NetCashProvidedByUsedInOperatingActivities,USD,2021-09-26,2022-03-26,-25371000000,us-gaap:NetCashProvidedByUsedInInvestingActivities,USD,2021-09-26,2022-03-26,-56510000000,us-gaap:NetCashProvidedByUsedInFinancingActivities,USD,2021-09-26,2022-03-26,16185181000,dei:EntityCommonStockSharesOutstanding,shares,,2022-04-15,,,USD,,
000032019322000070,0000320193,AAPL,Apple Inc.,10-Q,2022-07-29,2022-06-25,2022,Q3,3,3571,Electronic Computers,CA,304182000000,us-gaap:RevenueFromContractWithCustomerExcludingAssessedTax,USD,2021-09-26,2022-06-25,336309000000,us-gaap:Assets,USD,,2022-06-25,278202000000,us-gaap:Liabilities,USD,,2022-06-25,79082000000,us-gaap:NetIncomeLoss,USD,2021-09-26,2022-06-25,98024000000,us-gaap:NetCashProvidedByUsedInOperatingActivities,USD,2021-09-26,2022-06-25,-21137000000,us-gaap:NetCashProvidedByUsedInInvestingActivities,USD,2021-09-26,2022-06-25,-83955000000,us-gaap:NetCashProvidedByUsedInFinancingActivities,USD,2021-09-26,2022-06-25,16070752000,dei:EntityCommonStockSharesOutstanding,shares,,2022-07-15,,,USD,,
000032019322000108,0000320193,AAPL,Apple Inc.,10-K,2022-10-28,2022-09-24,2022,FY,4,3571,Electronic Computers,CA,394328000000,us-gaap:RevenueFromContractWithCustomerExcludingAssessedTax,USD,2021-09-26,2022-09-24,352755000000,us-gaap:Assets,USD,,2022-09-24,302083000000,us-gaap:Liabilities,USD,,2022-09-24,99803000000,us-gaap:NetIncomeLoss,USD,2021-09-26,2022-09-24,122151000000,us-gaap:NetCashProvidedByUsedInOperatingActivities,USD,2021-09-26,2022-09-24,-22354000000,us-gaap:NetCashProvidedByUsedInInvestingActivities,USD,2021-09-26,2022-09-24,-110749000000,us-gaap:NetCashProvidedByUsedInFinancingActivities,USD,2021-09-26,2022-09-24,15908118000,dei:EntityCommonStockSharesOutstanding,shares,,2022-10-14,,,USD,,
000032019323000006,0000320193,AAPL,Apple Inc.,10-Q,2023-02-03,2022-12-31,2023,Q1,1,3571,Electronic Computers,CA,117154000000,us-gaap:RevenueFromContractWithCustomerExcludingAssessedTax,USD,2022-09-25,2022-12-31,346747000000,us-gaap:Assets,USD,,2022-12-31,290020000000,us-gaap:Liabilities,USD,,2022-12-31,29998000000,us-gaap:NetIncomeLoss,USD,2022-09-25,2022-12-31,34005000000,us-gaap:NetCashProvidedByUsedInOperatingActivities,USD,2022-09-25,2022-12-31,-1445000000,us-gaap:NetCashProvidedByUsedInInvestingActivities,USD,2022-09-25,2022-12-31,-35563000000,us-gaap:NetCashProvidedByUsedInFinancingActivities,USD,2022-09-25,2022-12-31,15821946000,dei:EntityCommonStockSharesOutstanding,shares,,2023-01-20,,,USD,,
000032019323000064,0000320193,AAPL,Apple Inc.,10-Q,2023-05-05,2023-04-01,2023,Q2,2,3571,Electronic Computers,CA,211990000000,us-gaap:RevenueFromContractWithCustomerExcludingAssessedTax,USD,2022-09-25,2023-04-01,332160000000,us-gaap:Assets,USD,,2023-04-01,270002000000,us-gaap:Liabilities,USD,,2023-04-01,54158000000,us-gaap:NetIncomeLoss,USD,2022-09-25,2023-04-01,62565000000,us-gaap:NetCashProvidedByUsedInOperatingActivities,USD,2022-09-25,2023-04-01,874000000,us-gaap:NetCashProvidedByUsedInInvestingActivities,USD,2022-09-25,2023-04-01,-61287000000,us-gaap:NetCashProvidedByUsedInFinancingActivities,USD,2022-09-25,2023-04-01,15728702000,dei:EntityCommonStockSharesOutstanding,shares,,2023-04-21,,,USD,,
000032019323000077,0000320193,AAPL,Apple Inc.,10-Q,2023-08-04,2023-07-01,2023,Q3,3,3571,Electronic Computers,CA,293787000000,us-gaap:RevenueFromContractWithCustomerExcludingAssessedTax,USD,2022-09-25,2023-07-01,335038000000,us-gaap:Assets,USD,,2023-07-01,274764000000,us-gaap:Liabilities,USD,,2023-07-01,74039000000,us-gaap:NetIncomeLoss,USD,2022-09-25,2023-07-01,88945000000,us-gaap:NetCashProvidedByUsedInOperatingActivities,USD,2022-09-25,2023-07-01,1311000000,us-gaap:NetCashProvidedByUsedInInvestingActivities,USD,2022-09-25,2023-07-01,-85335000000,us-gaap:NetCashProvidedByUsedInFinancingActivities,USD,2022-09-25,2023-07-01,15634232000,dei:EntityCommonStockSharesOutstanding,shares,,2023-07-21,,,USD,,
000032019323000106,0000320193,AAPL,Apple Inc.,10-K,2023-11-03,2023-09-30,2023,FY,4,3571,Electronic Computers,CA,383285000000,us-gaap:RevenueFromContractWithCustomerExcludingAssessedTax,USD,2022-09-25,2023-09-30,352583000000,us-gaap:Assets,USD,,2023-09-30,290437000000,us-gaap:Liabilities,USD,,2023-09-30,96995000000,us-gaap:NetIncomeLoss,USD,2022-09-25,2023-09-30,110543000000,us-gaap:NetCashProvidedByUsedInOperatingActivities,USD,2022-09-25,2023-09-30,3705000000,us-gaap:NetCashProvidedByUsedInInvestingActivities,USD,2022-09-25,2023-09-30,-108488000000,us-gaap:NetCashProvidedByUsedInFinancingActivities,USD,2022-09-25,2023-09-30,15552752000,dei:EntityCommonStockSharesOutstanding,shares,,2023-10-20,,,USD,,
000032019324000006,0000320193,AAPL,Apple Inc.,10-Q,2024-02-02,2023-12-30,2024,Q1,1,3571,Electronic Computers,CA,119575000000,us-gaap:RevenueFromContractWithCustomerExcludingAssessedTax,USD,2023-10-01,2023-12-30,353514000000,us-gaap:Assets,USD,,2023-12-30,279414000000,us-gaap:Liabilities,USD,,2023-12-30,33916000000,us-gaap:NetIncomeLoss,USD,2023-10-01,2023-12-30,39895000000,us-gaap:NetCashProvidedByUsedInOperatingActivities,USD,2023-10-01,2023-12-30,1927000000,us-gaap:NetCashProvidedByUsedInInvestingActivities,USD,2023-10-01,2023-12-30,-30585000000,us-gaap:NetCashProvidedByUsedInFinancingActivities,USD,2023-10-01,2023-12-30,15441881000,dei:EntityCommonStockSharesOutstanding,shares,,2024-01-19,,,USD,,
000032019324000069,0000320193,AAPL,Apple Inc.,10-Q,2024-05-03,2024-03-30,2024,Q2,2,3571,Electronic Computers,CA,210328000000,us-gaap:RevenueFromContractWithCustomerExcludingAssessedTax,USD,2023-10-01,2024-03-30,337411000000,us-gaap:Assets,USD,,2024-03-30,263217000000,us-gaap:Liabilities,USD,,2024-03-30,57552000000,us-gaap:NetIncomeLoss,USD,2023-10-01,2024-03-30,62585000000,us-gaap:NetCashProvidedByUsedInOperatingActivities,USD,2023-10-01,2024-03-30,1617000000,us-gaap:NetCashProvidedByUsedInInvestingActivities,USD,2023-10-01,2024-03-30,-61018000000,us-gaap:NetCashProvidedByUsedInFinancingActivities,USD,2023-10-01,2024-03-30,15334082000,dei:EntityCommonStockSharesOutstanding,shares,,2024-04-19,,,USD,,
000032019324000081,0000320193,AAPL,Apple Inc.,10-Q,2024-08-02,2024-06-29,2024,Q3,3,3571,Electronic Computers,CA,296105000000,us-gaap:RevenueFromContractWithCustomerExcludingAssessedTax,USD,2023-10-01,2024-06-29,331612000000,us-gaap:Assets,USD,,2024-06-29,264904000000,us-gaap:Liabilities,USD,,2024-06-29,79000000000,us-gaap:NetIncomeLoss,USD,2023-10-01,2024-06-29,91443000000,us-gaap:NetCashProvidedByUsedInOperatingActivities,USD,2023-10-01,2024-06-29,1490000000,us-gaap:NetCashProvidedByUsedInInvestingActivities,USD,2023-10-01,2024-06-29,-97035000000,us-gaap:NetCashProvidedByUsedInFinancingActivities,USD,2023-10-01,2024-06-29,15204137000,dei:EntityCommonStockSharesOutstanding,shares,,2024-07-19,,,USD,,
000032019324000123,0000320193,AAPL,Apple Inc.,10-K,2024-11-01,2024-09-28,2024,FY,4,3571,Electronic Computers,CA,391035000000,us-gaap:RevenueFromContractWithCustomerExcludingAssessedTax,USD,2023-10-01,2024-09-28,364980000000,us-gaap:Assets,USD,,2024-09-28,308030000000,us-gaap:Liabilities,USD,,2024-09-28,93736000000,us-gaap:NetIncomeLoss,USD,2023-10-01,2024-09-28,118254000000,us-gaap:NetCashProvidedByUsedInOperatingActivities,USD,2023-10-01,2024-09-28,2935000000,us-gaap:NetCashProvidedByUsedInInvestingActivities,USD,2023-10-01,2024-09-28,-121983000000,us-gaap:NetCashProvidedByUsedInFinancingActivities,USD,2023-10-01,2024-09-28,15115823000,dei:EntityCommonStockSharesOutstanding,shares,,2024-10-18,,,USD,,
000032019325000008,0000320193,AAPL,Apple Inc.,10-Q,2025-01-31,2024-12-28,2025,Q1,1,3571,Electronic Computers,CA,124300000000,us-gaap:RevenueFromContractWithCustomerExcludingAssessedTax,USD,2024-09-29,2024-12-28,344085000000,us-gaap:Assets,USD,,2024-12-28,277327000000,us-gaap:Liabilities,USD,,2024-12-28,36330000000,us-gaap:NetIncomeLoss,USD,2024-09-29,2024-12-28,29935000000,us-gaap:NetCashProvidedByUsedInOperatingActivities,USD,2024-09-29,2024-12-28,9792000000,us-gaap:NetCashProvidedByUsedInInvestingActivities,USD,2024-09-29,2024-12-28,-39371000000,us-gaap:NetCashProvidedByUsedInFinancingActivities,USD,2024-09-29,2024-12-28,15022073000,dei:EntityCommonStockSharesOutstanding,shares,,2025-01-17,,,USD,,
000032019325000057,0000320193,AAPL,Apple Inc.,10-Q,2025-05-02,2025-03-29,2025,Q2,2,3571,Electronic Computers,CA,219659000000,us-gaap:RevenueFromContractWithCustomerExcludingAssessedTax,USD,2024-09-29,2025-03-29,331233000000,us-gaap:Assets,USD,,2025-03-29,264437000000,us-gaap:Liabilities,USD,,2025-03-29,61110000000,us-gaap:NetIncomeLoss,USD,2024-09-29,2025-03-29,53887000000,us-gaap:NetCashProvidedByUsedInOperatingActivities,USD,2024-09-29,2025-03-29,12709000000,us-gaap:NetCashProvidedByUsedInInvestingActivities,USD,2024-09-29,2025-03-29,-68377000000,us-gaap:NetCashProvidedByUsedInFinancingActivities,USD,2024-09-29,2025-03-29,14935826000,dei:EntityCommonStockSharesOutstanding,shares,,2025-04-18,,,USD,,
000032019325000073,0000320193,AAPL,Apple Inc.,10-Q,2025-08-01,2025-06-28,2025,Q3,3,3571,Electronic Computers,CA,313695000000,us-gaap:RevenueFromContractWithCustomerExcludingAssessedTax,USD,2024-09-29,2025-06-28,331495000000,us-gaap:Assets,USD,,2025-06-28,265665000000,us-gaap:Liabilities,USD,,2025-06-28,84544000000,us-gaap:NetIncomeLoss,USD,2024-09-29,2025-06-28,81754000000,us-gaap:NetCashProvidedByUsedInOperatingActivities,USD,2024-09-29,2025-06-28,17782000000,us-gaap:NetCashProvidedByUsedInInvestingActivities,USD,2024-09-29,2025-06-28,-93210000000,us-gaap:NetCashProvidedByUsedInFinancingActivities,USD,2024-09-29,2025-06-28,14840390000,dei:EntityCommonStockSharesOutstanding,shares,,2025-07-18,,,USD,,
000032019325000079,0000320193,AAPL,Apple Inc.,10-K,2025-10-31,2025-09-27,2025,FY,4,3571,Electronic Computers,CA,416161000000,us-gaap:RevenueFromContractWithCustomerExcludingAssessedTax,USD,2024-09-29,2025-09-27,359241000000,us-gaap:Assets,USD,,2025-09-27,285508000000,us-gaap:Liabilities,USD,,2025-09-27,112010000000,us-gaap:NetIncomeLoss,USD,2024-09-29,2025-09-27,111482000000,us-gaap:NetCashProvidedByUsedInOperatingActivities,USD,2024-09-29,2025-09-27,15195000000,us-gaap:NetCashProvidedByUsedInInvestingActivities,USD,2024-09-29,2025-09-27,-120686000000,us-gaap:NetCashProvidedByUsedInFinancingActivities,USD,2024-09-29,2025-09-27,14776353000,dei:EntityCommonStockSharesOutstanding,shares,,2025-10-17,,,USD,,
000156459022002324,0000789019,MSFT,MICROSOFT CORP,10-Q,2022-01-25,2021-12-31,2022,Q2,2,7372,Services-Prepackaged Software,WA,97045000000,us-gaap:RevenueFromContractWithCustomerExcludingAssessedTax,USD,2021-07-01,2021-12-31,340389000000,us-gaap:Assets,USD,,2021-12-31,180379000000,us-gaap:Liabilities,USD,,2021-12-31,39270000000,us-gaap:NetIncomeLoss,USD,2021-07-01,2021-12-31,39020000000,us-gaap:NetCashProvidedByUsedInOperatingActivities,USD,2021-07-01,2021-12-31,-4411000000,us-gaap:NetCashProvidedByUsedInInvestingActivities,USD,2021-07-01,2021-12-31,-28262000000,us-gaap:NetCashProvidedByUsedInFinancingActivities,USD,2021-07-01,2021-12-31,7496866428,dei:EntityCommonStockSharesOutstanding,shares,,2022-01-20,,,USD,,
000156459022015675,0000789019,MSFT,MICROSOFT CORP,10-Q,2022-04-26,2022-03-31,2022,Q3,3,7372,Services-Prepackaged Software,WA,146405000000,us-gaap:RevenueFromContractWithCustomerExcludingAssessedTax,USD,2021-07-01,2022-03-31,344607000000,us-gaap:Assets,USD,,2022-03-31,181683000000,us-gaap:Liabilities,USD,,2022-03-31,55998000000,us-gaap:NetIncomeLoss,USD,2021-07-01,2022-03-31,64406000000,us-gaap:NetCashProvidedByUsedInOperatingActivities,USD,2021-07-01,2022-03-31,-20582000000,us-gaap:NetCashProvidedByUsedInInvestingActivities,USD,2021-07-01,2022-03-31,-45607000000,us-gaap:NetCashProvidedByUsedInFinancingActivities,USD,2021-07-01,2022-03-31,7479033135,dei:EntityCommonStockSharesOutstanding,shares,,2022-04-21,,,USD,,
000156459022026876,0000789019,MSFT,MICROSOFT CORP,10-K,2022-07-28,2022-06-30,2022,FY,4,7372,Services-Prepackaged Software,WA,198270000000,us-gaap:RevenueFromContractWithCustomerExcludingAssessedTax,USD,2021-07-01,2022-06-30,364840000000,us-gaap:Assets,USD,,2022-06-30,198298000000,us-gaap:Liabilities,USD,,2022-06-30,72738000000,us-gaap:NetIncomeLoss,USD,2021-07-01,2022-06-30,89035000000,us-gaap:NetCashProvidedByUsedInOperatingActivities,USD,2021-07-01,2022-06-30,-30311000000,us-gaap:NetCashProvidedByUsedInInvestingActivities,USD,2021-07-01,2022-06-30,-58876000000,us-gaap:NetCashProvidedByUsedInFinancingActivities,USD,2021-07-01,2022-06-30,7457891872,dei:EntityCommonStockSharesOutstanding,shares,,2022-07-25,,,USD,,
000156459022035087,0000789019,MSFT,MICROSOFT CORP,10-Q,2022-10-25,2022-09-30,2023,Q1,1,7372,Services-Prepackaged Software,WA,50122000000,us-gaap:RevenueFromContractWithCustomerExcludingAssessedTax,USD,2022-07-01,2022-09-30,359784000000,us-gaap:Assets,USD,,2022-09-30,186218000000,us-gaap:Liabilities,USD,,2022-09-30,17556000000,us-gaap:NetIncomeLoss,USD,2022-07-01,2022-09-30,23198000000,us-gaap:NetCashProvidedByUsedInOperatingActivities,USD,2022-07-01,2022-09-30,-3132000000,us-gaap:NetCashProvidedByUsedInInvestingActivities,USD,2022-07-01,2022-09-30,-10883000000,us-gaap:NetCashProvidedByUsedInFinancingActivities,USD,2022-07-01,2022-09-30,7454473144,dei:EntityCommonStockSharesOutstanding,shares,,2022-10-20,,,USD,,
000156459023000733,0000789019,MSFT,MICROSOFT CORP,10-Q,2023-01-24,2022-12-31,2023,Q2,2,7372,Services-Prepackaged Software,WA,102869000000,us-gaap:RevenueFromContractWithCustomerExcludingAssessedTax,USD,2022-07-01,2022-12-31,364552000000,us-gaap:Assets,USD,,2022-12-31,181416000000,us-gaap:Liabilities,USD,,2022-12-31,33981000000,us-gaap:NetIncomeLoss,USD,2022-07-01,2022-12-31,34371000000,us-gaap:NetCashProvidedByUsedInOperatingActivities,USD,2022-07-01,2022-12-31,-10282000000,us-gaap:NetCashProvidedByUsedInInvestingActivities,USD,2022-07-01,2022-12-31,-22232000000,us-gaap:NetCashProvidedByUsedInFinancingActivities,USD,2022-07-01,2022-12-31,7443803533,dei:EntityCommonStockSharesOutstanding,shares,,2023-01-19,,,USD,,
000095017023014423,0000789019,MSFT,MICROSOFT CORP,10-Q,2023-04-25,2023-03-31,2023,Q3,3,7372,Services-Prepackaged Software,WA,155726000000,us-gaap:RevenueFromContractWithCustomerExcludingAssessedTax,USD,2022-07-01,2023-03-31,380088000000,us-gaap:Assets,USD,,2023-03-31,185405000000,us-gaap:Liabilities,USD,,2023-03-31,52280000000,us-gaap:NetIncomeLoss,USD,2022-07-01,2023-03-31,58812000000,us-gaap:NetCashProvidedByUsedInOperatingActivities,USD,2022-07-01,2023-03-31,-13546000000,us-gaap:NetCashProvidedByUsedInInvestingActivities,USD,2022-07-01,2023-03-31,-32522000000,us-gaap:NetCashProvidedByUsedInFinancingActivities,USD,2022-07-01,2023-03-31,7435487575,dei:EntityCommonStockSharesOutstanding,shares,,2023-04-20,,,USD,,
000095017023035122,0000789019,MSFT,MICROSOFT CORP,10-K,2023-07-27,2023-06-30,2023,FY,4,7372,Services-Prepackaged Software,WA,211915000000,us-gaap:RevenueFromContractWithCustomerExcludingAssessedTax,USD,2022-07-01,2023-06-30,411976000000,us-gaap:Assets,USD,,2023-06-30,205753000000,us-gaap:Liabilities,USD,,2023-06-30,72361000000,us-gaap:NetIncomeLoss,USD,2022-07-01,2023-06-30,87582000000,us-gaap:NetCashProvidedByUsedInOperatingActivities,USD,2022-07-01,2023-06-30,-22680000000,us-gaap:NetCashProvidedByUsedInInvestingActivities,USD,2022-07-01,2023-06-30,-43935000000,us-gaap:NetCashProvidedByUsedInFinancingActivities,USD,2022-07-01,2023-06-30,7429763722,dei:EntityCommonStockSharesOutstanding,shares,,2023-07-24,,,USD,,
000095017023054855,0000789019,MSFT,MICROSOFT CORP,10-Q,2023-10-24,2023-09-30,2024,Q1,1,7372,Services-Prepackaged Software,WA,56517000000,us-gaap:RevenueFromContractWithCustomerExcludingAssessedTax,USD,2023-07-01,2023-09-30,445785000000,us-gaap:Assets,USD,,2023-09-30,225071000000,us-gaap:Liabilities,USD,,2023-09-30,22291000000,us-gaap:NetIncomeLoss,USD,2023-07-01,2023-09-30,30583000000,us-gaap:NetCashProvidedByUsedInOperatingActivities,USD,2023-07-01,2023-09-30,503000000,us-gaap:NetCashProvidedByUsedInInvestingActivities,USD,2023-07-01,2023-09-30,14761000000,us-gaap:NetCashProvidedByUsedInFinancingActivities,USD,2023-07-01,2023-09-30,7432262329,dei:EntityCommonStockSharesOutstanding,shares,,2023-10-19,,,USD,,
000095017024008814,0000789019,MSFT,MICROSOFT CORP,10-Q,2024-01-30,2023-12-31,2024,Q2,2,7372,Services-Prepackaged Software,WA,118537000000,us-gaap:RevenueFromContractWithCustomerExcludingAssessedTax,USD,2023-07-01,2023-12-31,470558000000,us-gaap:Assets,USD,,2023-12-31,232290000000,us-gaap:Liabilities,USD,,2023-12-31,44161000000,us-gaap:NetIncomeLoss,USD,2023-07-01,2023-12-31,49436000000,us-gaap:NetCashProvidedByUsedInOperatingActivities,USD,2023-07-01,2023-12-31,-71422000000,us-gaap:NetCashProvidedByUsedInInvestingActivities,USD,2023-07-01,2023-12-31,4614000000,us-gaap:NetCashProvidedByUsedInFinancingActivities,USD,2023-07-01,2023-12-31,7430436229,dei:EntityCommonStockSharesOutstanding,shares,,2024-01-25,,,USD,,
000095017024048288,0000789019,MSFT,MICROSOFT CORP,10-Q,2024-04-25,2024-03-31,2024,Q3,3,7372,Services-Prepackaged Software,WA,180395000000,us-gaap:RevenueFromContractWithCustomerExcludingAssessedTax,USD,2023-07-01,2024-03-31,484275000000,us-gaap:Assets,USD,,2024-03-31,231123000000,us-gaap:Liabilities,USD,,2024-03-31,66100000000,us-gaap:NetIncomeLoss,USD,2023-07-01,2024-03-31,81353000000,us-gaap:NetCashProvidedByUsedInOperatingActivities,USD,2023-07-01,2024-03-31,-82122000000,us-gaap:NetCashProvidedByUsedInInvestingActivities,USD,2023-07-01,2024-03-31,-14194000000,us-gaap:NetCashProvidedByUsedInFinancingActivities,USD,2023-07-01,2024-03-31,7432305794,dei:EntityCommonStockSharesOutstanding,shares,,2024-04-22,,,USD,,
000095017024087843,0000789019,MSFT,MICROSOFT CORP,10-K,2024-07-30,2024-06-30,2024,FY,4,7372,Services-Prepackaged Software,WA,245122000000,us-gaap:RevenueFromContractWithCustomerExcludingAssessedTax,USD,2023-07-01,2024-06-30,512163000000,us-gaap:Assets,USD,,2024-06-30,243686000000,us-gaap:Liabilities,USD,,2024-06-30,88136000000,us-gaap:NetIncomeLoss,USD,2023-07-01,2024-06-30,118548000000,us-gaap:NetCashProvidedByUsedInOperatingActivities,USD,2023-07-01,2024-06-30,-96970000000,us-gaap:NetCashProvidedByUsedInInvestingActivities,USD,2023-07-01,2024-06-30,-37757000000,us-gaap:NetCashProvidedByUsedInFinancingActivities,USD,2023-07-01,2024-06-30,7433038381,dei:EntityCommonStockSharesOutstanding,shares,,2024-07-25,,,USD,,
000095017024118967,0000789019,MSFT,MICROSOFT CORP,10-Q,2024-10-30,2024-09-30,2025,Q1,1,7372,Services-Prepackaged Software,WA,65585000000,us-gaap:RevenueFromContractWithCustomerExcludingAssessedTax,USD,2024-07-01,2024-09-30,523013000000,us-gaap:Assets,USD,,2024-09-30,235290000000,us-gaap:Liabilities,USD,,2024-09-30,24667000000,us-gaap:NetIncomeLoss,USD,2024-07-01,2024-09-30,34180000000,us-gaap:NetCashProvidedByUsedInOperatingActivities,USD,2024-07-01,2024-09-30,-15201000000,us-gaap:NetCashProvidedByUsedInInvestingActivities,USD,2024-07-01,2024-09-30,-16576000000,us-gaap:NetCashProvidedByUsedInFinancingActivities,USD,2024-07-01,2024-09-30,7434880776,dei:EntityCommonStockSharesOutstanding,shares,,2024-10-24,,,USD,,
000095017025010491,0000789019,MSFT,MICROSOFT CORP,10-Q,2025-01-29,2024-12-31,2025,Q2,2,7372,Services-Prepackaged Software,WA,135217000000,us-gaap:RevenueFromContractWithCustomerExcludingAssessedTax,USD,2024-07-01,2024-12-31,533898000000,us-gaap:Assets,USD,,2024-12-31,231203000000,us-gaap:Liabilities,USD,,2024-12-31,48775000000,us-gaap:NetIncomeLoss,USD,2024-07-01,2024-12-31,56471000000,us-gaap:NetCashProvidedByUsedInOperatingActivities,USD,2024-07-01,2024-12-31,-29313000000,us-gaap:NetCashProvidedByUsedInInvestingActivities,USD,2024-07-01,2024-12-31,-27819000000,us-gaap:NetCashProvidedByUsedInFinancingActivities,USD,2024-07-01,2024-12-31,7433982235,dei:EntityCommonStockSharesOutstanding,shares,,2025-01-23,,,USD,,
000095017025061046,0000789019,MSFT,MICROSOFT CORP,10-Q,2025-04-30,2025-03-31,2025,Q3,3,7372,Services-Prepackaged Software,WA,205283000000,us-gaap:RevenueFromContractWithCustomerExcludingAssessedTax,USD,2024-07-01,2025-03-31,562624000000,us-gaap:Assets,USD,,2025-03-31,240733000000,us-gaap:Liabilities,USD,,2025-03-31,74599000000,us-gaap:NetIncomeLoss,USD,2024-07-01,2025-03-31,93515000000,us-gaap:NetCashProvidedByUsedInOperatingActivities,USD,2024-07-01,2025-03-31,-42027000000,us-gaap:NetCashProvidedByUsedInInvestingActivities,USD,2024-07-01,2025-03-31,-40855000000,us-gaap:NetCashProvidedByUsedInFinancingActivities,USD,2024-07-01,2025-03-31,7432543865,dei:EntityCommonStockSharesOutstanding,shares,,2025-04-24,,,USD,,
000095017025100235,0000789019,MSFT,MICROSOFT CORP,10-K,2025-07-30,2025-06-30,2025,FY,4,7372,Services-Prepackaged Software,WA,281724000000,us-gaap:RevenueFromContractWithCustomerExcludingAssessedTax,USD,2024-07-01,2025-06-30,619003000000,us-gaap:Assets,USD,,2025-06-30,275524000000,us-gaap:Liabilities,USD,,2025-06-30,101832000000,us-gaap:NetIncomeLoss,USD,2024-07-01,2025-06-30,136162000000,us-gaap:NetCashProvidedByUsedInOperatingActivities,USD,2024-07-01,2025-06-30,-72599000000,us-gaap:NetCashProvidedByUsedInInvestingActivities,USD,2024-07-01,2025-06-30,-51699000000,us-gaap:NetCashProvidedByUsedInFinancingActivities,USD,2024-07-01,2025-06-30,7433166379,dei:EntityCommonStockSharesOutstanding,shares,,2025-07-24,,,USD,,
000119312525256321,0000789019,MSFT,MICROSOFT CORP,10-Q,2025-10-29,2025-09-30,2026,Q1,1,7372,Services-Prepackaged Software,WA,77673000000,us-gaap:RevenueFromContractWithCustomerExcludingAssessedTax,USD,2025-07-01,2025-09-30,636351000000,us-gaap:Assets,USD,,2025-09-30,273275000000,us-gaap:Liabilities,USD,,2025-09-30,27747000000,us-gaap:NetIncomeLoss,USD,2025-07-01,2025-09-30,45057000000,us-gaap:NetCashProvidedByUsedInOperatingActivities,USD,2025-07-01,2025-09-30,-34559000000,us-gaap:NetCashProvidedByUsedInInvestingActivities,USD,2025-07-01,2025-09-30,-11799000000,us-gaap:NetCashProvidedByUsedInFinancingActivities,USD,2025-07-01,2025-09-30,7432377655,dei:EntityCommonStockSharesOutstanding,shares,,2025-10-23,,,USD,,
000101872422000005,0001018724,AMZN,AMAZON COM INC,10-K,2022-02-04,2021-12-31,2021,FY,4,5961,Retail-Catalog & Mail-Order Houses,DE,469822000000,us-gaap:RevenueFromContractWithCustomerExcludingAssessedTax,USD,2021-01-01,2021-12-31,420549000000,us-gaap:Assets,USD,,2021-12-31,,,USD,,,33364000000,us-gaap:NetIncomeLoss,USD,2021-01-01,2021-12-31,46327000000,us-gaap:NetCashProvidedByUsedInOperatingActivities,USD,2021-01-01,2021-12-31,-58154000000,us-gaap:NetCashProvidedByUsedInInvestingActivities,USD,2021-01-01,2021-12-31,6291000000,us-gaap:NetCashProvidedByUsedInFinancingActivities,USD,2021-01-01,2021-12-31,508844410,dei:EntityCommonStockSharesOutstanding,shares,,2022-01-26,,,USD,,
000101872422000013,0001018724,AMZN,AMAZON COM INC,10-Q,2022-04-29,2022-03-31,2022,Q1,1,5961,Retail-Catalog & Mail-Order Houses,DE,116444000000,us-gaap:RevenueFromContractWithCustomerExcludingAssessedTax,USD,2022-01-01,2022-03-31,410767000000,us-gaap:Assets,USD,,2022-03-31,,,USD,,,-3844000000,us-gaap:NetIncomeLoss,USD,2022-01-01,2022-03-31,-2790000000,us-gaap:NetCashProvidedByUsedInOperatingActivities,USD,2022-01-01,2022-03-31,906000000,us-gaap:NetCashProvidedByUsedInInvestingActivities,USD,2022-01-01,2022-03-31,1990000000,us-gaap:NetCashProvidedByUsedInFinancingActivities,USD,2022-01-01,2022-03-31,508720481,dei:EntityCommonStockSharesOutstanding,shares,,2022-04-20,,,USD,,
000101872422000019,0001018724,AMZN,AMAZON COM INC,10-Q,2022-07-29,2022-06-30,2022,Q2,2,5961,Retail-Catalog & Mail-Order Houses,DE,237678000000,us-gaap:RevenueFromContractWithCustomerExcludingAssessedTax,USD,2022-01-01,2022-06-30,419728000000,us-gaap:Assets,USD,,2022-06-30,,,USD,,,-5872000000,us-gaap:NetIncomeLoss,USD,2022-01-01,2022-06-30,6175000000,us-gaap:NetCashProvidedByUsedInOperatingActivities,USD,2022-01-01,2022-06-30,-11172000000,us-gaap:NetCashProvidedByUsedInInvestingActivities,USD,2022-01-01,2022-06-30,6616000000,us-gaap:NetCashProvidedByUsedInFinancingActivities,USD,2022-01-01,2022-06-30,10187554818,dei:EntityCommonStockSharesOutstanding,shares,,2022-07-20,,,USD,,
000101872422000023,0001018724,AMZN,AMAZON COM INC,10-Q,2022-10-28,2022-09-30,2022,Q3,3,5961,Retail-Catalog & Mail-Order Houses,DE,364779000000,us-gaap:RevenueFromContractWithCustomerExcludingAssessedTax,USD,2022-01-01,2022-09-30,428362000000,us-gaap:Assets,USD,,2022-09-30,,,USD,,,-3000000000,us-gaap:NetIncomeLoss,USD,2022-01-01,2022-09-30,17579000000,us-gaap:NetCashProvidedByUsedInOperatingActivities,USD,2022-01-01,2022-09-30,-26780000000,us-gaap:NetCashProvidedByUsedInInvestingActivities,USD,2022-01-01,2022-09-30,9632000000,us-gaap:NetCashProvidedByUsedInFinancingActivities,USD,2022-01-01,2022-09-30,10201654176,dei:EntityCommonStockSharesOutstanding,shares,,2022-10-19,,,USD,,
000101872423000004,0001018724,AMZN,AMAZON COM INC,10-K,2023-02-03,2022-12-31,2022,FY,4,5961,Retail-Catalog & Mail-Order Houses,DE,513983000000,us-gaap:RevenueFromContractWithCustomerExcludingAssessedTax,USD,2022-01-01,2022-12-31,462675000000,us-gaap:Assets,USD,,2022-12-31,,,USD,,,-2722000000,us-gaap:NetIncomeLoss,USD,2022-01-01,2022-12-31,46752000000,us-gaap:NetCashProvidedByUsedInOperatingActivities,USD,2022-01-01,2022-12-31,-37601000000,us-gaap:NetCashProvidedByUsedInInvestingActivities,USD,2022-01-01,2022-12-31,9718000000,us-gaap:NetCashProvidedByUsedInFinancingActivities,USD,2022-01-01,2022-12-31,10247259757,dei:EntityCommonStockSharesOutstanding,shares,,2023-01-25,,,USD,,
000101872423000008,0001018724,AMZN,AMAZON COM INC,10-Q,2023-04-28,2023-03-31,2023,Q1,1,5961,Retail-Catalog & Mail-Order Houses,DE,127358000000,us-gaap:RevenueFromContractWithCustomerExcludingAssessedTax,USD,2023-01-01,2023-03-31,464378000000,us-gaap:Assets,USD,,2023-03-31,,,USD,,,3172000000,us-gaap:NetIncomeLoss,USD,2023-01-01,2023-03-31,4788000000,us-gaap:NetCashProvidedByUsedInOperatingActivities,USD,2023-01-01,2023-03-31,-15806000000,us-gaap:NetCashProvidedByUsedInInvestingActivities,USD,2023-01-01,2023-03-31,6354000000,us-gaap:NetCashProvidedByUsedInFinancingActivities,USD,2023-01-01,2023-03-31,10260353688,dei:EntityCommonStockSharesOutstanding,shares,,2023-04-19,,,USD,,
000101872423000012,0001018724,AMZN,AMAZON COM INC,10-Q,2023-08-04,2023-06-30,2023,Q2,2,5961,Retail-Catalog & Mail-Order Houses,DE,261741000000,us-gaap:RevenueFromContractWithCustomerExcludingAssessedTax,USD,2023-01-01,2023-06-30,477607000000,us-gaap:Assets,USD,,2023-06-30,,,USD,,,9922000000,us-gaap:NetIncomeLoss,USD,2023-01-01,2023-06-30,21264000000,us-gaap:NetCashProvidedByUsedInOperatingActivities,USD,2023-01-01,2023-06-30,-25479000000,us-gaap:NetCashProvidedByUsedInInvestingActivities,USD,2023-01-01,2023-06-30,-185000000,us-gaap:NetCashProvidedByUsedInFinancingActivities,USD,2023-01-01,2023-06-30,10317750796,dei:EntityCommonStockSharesOutstanding,shares,,2023-07-21,,,USD,,
000101872423000018,0001018724,AMZN,AMAZON COM INC,10-Q,2023-10-27,2023-09-30,2023,Q3,3,5961,Retail-Catalog & Mail-Order Houses,DE,404824000000,us-gaap:RevenueFromContractWithCustomerExcludingAssessedTax,USD,2023-01-01,2023-09-30,486883000000,us-gaap:Assets,USD,,2023-09-30,,,USD,,,19801000000,us-gaap:NetIncomeLoss,USD,2023-01-01,2023-09-30,42481000000,us-gaap:NetCashProvidedByUsedInOperatingActivities,USD,2023-01-01,2023-09-30,-37232000000,us-gaap:NetCashProvidedByUsedInInvestingActivities,USD,2023-01-01,2023-09-30,-9133000000,us-gaap:NetCashProvidedByUsedInFinancingActivities,USD,2023-01-01,2023-09-30,10334030586,dei:EntityCommonStockSharesOutstanding,shares,,2023-10-18,,,USD,,
000101872424000008,0001018724,AMZN,AMAZON COM INC,10-K,2024-02-02,2023-12-31,2023,FY,4,5961,Retail-Catalog & Mail-Order Houses,DE,574785000000,us-gaap:RevenueFromContractWithCustomerExcludingAssessedTax,USD,2023-01-01,2023-12-31,527854000000,us-gaap:Assets,USD,,2023-12-31,,,USD,,,30425000000,us-gaap:NetIncomeLoss,USD,2023-01-01,2023-12-31,84946000000,us-gaap:NetCashProvidedByUsedInOperatingActivities,USD,2023-01-01,2023-12-31,-49833000000,us-gaap:NetCashProvidedByUsedInInvestingActivities,USD,2023-01-01,2023-12-31,-15879000000,us-gaap:NetCashProvidedByUsedInFinancingActivities,USD,2023-01-01,2023-12-31,10387381291,dei:EntityCommonStockSharesOutstanding,shares,,2024-01-24,,,USD,,
000101872424000083,0001018724,AMZN,AMAZON COM INC,10-Q,2024-05-01,2024-03-31,2024,Q1,1,5961,Retail-Catalog & Mail-Order Houses,DE,143313000000,us-gaap:RevenueFromContractWithCustomerExcludingAssessedTax,USD,2024-01-01,2024-03-31,530969000000,us-gaap:Assets,USD,,2024-03-31,,,USD,,,10431000000,us-gaap:NetIncomeLoss,USD,2024-01-01,2024-03-31,18989000000,us-gaap:NetCashProvidedByUsedInOperatingActivities,USD,2024-01-01,2024-03-31,-17862000000,us-gaap:NetCashProvidedByUsedInInvestingActivities,USD,2024-01-01,2024-03-31,-1256000000,us-gaap:NetCashProvidedByUsedInFinancingActivities,USD,2024-01-01,2024-03-31,10406627415,dei:EntityCommonStockSharesOutstanding,shares,,2024-04-24,,,USD,,
000101872424000130,0001018724,AMZN,AMAZON COM INC,10-Q,2024-08-02,2024-06-30,2024,Q2,2,5961,Retail-Catalog & Mail-Order Houses,DE,291290000000,us-gaap:RevenueFromContractWithCustomerExcludingAssessedTax,USD,2024-01-01,2024-06-30,554818000000,us-gaap:Assets,USD,,2024-06-30,,,USD,,,23916000000,us-gaap:NetIncomeLoss,USD,2024-01-01,2024-06-30,44270000000,us-gaap:NetCashProvidedByUsedInOperatingActivities,USD,2024-01-01,2024-06-30,-40000000000,us-gaap:NetCashProvidedByUsedInInvestingActivities,USD,2024-01-01,2024-06-30,-5746000000,us-gaap:NetCashProvidedByUsedInFinancingActivities,USD,2024-01-01,2024-06-30,10495566881,dei:EntityCommonStockSharesOutstanding,shares,,2024-07-24,,,USD,,
000101872424000161,0001018724,AMZN,AMAZON COM INC,10-Q,2024-11-01,2024-09-30,2024,Q3,3,5961,Retail-Catalog & Mail-Order Houses,DE,450167000000,us-gaap:RevenueFromContractWithCustomerExcludingAssessedTax,USD,2024-01-01,2024-09-30,584626000000,us-gaap:Assets,USD,,2024-09-30,,,USD,,,39244000000,us-gaap:NetIncomeLoss,USD,2024-01-01,2024-09-30,70241000000,us-gaap:NetCashProvidedByUsedInOperatingActivities,USD,2024-01-01,2024-09-30,-56899000000,us-gaap:NetCashProvidedByUsedInInvestingActivities,USD,2024-01-01,2024-09-30,-8504000000,us-gaap:NetCashProvidedByUsedInFinancingActivities,USD,2024-01-01,2024-09-30,10515011008,dei:EntityCommonStockSharesOutstanding,shares,,2024-10-18,,,USD,,
000101872425000004,0001018724,AMZN,AMAZON COM INC,10-K,2025-02-07,2024-12-31,2024,FY,4,5961,Retail-Catalog & Mail-Order Houses,DE,637959000000,us-gaap:RevenueFromContractWithCustomerExcludingAssessedTax,USD,2024-01-01,2024-12-31,624894000000,us-gaap:Assets,USD,,2024-12-31,,,USD,,,59248000000,us-gaap:NetIncomeLoss,USD,2024-01-01,2024-12-31,115877000000,us-gaap:NetCashProvidedByUsedInOperatingActivities,USD,2024-01-01,2024-12-31,-94342000000,us-gaap:NetCashProvidedByUsedInInvestingActivities,USD,2024-01-01,2024-12-31,-11812000000,us-gaap:NetCashProvidedByUsedInFinancingActivities,USD,2024-01-01,2024-12-31,10597729352,dei:EntityCommonStockSharesOutstanding,shares,,2025-01-29,,,USD,,
000101872425000036,0001018724,AMZN,AMAZON COM INC,10-Q,2025-05-02,2025-03-31,2025,Q1,1,5961,Retail-Catalog & Mail-Order Houses,DE,155667000000,us-gaap:RevenueFromContractWithCustomerExcludingAssessedTax,USD,2025-01-01,2025-03-31,643256000000,us-gaap:Assets,USD,,2025-03-31,,,USD,,,17127000000,us-gaap:NetIncomeLoss,USD,2025-01-01,2025-03-31,17015000000,us-gaap:NetCashProvidedByUsedInOperatingActivities,USD,2025-01-01,2025-03-31,-29803000000,us-gaap:NetCashProvidedByUsedInInvestingActivities,USD,2025-01-01,2025-03-31,-47000000,us-gaap:NetCashProvidedByUsedInFinancingActivities,USD,2025-01-01,2025-03-31,10616352407,dei:EntityCommonStockSharesOutstanding,shares,,2025-04-23,,,USD,,
000101872425000086,0001018724,AMZN,AMAZON COM INC,10-Q,2025-08-01,2025-06-30,2025,Q2,2,5961,Retail-Catalog & Mail-Order Houses,DE,323369000000,us-gaap:RevenueFromContractWithCustomerExcludingAssessedTax,USD,2025-01-01,2025-06-30,682170000000,us-gaap:Assets,USD,,2025-06-30,,,USD,,,35291000000,us-gaap:NetIncomeLoss,USD,2025-01-01,2025-06-30,49530000000,us-gaap:NetCashProvidedByUsedInOperatingActivities,USD,2025-01-01,2025-06-30,-69227000000,us-gaap:NetCashProvidedByUsedInInvestingActivities,USD,2025-01-01,2025-06-30,-2586000000,us-gaap:NetCashProvidedByUsedInFinancingActivities,USD,2025-01-01,2025-06-30,10664912097,dei:EntityCommonStockSharesOutstanding,shares,,2025-07-23,,,USD,,
000101872425000123,0001018724,AMZN,AMAZON COM INC,10-Q,2025-10-31,2025-09-30,2025,Q3,3,5961,Retail-Catalog & Mail-Order Houses,DE,503538000000,us-gaap:RevenueFromContractWithCustomerExcludingAssessedTax,USD,2025-01-01,2025-09-30,727921000000,us-gaap:Assets,USD,,2025-09-30,,,USD,,,56478000000,us-gaap:NetIncomeLoss,USD,2025-01-01,2025-09-30,85055000000,us-gaap:NetCashProvidedByUsedInOperatingActivities,USD,2025-01-01,2025-09-30,-95300000000,us-gaap:NetCashProvidedByUsedInInvestingActivities,USD,2025-01-01,2025-09-30,-2630000000,us-gaap:NetCashProvidedByUsedInFinancingActivities,USD,2025-01-01,2025-09-30,10690216011,dei:EntityCommonStockSharesOutstanding,shares,,2025-10-22,,,USD,,
000165204422000019,0001652044,GOOGL,Alphabet Inc.,10-K,2022-02-02,2021-12-31,2021,FY,4,7370,"Services-Computer Programming, Data Processing, Etc.",DE,257637000000,us-gaap:Revenues,USD,2021-01-01,2021-12-31,359268000000,us-gaap:Assets,USD,,2021-12-31,107633000000,us-gaap:Liabilities,USD,,2021-12-31,76033000000,us-gaap:NetIncomeLoss,USD,2021-01-01,2021-12-31,91652000000,us-gaap:NetCashProvidedByUsedInOperatingActivities,USD,2021-01-01,2021-12-31,-35523000000,us-gaap:NetCashProvidedByUsedInInvestingActivities,USD,2021-01-01,2021-12-31,-61362000000,us-gaap:NetCashProvidedByUsedInFinancingActivities,USD,2021-01-01,2021-12-31,,,shares,,,,,USD,,
000165204422000029,0001652044,GOOGL,Alphabet Inc.,10-Q,2022-04-27,2022-03-31,2022,Q1,1,7370,"Services-Computer Programming, Data Processing, Etc.",DE,68011000000,us-gaap:RevenueFromContractWithCustomerExcludingAssessedTax,USD,2022-01-01,2022-03-31,357096000000,us-gaap:Assets,USD,,2022-03-31,103092000000,us-gaap:Liabilities,USD,,2022-03-31,16436000000,us-gaap:NetIncomeLoss,USD,2022-01-01,2022-03-31,25106000000,us-gaap:NetCashProvidedByUsedInOperatingActivities,USD,2022-01-01,2022-03-31,-9051000000,us-gaap:NetCashProvidedByUsedInInvestingActivities,USD,2022-01-01,2022-03-31,-16214000000,us-gaap:NetCashProvidedByUsedInFinancingActivities,USD,2022-01-01,2022-03-31,,,shares,,,,,USD,,
000165204422000071,0001652044,GOOGL,Alphabet Inc.,10-Q,2022-07-27,2022-06-30,2022,Q2,2,7370,"Services-Computer Programming, Data Processing, Etc.",DE,137696000000,us-gaap:RevenueFromContractWithCustomerExcludingAssessedTax,USD,2022-01-01,2022-06-30,355185000000,us-gaap:Assets,USD,,2022-06-30,99766000000,us-gaap:Liabilities,USD,,2022-06-30,32438000000,us-gaap:NetIncomeLoss,USD,2022-01-01,2022-06-30,44528000000,us-gaap:NetCashProvidedByUsedInOperatingActivities,USD,2022-01-01,2022-06-30,-13238000000,us-gaap:NetCashProvidedByUsedInInvestingActivities,USD,2022-01-01,2022-06-30,-34031000000,us-gaap:NetCashProvidedByUsedInFinancingActivities,USD,2022-01-01,2022-06-30,,,shares,,,,,USD,,
000165204422000090,0001652044,GOOGL,Alphabet Inc.,10-Q,2022-10-26,2022-09-30,2022,Q3,3,7370,"Services-Computer Programming, Data Processing, Etc.",DE,206788000000,us-gaap:RevenueFromContractWithCustomerExcludingAssessedTax,USD,2022-01-01,2022-09-30,358255000000,us-gaap:Assets,USD,,2022-09-30,104629000000,us-gaap:Liabilities,USD,,2022-09-30,46348000000,us-gaap:NetIncomeLoss,USD,2022-01-01,2022-09-30,67881000000,us-gaap:NetCashProvidedByUsedInOperatingActivities,USD,2022-01-01,2022-09-30,-14071000000,us-gaap:NetCashProvidedByUsedInInvestingActivities,USD,2022-01-01,2022-09-30,-52128000000,us-gaap:NetCashProvidedByUsedInFinancingActivities,USD,2022-01-01,2022-09-30,,,shares,,,,,USD,,
000165204423000016,0001652044,GOOGL,Alphabet Inc.,10-K,2023-02-03,2022-12-31,2022,FY,4,7370,"Services-Computer Programming, Data Processing, Etc.",DE,282836000000,us-gaap:RevenueFromContractWithCustomerExcludingAssessedTax,USD,2022-01-01,2022-12-31,365264000000,us-gaap:Assets,USD,,2022-12-31,109120000000,us-gaap:Liabilities,USD,,2022-12-31,59972000000,us-gaap:NetIncomeLoss,USD,2022-01-01,2022-12-31,91495000000,us-gaap:NetCashProvidedByUsedInOperatingActivities,USD,2022-01-01,2022-12-31,-20298000000,us-gaap:NetCashProvidedByUsedInInvestingActivities,USD,2022-01-01,2022-12-31,-69757000000,us-gaap:NetCashProvidedByUsedInFinancingActivities,USD,2022-01-01,2022-12-31,,,shares,,,,,USD,,
000165204423000045,0001652044,GOOGL,Alphabet Inc.,10-Q,2023-04-26,2023-03-31,2023,Q1,1,7370,"Services-Computer Programming, Data Processing, Etc.",DE,69787000000,us-gaap:RevenueFromContractWithCustomerExcludingAssessedTax,USD,2023-01-01,2023-03-31,369491000000,us-gaap:Assets,USD,,2023-03-31,108597000000,us-gaap:Liabilities,USD,,2023-03-31,15051000000,us-gaap:NetIncomeLoss,USD,2023-01-01,2023-03-31,23509000000,us-gaap:NetCashProvidedByUsedInOperatingActivities,USD,2023-01-01,2023-03-31,-2946000000,us-gaap:NetCashProvidedByUsedInInvestingActivities,USD,2023-01-01,2023-03-31,-16568000000,us-gaap:NetCashProvidedByUsedInFinancingActivities,USD,2023-01-01,2023-03-31,,,shares,,,,,USD,,
000165204423000070,0001652044,GOOGL,Alphabet Inc.,10-Q,2023-07-26,2023-06-30,2023,Q2,2,7370,"Services-Computer Programming, Data Processing, Etc.",DE,144391000000,us-gaap:RevenueFromContractWithCustomerExcludingAssessedTax,USD,2023-01-01,2023-06-30,383044000000,us-gaap:Assets,USD,,2023-06-30,115903000000,us-gaap:Liabilities,USD,,2023-06-30,33419000000,us-gaap:NetIncomeLoss,USD,2023-01-01,2023-06-30,52175000000,us-gaap:NetCashProvidedByUsedInOperatingActivities,USD,2023-01-01,2023-06-30,-13746000000,us-gaap:NetCashProvidedByUsedInInvestingActivities,USD,2023-01-01,2023-06-30,-34403000000,us-gaap:NetCashProvidedByUsedInFinancingActivities,USD,2023-01-01,2023-06-30,,,shares,,,,,USD,,
000165204423000094,0001652044,GOOGL,Alphabet Inc.,10-Q,2023-10-25,2023-09-30,2023,Q3,3,7370,"Services-Computer Programming, Data Processing, Etc.",DE,221084000000,us-gaap:RevenueFromContractWithCustomerExcludingAssessedTax,USD,2023-01-01,2023-09-30,396711000000,us-gaap:Assets,USD,,2023-09-30,123509000000,us-gaap:Liabilities,USD,,2023-09-30,53108000000,us-gaap:NetIncomeLoss,USD,2023-01-01,2023-09-30,82831000000,us-gaap:NetCashProvidedByUsedInOperatingActivities,USD,2023-01-01,2023-09-30,-20896000000,us-gaap:NetCashProvidedByUsedInInvestingActivities,USD,2023-01-01,2023-09-30,-52785000000,us-gaap:NetCashProvidedByUsedInFinancingActivities,USD,2023-01-01,2023-09-30,,,shares,,,,,USD,,
000165204424000022,0001652044,GOOGL,Alphabet Inc.,10-K,2024-01-31,2023-12-31,2023,FY,4,7370,"Services-Computer Programming, Data Processing, Etc.",DE,307394000000,us-gaap:RevenueFromContractWithCustomerExcludingAssessedTax,USD,2023-01-01,2023-12-31,402392000000,us-gaap:Assets,USD,,2023-12-31,119013000000,us-gaap:Liabilities,USD,,2023-12-31,73795000000,us-gaap:NetIncomeLoss,USD,2023-01-01,2023-12-31,101746000000,us-gaap:NetCashProvidedByUsedInOperatingActivities,USD,2023-01-01,2023-12-31,-27063000000,us-gaap:NetCashProvidedByUsedInInvestingActivities,USD,2023-01-01,2023-12-31,-72093000000,us-gaap:NetCashProvidedByUsedInFinancingActivities,USD,2023-01-01,2023-12-31,,,shares,,,,,USD,,
000165204424000053,0001652044,GOOGL,Alphabet Inc.,10-Q,2024-04-26,2024-03-31,2024,Q1,1,7370,"Services-Computer Programming, Data Processing, Etc.",DE,80539000000,us-gaap:RevenueFromContractWithCustomerExcludingAssessedTax,USD,2024-01-01,2024-03-31,407350000000,us-gaap:Assets,USD,,2024-03-31,114506000000,us-gaap:Liabilities,USD,,2024-03-31,23662000000,us-gaap:NetIncomeLoss,USD,2024-01-01,2024-03-31,28848000000,us-gaap:NetCashProvidedByUsedInOperatingActivities,USD,2024-01-01,2024-03-31,-8564000000,us-gaap:NetCashProvidedByUsedInInvestingActivities,USD,2024-01-01,2024-03-31,-19714000000,us-gaap:NetCashProvidedByUsedInFinancingActivities,USD,2024-01-01,2024-03-31,,,shares,,,,,USD,,
000165204424000079,0001652044,GOOGL,Alphabet Inc.,10-Q,2024-07-24,2024-06-30,2024,Q2,2,7370,"Services-Computer Programming, Data Processing, Etc.",DE,165281000000,us-gaap:RevenueFromContractWithCustomerExcludingAssessedTax,USD,2024-01-01,2024-06-30,414770000000,us-gaap:Assets,USD,,2024-06-30,114017000000,us-gaap:Liabilities,USD,,2024-06-30,47281000000,us-gaap:NetIncomeLoss,USD,2024-01-01,2024-06-30,55488000000,us-gaap:NetCashProvidedByUsedInOperatingActivities,USD,2024-01-01,2024-06-30,-11345000000,us-gaap:NetCashProvidedByUsedInInvestingActivities,USD,2024-01-01,2024-06-30,-40603000000,us-gaap:NetCashProvidedByUsedInFinancingActivities,USD,2024-01-01,2024-06-30,,,shares,,,,,USD,,
000165204424000118,0001652044,GOOGL,Alphabet Inc.,10-Q,2024-10-30,2024-09-30,2024,Q3,3,7370,"Services-Computer Programming, Data Processing, Etc.",DE,253549000000,us-gaap:RevenueFromContractWithCustomerExcludingAssessedTax,USD,2024-01-01,2024-09-30,430266000000,us-gaap:Assets,USD,,2024-09-30,116147000000,us-gaap:Liabilities,USD,,2024-09-30,73582000000,us-gaap:NetIncomeLoss,USD,2024-01-01,2024-09-30,86186000000,us-gaap:NetCashProvidedByUsedInOperatingActivities,USD,2024-01-01,2024-09-30,-29356000000,us-gaap:NetCashProvidedByUsedInInvestingActivities,USD,2024-01-01,2024-09-30,-60697000000,us-gaap:NetCashProvidedByUsedInFinancingActivities,USD,2024-01-01,2024-09-30,,,shares,,,,,USD,,
000165204425000014,0001652044,GOOGL,Alphabet Inc.,10-K,2025-02-05,2024-12-31,2024,FY,4,7370,"Services-Computer Programming, Data Processing, Etc.",DE,350018000000,us-gaap:RevenueFromContractWithCustomerExcludingAssessedTax,USD,2024-01-01,2024-12-31,450256000000,us-gaap:Assets,USD,,2024-12-31,125172000000,us-gaap:Liabilities,USD,,2024-12-31,100118000000,us-gaap:NetIncomeLoss,USD,2024-01-01,2024-12-31,125299000000,us-gaap:NetCashProvidedByUsedInOperatingActivities,USD,2024-01-01,2024-12-31,-45536000000,us-gaap:NetCashProvidedByUsedInInvestingActivities,USD,2024-01-01,2024-12-31,-79733000000,us-gaap:NetCashProvidedByUsedInFinancingActivities,USD,2024-01-01,2024-12-31,,,shares,,,,,USD,,
000165204425000043,0001652044,GOOGL,Alphabet Inc.,10-Q,2025-04-25,2025-03-31,2025,Q1,1,7370,"Services-Computer Programming, Data Processing, Etc.",DE,90234000000,us-gaap:RevenueFromContractWithCustomerExcludingAssessedTax,USD,2025-01-01,2025-03-31,475374000000,us-gaap:Assets,USD,,2025-03-31,130107000000,us-gaap:Liabilities,USD,,2025-03-31,34540000000,us-gaap:NetIncomeLoss,USD,2025-01-01,2025-03-31,36150000000,us-gaap:NetCashProvidedByUsedInOperatingActivities,USD,2025-01-01,2025-03-31,-16194000000,us-gaap:NetCashProvidedByUsedInInvestingActivities,USD,2025-01-01,2025-03-31,-20201000000,us-gaap:NetCashProvidedByUsedInFinancingActivities,USD,2025-01-01,2025-03-31,,,shares,,,,,USD,,
000165204425000062,0001652044,GOOGL,Alphabet Inc.,10-Q,2025-07-24,2025-06-30,2025,Q2,2,7370,"Services-Computer Programming, Data Processing, Etc.",DE,186662000000,us-gaap:Revenues,USD,2025-01-01,2025-06-30,502053000000,us-gaap:Assets,USD,,2025-06-30,139137000000,us-gaap:Liabilities,USD,,2025-06-30,62736000000,us-gaap:NetIncomeLoss,USD,2025-01-01,2025-06-30,63897000000,us-gaap:NetCashProvidedByUsedInOperatingActivities,USD,2025-01-01,2025-06-30,-40738000000,us-gaap:NetCashProvidedByUsedInInvestingActivities,USD,2025-01-01,2025-06-30,-26033000000,us-gaap:NetCashProvidedByUsedInFinancingActivities,USD,2025-01-01,2025-06-30,,,shares,,,,,USD,,
000165204425000091,0001652044,GOOGL,Alphabet Inc.,10-Q,2025-10-30,2025-09-30,2025,Q3,3,7370,"Services-Computer Programming, Data Processing, Etc.",DE,289007000000,us-gaap:Revenues,USD,2025-01-01,2025-09-30,536469000000,us-gaap:Assets,USD,,2025-09-30,149602000000,us-gaap:Liabilities,USD,,2025-09-30,97715000000,us-gaap:NetIncomeLoss,USD,2025-01-01,2025-09-30,112311000000,us-gaap:NetCashProvidedByUsedInOperatingActivities,USD,2025-01-01,2025-09-30,-68515000000,us-gaap:NetCashProvidedByUsedInInvestingActivities,USD,2025-01-01,2025-09-30,-44416000000,us-gaap:NetCashProvidedByUsedInFinancingActivities,USD,2025-01-01,2025-09-30,,,shares,,,,,USD,,
000001961722000272,0000019617,JPM,JPMORGAN CHASE & CO,10-K,2022-02-22,2021-12-31,2021,FY,4,6021,National Commercial Banks,DE,121649000000,us-gaap:Revenues,USD,2021-01-01,2021-12-31,3743567000000,us-gaap:Assets,USD,,2021-12-31,3449440000000,us-gaap:Liabilities,USD,,2021-12-31,48334000000,us-gaap:NetIncomeLoss,USD,2021-01-01,2021-12-31,78084000000,us-gaap:NetCashProvidedByUsedInOperatingActivities,USD,2021-01-01,2021-12-31,-129344000000,us-gaap:NetCashProvidedByUsedInInvestingActivities,USD,2021-01-01,2021-12-31,275993000000,us-gaap:NetCashProvidedByUsedInFinancingActivities,USD,2021-01-01,2021-12-31,2952808970,dei:EntityCommonStockSharesOutstanding,shares,,2022-01-31,,,USD,,
000001961722000319,0000019617,JPM,JPMORGAN CHASE & CO,10-Q,2022-05-03,2022-03-31,2022,Q1,1,6021,National Commercial Banks,DE,,,USD,,,3954687000000,us-gaap:Assets,USD,,2022-03-31,3668788000000,us-gaap:Liabilities,USD,,2022-03-31,8282000000,us-gaap:NetIncomeLoss,USD,2022-01-01,2022-03-31,-41917000000,us-gaap:NetCashProvidedByUsedInOperatingActivities,USD,2022-01-01,2022-03-31,-72608000000,us-gaap:NetCashProvidedByUsedInInvestingActivities,USD,2022-01-01,2022-03-31,132772000000,us-gaap:NetCashProvidedByUsedInFinancingActivities,USD,2022-01-01,2022-03-31,2937050466,dei:EntityCommonStockSharesOutstanding,shares,,2022-03-31,,,USD,,
000001961722000422,0000019617,JPM,JPMORGAN CHASE & CO,10-Q,2022-08-03,2022-06-30,2022,Q2,2,6021,National Commercial Banks,DE,,,USD,,,3841314000000,us-gaap:Assets,USD,,2022-06-30,3555171000000,us-gaap:Liabilities,USD,,2022-06-30,16931000000,us-gaap:NetIncomeLoss,USD,2022-01-01,2022-06-30,24101000000,us-gaap:NetCashProvidedByUsedInOperatingActivities,USD,2022-01-01,2022-06-30,-125811000000,us-gaap:NetCashProvidedByUsedInInvestingActivities,USD,2022-01-01,2022-06-30,48970000000,us-gaap:NetCashProvidedByUsedInFinancingActivities,USD,2022-01-01,2022-06-30,2932572390,dei:EntityCommonStockSharesOutstanding,shares,,2022-06-30,,,USD,,
000001961722000492,0000019617,JPM,JPMORGAN CHASE & CO,10-Q,2022-11-03,2022-09-30,2022,Q3,3,6021,National Commercial Banks,DE,,,USD,,,3773884000000,us-gaap:Assets,USD,,2022-09-30,3485866000000,us-gaap:Liabilities,USD,,2022-09-30,26668000000,us-gaap:NetIncomeLoss,USD,2022-01-01,2022-09-30,5897000000,us-gaap:NetCashProvidedByUsedInOperatingActivities,USD,2022-01-01,2022-09-30,-86289000000,us-gaap:NetCashProvidedByUsedInInvestingActivities,USD,2022-01-01,2022-09-30,16087000000,us-gaap:NetCashProvidedByUsedInFinancingActivities,USD,2022-01-01,2022-09-30,2933204888,dei:EntityCommonStockSharesOutstanding,shares,,2022-09-30,,,USD,,
000001961723000231,0000019617,JPM,JPMORGAN CHASE & CO,10-K,2023-02-21,2022-12-31,2022,FY,4,6021,National Commercial Banks,DE,128695000000,us-gaap:Revenues,USD,2022-01-01,2022-12-31,3665743000000,us-gaap:Assets,USD,,2022-12-31,3373411000000,us-gaap:Liabilities,USD,,2022-12-31,37676000000,us-gaap:NetIncomeLoss,USD,2022-01-01,2022-12-31,107119000000,us-gaap:NetCashProvidedByUsedInOperatingActivities,USD,2022-01-01,2022-12-31,-137819000000,us-gaap:NetCashProvidedByUsedInInvestingActivities,USD,2022-01-01,2022-12-31,-126257000000,us-gaap:NetCashProvidedByUsedInFinancingActivities,USD,2022-01-01,2022-12-31,2943355459,dei:EntityCommonStockSharesOutstanding,shares,,2023-01-31,,,USD,,
000001961723000310,0000019617,JPM,JPMORGAN CHASE & CO,10-Q,2023-05-03,2023-03-31,2023,Q1,1,6021,National Commercial Banks,DE,,,USD,,,3744305000000,us-gaap:Assets,USD,,2023-03-31,3441223000000,us-gaap:Liabilities,USD,,2023-03-31,12622000000,us-gaap:NetIncomeLoss,USD,2023-01-01,2023-03-31,-111241000000,us-gaap:NetCashProvidedByUsedInOperatingActivities,USD,2023-01-01,2023-03-31,23794000000,us-gaap:NetCashProvidedByUsedInInvestingActivities,USD,2023-01-01,2023-03-31,64557000000,us-gaap:NetCashProvidedByUsedInFinancingActivities,USD,2023-01-01,2023-03-31,2922288509,dei:EntityCommonStockSharesOutstanding,shares,,2023-03-31,,,USD,,
000001961723000432,0000019617,JPM,JPMORGAN CHASE & CO,10-Q,2023-08-03,2023-06-30,2023,Q2,2,6021,National Commercial Banks,DE,,,USD,,,3868240000000,us-gaap:Assets,USD,,2023-06-30,3555724000000,us-gaap:Liabilities,USD,,2023-06-30,27094000000,us-gaap:NetIncomeLoss,USD,2023-01-01,2023-06-30,-92376000000,us-gaap:NetCashProvidedByUsedInOperatingActivities,USD,2023-01-01,2023-06-30,5551000000,us-gaap:NetCashProvidedByUsedInInvestingActivities,USD,2023-01-01,2023-06-30,14642000000,us-gaap:NetCashProvidedByUsedInFinancingActivities,USD,2023-01-01,2023-06-30,2906085273,dei:EntityCommonStockSharesOutstanding,shares,,2023-06-30,,,USD,,
000001961723000524,0000019617,JPM,JPMORGAN CHASE & CO,10-Q,2023-11-01,2023-09-30,2023,Q3,3,6021,National Commercial Banks,DE,,,USD,,,3898333000000,us-gaap:Assets,USD,,2023-09-30,3580962000000,us-gaap:Liabilities,USD,,2023-09-30,40245000000,us-gaap:NetIncomeLoss,USD,2023-01-01,2023-09-30,-47257000000,us-gaap:NetCashProvidedByUsedInOperatingActivities,USD,2023-01-01,2023-09-30,-12239000000,us-gaap:NetCashProvidedByUsedInInvestingActivities,USD,2023-01-01,2023-09-30,10326000000,us-gaap:NetCashProvidedByUsedInFinancingActivities,USD,2023-01-01,2023-09-30,2891008341,dei:EntityCommonStockSharesOutstanding,shares,,2023-09-30,,,USD,,
000001961724000225,0000019617,JPM,JPMORGAN CHASE & CO,10-K,2024-02-16,2023-12-31,2023,FY,4,6021,National Commercial Banks,DE,158104000000,us-gaap:Revenues,USD,2023-01-01,2023-12-31,3875393000000,us-gaap:Assets,USD,,2023-12-31,3547515000000,us-gaap:Liabilities,USD,,2023-12-31,49552000000,us-gaap:NetIncomeLoss,USD,2023-01-01,2023-12-31,12974000000,us-gaap:NetCashProvidedByUsedInOperatingActivities,USD,2023-01-01,2023-12-31,67643000000,us-gaap:NetCashProvidedByUsedInInvestingActivities,USD,2023-01-01,2023-12-31,-25571000000,us-gaap:NetCashProvidedByUsedInFinancingActivities,USD,2023-01-01,2023-12-31,2880371498,dei:EntityCommonStockSharesOutstanding,shares,,2024-01-31,,,USD,,
000001961724000326,0000019617,JPM,JPMORGAN CHASE & CO,10-Q,2024-05-01,2024-03-31,2024,Q1,1,6021,National Commercial Banks,DE,,,USD,,,4090727000000,us-gaap:Assets,USD,,2024-03-31,3754090000000,us-gaap:Liabilities,USD,,2024-03-31,13419000000,us-gaap:NetIncomeLoss,USD,2024-01-01,2024-03-31,-154158000000,us-gaap:NetCashProvidedByUsedInOperatingActivities,USD,2024-01-01,2024-03-31,-43379000000,us-gaap:NetCashProvidedByUsedInInvestingActivities,USD,2024-01-01,2024-03-31,141168000000,us-gaap:NetCashProvidedByUsedInFinancingActivities,USD,2024-01-01,2024-03-31,2871667879,dei:EntityCommonStockSharesOutstanding,shares,,2024-03-31,,,USD,,
000001961724000453,0000019617,JPM,JPMORGAN CHASE & CO,10-Q,2024-08-02,2024-06-30,2024,Q2,2,6021,National Commercial Banks,DE,,,USD,,,4143003000000,us-gaap:Assets,USD,,2024-06-30,3802451000000,us-gaap:Liabilities,USD,,2024-06-30,31568000000,us-gaap:NetIncomeLoss,USD,2024-01-01,2024-06-30,-115689000000,us-gaap:NetCashProvidedByUsedInOperatingActivities,USD,2024-01-01,2024-06-30,-137618000000,us-gaap:NetCashProvidedByUsedInInvestingActivities,USD,2024-01-01,2024-06-30,168406000000,us-gaap:NetCashProvidedByUsedInFinancingActivities,USD,2024-01-01,2024-06-30,2845164727,dei:EntityCommonStockSharesOutstanding,shares,,2024-06-30,,,USD,,
000001961724000611,0000019617,JPM,JPMORGAN CHASE & CO,10-Q,2024-10-30,2024-09-30,2024,Q3,3,6021,National Commercial Banks,DE,,,USD,,,4210048000000,us-gaap:Assets,USD,,2024-09-30,3864212000000,us-gaap:Liabilities,USD,,2024-09-30,44466000000,us-gaap:NetIncomeLoss,USD,2024-01-01,2024-09-30,-189770000000,us-gaap:NetCashProvidedByUsedInOperatingActivities,USD,2024-01-01,2024-09-30,-181023000000,us-gaap:NetCashProvidedByUsedInInvestingActivities,USD,2024-01-01,2024-09-30,179152000000,us-gaap:NetCashProvidedByUsedInFinancingActivities,USD,2024-01-01,2024-09-30,2815340422,dei:EntityCommonStockSharesOutstanding,shares,,2024-09-30,,,USD,,
000001961725000270,0000019617,JPM,JPMORGAN CHASE & CO,10-K,2025-02-14,2024-12-31,2024,FY,4,6021,National Commercial Banks,DE,177556000000,us-gaap:Revenues,USD,2024-01-01,2024-12-31,4002814000000,us-gaap:Assets,USD,,2024-12-31,3658056000000,us-gaap:Liabilities,USD,,2024-12-31,58471000000,us-gaap:NetIncomeLoss,USD,2024-01-01,2024-12-31,-42012000000,us-gaap:NetCashProvidedByUsedInOperatingActivities,USD,2024-01-01,2024-12-31,-163403000000,us-gaap:NetCashProvidedByUsedInInvestingActivities,USD,2024-01-01,2024-12-31,63447000000,us-gaap:NetCashProvidedByUsedInFinancingActivities,USD,2024-01-01,2024-12-31,2796106099,dei:EntityCommonStockSharesOutstanding,shares,,2025-01-31,,,USD,,
000001961725000421,0000019617,JPM,JPMORGAN CHASE & CO,10-Q,2025-05-01,2025-03-31,2025,Q1,1,6021,National Commercial Banks,DE,,,USD,,,4357856000000,us-gaap:Assets,USD,,2025-03-31,4006436000000,us-gaap:Liabilities,USD,,2025-03-31,14643000000,us-gaap:NetIncomeLoss,USD,2025-01-01,2025-03-31,-251839000000,us-gaap:NetCashProvidedByUsedInOperatingActivities,USD,2025-01-01,2025-03-31,-118076000000,us-gaap:NetCashProvidedByUsedInInvestingActivities,USD,2025-01-01,2025-03-31,318059000000,us-gaap:NetCashProvidedByUsedInFinancingActivities,USD,2025-01-01,2025-03-31,2779094488,dei:EntityCommonStockSharesOutstanding,shares,,2025-03-31,,,USD,,
000001961725000615,0000019617,JPM,JPMORGAN CHASE & CO,10-Q,2025-08-05,2025-06-30,2025,Q2,2,6021,National Commercial Banks,DE,,,USD,,,4552482000000,us-gaap:Assets,USD,,2025-06-30,4195558000000,us-gaap:Liabilities,USD,,2025-06-30,29630000000,us-gaap:NetIncomeLoss,USD,2025-01-01,2025-06-30,-222292000000,us-gaap:NetCashProvidedByUsedInOperatingActivities,USD,2025-01-01,2025-06-30,-291136000000,us-gaap:NetCashProvidedByUsedInInvestingActivities,USD,2025-01-01,2025-06-30,440863000000,us-gaap:NetCashProvidedByUsedInFinancingActivities,USD,2025-01-01,2025-06-30,2749753854,dei:EntityCommonStockSharesOutstanding,shares,,2025-06-30,,,USD,,
000162828025048859,0000019617,JPM,JPMORGAN CHASE & CO,10-Q,2025-11-04,2025-09-30,2025,Q3,3,6021,National Commercial Banks,DE,,,USD,,,4560205000000,us-gaap:Assets,USD,,2025-09-30,4199993000000,us-gaap:Liabilities,USD,,2025-09-30,44023000000,us-gaap:NetIncomeLoss,USD,2025-01-01,2025-09-30,-267506000000,us-gaap:NetCashProvidedByUsedInOperatingActivities,USD,2025-01-01,2025-09-30,-312447000000,us-gaap:NetCashProvidedByUsedInInvestingActivities,USD,2025-01-01,2025-09-30,393090000000,us-gaap:NetCashProvidedByUsedInFinancingActivities,USD,2025-01-01,2025-09-30,2722262295,dei:EntityCommonStockSharesOutstanding,shares,,2025-09-30,,,USD,,
000003408822000011,0000034088,XOM,EXXON MOBIL CORP,10-K,2022-02-23,2021-12-31,2021,FY,4,2911,Petroleum Refining,NJ,285640000000,us-gaap:Revenues,USD,2021-01-01,2021-12-31,338923000000,us-gaap:Assets,USD,,2021-12-31,163240000000,us-gaap:Liabilities,USD,,2021-12-31,23598000000,us-gaap:ProfitLoss,USD,2021-01-01,2021-12-31,48129000000,us-gaap:NetCashProvidedByUsedInOperatingActivities,USD,2021-01-01,2021-12-31,-10235000000,us-gaap:NetCashProvidedByUsedInInvestingActivities,USD,2021-01-01,2021-12-31,-35423000000,us-gaap:NetCashProvidedByUsedInFinancingActivities,USD,2021-01-01,2021-12-31,4233592429,dei:EntityCommonStockSharesOutstanding,shares,,2022-01-31,,,USD,,
000003408822000026,0000034088,XOM,EXXON MOBIL CORP,10-Q,2022-05-04,2022-03-31,2022,Q1,1,2911,Petroleum Refining,NJ,90500000000,us-gaap:Revenues,USD,2022-01-01,2022-03-31,354771000000,us-gaap:Assets,USD,,2022-03-31,178245000000,us-gaap:Liabilities,USD,,2022-03-31,5750000000,us-gaap:ProfitLoss,USD,2022-01-01,2022-03-31,14788000000,us-gaap:NetCashProvidedByUsedInOperatingActivities,USD,2022-01-01,2022-03-31,-3945000000,us-gaap:NetCashProvidedByUsedInInvestingActivities,USD,2022-01-01,2022-03-31,-6713000000,us-gaap:NetCashProvidedByUsedInFinancingActivities,USD,2022-01-01,2022-03-31,4212543236,dei:EntityCommonStockSharesOutstanding,shares,,2022-03-31,,,USD,,
000003408822000051,0000034088,XOM,EXXON MOBIL CORP,10-Q,2022-08-03,2022-06-30,2022,Q2,2,2911,Petroleum Refining,NJ,206181000000,us-gaap:Revenues,USD,2022-01-01,2022-06-30,367774000000,us-gaap:Assets,USD,,2022-06-30,183266000000,us-gaap:Liabilities,USD,,2022-06-30,24324000000,us-gaap:ProfitLoss,USD,2022-01-01,2022-06-30,34751000000,us-gaap:NetCashProvidedByUsedInOperatingActivities,USD,2022-01-01,2022-06-30,-7009000000,us-gaap:NetCashProvidedByUsedInInvestingActivities,USD,2022-01-01,2022-06-30,-15384000000,us-gaap:NetCashProvidedByUsedInFinancingActivities,USD,2022-01-01,2022-06-30,4167636295,dei:EntityCommonStockSharesOutstanding,shares,,2022-06-30,,,USD,,
000003408822000064,0000034088,XOM,EXXON MOBIL CORP,10-Q,2022-11-02,2022-09-30,2022,Q3,3,2911,Petroleum Refining,NJ,318251000000,us-gaap:Revenues,USD,2022-01-01,2022-09-30,370152000000,us-gaap:Assets,USD,,2022-09-30,177109000000,us-gaap:Liabilities,USD,,2022-09-30,44522000000,us-gaap:ProfitLoss,USD,2022-01-01,2022-09-30,59176000000,us-gaap:NetCashProvidedByUsedInOperatingActivities,USD,2022-01-01,2022-09-30,-9387000000,us-gaap:NetCashProvidedByUsedInInvestingActivities,USD,2022-01-01,2022-09-30,-25177000000,us-gaap:NetCashProvidedByUsedInFinancingActivities,USD,2022-01-01,2022-09-30,4118293421,dei:EntityCommonStockSharesOutstanding,shares,,2022-09-30,,,USD,,
000003408823000020,0000034088,XOM,EXXON MOBIL CORP,10-K,2023-02-22,2022-12-31,2022,FY,4,2911,Petroleum Refining,NJ,413680000000,us-gaap:Revenues,USD,2022-01-01,2022-12-31,369067000000,us-gaap:Assets,USD,,2022-12-31,166594000000,us-gaap:Liabilities,USD,,2022-12-31,57577000000,us-gaap:ProfitLoss,USD,2022-01-01,2022-12-31,76797000000,us-gaap:NetCashProvidedByUsedInOperatingActivities,USD,2022-01-01,2022-12-31,-14742000000,us-gaap:NetCashProvidedByUsedInInvestingActivities,USD,2022-01-01,2022-12-31,-39114000000,us-gaap:NetCashProvidedByUsedInFinancingActivities,USD,2022-01-01,2022-12-31,4070984988,dei:EntityCommonStockSharesOutstanding,shares,,2023-01-31,,,USD,,
000003408823000030,0000034088,XOM,EXXON MOBIL CORP,10-Q,2023-05-02,2023-03-31,2023,Q1,1,2911,Petroleum Refining,NJ,86564000000,us-gaap:Revenues,USD,2023-01-01,2023-03-31,369371000000,us-gaap:Assets,USD,,2023-03-31,162957000000,us-gaap:Liabilities,USD,,2023-03-31,11843000000,us-gaap:ProfitLoss,USD,2023-01-01,2023-03-31,16341000000,us-gaap:NetCashProvidedByUsedInOperatingActivities,USD,2023-01-01,2023-03-31,-4925000000,us-gaap:NetCashProvidedByUsedInInvestingActivities,USD,2023-01-01,2023-03-31,-8507000000,us-gaap:NetCashProvidedByUsedInFinancingActivities,USD,2023-01-01,2023-03-31,4042984946,dei:EntityCommonStockSharesOutstanding,shares,,2023-03-31,,,USD,,
000003408823000048,0000034088,XOM,EXXON MOBIL CORP,10-Q,2023-08-01,2023-06-30,2023,Q2,2,2911,Petroleum Refining,NJ,169478000000,us-gaap:Revenues,USD,2023-01-01,2023-06-30,363248000000,us-gaap:Assets,USD,,2023-06-30,156251000000,us-gaap:Liabilities,USD,,2023-06-30,19996000000,us-gaap:ProfitLoss,USD,2023-01-01,2023-06-30,25724000000,us-gaap:NetCashProvidedByUsedInOperatingActivities,USD,2023-01-01,2023-06-30,-9281000000,us-gaap:NetCashProvidedByUsedInInvestingActivities,USD,2023-01-01,2023-06-30,-16683000000,us-gaap:NetCashProvidedByUsedInFinancingActivities,USD,2023-01-01,2023-06-30,4003192787,dei:EntityCommonStockSharesOutstanding,shares,,2023-06-30,,,USD,,
000003408823000056,0000034088,XOM,EXXON MOBIL CORP,10-Q,2023-10-31,2023-09-30,2023,Q3,3,2911,Petroleum Refining,NJ,260238000000,us-gaap:Revenues,USD,2023-01-01,2023-09-30,372259000000,us-gaap:Assets,USD,,2023-09-30,164726000000,us-gaap:Liabilities,USD,,2023-09-30,29342000000,us-gaap:ProfitLoss,USD,2023-01-01,2023-09-30,41687000000,us-gaap:NetCashProvidedByUsedInOperatingActivities,USD,2023-01-01,2023-09-30,-13560000000,us-gaap:NetCashProvidedByUsedInInvestingActivities,USD,2023-01-01,2023-09-30,-24742000000,us-gaap:NetCashProvidedByUsedInFinancingActivities,USD,2023-01-01,2023-09-30,3962917886,dei:EntityCommonStockSharesOutstanding,shares,,2023-09-30,,,USD,,
000003408824000018,0000034088,XOM,EXXON MOBIL CORP,10-K,2024-02-28,2023-12-31,2023,FY,4,2911,Petroleum Refining,NJ,344582000000,us-gaap:Revenues,USD,2023-01-01,2023-12-31,376317000000,us-gaap:Assets,USD,,2023-12-31,163779000000,us-gaap:Liabilities,USD,,2023-12-31,37354000000,us-gaap:ProfitLoss,USD,2023-01-01,2023-12-31,55369000000,us-gaap:NetCashProvidedByUsedInOperatingActivities,USD,2023-01-01,2023-12-31,-19274000000,us-gaap:NetCashProvidedByUsedInInvestingActivities,USD,2023-01-01,2023-12-31,-34297000000,us-gaap:NetCashProvidedByUsedInFinancingActivities,USD,2023-01-01,2023-12-31,3967844307,dei:EntityCommonStockSharesOutstanding,shares,,2024-01-31,,,USD,,
000003408824000029,0000034088,XOM,EXXON MOBIL CORP,10-Q,2024-04-29,2024-03-31,2024,Q1,1,2911,Petroleum Refining,NJ,83083000000,us-gaap:Revenues,USD,2024-01-01,2024-03-31,377918000000,us-gaap:Assets,USD,,2024-03-31,164866000000,us-gaap:Liabilities,USD,,2024-03-31,8566000000,us-gaap:ProfitLoss,USD,2024-01-01,2024-03-31,14664000000,us-gaap:NetCashProvidedByUsedInOperatingActivities,USD,2024-01-01,2024-03-31,-4577000000,us-gaap:NetCashProvidedByUsedInInvestingActivities,USD,2024-01-01,2024-03-31,-7982000000,us-gaap:NetCashProvidedByUsedInFinancingActivities,USD,2024-01-01,2024-03-31,3943006866,dei:EntityCommonStockSharesOutstanding,shares,,2024-03-31,,,USD,,
000003408824000050,0000034088,XOM,EXXON MOBIL CORP,10-Q,2024-08-05,2024-06-30,2024,Q2,2,2911,Petroleum Refining,NJ,176143000000,us-gaap:Revenues,USD,2024-01-01,2024-06-30,460707000000,us-gaap:Assets,USD,,2024-06-30,184441000000,us-gaap:Liabilities,USD,,2024-06-30,18137000000,us-gaap:ProfitLoss,USD,2024-01-01,2024-06-30,25224000000,us-gaap:NetCashProvidedByUsedInOperatingActivities,USD,2024-01-01,2024-06-30,-9446000000,us-gaap:NetCashProvidedByUsedInInvestingActivities,USD,2024-01-01,2024-06-30,-20540000000,us-gaap:NetCashProvidedByUsedInFinancingActivities,USD,2024-01-01,2024-06-30,4442826580,dei:EntityCommonStockSharesOutstanding,shares,,2024-06-30,,,USD,,
000003408824000068,0000034088,XOM,EXXON MOBIL CORP,10-Q,2024-11-04,2024-09-30,2024,Q3,3,2911,Petroleum Refining,NJ,266159000000,us-gaap:Revenues,USD,2024-01-01,2024-09-30,461916000000,us-gaap:Assets,USD,,2024-09-30,185516000000,us-gaap:Liabilities,USD,,2024-09-30,27108000000,us-gaap:ProfitLoss,USD,2024-01-01,2024-09-30,42793000000,us-gaap:NetCashProvidedByUsedInOperatingActivities,USD,2024-01-01,2024-09-30,-15686000000,us-gaap:NetCashProvidedByUsedInInvestingActivities,USD,2024-01-01,2024-09-30,-31646000000,us-gaap:NetCashProvidedByUsedInFinancingActivities,USD,2024-01-01,2024-09-30,4395094536,dei:EntityCommonStockSharesOutstanding,shares,,2024-09-30,,,USD,,
000003408825000010,0000034088,XOM,EXXON MOBIL CORP,10-K,2025-02-19,2024-12-31,2024,FY,4,2911,Petroleum Refining,NJ,349585000000,us-gaap:Revenues,USD,2024-01-01,2024-12-31,453475000000,us-gaap:Assets,USD,,2024-12-31,182869000000,us-gaap:Liabilities,USD,,2024-12-31,35063000000,us-gaap:ProfitLoss,USD,2024-01-01,2024-12-31,55022000000,us-gaap:NetCashProvidedByUsedInOperatingActivities,USD,2024-01-01,2024-12-31,-19938000000,us-gaap:NetCashProvidedByUsedInInvestingActivities,USD,2024-01-01,2024-12-31,-42789000000,us-gaap:NetCashProvidedByUsedInFinancingActivities,USD,2024-01-01,2024-12-31,4339143313,dei:EntityCommonStockSharesOutstanding,shares,,2025-01-31,,,USD,,
000003408825000024,0000034088,XOM,EXXON MOBIL CORP,10-Q,2025-05-05,2025-03-31,2025,Q1,1,2911,Petroleum Refining,NJ,83130000000,us-gaap:Revenues,USD,2025-01-01,2025-03-31,451908000000,us-gaap:Assets,USD,,2025-03-31,182102000000,us-gaap:Liabilities,USD,,2025-03-31,8033000000,us-gaap:ProfitLoss,USD,2025-01-01,2025-03-31,12953000000,us-gaap:NetCashProvidedByUsedInOperatingActivities,USD,2025-01-01,2025-03-31,-4135000000,us-gaap:NetCashProvidedByUsedInInvestingActivities,USD,2025-01-01,2025-03-31,-13579000000,us-gaap:NetCashProvidedByUsedInFinancingActivities,USD,2025-01-01,2025-03-31,4309638821,dei:EntityCommonStockSharesOutstanding,shares,,2025-03-31,,,USD,,
000003408825000042,0000034088,XOM,EXXON MOBIL CORP,10-Q,2025-08-04,2025-06-30,2025,Q2,2,2911,Petroleum Refining,NJ,164636000000,us-gaap:Revenues,USD,2025-01-01,2025-06-30,447597000000,us-gaap:Assets,USD,,2025-06-30,177635000000,us-gaap:Liabilities,USD,,2025-06-30,15387000000,us-gaap:ProfitLoss,USD,2025-01-01,2025-06-30,24503000000,us-gaap:NetCashProvidedByUsedInOperatingActivities,USD,2025-01-01,2025-06-30,-10315000000,us-gaap:NetCashProvidedByUsedInInvestingActivities,USD,2025-01-01,2025-06-30,-22264000000,us-gaap:NetCashProvidedByUsedInFinancingActivities,USD,2025-01-01,2025-06-30,4263247021,dei:EntityCommonStockSharesOutstanding,shares,,2025-06-30,,,USD,,
000003408825000061,0000034088,XOM,EXXON MOBIL CORP,10-Q,2025-11-03,2025-09-30,2025,Q3,3,2911,Petroleum Refining,NJ,249930000000,us-gaap:Revenues,USD,2025-01-01,2025-09-30,454340000000,us-gaap:Assets,USD,,2025-09-30,186117000000,us-gaap:Liabilities,USD,,2025-09-30,23155000000,us-gaap:ProfitLoss,USD,2025-01-01,2025-09-30,39291000000,us-gaap:NetCashProvidedByUsedInOperatingActivities,USD,2025-01-01,2025-09-30,-18794000000,us-gaap:NetCashProvidedByUsedInInvestingActivities,USD,2025-01-01,2025-09-30,-30347000000,us-gaap:NetCashProvidedByUsedInFinancingActivities,USD,2025-01-01,2025-09-30,4217165614,dei:EntityCommonStockSharesOutstanding,shares,,2025-09-30,,,USD,,
000020040622000022,0000200406,JNJ,JOHNSON & JOHNSON,10-K,2022-02-17,2022-01-02,2021,FY,4,2834,Pharmaceutical Preparations,NJ,93775000000,us-gaap:RevenueFromContractWithCustomerExcludingAssessedTax,USD,2021-01-04,2022-01-02,182018000000,us-gaap:Assets,USD,,2022-01-02,107995000000,us-gaap:Liabilities,USD,,2022-01-02,20878000000,us-gaap:NetIncomeLoss,USD,2021-01-04,2022-01-02,23410000000,us-gaap:NetCashProvidedByUsedInOperatingActivities,USD,2021-01-04,2022-01-02,-8683000000,us-gaap:NetCashProvidedByUsedInInvestingActivities,USD,2021-01-04,2022-01-02,-14047000000,us-gaap:NetCashProvidedByUsedInFinancingActivities,USD,2021-01-04,2022-01-02,2629268158,dei:EntityCommonStockSharesOutstanding,shares,,2022-02-10,,,USD,,
000020040622000048,0000200406,JNJ,JOHNSON & JOHNSON,10-Q,2022-04-29,2022-04-03,2022,Q1,1,2834,Pharmaceutical Preparations,NJ,23426000000,us-gaap:RevenueFromContractWithCustomerExcludingAssessedTax,USD,2022-01-03,2022-04-03,178355000000,us-gaap:Assets,USD,,2022-04-03,103646000000,us-gaap:Liabilities,USD,,2022-04-03,5149000000,us-gaap:NetIncomeLoss,USD,2022-01-03,2022-04-03,3979000000,us-gaap:NetCashProvidedByUsedInOperatingActivities,USD,2022-01-03,2022-04-03,-3634000000,us-gaap:NetCashProvidedByUsedInInvestingActivities,USD,2022-01-03,2022-04-03,-4385000000,us-gaap:NetCashProvidedByUsedInFinancingActivities,USD,2022-01-03,2022-04-03,2631401804,dei:EntityCommonStockSharesOutstanding,shares,,2022-04-22,,,USD,,
000020040622000071,0000200406,JNJ,JOHNSON & JOHNSON,10-Q,2022-07-29,2022-07-03,2022,Q2,2,2834,Pharmaceutical Preparations,NJ,47446000000,us-gaap:RevenueFromContractWithCustomerExcludingAssessedTax,USD,2022-01-03,2022-07-03,177724000000,us-gaap:Assets,USD,,2022-07-03,101367000000,us-gaap:Liabilities,USD,,2022-07-03,9963000000,us-gaap:NetIncomeLoss,USD,2022-01-03,2022-07-03,9560000000,us-gaap:NetCashProvidedByUsedInOperatingActivities,USD,2022-01-03,2022-07-03,-6273000000,us-gaap:NetCashProvidedByUsedInInvestingActivities,USD,2022-01-03,2022-07-03,-6646000000,us-gaap:NetCashProvidedByUsedInFinancingActivities,USD,2022-01-03,2022-07-03,2629179895,dei:EntityCommonStockSharesOutstanding,shares,,2022-07-22,,,USD,,
000020040622000086,0000200406,JNJ,JOHNSON & JOHNSON,10-Q,2022-10-27,2022-10-02,2022,Q3,3,2834,Pharmaceutical Preparations,NJ,71237000000,us-gaap:RevenueFromContractWithCustomerExcludingAssessedTax,USD,2022-01-03,2022-10-02,175124000000,us-gaap:Assets,USD,,2022-10-02,100525000000,us-gaap:Liabilities,USD,,2022-10-02,14421000000,us-gaap:NetIncomeLoss,USD,2022-01-03,2022-10-02,15844000000,us-gaap:NetCashProvidedByUsedInOperatingActivities,USD,2022-01-03,2022-10-02,-7974000000,us-gaap:NetCashProvidedByUsedInInvestingActivities,USD,2022-01-03,2022-10-02,-10571000000,us-gaap:NetCashProvidedByUsedInFinancingActivities,USD,2022-01-03,2022-10-02,2614483607,dei:EntityCommonStockSharesOutstanding,shares,,2022-10-21,,,USD,,
000020040623000016,0000200406,JNJ,JOHNSON & JOHNSON,10-K,2023-02-16,2023-01-01,2022,FY,4,2834,Pharmaceutical Preparations,NJ,94943000000,us-gaap:RevenueFromContractWithCustomerExcludingAssessedTax,USD,2022-01-03,2023-01-01,187378000000,us-gaap:Assets,USD,,2023-01-01,110574000000,us-gaap:Liabilities,USD,,2023-01-01,17941000000,us-gaap:NetIncomeLoss,USD,2022-01-03,2023-01-01,21194000000,us-gaap:NetCashProvidedByUsedInOperatingActivities,USD,2022-01-03,2023-01-01,-12371000000,us-gaap:NetCashProvidedByUsedInInvestingActivities,USD,2022-01-03,2023-01-01,-8871000000,us-gaap:NetCashProvidedByUsedInFinancingActivities,USD,2022-01-03,2023-01-01,2604286303,dei:EntityCommonStockSharesOutstanding,shares,,2023-02-10,,,USD,,
000020040623000056,0000200406,JNJ,JOHNSON & JOHNSON,10-Q,2023-04-28,2023-04-02,2023,Q1,1,2834,Pharmaceutical Preparations,NJ,24746000000,us-gaap:RevenueFromContractWithCustomerExcludingAssessedTax,USD,2023-01-02,2023-04-02,195969000000,us-gaap:Assets,USD,,2023-04-02,125100000000,us-gaap:Liabilities,USD,,2023-04-02,-68000000,us-gaap:NetIncomeLoss,USD,2023-01-02,2023-04-02,3257000000,us-gaap:NetCashProvidedByUsedInOperatingActivities,USD,2023-01-02,2023-04-02,3315000000,us-gaap:NetCashProvidedByUsedInInvestingActivities,USD,2023-01-02,2023-04-02,6138000000,us-gaap:NetCashProvidedByUsedInFinancingActivities,USD,2023-01-02,2023-04-02,2598734075,dei:EntityCommonStockSharesOutstanding,shares,,2023-04-21,,,USD,,
000020040623000082,0000200406,JNJ,JOHNSON & JOHNSON,10-Q,2023-07-31,2023-07-02,2023,Q2,2,2834,Pharmaceutical Preparations,NJ,50276000000,us-gaap:RevenueFromContractWithCustomerExcludingAssessedTax,USD,2023-01-02,2023-07-02,191686000000,us-gaap:Assets,USD,,2023-07-02,115277000000,us-gaap:Liabilities,USD,,2023-07-02,5076000000,us-gaap:NetIncomeLoss,USD,2023-01-02,2023-07-02,7439000000,us-gaap:NetCashProvidedByUsedInOperatingActivities,USD,2023-01-02,2023-07-02,-461000000,us-gaap:NetCashProvidedByUsedInInvestingActivities,USD,2023-01-02,2023-07-02,147000000,us-gaap:NetCashProvidedByUsedInFinancingActivities,USD,2023-01-02,2023-07-02,2598969594,dei:EntityCommonStockSharesOutstanding,shares,,2023-07-24,,,USD,,
000020040623000102,0000200406,JNJ,JOHNSON & JOHNSON,10-Q,2023-10-27,2023-10-01,2023,Q3,3,2834,Pharmaceutical Preparations,NJ,63764000000,us-gaap:RevenueFromContractWithCustomerExcludingAssessedTax,USD,2023-01-02,2023-10-01,166061000000,us-gaap:Assets,USD,,2023-10-01,94833000000,us-gaap:Liabilities,USD,,2023-10-01,31104000000,us-gaap:NetIncomeLoss,USD,2023-01-02,2023-10-01,14928000000,us-gaap:NetCashProvidedByUsedInOperatingActivities,USD,2023-01-02,2023-10-01,2080000000,us-gaap:NetCashProvidedByUsedInInvestingActivities,USD,2023-01-02,2023-10-01,-11170000000,us-gaap:NetCashProvidedByUsedInFinancingActivities,USD,2023-01-02,2023-10-01,2407278620,dei:EntityCommonStockSharesOutstanding,shares,,2023-10-23,,,USD,,
000020040624000013,0000200406,JNJ,JOHNSON & JOHNSON,10-K,2024-02-16,2023-12-31,2023,FY,4,2834,Pharmaceutical Preparations,NJ,85159000000,us-gaap:RevenueFromContractWithCustomerExcludingAssessedTax,USD,2023-01-02,2023-12-31,167558000000,us-gaap:Assets,USD,,2023-12-31,98784000000,us-gaap:Liabilities,USD,,2023-12-31,35153000000,us-gaap:NetIncomeLoss,USD,2023-01-02,2023-12-31,22791000000,us-gaap:NetCashProvidedByUsedInOperatingActivities,USD,2023-01-02,2023-12-31,878000000,us-gaap:NetCashProvidedByUsedInInvestingActivities,USD,2023-01-02,2023-12-31,-15825000000,us-gaap:NetCashProvidedByUsedInFinancingActivities,USD,2023-01-02,2023-12-31,2408767228,dei:EntityCommonStockSharesOutstanding,shares,,2024-02-09,,,USD,,
000020040624000049,0000200406,JNJ,JOHNSON & JOHNSON,10-Q,2024-05-01,2024-03-31,2024,Q1,1,2834,Pharmaceutical Preparations,NJ,21383000000,us-gaap:RevenueFromContractWithCustomerExcludingAssessedTax,USD,2024-01-01,2024-03-31,171966000000,us-gaap:Assets,USD,,2024-03-31,101946000000,us-gaap:Liabilities,USD,,2024-03-31,3255000000,us-gaap:NetIncomeLoss,USD,2024-01-01,2024-03-31,3657000000,us-gaap:NetCashProvidedByUsedInOperatingActivities,USD,2024-01-01,2024-03-31,-464000000,us-gaap:NetCashProvidedByUsedInInvestingActivities,USD,2024-01-01,2024-03-31,546000000,us-gaap:NetCashProvidedByUsedInFinancingActivities,USD,2024-01-01,2024-03-31,2406679183,dei:EntityCommonStockSharesOutstanding,shares,,2024-04-25,,,USD,,
000020040624000075,0000200406,JNJ,JOHNSON & JOHNSON,10-Q,2024-07-25,2024-06-30,2024,Q2,2,2834,Pharmaceutical Preparations,NJ,43830000000,us-gaap:RevenueFromContractWithCustomerExcludingAssessedTax,USD,2024-01-01,2024-06-30,181088000000,us-gaap:Assets,USD,,2024-06-30,109550000000,us-gaap:Liabilities,USD,,2024-06-30,7941000000,us-gaap:NetIncomeLoss,USD,2024-01-01,2024-06-30,9290000000,us-gaap:NetCashProvidedByUsedInOperatingActivities,USD,2024-01-01,2024-06-30,-14151000000,us-gaap:NetCashProvidedByUsedInInvestingActivities,USD,2024-01-01,2024-06-30,8090000000,us-gaap:NetCashProvidedByUsedInFinancingActivities,USD,2024-01-01,2024-06-30,2407243667,dei:EntityCommonStockSharesOutstanding,shares,,2024-07-19,,,USD,,
000020040624000096,0000200406,JNJ,JOHNSON & JOHNSON,10-Q,2024-10-23,2024-09-29,2024,Q3,3,2834,Pharmaceutical Preparations,NJ,66301000000,us-gaap:RevenueFromContractWithCustomerExcludingAssessedTax,USD,2024-01-01,2024-09-29,178287000000,us-gaap:Assets,USD,,2024-09-29,108129000000,us-gaap:Liabilities,USD,,2024-09-29,10635000000,us-gaap:NetIncomeLoss,USD,2024-01-01,2024-09-29,17283000000,us-gaap:NetCashProvidedByUsedInOperatingActivities,USD,2024-01-01,2024-09-29,-17279000000,us-gaap:NetCashProvidedByUsedInInvestingActivities,USD,2024-01-01,2024-09-29,-1792000000,us-gaap:NetCashProvidedByUsedInFinancingActivities,USD,2024-01-01,2024-09-29,2407622972,dei:EntityCommonStockSharesOutstanding,shares,,2024-10-16,,,USD,,
000020040625000038,0000200406,JNJ,JOHNSON & JOHNSON,10-K,2025-02-13,2024-12-29,2024,FY,4,2834,Pharmaceutical Preparations,NJ,88821000000,us-gaap:RevenueFromContractWithCustomerExcludingAssessedTax,USD,2024-01-01,2024-12-29,180104000000,us-gaap:Assets,USD,,2024-12-29,108614000000,us-gaap:Liabilities,USD,,2024-12-29,14066000000,us-gaap:NetIncomeLoss,USD,2024-01-01,2024-12-29,24266000000,us-gaap:NetCashProvidedByUsedInOperatingActivities,USD,2024-01-01,2024-12-29,-18599000000,us-gaap:NetCashProvidedByUsedInInvestingActivities,USD,2024-01-01,2024-12-29,-3132000000,us-gaap:NetCashProvidedByUsedInFinancingActivities,USD,2024-01-01,2024-12-29,2407616693,dei:EntityCommonStockSharesOutstanding,shares,,2025-02-06,,,USD,,
000020040625000119,0000200406,JNJ,JOHNSON & JOHNSON,10-Q,2025-04-23,2025-03-30,2025,Q1,1,2834,Pharmaceutical Preparations,NJ,21893000000,us-gaap:RevenueFromContractWithCustomerExcludingAssessedTax,USD,2024-12-30,2025-03-30,193671000000,us-gaap:Assets,USD,,2025-03-30,115562000000,us-gaap:Liabilities,USD,,2025-03-30,10999000000,us-gaap:NetIncomeLoss,USD,2024-12-30,2025-03-30,4174000000,us-gaap:NetCashProvidedByUsedInOperatingActivities,USD,2024-12-30,2025-03-30,-297000000,us-gaap:NetCashProvidedByUsedInInvestingActivities,USD,2024-12-30,2025-03-30,10422000000,us-gaap:NetCashProvidedByUsedInFinancingActivities,USD,2024-12-30,2025-03-30,2406073279,dei:EntityCommonStockSharesOutstanding,shares,,2025-04-18,,,USD,,
000020040625000178,0000200406,JNJ,JOHNSON & JOHNSON,10-Q,2025-07-24,2025-06-29,2025,Q2,2,2834,Pharmaceutical Preparations,NJ,45636000000,us-gaap:RevenueFromContractWithCustomerExcludingAssessedTax,USD,2024-12-30,2025-06-29,193389000000,us-gaap:Assets,USD,,2025-06-29,114916000000,us-gaap:Liabilities,USD,,2025-06-29,16536000000,us-gaap:NetIncomeLoss,USD,2024-12-30,2025-06-29,8052000000,us-gaap:NetCashProvidedByUsedInOperatingActivities,USD,2024-12-30,2025-06-29,-18561000000,us-gaap:NetCashProvidedByUsedInInvestingActivities,USD,2024-12-30,2025-06-29,4757000000,us-gaap:NetCashProvidedByUsedInFinancingActivities,USD,2024-12-30,2025-06-29,2408338872,dei:EntityCommonStockSharesOutstanding,shares,,2025-07-18,,,USD,,
000020040625000209,0000200406,JNJ,JOHNSON & JOHNSON,10-Q,2025-10-22,2025-09-28,2025,Q3,3,2834,Pharmaceutical Preparations,NJ,69629000000,us-gaap:RevenueFromContractWithCustomerExcludingAssessedTax,USD,2024-12-30,2025-09-28,192816000000,us-gaap:Assets,USD,,2025-09-28,113539000000,us-gaap:Liabilities,USD,,2025-09-28,21688000000,us-gaap:NetIncomeLoss,USD,2024-12-30,2025-09-28,17221000000,us-gaap:NetCashProvidedByUsedInOperatingActivities,USD,2024-12-30,2025-09-28,-19103000000,us-gaap:NetCashProvidedByUsedInInvestingActivities,USD,2024-12-30,2025-09-28,-4170000000,us-gaap:NetCashProvidedByUsedInFinancingActivities,USD,2024-12-30,2025-09-28,2409295102,dei:EntityCommonStockSharesOutstanding,shares,,2025-10-17,,,USD,,
000010416922000012,0000104169,WMT,Walmart Inc.,10-K,2022-03-18,2022-01-31,2022,FY,4,5331,Retail-Variety Stores,DE,572754000000,us-gaap:Revenues,USD,2021-02-01,2022-01-31,244860000000,us-gaap:Assets,USD,,2022-01-31,,,USD,,,13940000000,us-gaap:ProfitLoss,USD,2021-02-01,2022-01-31,24181000000,us-gaap:NetCashProvidedByUsedInOperatingActivities,USD,2021-02-01,2022-01-31,-6015000000,us-gaap:NetCashProvidedByUsedInInvestingActivities,USD,2021-02-01,2022-01-31,-22828000000,us-gaap:NetCashProvidedByUsedInFinancingActivities,USD,2021-02-01,2022-01-31,2751779629,dei:EntityCommonStockSharesOutstanding,shares,,2022-03-16,,,USD,,
000010416922000029,0000104169,WMT,Walmart Inc.,10-Q,2022-06-03,2022-04-30,2023,Q1,1,5331,Retail-Variety Stores,DE,141569000000,us-gaap:Revenues,USD,2022-02-01,2022-04-30,246142000000,us-gaap:Assets,USD,,2022-04-30,,,USD,,,2103000000,us-gaap:ProfitLoss,USD,2022-02-01,2022-04-30,-3758000000,us-gaap:NetCashProvidedByUsedInOperatingActivities,USD,2022-02-01,2022-04-30,-4558000000,us-gaap:NetCashProvidedByUsedInInvestingActivities,USD,2022-02-01,2022-04-30,5315000000,us-gaap:NetCashProvidedByUsedInFinancingActivities,USD,2022-02-01,2022-04-30,2741150050,dei:EntityCommonStockSharesOutstanding,shares,,2022-06-01,,,USD,,
000010416922000072,0000104169,WMT,Walmart Inc.,10-Q,2022-09-02,2022-07-31,2023,Q2,2,5331,Retail-Variety Stores,DE,294428000000,us-gaap:Revenues,USD,2022-02-01,2022-07-31,247199000000,us-gaap:Assets,USD,,2022-07-31,,,USD,,,7250000000,us-gaap:ProfitLoss,USD,2022-02-01,2022-07-31,9240000000,us-gaap:NetCashProvidedByUsedInOperatingActivities,USD,2022-02-01,2022-07-31,-8584000000,us-gaap:NetCashProvidedByUsedInInvestingActivities,USD,2022-02-01,2022-07-31,-1400000000,us-gaap:NetCashProvidedByUsedInFinancingActivities,USD,2022-02-01,2022-07-31,2714237937,dei:EntityCommonStockSharesOutstanding,shares,,2022-08-31,,,USD,,
000010416922000083,0000104169,WMT,Walmart Inc.,10-Q,2022-12-01,2022-10-31,2023,Q3,3,5331,Retail-Variety Stores,DE,447241000000,us-gaap:Revenues,USD,2022-02-01,2022-10-31,247656000000,us-gaap:Assets,USD,,2022-10-31,,,USD,,,5483000000,us-gaap:ProfitLoss,USD,2022-02-01,2022-10-31,15698000000,us-gaap:NetCashProvidedByUsedInOperatingActivities,USD,2022-02-01,2022-10-31,-12965000000,us-gaap:NetCashProvidedByUsedInInvestingActivities,USD,2022-02-01,2022-10-31,-5581000000,us-gaap:NetCashProvidedByUsedInFinancingActivities,USD,2022-02-01,2022-10-31,2696800054,dei:EntityCommonStockSharesOutstanding,shares,,2022-11-29,,,USD,,
000010416923000020,0000104169,WMT,Walmart Inc.,10-K,2023-03-17,2023-01-31,2023,FY,4,5331,Retail-Variety Stores,DE,611289000000,us-gaap:Revenues,USD,2022-02-01,2023-01-31,243197000000,us-gaap:Assets,USD,,2023-01-31,,,USD,,,11292000000,us-gaap:ProfitLoss,USD,2022-02-01,2023-01-31,28841000000,us-gaap:NetCashProvidedByUsedInOperatingActivities,USD,2022-02-01,2023-01-31,-17722000000,us-gaap:NetCashProvidedByUsedInInvestingActivities,USD,2022-02-01,2023-01-31,-17039000000,us-gaap:NetCashProvidedByUsedInFinancingActivities,USD,2022-02-01,2023-01-31,2695655933,dei:EntityCommonStockSharesOutstanding,shares,,2023-03-15,,,USD,,
000010416923000052,0000104169,WMT,Walmart Inc.,10-Q,2023-06-02,2023-04-30,2024,Q1,1,5331,Retail-Variety Stores,DE,152301000000,us-gaap:Revenues,USD,2023-02-01,2023-04-30,245053000000,us-gaap:Assets,USD,,2023-04-30,,,USD,,,1896000000,us-gaap:ProfitLoss,USD,2023-02-01,2023-04-30,4633000000,us-gaap:NetCashProvidedByUsedInOperatingActivities,USD,2023-02-01,2023-04-30,-4860000000,us-gaap:NetCashProvidedByUsedInInvestingActivities,USD,2023-02-01,2023-04-30,1940000000,us-gaap:NetCashProvidedByUsedInFinancingActivities,USD,2023-02-01,2023-04-30,2692835112,dei:EntityCommonStockSharesOutstanding,shares,,2023-05-31,,,USD,,
000010416923000097,0000104169,WMT,Walmart Inc.,10-Q,2023-09-01,2023-07-31,2024,Q2,2,5331,Retail-Variety Stores,DE,313933000000,us-gaap:Revenues,USD,2023-02-01,2023-07-31,255121000000,us-gaap:Assets,USD,,2023-07-31,,,USD,,,9949000000,us-gaap:ProfitLoss,USD,2023-02-01,2023-07-31,18201000000,us-gaap:NetCashProvidedByUsedInOperatingActivities,USD,2023-02-01,2023-07-31,-9909000000,us-gaap:NetCashProvidedByUsedInInvestingActivities,USD,2023-02-01,2023-07-31,-3309000000,us-gaap:NetCashProvidedByUsedInFinancingActivities,USD,2023-02-01,2023-07-31,2691563850,dei:EntityCommonStockSharesOutstanding,shares,,2023-08-30,,,USD,,
000010416923000132,0000104169,WMT,Walmart Inc.,10-Q,2023-11-30,2023-10-31,2024,Q3,3,5331,Retail-Variety Stores,DE,474737000000,us-gaap:Revenues,USD,2023-02-01,2023-10-31,259174000000,us-gaap:Assets,USD,,2023-10-31,,,USD,,,10592000000,us-gaap:ProfitLoss,USD,2023-02-01,2023-10-31,19014000000,us-gaap:NetCashProvidedByUsedInOperatingActivities,USD,2023-02-01,2023-10-31,-15374000000,us-gaap:NetCashProvidedByUsedInInvestingActivities,USD,2023-02-01,2023-10-31,-179000000,us-gaap:NetCashProvidedByUsedInFinancingActivities,USD,2023-02-01,2023-10-31,2692233703,dei:EntityCommonStockSharesOutstanding,shares,,2023-11-28,,,USD,,
000010416924000056,0000104169,WMT,Walmart Inc.,10-K,2024-03-15,2024-01-31,2024,FY,4,5331,Retail-Variety Stores,DE,648125000000,us-gaap:Revenues,USD,2023-02-01,2024-01-31,252399000000,us-gaap:Assets,USD,,2024-01-31,,,USD,,,16270000000,us-gaap:ProfitLoss,USD,2023-02-01,2024-01-31,35726000000,us-gaap:NetCashProvidedByUsedInOperatingActivities,USD,2023-02-01,2024-01-31,-21287000000,us-gaap:NetCashProvidedByUsedInInvestingActivities,USD,2023-02-01,2024-01-31,-13414000000,us-gaap:NetCashProvidedByUsedInFinancingActivities,USD,2023-02-01,2024-01-31,8058048674,dei:EntityCommonStockSharesOutstanding,shares,,2024-03-13,,,USD,,
000010416924000105,0000104169,WMT,Walmart Inc.,10-Q,2024-06-07,2024-04-30,2025,Q1,1,5331,Retail-Variety Stores,DE,161508000000,us-gaap:Revenues,USD,2024-02-01,2024-04-30,254054000000,us-gaap:Assets,USD,,2024-04-30,,,USD,,,5307000000,us-gaap:ProfitLoss,USD,2024-02-01,2024-04-30,4249000000,us-gaap:NetCashProvidedByUsedInOperatingActivities,USD,2024-02-01,2024-04-30,-4409000000,us-gaap:NetCashProvidedByUsedInInvestingActivities,USD,2024-02-01,2024-04-30,-321000000,us-gaap:NetCashProvidedByUsedInFinancingActivities,USD,2024-02-01,2024-04-30,8043543330,dei:EntityCommonStockSharesOutstanding,shares,,2024-06-05,,,USD,,
000010416924000141,0000104169,WMT,Walmart Inc.,10-Q,2024-08-30,2024-07-31,2025,Q2,2,5331,Retail-Variety Stores,DE,330843000000,us-gaap:Revenues,USD,2024-02-01,2024-07-31,254440000000,us-gaap:Assets,USD,,2024-07-31,,,USD,,,10018000000,us-gaap:ProfitLoss,USD,2024-02-01,2024-07-31,16357000000,us-gaap:NetCashProvidedByUsedInOperatingActivities,USD,2024-02-01,2024-07-31,-10128000000,us-gaap:NetCashProvidedByUsedInInvestingActivities,USD,2024-02-01,2024-07-31,-6945000000,us-gaap:NetCashProvidedByUsedInFinancingActivities,USD,2024-02-01,2024-07-31,8038251174,dei:EntityCommonStockSharesOutstanding,shares,,2024-08-28,,,USD,,
000010416924000178,0000104169,WMT,Walmart Inc.,10-Q,2024-12-06,2024-10-31,2025,Q3,3,5331,Retail-Variety Stores,DE,500431000000,us-gaap:Revenues,USD,2024-02-01,2024-10-31,263399000000,us-gaap:Assets,USD,,2024-10-31,,,USD,,,14732000000,us-gaap:ProfitLoss,USD,2024-02-01,2024-10-31,22918000000,us-gaap:NetCashProvidedByUsedInOperatingActivities,USD,2024-02-01,2024-10-31,-12661000000,us-gaap:NetCashProvidedByUsedInInvestingActivities,USD,2024-02-01,2024-10-31,-9673000000,us-gaap:NetCashProvidedByUsedInFinancingActivities,USD,2024-02-01,2024-10-31,8033386215,dei:EntityCommonStockSharesOutstanding,shares,,2024-12-04,,,USD,,
000010416925000021,0000104169,WMT,Walmart Inc.,10-K,2025-03-14,2025-01-31,2025,FY,4,5331,Retail-Variety Stores,DE,680985000000,us-gaap:Revenues,USD,2024-02-01,2025-01-31,260823000000,us-gaap:Assets,USD,,2025-01-31,,,USD,,,20157000000,us-gaap:ProfitLoss,USD,2024-02-01,2025-01-31,36443000000,us-gaap:NetCashProvidedByUsedInOperatingActivities,USD,2024-02-01,2025-01-31,-21379000000,us-gaap:NetCashProvidedByUsedInInvestingActivities,USD,2024-02-01,2025-01-31,-14822000000,us-gaap:NetCashProvidedByUsedInFinancingActivities,USD,2024-02-01,2025-01-31,8016849444,dei:EntityCommonStockSharesOutstanding,shares,,2025-03-12,,,USD,,
000010416925000090,0000104169,WMT,Walmart Inc.,10-Q,2025-06-06,2025-04-30,2026,Q1,1,5331,Retail-Variety Stores,DE,165609000000,us-gaap:Revenues,USD,2025-02-01,2025-04-30,262372000000,us-gaap:Assets,USD,,2025-04-30,,,USD,,,4639000000,us-gaap:ProfitLoss,USD,2025-02-01,2025-04-30,5411000000,us-gaap:NetCashProvidedByUsedInOperatingActivities,USD,2025-02-01,2025-04-30,-5093000000,us-gaap:NetCashProvidedByUsedInInvestingActivities,USD,2025-02-01,2025-04-30,8000000,us-gaap:NetCashProvidedByUsedInFinancingActivities,USD,2025-02-01,2025-04-30,7980418164,dei:EntityCommonStockSharesOutstanding,shares,,2025-06-04,,,USD,,
000010416925000137,0000104169,WMT,Walmart Inc.,10-Q,2025-08-29,2025-07-31,2026,Q2,2,5331,Retail-Variety Stores,DE,343011000000,us-gaap:Revenues,USD,2025-02-01,2025-07-31,270837000000,us-gaap:Assets,USD,,2025-07-31,,,USD,,,11790000000,us-gaap:ProfitLoss,USD,2025-02-01,2025-07-31,18352000000,us-gaap:NetCashProvidedByUsedInOperatingActivities,USD,2025-02-01,2025-07-31,-11199000000,us-gaap:NetCashProvidedByUsedInInvestingActivities,USD,2025-02-01,2025-07-31,-6993000000,us-gaap:NetCashProvidedByUsedInFinancingActivities,USD,2025-02-01,2025-07-31,7972851122,dei:EntityCommonStockSharesOutstanding,shares,,2025-08-27,,,USD,,
000010416925000191,0000104169,WMT,Walmart Inc.,10-Q,2025-12-03,2025-10-31,2026,Q3,3,5331,Retail-Variety Stores,DE,522507000000,us-gaap:Revenues,USD,2025-02-01,2025-10-31,288655000000,us-gaap:Assets,USD,,2025-10-31,,,USD,,,17878000000,us-gaap:ProfitLoss,USD,2025-02-01,2025-10-31,27452000000,us-gaap:NetCashProvidedByUsedInOperatingActivities,USD,2025-02-01,2025-10-31,-19030000000,us-gaap:NetCashProvidedByUsedInInvestingActivities,USD,2025-02-01,2025-10-31,-7012000000,us-gaap:NetCashProvidedByUsedInFinancingActivities,USD,2025-02-01,2025-10-31,7970166964,dei:EntityCommonStockSharesOutstanding,shares,,2025-12-02,,,USD,,
000104581022000036,0001045810,NVDA,NVIDIA CORP,10-K,2022-03-18,2022-01-30,2022,FY,4,3674,Semiconductors & Related Devices,DE,26914000000,us-gaap:Revenues,USD,2021-02-01,2022-01-30,44187000000,us-gaap:Assets,USD,,2022-01-30,17575000000,us-gaap:Liabilities,USD,,2022-01-30,9752000000,us-gaap:NetIncomeLoss,USD,2021-02-01,2022-01-30,9108000000,us-gaap:NetCashProvidedByUsedInOperatingActivities,USD,2021-02-01,2022-01-30,-9830000000,us-gaap:NetCashProvidedByUsedInInvestingActivities,USD,2021-02-01,2022-01-30,1865000000,us-gaap:NetCashProvidedByUsedInFinancingActivities,USD,2021-02-01,2022-01-30,2510000000,dei:EntityCommonStockSharesOutstanding,shares,,2022-03-11,,,USD,,
000104581022000079,0001045810,NVDA,NVIDIA CORP,10-Q,2022-05-27,2022-05-01,2023,Q1,1,3674,Semiconductors & Related Devices,DE,8288000000,us-gaap:Revenues,USD,2022-01-31,2022-05-01,45212000000,us-gaap:Assets,USD,,2022-05-01,18892000000,us-gaap:Liabilities,USD,,2022-05-01,1618000000,us-gaap:NetIncomeLoss,USD,2022-01-31,2022-05-01,1731000000,us-gaap:NetCashProvidedByUsedInOperatingActivities,USD,2022-01-31,2022-05-01,2612000000,us-gaap:NetCashProvidedByUsedInInvestingActivities,USD,2022-01-31,2022-05-01,-2446000000,us-gaap:NetCashProvidedByUsedInFinancingActivities,USD,2022-01-31,2022-05-01,2500000000,dei:EntityCommonStockSharesOutstanding,shares,,2022-05-20,,,USD,,
000104581022000147,0001045810,NVDA,NVIDIA CORP,10-Q,2022-08-31,2022-07-31,2023,Q2,2,3674,Semiconductors & Related Devices,DE,14992000000,us-gaap:Revenues,USD,2022-01-31,2022-07-31,43476000000,us-gaap:Assets,USD,,2022-07-31,19625000000,us-gaap:Liabilities,USD,,2022-07-31,2274000000,us-gaap:NetIncomeLoss,USD,2022-01-31,2022-07-31,3001000000,us-gaap:NetCashProvidedByUsedInOperatingActivities,USD,2022-01-31,2022-07-31,4230000000,us-gaap:NetCashProvidedByUsedInInvestingActivities,USD,2022-01-31,2022-07-31,-6208000000,us-gaap:NetCashProvidedByUsedInFinancingActivities,USD,2022-01-31,2022-07-31,2490000000,dei:EntityCommonStockSharesOutstanding,shares,,2022-08-19,,,USD,,
000104581022000166,0001045810,NVDA,NVIDIA CORP,10-Q,2022-11-18,2022-10-30,2023,Q3,3,3674,Semiconductors & Related Devices,DE,20923000000,us-gaap:Revenues,USD,2022-01-31,2022-10-30,40488000000,us-gaap:Assets,USD,,2022-10-30,19139000000,us-gaap:Liabilities,USD,,2022-10-30,2954000000,us-gaap:NetIncomeLoss,USD,2022-01-31,2022-10-30,3393000000,us-gaap:NetCashProvidedByUsedInOperatingActivities,USD,2022-01-31,2022-10-30,7378000000,us-gaap:NetCashProvidedByUsedInInvestingActivities,USD,2022-01-31,2022-10-30,-9961000000,us-gaap:NetCashProvidedByUsedInFinancingActivities,USD,2022-01-31,2022-10-30,2460000000,dei:EntityCommonStockSharesOutstanding,shares,,2022-11-11,,,USD,,
000104581023000017,0001045810,NVDA,NVIDIA CORP,10-K,2023-02-24,2023-01-29,2023,FY,4,3674,Semiconductors & Related Devices,DE,26974000000,us-gaap:Revenues,USD,2022-01-31,2023-01-29,41182000000,us-gaap:Assets,USD,,2023-01-29,19081000000,us-gaap:Liabilities,USD,,2023-01-29,4368000000,us-gaap:NetIncomeLoss,USD,2022-01-31,2023-01-29,5641000000,us-gaap:NetCashProvidedByUsedInOperatingActivities,USD,2022-01-31,2023-01-29,7375000000,us-gaap:NetCashProvidedByUsedInInvestingActivities,USD,2022-01-31,2023-01-29,-11617000000,us-gaap:NetCashProvidedByUsedInFinancingActivities,USD,2022-01-31,2023-01-29,2470000000,dei:EntityCommonStockSharesOutstanding,shares,,2023-02-17,,,USD,,
000104581023000093,0001045810,NVDA,NVIDIA CORP,10-Q,2023-05-26,2023-04-30,2024,Q1,1,3674,Semiconductors & Related Devices,DE,7192000000,us-gaap:Revenues,USD,2023-01-30,2023-04-30,44460000000,us-gaap:Assets,USD,,2023-04-30,19940000000,us-gaap:Liabilities,USD,,2023-04-30,2043000000,us-gaap:NetIncomeLoss,USD,2023-01-30,2023-04-30,2911000000,us-gaap:NetCashProvidedByUsedInOperatingActivities,USD,2023-01-30,2023-04-30,-841000000,us-gaap:NetCashProvidedByUsedInInvestingActivities,USD,2023-01-30,2023-04-30,-380000000,us-gaap:NetCashProvidedByUsedInFinancingActivities,USD,2023-01-30,2023-04-30,2470000000,dei:EntityCommonStockSharesOutstanding,shares,,2023-05-19,,,USD,,
000104581023000175,0001045810,NVDA,NVIDIA CORP,10-Q,2023-08-28,2023-07-30,2024,Q2,2,3674,Semiconductors & Related Devices,DE,20699000000,us-gaap:Revenues,USD,2023-01-30,2023-07-30,49555000000,us-gaap:Assets,USD,,2023-07-30,22054000000,us-gaap:Liabilities,USD,,2023-07-30,8232000000,us-gaap:NetIncomeLoss,USD,2023-01-30,2023-07-30,9259000000,us-gaap:NetCashProvidedByUsedInOperatingActivities,USD,2023-01-30,2023-07-30,-1287000000,us-gaap:NetCashProvidedByUsedInInvestingActivities,USD,2023-01-30,2023-07-30,-5479000000,us-gaap:NetCashProvidedByUsedInFinancingActivities,USD,2023-01-30,2023-07-30,2470000000,dei:EntityCommonStockSharesOutstanding,shares,,2023-08-18,,,USD,,
000104581023000227,0001045810,NVDA,NVIDIA CORP,10-Q,2023-11-21,2023-10-29,2024,Q3,3,3674,Semiconductors & Related Devices,DE,38819000000,us-gaap:Revenues,USD,2023-01-30,2023-10-29,54148000000,us-gaap:Assets,USD,,2023-10-29,20883000000,us-gaap:Liabilities,USD,,2023-10-29,17475000000,us-gaap:NetIncomeLoss,USD,2023-01-30,2023-10-29,16591000000,us-gaap:NetCashProvidedByUsedInOperatingActivities,USD,2023-01-30,2023-10-29,-4457000000,us-gaap:NetCashProvidedByUsedInInvestingActivities,USD,2023-01-30,2023-10-29,-10004000000,us-gaap:NetCashProvidedByUsedInFinancingActivities,USD,2023-01-30,2023-10-29,2470000000,dei:EntityCommonStockSharesOutstanding,shares,,2023-11-17,,,USD,,
000104581024000029,0001045810,NVDA,NVIDIA CORP,10-K,2024-02-21,2024-01-28,2024,FY,4,3674,Semiconductors & Related Devices,DE,60922000000,us-gaap:Revenues,USD,2023-01-30,2024-01-28,65728000000,us-gaap:Assets,USD,,2024-01-28,22750000000,us-gaap:Liabilities,USD,,2024-01-28,29760000000,us-gaap:NetIncomeLoss,USD,2023-01-30,2024-01-28,28090000000,us-gaap:NetCashProvidedByUsedInOperatingActivities,USD,2023-01-30,2024-01-28,-10566000000,us-gaap:NetCashProvidedByUsedInInvestingActivities,USD,2023-01-30,2024-01-28,-13633000000,us-gaap:NetCashProvidedByUsedInFinancingActivities,USD,2023-01-30,2024-01-28,2500000000,dei:EntityCommonStockSharesOutstanding,shares,,2024-02-16,,,USD,,
000104581024000124,0001045810,NVDA,NVIDIA CORP,10-Q,2024-05-29,2024-04-28,2025,Q1,1,3674,Semiconductors & Related Devices,DE,26044000000,us-gaap:Revenues,USD,2024-01-29,2024-04-28,77072000000,us-gaap:Assets,USD,,2024-04-28,27930000000,us-gaap:Liabilities,USD,,2024-04-28,14881000000,us-gaap:NetIncomeLoss,USD,2024-01-29,2024-04-28,15345000000,us-gaap:NetCashProvidedByUsedInOperatingActivities,USD,2024-01-29,2024-04-28,-5693000000,us-gaap:NetCashProvidedByUsedInInvestingActivities,USD,2024-01-29,2024-04-28,-9345000000,us-gaap:NetCashProvidedByUsedInFinancingActivities,USD,2024-01-29,2024-04-28,2460000000,dei:EntityCommonStockSharesOutstanding,shares,,2024-05-24,,,USD,,
000104581024000264,0001045810,NVDA,NVIDIA CORP,10-Q,2024-08-28,2024-07-28,2025,Q2,2,3674,Semiconductors & Related Devices,DE,56084000000,us-gaap:Revenues,USD,2024-01-29,2024-07-28,85227000000,us-gaap:Assets,USD,,2024-07-28,27070000000,us-gaap:Liabilities,USD,,2024-07-28,31480000000,us-gaap:NetIncomeLoss,USD,2024-01-29,2024-07-28,29833000000,us-gaap:NetCashProvidedByUsedInOperatingActivities,USD,2024-01-29,2024-07-28,-8877000000,us-gaap:NetCashProvidedByUsedInInvestingActivities,USD,2024-01-29,2024-07-28,-19665000000,us-gaap:NetCashProvidedByUsedInFinancingActivities,USD,2024-01-29,2024-07-28,24530000000,dei:EntityCommonStockSharesOutstanding,shares,,2024-08-23,,,USD,,
000104581024000316,0001045810,NVDA,NVIDIA CORP,10-Q,2024-11-20,2024-10-27,2025,Q3,3,3674,Semiconductors & Related Devices,DE,91166000000,us-gaap:Revenues,USD,2024-01-29,2024-10-27,96013000000,us-gaap:Assets,USD,,2024-10-27,30114000000,us-gaap:Liabilities,USD,,2024-10-27,50789000000,us-gaap:NetIncomeLoss,USD,2024-01-29,2024-10-27,47460000000,us-gaap:NetCashProvidedByUsedInOperatingActivities,USD,2024-01-29,2024-10-27,-13223000000,us-gaap:NetCashProvidedByUsedInInvestingActivities,USD,2024-01-29,2024-10-27,-32410000000,us-gaap:NetCashProvidedByUsedInFinancingActivities,USD,2024-01-29,2024-10-27,24490000000,dei:EntityCommonStockSharesOutstanding,shares,,2024-11-15,,,USD,,
000104581025000023,0001045810,NVDA,NVIDIA CORP,10-K,2025-02-26,2025-01-26,2025,FY,4,3674,Semiconductors & Related Devices,DE,130497000000,us-gaap:Revenues,USD,2024-01-29,2025-01-26,111601000000,us-gaap:Assets,USD,,2025-01-26,32274000000,us-gaap:Liabilities,USD,,2025-01-26,72880000000,us-gaap:NetIncomeLoss,USD,2024-01-29,2025-01-26,64089000000,us-gaap:NetCashProvidedByUsedInOperatingActivities,USD,2024-01-29,2025-01-26,-20421000000,us-gaap:NetCashProvidedByUsedInInvestingActivities,USD,2024-01-29,2025-01-26,-42359000000,us-gaap:NetCashProvidedByUsedInFinancingActivities,USD,2024-01-29,2025-01-26,24400000000,dei:EntityCommonStockSharesOutstanding,shares,,2025-02-21,,,USD,,
000104581025000116,0001045810,NVDA,NVIDIA CORP,10-Q,2025-05-28,2025-04-27,2026,Q1,1,3674,Semiconductors & Related Devices,DE,44062000000,us-gaap:Revenues,USD,2025-01-27,2025-04-27,125254000000,us-gaap:Assets,USD,,2025-04-27,41411000000,us-gaap:Liabilities,USD,,2025-04-27,18775000000,us-gaap:NetIncomeLoss,USD,2025-01-27,2025-04-27,27414000000,us-gaap:NetCashProvidedByUsedInOperatingActivities,USD,2025-01-27,2025-04-27,-5216000000,us-gaap:NetCashProvidedByUsedInInvestingActivities,USD,2025-01-27,2025-04-27,-15553000000,us-gaap:NetCashProvidedByUsedInFinancingActivities,USD,2025-01-27,2025-04-27,24400000000,dei:EntityCommonStockSharesOutstanding,shares,,2025-05-23,,,USD,,
000104581025000209,0001045810,NVDA,NVIDIA CORP,10-Q,2025-08-27,2025-07-27,2026,Q2,2,3674,Semiconductors & Related Devices,DE,90805000000,us-gaap:Revenues,USD,2025-01-27,2025-07-27,140740000000,us-gaap:Assets,USD,,2025-07-27,40609000000,us-gaap:Liabilities,USD,,2025-07-27,45197000000,us-gaap:NetIncomeLoss,USD,2025-01-27,2025-07-27,42779000000,us-gaap:NetCashProvidedByUsedInOperatingActivities,USD,2025-01-27,2025-07-27,-12343000000,us-gaap:NetCashProvidedByUsedInInvestingActivities,USD,2025-01-27,2025-07-27,-27386000000,us-gaap:NetCashProvidedByUsedInFinancingActivities,USD,2025-01-27,2025-07-27,24300000000,dei:EntityCommonStockSharesOutstanding,shares,,2025-08-22,,,USD,,
000104581025000230,0001045810,NVDA,NVIDIA CORP,10-Q,2025-11-19,2025-10-26,2026,Q3,3,3674,Semiconductors & Related Devices,DE,147811000000,us-gaap:Revenues,USD,2025-01-27,2025-10-26,161148000000,us-gaap:Assets,USD,,2025-10-26,42251000000,us-gaap:Liabilities,USD,,2025-10-26,77107000000,us-gaap:NetIncomeLoss,USD,2025-01-27,2025-10-26,66530000000,us-gaap:NetCashProvidedByUsedInOperatingActivities,USD,2025-01-27,2025-10-26,-21367000000,us-gaap:NetCashProvidedByUsedInInvestingActivities,USD,2025-01-27,2025-10-26,-42266000000,us-gaap:NetCashProvidedByUsedInFinancingActivities,USD,2025-01-27,2025-10-26,24300000000,dei:EntityCommonStockSharesOutstanding,shares,,2025-11-14,,,USD,,
000095017022000796,0001318605,TSLA,"Tesla, Inc.",10-K,2022-02-07,2021-12-31,2021,FY,4,3711,Motor Vehicles & Passenger Car Bodies,TX,53823000000,us-gaap:Revenues,USD,2021-01-01,2021-12-31,62131000000,us-gaap:Assets,USD,,2021-12-31,30548000000,us-gaap:Liabilities,USD,,2021-12-31,5644000000,us-gaap:ProfitLoss,USD,2021-01-01,2021-12-31,11497000000,us-gaap:NetCashProvidedByUsedInOperatingActivities,USD,2021-01-01,2021-12-31,-7868000000,us-gaap:NetCashProvidedByUsedInInvestingActivities,USD,2021-01-01,2021-12-31,-5203000000,us-gaap:NetCashProvidedByUsedInFinancingActivities,USD,2021-01-01,2021-12-31,1033507611,dei:EntityCommonStockSharesOutstanding,shares,,2022-01-31,,,USD,,
000095017022006034,0001318605,TSLA,"Tesla, Inc.",10-Q,2022-04-25,2022-03-31,2022,Q1,1,3711,Motor Vehicles & Passenger Car Bodies,TX,18756000000,us-gaap:Revenues,USD,2022-01-01,2022-03-31,66038000000,us-gaap:Assets,USD,,2022-03-31,30632000000,us-gaap:Liabilities,USD,,2022-03-31,3280000000,us-gaap:ProfitLoss,USD,2022-01-01,2022-03-31,3995000000,us-gaap:NetCashProvidedByUsedInOperatingActivities,USD,2022-01-01,2022-03-31,-2167000000,us-gaap:NetCashProvidedByUsedInInvestingActivities,USD,2022-01-01,2022-03-31,-1914000000,us-gaap:NetCashProvidedByUsedInFinancingActivities,USD,2022-01-01,2022-03-31,1036009925,dei:EntityCommonStockSharesOutstanding,shares,,2022-04-19,,,USD,,
000095017022012936,0001318605,TSLA,"Tesla, Inc.",10-Q,2022-07-25,2022-06-30,2022,Q2,2,3711,Motor Vehicles & Passenger Car Bodies,TX,35690000000,us-gaap:Revenues,USD,2022-01-01,2022-06-30,68513000000,us-gaap:Assets,USD,,2022-06-30,30855000000,us-gaap:Liabilities,USD,,2022-06-30,5549000000,us-gaap:ProfitLoss,USD,2022-01-01,2022-06-30,6346000000,us-gaap:NetCashProvidedByUsedInOperatingActivities,USD,2022-01-01,2022-06-30,-3051000000,us-gaap:NetCashProvidedByUsedInInvestingActivities,USD,2022-01-01,2022-06-30,-2320000000,us-gaap:NetCashProvidedByUsedInFinancingActivities,USD,2022-01-01,2022-06-30,1044490015,dei:EntityCommonStockSharesOutstanding,shares,,2022-07-19,,,USD,,
000095017022019867,0001318605,TSLA,"Tesla, Inc.",10-Q,2022-10-24,2022-09-30,2022,Q3,3,3711,Motor Vehicles & Passenger Car Bodies,TX,57144000000,us-gaap:Revenues,USD,2022-01-01,2022-09-30,74426000000,us-gaap:Assets,USD,,2022-09-30,33302000000,us-gaap:Liabilities,USD,,2022-09-30,8880000000,us-gaap:ProfitLoss,USD,2022-01-01,2022-09-30,11446000000,us-gaap:NetCashProvidedByUsedInOperatingActivities,USD,2022-01-01,2022-09-30,-5842000000,us-gaap:NetCashProvidedByUsedInInvestingActivities,USD,2022-01-01,2022-09-30,-3032000000,us-gaap:NetCashProvidedByUsedInFinancingActivities,USD,2022-01-01,2022-09-30,3157752449,dei:EntityCommonStockSharesOutstanding,shares,,2022-10-18,,,USD,,
000095017023001409,0001318605,TSLA,"Tesla, Inc.",10-K,2023-01-31,2022-12-31,2022,FY,4,3711,Motor Vehicles & Passenger Car Bodies,TX,81462000000,us-gaap:Revenues,USD,2022-01-01,2022-12-31,82338000000,us-gaap:Assets,USD,,2022-12-31,36440000000,us-gaap:Liabilities,USD,,2022-12-31,12587000000,us-gaap:ProfitLoss,USD,2022-01-01,2022-12-31,14724000000,us-gaap:NetCashProvidedByUsedInOperatingActivities,USD,2022-01-01,2022-12-31,-11973000000,us-gaap:NetCashProvidedByUsedInInvestingActivities,USD,2022-01-01,2022-12-31,-3527000000,us-gaap:NetCashProvidedByUsedInFinancingActivities,USD,2022-01-01,2022-12-31,3164102701,dei:EntityCommonStockSharesOutstanding,shares,,2023-01-25,,,USD,,
000095017023013890,0001318605,TSLA,"Tesla, Inc.",10-Q,2023-04-24,2023-03-31,2023,Q1,1,3711,Motor Vehicles & Passenger Car Bodies,TX,23329000000,us-gaap:Revenues,USD,2023-01-01,2023-03-31,86833000000,us-gaap:Assets,USD,,2023-03-31,37598000000,us-gaap:Liabilities,USD,,2023-03-31,2539000000,us-gaap:ProfitLoss,USD,2023-01-01,2023-03-31,2513000000,us-gaap:NetCashProvidedByUsedInOperatingActivities,USD,2023-01-01,2023-03-31,-2484000000,us-gaap:NetCashProvidedByUsedInInvestingActivities,USD,2023-01-01,2023-03-31,-233000000,us-gaap:NetCashProvidedByUsedInFinancingActivities,USD,2023-01-01,2023-03-31,3169504301,dei:EntityCommonStockSharesOutstanding,shares,,2023-04-17,,,USD,,
000095017023033872,0001318605,TSLA,"Tesla, Inc.",10-Q,2023-07-24,2023-06-30,2023,Q2,2,3711,Motor Vehicles & Passenger Car Bodies,TX,48256000000,us-gaap:Revenues,USD,2023-01-01,2023-06-30,90591000000,us-gaap:Assets,USD,,2023-06-30,38409000000,us-gaap:Liabilities,USD,,2023-06-30,5153000000,us-gaap:ProfitLoss,USD,2023-01-01,2023-06-30,5578000000,us-gaap:NetCashProvidedByUsedInOperatingActivities,USD,2023-01-01,2023-06-30,-6018000000,us-gaap:NetCashProvidedByUsedInInvestingActivities,USD,2023-01-01,2023-06-30,-561000000,us-gaap:NetCashProvidedByUsedInFinancingActivities,USD,2023-01-01,2023-06-30,3173994467,dei:EntityCommonStockSharesOutstanding,shares,,2023-07-17,,,USD,,
000162828023034847,0001318605,TSLA,"Tesla, Inc.",10-Q,2023-10-23,2023-09-30,2023,Q3,3,3711,Motor Vehicles & Passenger Car Bodies,TX,71606000000,us-gaap:Revenues,USD,2023-01-01,2023-09-30,93941000000,us-gaap:Assets,USD,,2023-09-30,39446000000,us-gaap:Liabilities,USD,,2023-09-30,7031000000,us-gaap:ProfitLoss,USD,2023-01-01,2023-09-30,8886000000,us-gaap:NetCashProvidedByUsedInOperatingActivities,USD,2023-01-01,2023-09-30,-10780000000,us-gaap:NetCashProvidedByUsedInInvestingActivities,USD,2023-01-01,2023-09-30,1702000000,us-gaap:NetCashProvidedByUsedInFinancingActivities,USD,2023-01-01,2023-09-30,3178921391,dei:EntityCommonStockSharesOutstanding,shares,,2023-10-16,,,USD,,
000162828024002390,0001318605,TSLA,"Tesla, Inc.",10-K,2024-01-29,2023-12-31,2023,FY,4,3711,Motor Vehicles & Passenger Car Bodies,TX,96773000000,us-gaap:Revenues,USD,2023-01-01,2023-12-31,106618000000,us-gaap:Assets,USD,,2023-12-31,43009000000,us-gaap:Liabilities,USD,,2023-12-31,14974000000,us-gaap:ProfitLoss,USD,2023-01-01,2023-12-31,13256000000,us-gaap:NetCashProvidedByUsedInOperatingActivities,USD,2023-01-01,2023-12-31,-15584000000,us-gaap:NetCashProvidedByUsedInInvestingActivities,USD,2023-01-01,2023-12-31,2589000000,us-gaap:NetCashProvidedByUsedInFinancingActivities,USD,2023-01-01,2023-12-31,3184790415,dei:EntityCommonStockSharesOutstanding,shares,,2024-01-22,,,USD,,
000162828024017503,0001318605,TSLA,"Tesla, Inc.",10-Q,2024-04-24,2024-03-31,2024,Q1,1,3711,Motor Vehicles & Passenger Car Bodies,TX,21301000000,us-gaap:Revenues,USD,2024-01-01,2024-03-31,109226000000,us-gaap:Assets,USD,,2024-03-31,44046000000,us-gaap:Liabilities,USD,,2024-03-31,1144000000,us-gaap:ProfitLoss,USD,2024-01-01,2024-03-31,242000000,us-gaap:NetCashProvidedByUsedInOperatingActivities,USD,2024-01-01,2024-03-31,-5084000000,us-gaap:NetCashProvidedByUsedInInvestingActivities,USD,2024-01-01,2024-03-31,196000000,us-gaap:NetCashProvidedByUsedInFinancingActivities,USD,2024-01-01,2024-03-31,3189196167,dei:EntityCommonStockSharesOutstanding,shares,,2024-04-18,,,USD,,
000162828024032662,0001318605,TSLA,"Tesla, Inc.",10-Q,2024-07-24,2024-06-30,2024,Q2,2,3711,Motor Vehicles & Passenger Car Bodies,TX,46801000000,us-gaap:Revenues,USD,2024-01-01,2024-06-30,112832000000,us-gaap:Assets,USD,,2024-06-30,45569000000,us-gaap:Liabilities,USD,,2024-06-30,2638000000,us-gaap:ProfitLoss,USD,2024-01-01,2024-06-30,3854000000,us-gaap:NetCashProvidedByUsedInOperatingActivities,USD,2024-01-01,2024-06-30,-8309000000,us-gaap:NetCashProvidedByUsedInInvestingActivities,USD,2024-01-01,2024-06-30,2736000000,us-gaap:NetCashProvidedByUsedInFinancingActivities,USD,2024-01-01,2024-06-30,3194640415,dei:EntityCommonStockSharesOutstanding,shares,,2024-07-18,,,USD,,
000162828024043486,0001318605,TSLA,"Tesla, Inc.",10-Q,2024-10-24,2024-09-30,2024,Q3,3,3711,Motor Vehicles & Passenger Car Bodies,TX,71983000000,us-gaap:Revenues,USD,2024-01-01,2024-09-30,119852000000,us-gaap:Assets,USD,,2024-09-30,49142000000,us-gaap:Liabilities,USD,,2024-09-30,4821000000,us-gaap:ProfitLoss,USD,2024-01-01,2024-09-30,10109000000,us-gaap:NetCashProvidedByUsedInOperatingActivities,USD,2024-01-01,2024-09-30,-11184000000,us-gaap:NetCashProvidedByUsedInInvestingActivities,USD,2024-01-01,2024-09-30,2868000000,us-gaap:NetCashProvidedByUsedInFinancingActivities,USD,2024-01-01,2024-09-30,3210059659,dei:EntityCommonStockSharesOutstanding,shares,,2024-10-18,,,USD,,
000162828025003063,0001318605,TSLA,"Tesla, Inc.",10-K,2025-01-30,2024-12-31,2024,FY,4,3711,Motor Vehicles & Passenger Car Bodies,TX,97690000000,us-gaap:Revenues,USD,2024-01-01,2024-12-31,122070000000,us-gaap:Assets,USD,,2024-12-31,48390000000,us-gaap:Liabilities,USD,,2024-12-31,7153000000,us-gaap:ProfitLoss,USD,2024-01-01,2024-12-31,14923000000,us-gaap:NetCashProvidedByUsedInOperatingActivities,USD,2024-01-01,2024-12-31,-18787000000,us-gaap:NetCashProvidedByUsedInInvestingActivities,USD,2024-01-01,2024-12-31,3853000000,us-gaap:NetCashProvidedByUsedInFinancingActivities,USD,2024-01-01,2024-12-31,3216517037,dei:EntityCommonStockSharesOutstanding,shares,,2025-01-22,,,USD,,
000162828025018911,0001318605,TSLA,"Tesla, Inc.",10-Q,2025-04-23,2025-03-31,2025,Q1,1,3711,Motor Vehicles & Passenger Car Bodies,TX,19335000000,us-gaap:Revenues,USD,2025-01-01,2025-03-31,125111000000,us-gaap:Assets,USD,,2025-03-31,49693000000,us-gaap:Liabilities,USD,,2025-03-31,420000000,us-gaap:ProfitLoss,USD,2025-01-01,2025-03-31,2156000000,us-gaap:NetCashProvidedByUsedInOperatingActivities,USD,2025-01-01,2025-03-31,-1651000000,us-gaap:NetCashProvidedByUsedInInvestingActivities,USD,2025-01-01,2025-03-31,-332000000,us-gaap:NetCashProvidedByUsedInFinancingActivities,USD,2025-01-01,2025-03-31,3220956211,dei:EntityCommonStockSharesOutstanding,shares,,2025-04-16,,,USD,,
000162828025035806,0001318605,TSLA,"Tesla, Inc.",10-Q,2025-07-24,2025-06-30,2025,Q2,2,3711,Motor Vehicles & Passenger Car Bodies,TX,41831000000,us-gaap:Revenues,USD,2025-01-01,2025-06-30,128567000000,us-gaap:Assets,USD,,2025-06-30,50495000000,us-gaap:Liabilities,USD,,2025-06-30,1610000000,us-gaap:ProfitLoss,USD,2025-01-01,2025-06-30,4696000000,us-gaap:NetCashProvidedByUsedInOperatingActivities,USD,2025-01-01,2025-06-30,-4595000000,us-gaap:NetCashProvidedByUsedInInvestingActivities,USD,2025-01-01,2025-06-30,-554000000,us-gaap:NetCashProvidedByUsedInFinancingActivities,USD,2025-01-01,2025-06-30,3225448889,dei:EntityCommonStockSharesOutstanding,shares,,2025-07-17,,,USD,,
000162828025045968,0001318605,TSLA,"Tesla, Inc.",10-Q,2025-10-23,2025-09-30,2025,Q3,3,3711,Motor Vehicles & Passenger Car Bodies,TX,69926000000,us-gaap:Revenues,USD,2025-01-01,2025-09-30,133735000000,us-gaap:Assets,USD,,2025-09-30,53019000000,us-gaap:Liabilities,USD,,2025-09-30,2999000000,us-gaap:ProfitLoss,USD,2025-01-01,2025-09-30,10934000000,us-gaap:NetCashProvidedByUsedInOperatingActivities,USD,2025-01-01,2025-09-30,-8950000000,us-gaap:NetCashProvidedByUsedInInvestingActivities,USD,2025-01-01,2025-09-30,429000000,us-gaap:NetCashProvidedByUsedInFinancingActivities,USD,2025-01-01,2025-09-30,3325819167,dei:EntityCommonStockSharesOutstanding,shares,,2025-10-16,,,USD,,
