system,qid,structure_f2,cell_f1_20,pred_rows,gold_rows,product,label
unlimited@0,attr:player_multiagg20:q4:e223d11d,0.7333333333333333,0.5679012345679013,11,16,0.4165,structure
unlimited@0,attr:Splits/train.sql#4:550eb54f,0.6666666666666666,0.0,3,3,0.0,structure
unlimited@0,attr:Expanded/agg_join_expanded.sql#1:c24e0cc7,0.7142857142857142,0.0,2,3,0.0,structure
unlimited@0,attr:Splits/train.sql#70:58fad108,0.75,0.7027027027027026,16,21,0.527,structure
unlimited@0,attr:Splits/train.sql#37:36ff2681,0.6666666666666666,0.3333333333333333,3,3,0.2222,structure
unlimited@0,attr:Splits/test.sql#17:9db266f2,0.7843137254901963,0.761904761904762,11,10,0.5976,structure
unlimited@0,attr:Expanded/agg_filter_expanded.sql#12:9257bded,0.5700325732899022,0.4339622641509434,39,67,0.2474,structure
unlimited@0,attr:Splits/train.sql#47:d388188d,0.7142857142857142,0.8,2,3,0.5714,structure
unlimited@0,attr:Splits/test.sql#14:a53facfd,0.7142857142857142,0.0,2,3,0.0,structure
unlimited@0,attr:Expanded/agg_filter_expanded.sql#1:c5608ae2,1.0,1.0,1,1,1.0,ok
unlimited@0,attr:Expanded/agg_filter_join_expanded.sql#1:97f4546b,0.7142857142857142,0.8,2,3,0.5714,structure
unlimited@0,attr:Splits/train.sql#74:d43cbebb,1.0,0.8000000000000002,10,10,0.8,values
unlimited@0,attr:Expanded/agg_join_expanded.sql#5:15c06c11,0.7142857142857142,0.4,2,3,0.2857,structure
unlimited@0,attr:Splits/train.sql#47:c40d7c13,0.7142857142857142,0.0,2,3,0.0,structure
unlimited@0,attr:player_multiagg20:q12:365f4815,0.7333333333333333,0.6296296296296297,11,16,0.4617,structure
unlimited@0,attr:Splits/train.sql#39:2660c7eb,1.0,0.0,2,2,0.0,values
unlimited@0,attr:Splits/train.sql#39:cfc6a04a,1.0,1.0,2,2,1.0,ok
unlimited@0,attr:Splits/train.sql#20:610644e4,0.9210526315789473,0.8444444444444444,22,23,0.7778,structure
unlimited@0,attr:Splits/train.sql#74:d1735ba6,1.0,0.9,10,10,0.9,values
unlimited@0,attr:Expanded/agg_filter_expanded.sql#1:43804a60,1.0,1.0,1,1,1.0,ok
unlimited@0,attr:Splits/train.sql#4:f514a950,0.6666666666666666,0.0,3,3,0.0,structure
unlimited@0,attr:docetl_Player_v7:q0:fef776e6,1.0,0.0,2,2,0.0,values
unlimited@0,attr:Variations/Agg/agg_variations.sql#1:09fbc9fa,0.6666666666666666,0.0,3,3,0.0,structure
unlimited@0,attr:Splits/train.sql#74:2968ff54,1.0,0.9,10,10,0.9,values
unlimited@0,attr:Splits/test.sql#14:e0da7fae,0.7142857142857142,0.0,2,3,0.0,structure
unlimited@0,attr:Splits/dev.sql#18:bbfca16a,1.0,1.0,1,1,1.0,ok
unlimited@0,attr:Variations/Agg/agg_variations.sql#3:6d2eeac2,0.6666666666666666,0.0,3,3,0.0,structure
unlimited@0,attr:Splits/train.sql#19:332da492,0.5989583333333334,0.49275362318840576,56,82,0.2951,structure
unlimited@0,attr:Expanded/agg_filter_join_expanded.sql#4:17c50da4,0.7142857142857142,0.4,2,3,0.2857,structure
unlimited@0,attr:Splits/dev.sql#11:99e28283,0.7142857142857142,0.4,2,3,0.2857,structure
unlimited@0,attr:Expanded/agg_join_expanded.sql#5:b42bc767,0.7142857142857142,0.4,2,3,0.2857,structure
unlimited@0,attr:Expanded/agg_filter_expanded.sql#14:c3259565,0.9259259259259258,0.9047619047619048,20,22,0.8377,structure
unlimited@0,attr:Splits/train.sql#51:a95139b5,0.7142857142857142,0.4,2,3,0.2857,structure
unlimited@0,attr:Expanded/agg_filter_expanded.sql#12:f3a1786c,0.5700325732899022,0.660377358490566,39,67,0.3764,structure
unlimited@0,attr:Splits/dev.sql#18:b1241002,1.0,1.0,1,1,1.0,ok
unlimited@0,attr:Splits/train.sql#44:a130f41f,0.8189655172413792,0.7727272727272727,20,24,0.6328,structure
unlimited@0,attr:Expanded/agg_filter_expanded.sql#1:e3a8531c,1.0,1.0,1,1,1.0,ok
unlimited@0,attr:player_multiagg20:q12:e0cde198,0.7333333333333333,0.6296296296296297,11,16,0.4617,structure
unlimited@0,attr:Splits/test.sql#2:3e923052,0.5989583333333334,0.536231884057971,56,82,0.3212,structure
unlimited@0,attr:player_multiagg20:q10:061dce02,0.7142857142857142,0.8,2,3,0.5714,structure
unlimited@0,attr:Expanded/agg_only_expanded.sql#14:c60f4651,0.5750798722044729,0.4036697247706422,41,68,0.2321,structure
unlimited@0,attr:Splits/train.sql#36:76016403,0.6666666666666666,0.0,3,3,0.0,structure
unlimited@0,attr:docetl_Player_v7:q4:7175642b,1.0,0.0,2,2,0.0,values
unlimited@0,attr:Expanded/agg_only_expanded.sql#10:30df06be,0.9210526315789473,0.888888888888889,22,23,0.8187,structure
unlimited@0,attr:Splits/train.sql#19:5ad6058c,0.8287292817679557,0.5833333333333334,107,109,0.4834,structure
unlimited@0,attr:Splits/dev.sql#11:6ef31688,0.7142857142857142,0.4,2,3,0.2857,structure
unlimited@0,attr:Variations/Agg/agg_variations.sql#1:84662181,0.6666666666666666,0.3333333333333333,3,3,0.2222,structure
unlimited@0,attr:Splits/train.sql#27:22ff56d3,0.7142857142857142,0.4,2,3,0.2857,structure
unlimited@0,attr:Expanded/agg_join_expanded.sql#1:a91a664a,0.7142857142857142,0.0,2,3,0.0,structure
unlimited@0,attr:Splits/train.sql#28:913c76d4,1.0,1.0,1,1,1.0,ok
unlimited@0,attr:Splits/test.sql#17:be55be91,0.7843137254901963,0.47619047619047616,11,10,0.3735,structure
unlimited@0,attr:Splits/train.sql#36:267aed6c,0.6666666666666666,0.3333333333333333,3,3,0.2222,structure
unlimited@0,attr:Splits/train.sql#4:4f11fcad,0.6666666666666666,0.0,3,3,0.0,structure
unlimited@0,attr:player_multiagg20:q10:1337ff71,0.7142857142857142,0.8,2,3,0.5714,structure
unlimited@0,attr:Splits/test.sql#2:ab13f20a,0.5989583333333334,0.6521739130434783,56,82,0.3906,structure
unlimited@0,attr:Splits/train.sql#27:e518235e,0.7142857142857142,0.4,2,3,0.2857,structure
unlimited@0,attr:Expanded/agg_join_expanded.sql#1:ed9dfa67,0.7142857142857142,0.0,2,3,0.0,structure
unlimited@0,attr:Splits/test.sql#3:5b6cb72b,0.5989583333333334,0.536231884057971,56,82,0.3212,structure
unlimited@0,attr:Expanded/agg_filter_expanded.sql#14:c7e1850b,0.9259259259259258,0.8095238095238095,20,22,0.7496,structure
unlimited@0,attr:Expanded/agg_filter_join_expanded.sql#5:e4adf27a,1.0,1.0,1,1,1.0,ok
unlimited@0,attr:player_multiagg20:q4:8c5af8bb,0.7333333333333333,0.5679012345679013,11,16,0.4165,structure
unlimited@0,attr:Splits/test.sql#3:4e167992,0.8287292817679557,0.6203703703703702,107,109,0.5141,structure
unlimited@0,attr:Splits/train.sql#68:e92c391d,0.7142857142857142,0.4,2,3,0.2857,structure
unlimited@0,attr:Expanded/agg_join_expanded.sql#5:65097fb9,0.7142857142857142,0.4,2,3,0.2857,structure
unlimited@0,attr:docetl_Player_v7:q0:525436db,1.0,0.0,2,2,0.0,values
unlimited@0,attr:Splits/train.sql#20:c3c663c9,0.9210526315789473,0.888888888888889,22,23,0.8187,structure
unlimited@0,attr:Splits/train.sql#68:3aaa2fe5,0.7142857142857142,0.4,2,3,0.2857,structure
unlimited@0,attr:Splits/test.sql#14:07834953,0.7142857142857142,0.0,2,3,0.0,structure
unlimited@0,attr:Splits/train.sql#23:6f7d6e40,0.0,0.0,1,1,0.0,structure
unlimited@0,attr:Splits/train.sql#44:f69fe7f1,0.8189655172413792,0.5,20,24,0.4095,structure
unlimited@0,attr:player_multiagg20:q4:bbe158ad,0.7333333333333333,0.4691358024691358,11,16,0.344,structure
unlimited@0,attr:Splits/test.sql#2:86ec6660,0.5989583333333334,0.463768115942029,56,82,0.2778,structure
unlimited@0,attr:Splits/train.sql#70:eaedaf09,0.75,0.3243243243243243,16,21,0.2432,structure
unlimited@0,attr:Splits/train.sql#37:54c21492,0.6666666666666666,0.0,3,3,0.0,structure
unlimited@0,attr:player_join20:q7:ed16135e,1.0,0.6818181818181818,22,22,0.6818,values
unlimited@0,attr:Splits/train.sql#23:1909ba6e,0.0,0.0,1,1,0.0,structure
unlimited@0,attr:Expanded/agg_only_expanded.sql#14:1f093cf7,0.5750798722044729,0.5137614678899082,41,68,0.2955,structure
unlimited@0,attr:Splits/train.sql#36:fe39afb8,0.6666666666666666,0.0,3,3,0.0,structure
unlimited@0,attr:Splits/train.sql#51:d89bf15c,0.7142857142857142,0.4,2,3,0.2857,structure
unlimited@0,attr:Splits/train.sql#20:e326cfd2,0.9210526315789473,0.888888888888889,22,23,0.8187,structure
unlimited@0,attr:Expanded/agg_only_expanded.sql#10:a23eaa3e,0.9210526315789473,0.888888888888889,22,23,0.8187,structure
unlimited@0,attr:docetl_Player_v7:q18:adf37781,1.0,0.7272727272727273,22,22,0.7273,values
unlimited@0,attr:Agg/agg_queries.sql#1:58b91799,0.6666666666666666,0.6666666666666666,3,3,0.4444,structure
unlimited@0,attr:Splits/train.sql#37:38657b49,0.6666666666666666,0.0,3,3,0.0,structure
unlimited@0,attr:docetl_Player_v7:q4:120ccaad,1.0,0.0,2,2,0.0,values
unlimited@0,attr:Splits/train.sql#68:8e4ce4b5,0.7142857142857142,0.0,2,3,0.0,structure
unlimited@0,attr:Agg/agg_queries.sql#1:a82f21fb,0.6666666666666666,0.0,3,3,0.0,structure
unlimited@0,attr:Variations/Agg/agg_variations.sql#3:bbacce37,0.6666666666666666,0.5,3,3,0.3333,structure
unlimited@0,attr:Splits/test.sql#17:367c3153,0.7843137254901963,0.5714285714285713,11,10,0.4482,structure
unlimited@0,attr:Expanded/agg_filter_join_expanded.sql#1:6dec2e2f,0.7142857142857142,0.8,2,3,0.5714,structure
unlimited@0,attr:Splits/train.sql#44:dd84024c,0.8189655172413792,0.5909090909090908,20,24,0.4839,structure
unlimited@0,attr:Expanded/agg_only_expanded.sql#14:95406113,0.5750798722044729,0.4220183486238533,41,68,0.2427,structure
unlimited@0,attr:Splits/dev.sql#18:013eb2e8,1.0,0.0,1,1,0.0,values
unlimited@0,attr:docetl_Player_v7:q4:dd9b4ab5,1.0,0.5,2,2,0.5,values
unlimited@0,attr:Splits/train.sql#70:2e3d2355,0.75,0.5945945945945946,16,21,0.4459,structure
unlimited@0,attr:Agg/agg_queries.sql#1:4b97a7c3,0.6666666666666666,0.0,3,3,0.0,structure
unlimited@0,attr:Splits/train.sql#47:4820ea07,0.7142857142857142,0.0,2,3,0.0,structure
unlimited@0,attr:Splits/train.sql#22:05a051ca,0.7142857142857142,0.0,2,3,0.0,structure
unlimited@0,attr:Splits/train.sql#19:303ef1a3,0.5989583333333334,0.49275362318840576,56,82,0.2951,structure
unlimited@0,attr:Expanded/agg_filter_expanded.sql#12:338a0c96,0.5700325732899022,0.5094339622641508,39,67,0.2904,structure
unlimited@0,attr:Splits/train.sql#28:51cf7ce8,1.0,1.0,1,1,1.0,ok
unlimited@0,attr:Expanded/agg_filter_join_expanded.sql#1:0535a95a,0.0,0.0,1,1,0.0,structure
unlimited@0,attr:Expanded/agg_only_expanded.sql#10:5c8ac6e2,0.9210526315789473,0.8,22,23,0.7368,structure
unlimited@0,attr:Variations/Agg/agg_variations.sql#3:c63098a9,0.6666666666666666,0.5,3,3,0.3333,structure
unlimited@0,attr:Splits/test.sql#3:5e26d92b,0.5989583333333334,0.6521739130434783,56,82,0.3906,structure
unlimited@0,attr:Splits/train.sql#51:2c3904c8,0.7142857142857142,0.4,2,3,0.2857,structure
unlimited@0,attr:Splits/train.sql#27:71575b0f,0.7142857142857142,0.0,2,3,0.0,structure
unlimited@0,attr:Splits/train.sql#23:5e5025ba,0.0,0.0,1,1,0.0,structure
unlimited@0,attr:player_multiagg20:q12:a5be78a3,0.7333333333333333,0.5555555555555556,11,16,0.4074,structure
unlimited@0,attr:Splits/train.sql#28:856ff057,1.0,1.0,1,1,1.0,ok
unlimited@0,attr:Expanded/agg_filter_join_expanded.sql#4:0a31a1d6,0.7142857142857142,0.8,2,3,0.5714,structure
unlimited@0,attr:Splits/dev.sql#11:8b66cd72,0.7142857142857142,0.4,2,3,0.2857,structure
unlimited@0,attr:Expanded/agg_filter_expanded.sql#14:c9541d96,0.9259259259259258,0.761904761904762,20,22,0.7055,structure
unlimited@0,attr:Variations/Agg/agg_variations.sql#1:e6658259,0.6666666666666666,0.3333333333333333,3,3,0.2222,structure
unlimited@0,attr:docetl_Player_v7:q0:a5bdcfba,1.0,0.0,2,2,0.0,values
unlimited@0,attr:player_groupby20:q9:3e882071,0.9299781181619257,0.8839779005524863,89,92,0.8221,structure
unlimited@0,attr:Splits/train.sql#39:499af76e,1.0,1.0,2,2,1.0,ok
unlimited@0,attr:Expanded/agg_filter_join_expanded.sql#4:6a2d36fc,0.7142857142857142,0.4,2,3,0.2857,structure
unlimited@100,attr:player_multiagg20:q4:e223d11d,0.7333333333333333,0.5679012345679013,11,16,0.4165,structure
unlimited@100,attr:Splits/train.sql#4:550eb54f,0.6666666666666666,0.0,3,3,0.0,structure
unlimited@100,attr:Expanded/agg_join_expanded.sql#1:c24e0cc7,0.7142857142857142,0.0,2,3,0.0,structure
unlimited@100,attr:Splits/train.sql#70:58fad108,0.75,0.7567567567567567,16,21,0.5676,structure
unlimited@100,attr:Splits/train.sql#37:36ff2681,0.6666666666666666,0.3333333333333333,3,3,0.2222,structure
unlimited@100,attr:Splits/test.sql#17:9db266f2,0.7843137254901963,0.761904761904762,11,10,0.5976,structure
unlimited@100,attr:Expanded/agg_filter_expanded.sql#12:9257bded,0.5700325732899022,0.4339622641509434,39,67,0.2474,structure
unlimited@100,attr:Splits/train.sql#47:d388188d,0.7142857142857142,0.8,2,3,0.5714,structure
unlimited@100,attr:Splits/test.sql#14:a53facfd,0.7142857142857142,0.0,2,3,0.0,structure
unlimited@100,attr:Expanded/agg_filter_expanded.sql#1:c5608ae2,1.0,1.0,1,1,1.0,ok
unlimited@100,attr:Expanded/agg_filter_join_expanded.sql#1:97f4546b,0.7142857142857142,0.8,2,3,0.5714,structure
unlimited@100,attr:Splits/train.sql#74:d43cbebb,1.0,1.0,10,10,1.0,ok
unlimited@100,attr:Expanded/agg_join_expanded.sql#5:15c06c11,0.7142857142857142,0.4,2,3,0.2857,structure
unlimited@100,attr:Splits/train.sql#47:c40d7c13,0.7142857142857142,0.0,2,3,0.0,structure
unlimited@100,attr:player_multiagg20:q12:365f4815,0.7333333333333333,0.6296296296296297,11,16,0.4617,structure
unlimited@100,attr:Splits/train.sql#39:2660c7eb,1.0,0.0,2,2,0.0,values
unlimited@100,attr:Splits/train.sql#39:cfc6a04a,1.0,1.0,2,2,1.0,ok
unlimited@100,attr:Splits/train.sql#20:610644e4,0.9210526315789473,0.8444444444444444,22,23,0.7778,structure
unlimited@100,attr:Splits/train.sql#74:d1735ba6,1.0,1.0,10,10,1.0,ok
unlimited@100,attr:Expanded/agg_filter_expanded.sql#1:43804a60,1.0,1.0,1,1,1.0,ok
unlimited@100,attr:Splits/train.sql#4:f514a950,0.6666666666666666,0.0,3,3,0.0,structure
unlimited@100,attr:docetl_Player_v7:q0:fef776e6,1.0,0.0,2,2,0.0,values
unlimited@100,attr:Variations/Agg/agg_variations.sql#1:09fbc9fa,0.6666666666666666,0.0,3,3,0.0,structure
unlimited@100,attr:Splits/train.sql#74:2968ff54,1.0,0.9,10,10,0.9,values
unlimited@100,attr:Splits/test.sql#14:e0da7fae,0.7142857142857142,0.0,2,3,0.0,structure
unlimited@100,attr:Splits/dev.sql#18:bbfca16a,1.0,1.0,1,1,1.0,ok
unlimited@100,attr:Variations/Agg/agg_variations.sql#3:6d2eeac2,0.6666666666666666,0.0,3,3,0.0,structure
unlimited@100,attr:Splits/train.sql#19:332da492,0.5989583333333334,0.5072463768115942,56,82,0.3038,structure
unlimited@100,attr:Expanded/agg_filter_join_expanded.sql#4:17c50da4,0.7142857142857142,0.4,2,3,0.2857,structure
unlimited@100,attr:Splits/dev.sql#11:99e28283,0.7142857142857142,0.4,2,3,0.2857,structure
unlimited@100,attr:Expanded/agg_join_expanded.sql#5:b42bc767,0.7142857142857142,0.4,2,3,0.2857,structure
unlimited@100,attr:Expanded/agg_filter_expanded.sql#14:c3259565,0.9259259259259258,0.9523809523809523,20,22,0.8818,structure
unlimited@100,attr:Splits/train.sql#51:a95139b5,0.7142857142857142,0.4,2,3,0.2857,structure
unlimited@100,attr:Expanded/agg_filter_expanded.sql#12:f3a1786c,0.5700325732899022,0.660377358490566,39,67,0.3764,structure
unlimited@100,attr:Splits/dev.sql#18:b1241002,1.0,1.0,1,1,1.0,ok
unlimited@100,attr:Splits/train.sql#44:a130f41f,0.8189655172413792,0.8181818181818182,20,24,0.6701,structure
unlimited@100,attr:Expanded/agg_filter_expanded.sql#1:e3a8531c,1.0,1.0,1,1,1.0,ok
unlimited@100,attr:player_multiagg20:q12:e0cde198,0.7333333333333333,0.6296296296296297,11,16,0.4617,structure
unlimited@100,attr:Splits/test.sql#2:3e923052,0.5989583333333334,0.4782608695652174,56,82,0.2865,structure
unlimited@100,attr:player_multiagg20:q10:061dce02,0.7142857142857142,0.8,2,3,0.5714,structure
unlimited@100,attr:Expanded/agg_only_expanded.sql#14:c60f4651,0.5750798722044729,0.4220183486238533,41,68,0.2427,structure
unlimited@100,attr:Splits/train.sql#36:76016403,0.6666666666666666,0.0,3,3,0.0,structure
unlimited@100,attr:docetl_Player_v7:q4:7175642b,1.0,0.0,2,2,0.0,values
unlimited@100,attr:Expanded/agg_only_expanded.sql#10:30df06be,0.9210526315789473,0.888888888888889,22,23,0.8187,structure
unlimited@100,attr:Splits/train.sql#19:5ad6058c,0.8272058823529412,0.5990783410138248,108,109,0.4956,structure
unlimited@100,attr:Splits/dev.sql#11:6ef31688,0.7142857142857142,0.4,2,3,0.2857,structure
unlimited@100,attr:Variations/Agg/agg_variations.sql#1:84662181,0.6666666666666666,0.0,3,3,0.0,structure
unlimited@100,attr:Splits/train.sql#27:22ff56d3,0.7142857142857142,0.4,2,3,0.2857,structure
unlimited@100,attr:Expanded/agg_join_expanded.sql#1:a91a664a,0.7142857142857142,0.0,2,3,0.0,structure
unlimited@100,attr:Splits/train.sql#28:913c76d4,1.0,1.0,1,1,1.0,ok
unlimited@100,attr:Splits/test.sql#17:be55be91,0.7843137254901963,0.47619047619047616,11,10,0.3735,structure
unlimited@100,attr:Splits/train.sql#36:267aed6c,0.6666666666666666,0.3333333333333333,3,3,0.2222,structure
unlimited@100,attr:Splits/train.sql#4:4f11fcad,0.6666666666666666,0.0,3,3,0.0,structure
unlimited@100,attr:player_multiagg20:q10:1337ff71,0.7142857142857142,0.8,2,3,0.5714,structure
unlimited@100,attr:Splits/test.sql#2:ab13f20a,0.5989583333333334,0.6521739130434783,56,82,0.3906,structure
unlimited@100,attr:Splits/train.sql#27:e518235e,0.7142857142857142,0.4,2,3,0.2857,structure
unlimited@100,attr:Expanded/agg_join_expanded.sql#1:ed9dfa67,0.7142857142857142,0.0,2,3,0.0,structure
unlimited@100,attr:Splits/test.sql#3:5b6cb72b,0.5989583333333334,0.4782608695652174,56,82,0.2865,structure
unlimited@100,attr:Expanded/agg_filter_expanded.sql#14:c7e1850b,0.9259259259259258,0.761904761904762,20,22,0.7055,structure
unlimited@100,attr:Expanded/agg_filter_join_expanded.sql#5:e4adf27a,1.0,1.0,1,1,1.0,ok
unlimited@100,attr:player_multiagg20:q4:8c5af8bb,0.7333333333333333,0.5679012345679013,11,16,0.4165,structure
unlimited@100,attr:Splits/test.sql#3:4e167992,0.8272058823529412,0.6175115207373272,108,109,0.5108,structure
unlimited@100,attr:Splits/train.sql#68:e92c391d,0.7142857142857142,0.4,2,3,0.2857,structure
unlimited@100,attr:Expanded/agg_join_expanded.sql#5:65097fb9,0.7142857142857142,0.4,2,3,0.2857,structure
unlimited@100,attr:docetl_Player_v7:q0:525436db,1.0,0.0,2,2,0.0,values
unlimited@100,attr:Splits/train.sql#20:c3c663c9,0.9210526315789473,0.888888888888889,22,23,0.8187,structure
unlimited@100,attr:Splits/train.sql#68:3aaa2fe5,0.7142857142857142,0.4,2,3,0.2857,structure
unlimited@100,attr:Splits/test.sql#14:07834953,0.7142857142857142,0.0,2,3,0.0,structure
unlimited@100,attr:Splits/train.sql#23:6f7d6e40,0.0,0.0,1,1,0.0,structure
unlimited@100,attr:Splits/train.sql#44:f69fe7f1,0.8189655172413792,0.5454545454545454,20,24,0.4467,structure
unlimited@100,attr:player_multiagg20:q4:bbe158ad,0.7333333333333333,0.4691358024691358,11,16,0.344,structure
unlimited@100,attr:Splits/test.sql#2:86ec6660,0.5989583333333334,0.49275362318840576,56,82,0.2951,structure
unlimited@100,attr:Splits/train.sql#70:eaedaf09,0.75,0.4324324324324324,16,21,0.3243,structure
unlimited@100,attr:Splits/train.sql#37:54c21492,0.6666666666666666,0.0,3,3,0.0,structure
unlimited@100,attr:player_join20:q7:ed16135e,1.0,0.6818181818181818,22,22,0.6818,values
unlimited@100,attr:Splits/train.sql#23:1909ba6e,0.0,0.0,1,1,0.0,structure
unlimited@100,attr:Expanded/agg_only_expanded.sql#14:1f093cf7,0.5750798722044729,0.5321100917431193,41,68,0.306,structure
unlimited@100,attr:Splits/train.sql#36:fe39afb8,0.6666666666666666,0.0,3,3,0.0,structure
unlimited@100,attr:Splits/train.sql#51:d89bf15c,0.7142857142857142,0.4,2,3,0.2857,structure
unlimited@100,attr:Splits/train.sql#20:e326cfd2,0.9210526315789473,0.888888888888889,22,23,0.8187,structure
unlimited@100,attr:Expanded/agg_only_expanded.sql#10:a23eaa3e,0.9210526315789473,0.9333333333333332,22,23,0.8596,structure
unlimited@100,attr:docetl_Player_v7:q18:adf37781,1.0,0.7272727272727273,22,22,0.7273,values
unlimited@100,attr:Agg/agg_queries.sql#1:58b91799,0.6666666666666666,0.6666666666666666,3,3,0.4444,structure
unlimited@100,attr:Splits/train.sql#37:38657b49,0.6666666666666666,0.0,3,3,0.0,structure
unlimited@100,attr:docetl_Player_v7:q4:120ccaad,1.0,0.0,2,2,0.0,values
unlimited@100,attr:Splits/train.sql#68:8e4ce4b5,0.7142857142857142,0.0,2,3,0.0,structure
unlimited@100,attr:Agg/agg_queries.sql#1:a82f21fb,0.6666666666666666,0.0,3,3,0.0,structure
unlimited@100,attr:Variations/Agg/agg_variations.sql#3:bbacce37,0.6666666666666666,0.3333333333333333,3,3,0.2222,structure
unlimited@100,attr:Splits/test.sql#17:367c3153,0.7843137254901963,0.6666666666666666,11,10,0.5229,structure
unlimited@100,attr:Expanded/agg_filter_join_expanded.sql#1:6dec2e2f,0.7142857142857142,0.8,2,3,0.5714,structure
unlimited@100,attr:Splits/train.sql#44:dd84024c,0.8189655172413792,0.6363636363636365,20,24,0.5212,structure
unlimited@100,attr:Expanded/agg_only_expanded.sql#14:95406113,0.5750798722044729,0.4220183486238533,41,68,0.2427,structure
unlimited@100,attr:Splits/dev.sql#18:013eb2e8,1.0,1.0,1,1,1.0,ok
unlimited@100,attr:docetl_Player_v7:q4:dd9b4ab5,1.0,0.5,2,2,0.5,values
unlimited@100,attr:Splits/train.sql#70:2e3d2355,0.75,0.5945945945945946,16,21,0.4459,structure
unlimited@100,attr:Agg/agg_queries.sql#1:4b97a7c3,0.6666666666666666,0.0,3,3,0.0,structure
unlimited@100,attr:Splits/train.sql#47:4820ea07,0.7142857142857142,0.0,2,3,0.0,structure
unlimited@100,attr:Splits/train.sql#22:05a051ca,0.7142857142857142,0.0,2,3,0.0,structure
unlimited@100,attr:Splits/train.sql#19:303ef1a3,0.5989583333333334,0.5072463768115942,56,82,0.3038,structure
unlimited@100,attr:Expanded/agg_filter_expanded.sql#12:338a0c96,0.5700325732899022,0.5283018867924528,39,67,0.3011,structure
unlimited@100,attr:Splits/train.sql#28:51cf7ce8,1.0,1.0,1,1,1.0,ok
unlimited@100,attr:Expanded/agg_filter_join_expanded.sql#1:0535a95a,0.0,0.0,1,1,0.0,structure
unlimited@100,attr:Expanded/agg_only_expanded.sql#10:5c8ac6e2,0.9210526315789473,0.7555555555555555,22,23,0.6959,structure
unlimited@100,attr:Variations/Agg/agg_variations.sql#3:c63098a9,0.6666666666666666,0.3333333333333333,3,3,0.2222,structure
unlimited@100,attr:Splits/test.sql#3:5e26d92b,0.5989583333333334,0.6521739130434783,56,82,0.3906,structure
unlimited@100,attr:Splits/train.sql#51:2c3904c8,0.7142857142857142,0.4,2,3,0.2857,structure
unlimited@100,attr:Splits/train.sql#27:71575b0f,0.7142857142857142,0.0,2,3,0.0,structure
unlimited@100,attr:Splits/train.sql#23:5e5025ba,0.0,0.0,1,1,0.0,structure
unlimited@100,attr:player_multiagg20:q12:a5be78a3,0.7333333333333333,0.5555555555555556,11,16,0.4074,structure
unlimited@100,attr:Splits/train.sql#28:856ff057,1.0,1.0,1,1,1.0,ok
unlimited@100,attr:Expanded/agg_filter_join_expanded.sql#4:0a31a1d6,0.7142857142857142,0.8,2,3,0.5714,structure
unlimited@100,attr:Splits/dev.sql#11:8b66cd72,0.7142857142857142,0.4,2,3,0.2857,structure
unlimited@100,attr:Expanded/agg_filter_expanded.sql#14:c9541d96,0.9259259259259258,0.7142857142857143,20,22,0.6614,structure
unlimited@100,attr:Variations/Agg/agg_variations.sql#1:e6658259,0.6666666666666666,0.0,3,3,0.0,structure
unlimited@100,attr:docetl_Player_v7:q0:a5bdcfba,1.0,0.0,2,2,0.0,values
unlimited@100,attr:player_groupby20:q9:3e882071,0.9388646288209607,0.868131868131868,90,92,0.8151,structure
unlimited@100,attr:Splits/train.sql#39:499af76e,1.0,1.0,2,2,1.0,ok
unlimited@100,attr:Expanded/agg_filter_join_expanded.sql#4:6a2d36fc,0.7142857142857142,0.4,2,3,0.2857,structure
unlimited@25,attr:player_multiagg20:q4:e223d11d,0.7333333333333333,0.5679012345679013,11,16,0.4165,structure
unlimited@25,attr:Splits/train.sql#4:550eb54f,0.6666666666666666,0.0,3,3,0.0,structure
unlimited@25,attr:Expanded/agg_join_expanded.sql#1:c24e0cc7,0.7142857142857142,0.0,2,3,0.0,structure
unlimited@25,attr:Splits/train.sql#70:58fad108,0.75,0.7027027027027026,16,21,0.527,structure
unlimited@25,attr:Splits/train.sql#37:36ff2681,0.6666666666666666,0.3333333333333333,3,3,0.2222,structure
unlimited@25,attr:Splits/test.sql#17:9db266f2,0.7843137254901963,0.761904761904762,11,10,0.5976,structure
unlimited@25,attr:Expanded/agg_filter_expanded.sql#12:9257bded,0.5700325732899022,0.4339622641509434,39,67,0.2474,structure
unlimited@25,attr:Splits/train.sql#47:d388188d,0.7142857142857142,0.8,2,3,0.5714,structure
unlimited@25,attr:Splits/test.sql#14:a53facfd,0.7142857142857142,0.0,2,3,0.0,structure
unlimited@25,attr:Expanded/agg_filter_expanded.sql#1:c5608ae2,1.0,1.0,1,1,1.0,ok
unlimited@25,attr:Expanded/agg_filter_join_expanded.sql#1:97f4546b,0.7142857142857142,0.8,2,3,0.5714,structure
unlimited@25,attr:Splits/train.sql#74:d43cbebb,1.0,0.8000000000000002,10,10,0.8,values
unlimited@25,attr:Expanded/agg_join_expanded.sql#5:15c06c11,0.7142857142857142,0.4,2,3,0.2857,structure
unlimited@25,attr:Splits/train.sql#47:c40d7c13,0.7142857142857142,0.0,2,3,0.0,structure
unlimited@25,attr:player_multiagg20:q12:365f4815,0.7333333333333333,0.6296296296296297,11,16,0.4617,structure
unlimited@25,attr:Splits/train.sql#39:2660c7eb,1.0,0.0,2,2,0.0,values
unlimited@25,attr:Splits/train.sql#39:cfc6a04a,1.0,1.0,2,2,1.0,ok
unlimited@25,attr:Splits/train.sql#20:610644e4,0.9210526315789473,0.8444444444444444,22,23,0.7778,structure
unlimited@25,attr:Splits/train.sql#74:d1735ba6,1.0,1.0,10,10,1.0,ok
unlimited@25,attr:Expanded/agg_filter_expanded.sql#1:43804a60,1.0,1.0,1,1,1.0,ok
unlimited@25,attr:Splits/train.sql#4:f514a950,0.6666666666666666,0.0,3,3,0.0,structure
unlimited@25,attr:docetl_Player_v7:q0:fef776e6,1.0,0.0,2,2,0.0,values
unlimited@25,attr:Variations/Agg/agg_variations.sql#1:09fbc9fa,0.6666666666666666,0.0,3,3,0.0,structure
unlimited@25,attr:Splits/train.sql#74:2968ff54,1.0,0.9,10,10,0.9,values
unlimited@25,attr:Splits/test.sql#14:e0da7fae,0.7142857142857142,0.0,2,3,0.0,structure
unlimited@25,attr:Splits/dev.sql#18:bbfca16a,1.0,1.0,1,1,1.0,ok
unlimited@25,attr:Variations/Agg/agg_variations.sql#3:6d2eeac2,0.6666666666666666,0.0,3,3,0.0,structure
unlimited@25,attr:Splits/train.sql#19:332da492,0.5989583333333334,0.49275362318840576,56,82,0.2951,structure
unlimited@25,attr:Expanded/agg_filter_join_expanded.sql#4:17c50da4,0.7142857142857142,0.4,2,3,0.2857,structure
unlimited@25,attr:Splits/dev.sql#11:99e28283,0.7142857142857142,0.4,2,3,0.2857,structure
unlimited@25,attr:Expanded/agg_join_expanded.sql#5:b42bc767,0.7142857142857142,0.4,2,3,0.2857,structure
unlimited@25,attr:Expanded/agg_filter_expanded.sql#14:c3259565,0.9259259259259258,0.9047619047619048,20,22,0.8377,structure
unlimited@25,attr:Splits/train.sql#51:a95139b5,0.7142857142857142,0.4,2,3,0.2857,structure
unlimited@25,attr:Expanded/agg_filter_expanded.sql#12:f3a1786c,0.5700325732899022,0.660377358490566,39,67,0.3764,structure
unlimited@25,attr:Splits/dev.sql#18:b1241002,1.0,1.0,1,1,1.0,ok
unlimited@25,attr:Splits/train.sql#44:a130f41f,0.8189655172413792,0.7727272727272727,20,24,0.6328,structure
unlimited@25,attr:Expanded/agg_filter_expanded.sql#1:e3a8531c,1.0,1.0,1,1,1.0,ok
unlimited@25,attr:player_multiagg20:q12:e0cde198,0.7333333333333333,0.6296296296296297,11,16,0.4617,structure
unlimited@25,attr:Splits/test.sql#2:3e923052,0.5989583333333334,0.536231884057971,56,82,0.3212,structure
unlimited@25,attr:player_multiagg20:q10:061dce02,0.7142857142857142,0.8,2,3,0.5714,structure
unlimited@25,attr:Expanded/agg_only_expanded.sql#14:c60f4651,0.5750798722044729,0.4036697247706422,41,68,0.2321,structure
unlimited@25,attr:Splits/train.sql#36:76016403,0.6666666666666666,0.0,3,3,0.0,structure
unlimited@25,attr:docetl_Player_v7:q4:7175642b,1.0,0.0,2,2,0.0,values
unlimited@25,attr:Expanded/agg_only_expanded.sql#10:30df06be,0.9210526315789473,0.888888888888889,22,23,0.8187,structure
unlimited@25,attr:Splits/train.sql#19:5ad6058c,0.8287292817679557,0.5833333333333334,107,109,0.4834,structure
unlimited@25,attr:Splits/dev.sql#11:6ef31688,0.7142857142857142,0.4,2,3,0.2857,structure
unlimited@25,attr:Variations/Agg/agg_variations.sql#1:84662181,0.6666666666666666,0.3333333333333333,3,3,0.2222,structure
unlimited@25,attr:Splits/train.sql#27:22ff56d3,0.7142857142857142,0.4,2,3,0.2857,structure
unlimited@25,attr:Expanded/agg_join_expanded.sql#1:a91a664a,0.7142857142857142,0.0,2,3,0.0,structure
unlimited@25,attr:Splits/train.sql#28:913c76d4,1.0,1.0,1,1,1.0,ok
unlimited@25,attr:Splits/test.sql#17:be55be91,0.7843137254901963,0.47619047619047616,11,10,0.3735,structure
unlimited@25,attr:Splits/train.sql#36:267aed6c,0.6666666666666666,0.3333333333333333,3,3,0.2222,structure
unlimited@25,attr:Splits/train.sql#4:4f11fcad,0.6666666666666666,0.0,3,3,0.0,structure
unlimited@25,attr:player_multiagg20:q10:1337ff71,0.7142857142857142,0.8,2,3,0.5714,structure
unlimited@25,attr:Splits/test.sql#2:ab13f20a,0.5989583333333334,0.6521739130434783,56,82,0.3906,structure
unlimited@25,attr:Splits/train.sql#27:e518235e,0.7142857142857142,0.4,2,3,0.2857,structure
unlimited@25,attr:Expanded/agg_join_expanded.sql#1:ed9dfa67,0.7142857142857142,0.0,2,3,0.0,structure
unlimited@25,attr:Splits/test.sql#3:5b6cb72b,0.5989583333333334,0.536231884057971,56,82,0.3212,structure
unlimited@25,attr:Expanded/agg_filter_expanded.sql#14:c7e1850b,0.9259259259259258,0.8095238095238095,20,22,0.7496,structure
unlimited@25,attr:Expanded/agg_filter_join_expanded.sql#5:e4adf27a,1.0,1.0,1,1,1.0,ok
unlimited@25,attr:player_multiagg20:q4:8c5af8bb,0.7333333333333333,0.5679012345679013,11,16,0.4165,structure
unlimited@25,attr:Splits/test.sql#3:4e167992,0.8287292817679557,0.6203703703703702,107,109,0.5141,structure
unlimited@25,attr:Splits/train.sql#68:e92c391d,0.7142857142857142,0.4,2,3,0.2857,structure
unlimited@25,attr:Expanded/agg_join_expanded.sql#5:65097fb9,0.7142857142857142,0.4,2,3,0.2857,structure
unlimited@25,attr:docetl_Player_v7:q0:525436db,1.0,0.0,2,2,0.0,values
unlimited@25,attr:Splits/train.sql#20:c3c663c9,0.9210526315789473,0.888888888888889,22,23,0.8187,structure
unlimited@25,attr:Splits/train.sql#68:3aaa2fe5,0.7142857142857142,0.4,2,3,0.2857,structure
unlimited@25,attr:Splits/test.sql#14:07834953,0.7142857142857142,0.0,2,3,0.0,structure
unlimited@25,attr:Splits/train.sql#23:6f7d6e40,0.0,0.0,1,1,0.0,structure
unlimited@25,attr:Splits/train.sql#44:f69fe7f1,0.8189655172413792,0.5,20,24,0.4095,structure
unlimited@25,attr:player_multiagg20:q4:bbe158ad,0.7333333333333333,0.4691358024691358,11,16,0.344,structure
unlimited@25,attr:Splits/test.sql#2:86ec6660,0.5989583333333334,0.463768115942029,56,82,0.2778,structure
unlimited@25,attr:Splits/train.sql#70:eaedaf09,0.75,0.3243243243243243,16,21,0.2432,structure
unlimited@25,attr:Splits/train.sql#37:54c21492,0.6666666666666666,0.0,3,3,0.0,structure
unlimited@25,attr:player_join20:q7:ed16135e,1.0,0.6818181818181818,22,22,0.6818,values
unlimited@25,attr:Splits/train.sql#23:1909ba6e,0.0,0.0,1,1,0.0,structure
unlimited@25,attr:Expanded/agg_only_expanded.sql#14:1f093cf7,0.5750798722044729,0.5137614678899082,41,68,0.2955,structure
unlimited@25,attr:Splits/train.sql#36:fe39afb8,0.6666666666666666,0.0,3,3,0.0,structure
unlimited@25,attr:Splits/train.sql#51:d89bf15c,0.7142857142857142,0.4,2,3,0.2857,structure
unlimited@25,attr:Splits/train.sql#20:e326cfd2,0.9210526315789473,0.888888888888889,22,23,0.8187,structure
unlimited@25,attr:Expanded/agg_only_expanded.sql#10:a23eaa3e,0.9210526315789473,0.888888888888889,22,23,0.8187,structure
unlimited@25,attr:docetl_Player_v7:q18:adf37781,1.0,0.7272727272727273,22,22,0.7273,values
unlimited@25,attr:Agg/agg_queries.sql#1:58b91799,0.6666666666666666,0.6666666666666666,3,3,0.4444,structure
unlimited@25,attr:Splits/train.sql#37:38657b49,0.6666666666666666,0.0,3,3,0.0,structure
unlimited@25,attr:docetl_Player_v7:q4:120ccaad,1.0,0.0,2,2,0.0,values
unlimited@25,attr:Splits/train.sql#68:8e4ce4b5,0.7142857142857142,0.0,2,3,0.0,structure
unlimited@25,attr:Agg/agg_queries.sql#1:a82f21fb,0.6666666666666666,0.0,3,3,0.0,structure
unlimited@25,attr:Variations/Agg/agg_variations.sql#3:bbacce37,0.6666666666666666,0.5,3,3,0.3333,structure
unlimited@25,attr:Splits/test.sql#17:367c3153,0.7843137254901963,0.6666666666666666,11,10,0.5229,structure
unlimited@25,attr:Expanded/agg_filter_join_expanded.sql#1:6dec2e2f,0.7142857142857142,0.8,2,3,0.5714,structure
unlimited@25,attr:Splits/train.sql#44:dd84024c,0.8189655172413792,0.6363636363636365,20,24,0.5212,structure
unlimited@25,attr:Expanded/agg_only_expanded.sql#14:95406113,0.5750798722044729,0.4220183486238533,41,68,0.2427,structure
unlimited@25,attr:Splits/dev.sql#18:013eb2e8,1.0,0.0,1,1,0.0,values
unlimited@25,attr:docetl_Player_v7:q4:dd9b4ab5,1.0,0.5,2,2,0.5,values
unlimited@25,attr:Splits/train.sql#70:2e3d2355,0.75,0.5945945945945946,16,21,0.4459,structure
unlimited@25,attr:Agg/agg_queries.sql#1:4b97a7c3,0.6666666666666666,0.0,3,3,0.0,structure
unlimited@25,attr:Splits/train.sql#47:4820ea07,0.7142857142857142,0.0,2,3,0.0,structure
unlimited@25,attr:Splits/train.sql#22:05a051ca,0.7142857142857142,0.0,2,3,0.0,structure
unlimited@25,attr:Splits/train.sql#19:303ef1a3,0.5989583333333334,0.5072463768115942,56,82,0.3038,structure
unlimited@25,attr:Expanded/agg_filter_expanded.sql#12:338a0c96,0.5700325732899022,0.5094339622641508,39,67,0.2904,structure
unlimited@25,attr:Splits/train.sql#28:51cf7ce8,1.0,1.0,1,1,1.0,ok
unlimited@25,attr:Expanded/agg_filter_join_expanded.sql#1:0535a95a,0.0,0.0,1,1,0.0,structure
unlimited@25,attr:Expanded/agg_only_expanded.sql#10:5c8ac6e2,0.9210526315789473,0.8,22,23,0.7368,structure
unlimited@25,attr:Variations/Agg/agg_variations.sql#3:c63098a9,0.6666666666666666,0.5,3,3,0.3333,structure
unlimited@25,attr:Splits/test.sql#3:5e26d92b,0.5989583333333334,0.6521739130434783,56,82,0.3906,structure
unlimited@25,attr:Splits/train.sql#51:2c3904c8,0.7142857142857142,0.4,2,3,0.2857,structure
unlimited@25,attr:Splits/train.sql#27:71575b0f,0.7142857142857142,0.0,2,3,0.0,structure
unlimited@25,attr:Splits/train.sql#23:5e5025ba,0.0,0.0,1,1,0.0,structure
unlimited@25,attr:player_multiagg20:q12:a5be78a3,0.7333333333333333,0.5555555555555556,11,16,0.4074,structure
unlimited@25,attr:Splits/train.sql#28:856ff057,1.0,1.0,1,1,1.0,ok
unlimited@25,attr:Expanded/agg_filter_join_expanded.sql#4:0a31a1d6,0.7142857142857142,0.8,2,3,0.5714,structure
unlimited@25,attr:Splits/dev.sql#11:8b66cd72,0.7142857142857142,0.4,2,3,0.2857,structure
unlimited@25,attr:Expanded/agg_filter_expanded.sql#14:c9541d96,0.9259259259259258,0.7142857142857143,20,22,0.6614,structure
unlimited@25,attr:Variations/Agg/agg_variations.sql#1:e6658259,0.6666666666666666,0.3333333333333333,3,3,0.2222,structure
unlimited@25,attr:docetl_Player_v7:q0:a5bdcfba,1.0,0.0,2,2,0.0,values
unlimited@25,attr:player_groupby20:q9:3e882071,0.9299781181619257,0.8839779005524863,89,92,0.8221,structure
unlimited@25,attr:Splits/train.sql#39:499af76e,1.0,1.0,2,2,1.0,ok
unlimited@25,attr:Expanded/agg_filter_join_expanded.sql#4:6a2d36fc,0.7142857142857142,0.4,2,3,0.2857,structure
unlimited@50,attr:player_multiagg20:q4:e223d11d,0.7333333333333333,0.5679012345679013,11,16,0.4165,structure
unlimited@50,attr:Splits/train.sql#4:550eb54f,0.6666666666666666,0.0,3,3,0.0,structure
unlimited@50,attr:Expanded/agg_join_expanded.sql#1:c24e0cc7,0.7142857142857142,0.0,2,3,0.0,structure
unlimited@50,attr:Splits/train.sql#70:58fad108,0.75,0.7027027027027026,16,21,0.527,structure
unlimited@50,attr:Splits/train.sql#37:36ff2681,0.6666666666666666,0.3333333333333333,3,3,0.2222,structure
unlimited@50,attr:Splits/test.sql#17:9db266f2,0.7843137254901963,0.761904761904762,11,10,0.5976,structure
unlimited@50,attr:Expanded/agg_filter_expanded.sql#12:9257bded,0.5700325732899022,0.4339622641509434,39,67,0.2474,structure
unlimited@50,attr:Splits/train.sql#47:d388188d,0.7142857142857142,0.8,2,3,0.5714,structure
unlimited@50,attr:Splits/test.sql#14:a53facfd,0.7142857142857142,0.0,2,3,0.0,structure
unlimited@50,attr:Expanded/agg_filter_expanded.sql#1:c5608ae2,1.0,1.0,1,1,1.0,ok
unlimited@50,attr:Expanded/agg_filter_join_expanded.sql#1:97f4546b,0.7142857142857142,0.8,2,3,0.5714,structure
unlimited@50,attr:Splits/train.sql#74:d43cbebb,1.0,1.0,10,10,1.0,ok
unlimited@50,attr:Expanded/agg_join_expanded.sql#5:15c06c11,0.7142857142857142,0.4,2,3,0.2857,structure
unlimited@50,attr:Splits/train.sql#47:c40d7c13,0.7142857142857142,0.0,2,3,0.0,structure
unlimited@50,attr:player_multiagg20:q12:365f4815,0.7333333333333333,0.6296296296296297,11,16,0.4617,structure
unlimited@50,attr:Splits/train.sql#39:2660c7eb,1.0,0.0,2,2,0.0,values
unlimited@50,attr:Splits/train.sql#39:cfc6a04a,1.0,1.0,2,2,1.0,ok
unlimited@50,attr:Splits/train.sql#20:610644e4,0.9210526315789473,0.8444444444444444,22,23,0.7778,structure
unlimited@50,attr:Splits/train.sql#74:d1735ba6,1.0,1.0,10,10,1.0,ok
unlimited@50,attr:Expanded/agg_filter_expanded.sql#1:43804a60,1.0,1.0,1,1,1.0,ok
unlimited@50,attr:Splits/train.sql#4:f514a950,0.6666666666666666,0.0,3,3,0.0,structure
unlimited@50,attr:docetl_Player_v7:q0:fef776e6,1.0,0.0,2,2,0.0,values
unlimited@50,attr:Variations/Agg/agg_variations.sql#1:09fbc9fa,0.6666666666666666,0.0,3,3,0.0,structure
unlimited@50,attr:Splits/train.sql#74:2968ff54,1.0,0.9,10,10,0.9,values
unlimited@50,attr:Splits/test.sql#14:e0da7fae,0.7142857142857142,0.0,2,3,0.0,structure
unlimited@50,attr:Splits/dev.sql#18:bbfca16a,1.0,1.0,1,1,1.0,ok
unlimited@50,attr:Variations/Agg/agg_variations.sql#3:6d2eeac2,0.6666666666666666,0.0,3,3,0.0,structure
unlimited@50,attr:Splits/train.sql#19:332da492,0.5989583333333334,0.49275362318840576,56,82,0.2951,structure
unlimited@50,attr:Expanded/agg_filter_join_expanded.sql#4:17c50da4,0.7142857142857142,0.4,2,3,0.2857,structure
unlimited@50,attr:Splits/dev.sql#11:99e28283,0.7142857142857142,0.4,2,3,0.2857,structure
unlimited@50,attr:Expanded/agg_join_expanded.sql#5:b42bc767,0.7142857142857142,0.4,2,3,0.2857,structure
unlimited@50,attr:Expanded/agg_filter_expanded.sql#14:c3259565,0.9259259259259258,0.9523809523809523,20,22,0.8818,structure
unlimited@50,attr:Splits/train.sql#51:a95139b5,0.7142857142857142,0.4,2,3,0.2857,structure
unlimited@50,attr:Expanded/agg_filter_expanded.sql#12:f3a1786c,0.5700325732899022,0.660377358490566,39,67,0.3764,structure
unlimited@50,attr:Splits/dev.sql#18:b1241002,1.0,1.0,1,1,1.0,ok
unlimited@50,attr:Splits/train.sql#44:a130f41f,0.8189655172413792,0.7727272727272727,20,24,0.6328,structure
unlimited@50,attr:Expanded/agg_filter_expanded.sql#1:e3a8531c,1.0,1.0,1,1,1.0,ok
unlimited@50,attr:player_multiagg20:q12:e0cde198,0.7333333333333333,0.6296296296296297,11,16,0.4617,structure
unlimited@50,attr:Splits/test.sql#2:3e923052,0.5989583333333334,0.536231884057971,56,82,0.3212,structure
unlimited@50,attr:player_multiagg20:q10:061dce02,0.7142857142857142,0.8,2,3,0.5714,structure
unlimited@50,attr:Expanded/agg_only_expanded.sql#14:c60f4651,0.5750798722044729,0.4036697247706422,41,68,0.2321,structure
unlimited@50,attr:Splits/train.sql#36:76016403,0.6666666666666666,0.0,3,3,0.0,structure
unlimited@50,attr:docetl_Player_v7:q4:7175642b,1.0,0.0,2,2,0.0,values
unlimited@50,attr:Expanded/agg_only_expanded.sql#10:30df06be,0.9210526315789473,0.888888888888889,22,23,0.8187,structure
unlimited@50,attr:Splits/train.sql#19:5ad6058c,0.8272058823529412,0.5990783410138248,108,109,0.4956,structure
unlimited@50,attr:Splits/dev.sql#11:6ef31688,0.7142857142857142,0.4,2,3,0.2857,structure
unlimited@50,attr:Variations/Agg/agg_variations.sql#1:84662181,0.6666666666666666,0.0,3,3,0.0,structure
unlimited@50,attr:Splits/train.sql#27:22ff56d3,0.7142857142857142,0.4,2,3,0.2857,structure
unlimited@50,attr:Expanded/agg_join_expanded.sql#1:a91a664a,0.7142857142857142,0.0,2,3,0.0,structure
unlimited@50,attr:Splits/train.sql#28:913c76d4,1.0,1.0,1,1,1.0,ok
unlimited@50,attr:Splits/test.sql#17:be55be91,0.7843137254901963,0.47619047619047616,11,10,0.3735,structure
unlimited@50,attr:Splits/train.sql#36:267aed6c,0.6666666666666666,0.3333333333333333,3,3,0.2222,structure
unlimited@50,attr:Splits/train.sql#4:4f11fcad,0.6666666666666666,0.0,3,3,0.0,structure
unlimited@50,attr:player_multiagg20:q10:1337ff71,0.7142857142857142,0.8,2,3,0.5714,structure
unlimited@50,attr:Splits/test.sql#2:ab13f20a,0.5989583333333334,0.6521739130434783,56,82,0.3906,structure
unlimited@50,attr:Splits/train.sql#27:e518235e,0.7142857142857142,0.4,2,3,0.2857,structure
unlimited@50,attr:Expanded/agg_join_expanded.sql#1:ed9dfa67,0.7142857142857142,0.0,2,3,0.0,structure
unlimited@50,attr:Splits/test.sql#3:5b6cb72b,0.5989583333333334,0.536231884057971,56,82,0.3212,structure
unlimited@50,attr:Expanded/agg_filter_expanded.sql#14:c7e1850b,0.9259259259259258,0.8095238095238095,20,22,0.7496,structure
unlimited@50,attr:Expanded/agg_filter_join_expanded.sql#5:e4adf27a,1.0,1.0,1,1,1.0,ok
unlimited@50,attr:player_multiagg20:q4:8c5af8bb,0.7333333333333333,0.5679012345679013,11,16,0.4165,structure
unlimited@50,attr:Splits/test.sql#3:4e167992,0.8272058823529412,0.6175115207373272,108,109,0.5108,structure
unlimited@50,attr:Splits/train.sql#68:e92c391d,0.7142857142857142,0.4,2,3,0.2857,structure
unlimited@50,attr:Expanded/agg_join_expanded.sql#5:65097fb9,0.7142857142857142,0.4,2,3,0.2857,structure
unlimited@50,attr:docetl_Player_v7:q0:525436db,1.0,0.0,2,2,0.0,values
unlimited@50,attr:Splits/train.sql#20:c3c663c9,0.9210526315789473,0.888888888888889,22,23,0.8187,structure
unlimited@50,attr:Splits/train.sql#68:3aaa2fe5,0.7142857142857142,0.4,2,3,0.2857,structure
unlimited@50,attr:Splits/test.sql#14:07834953,0.7142857142857142,0.0,2,3,0.0,structure
unlimited@50,attr:Splits/train.sql#23:6f7d6e40,0.0,0.0,1,1,0.0,structure
unlimited@50,attr:Splits/train.sql#44:f69fe7f1,0.8189655172413792,0.5454545454545454,20,24,0.4467,structure
unlimited@50,attr:player_multiagg20:q4:bbe158ad,0.7333333333333333,0.4691358024691358,11,16,0.344,structure
unlimited@50,attr:Splits/test.sql#2:86ec6660,0.5989583333333334,0.49275362318840576,56,82,0.2951,structure
unlimited@50,attr:Splits/train.sql#70:eaedaf09,0.75,0.4324324324324324,16,21,0.3243,structure
unlimited@50,attr:Splits/train.sql#37:54c21492,0.6666666666666666,0.0,3,3,0.0,structure
unlimited@50,attr:player_join20:q7:ed16135e,1.0,0.6818181818181818,22,22,0.6818,values
unlimited@50,attr:Splits/train.sql#23:1909ba6e,0.0,0.0,1,1,0.0,structure
unlimited@50,attr:Expanded/agg_only_expanded.sql#14:1f093cf7,0.5750798722044729,0.5321100917431193,41,68,0.306,structure
unlimited@50,attr:Splits/train.sql#36:fe39afb8,0.6666666666666666,0.0,3,3,0.0,structure
unlimited@50,attr:Splits/train.sql#51:d89bf15c,0.7142857142857142,0.4,2,3,0.2857,structure
unlimited@50,attr:Splits/train.sql#20:e326cfd2,0.9210526315789473,0.888888888888889,22,23,0.8187,structure
unlimited@50,attr:Expanded/agg_only_expanded.sql#10:a23eaa3e,0.9210526315789473,0.9333333333333332,22,23,0.8596,structure
unlimited@50,attr:docetl_Player_v7:q18:adf37781,1.0,0.7272727272727273,22,22,0.7273,values
unlimited@50,attr:Agg/agg_queries.sql#1:58b91799,0.6666666666666666,0.6666666666666666,3,3,0.4444,structure
unlimited@50,attr:Splits/train.sql#37:38657b49,0.6666666666666666,0.0,3,3,0.0,structure
unlimited@50,attr:docetl_Player_v7:q4:120ccaad,1.0,0.0,2,2,0.0,values
unlimited@50,attr:Splits/train.sql#68:8e4ce4b5,0.7142857142857142,0.0,2,3,0.0,structure
unlimited@50,attr:Agg/agg_queries.sql#1:a82f21fb,0.6666666666666666,0.0,3,3,0.0,structure
unlimited@50,attr:Variations/Agg/agg_variations.sql#3:bbacce37,0.6666666666666666,0.5,3,3,0.3333,structure
unlimited@50,attr:Splits/test.sql#17:367c3153,0.7843137254901963,0.6666666666666666,11,10,0.5229,structure
unlimited@50,attr:Expanded/agg_filter_join_expanded.sql#1:6dec2e2f,0.7142857142857142,0.8,2,3,0.5714,structure
unlimited@50,attr:Splits/train.sql#44:dd84024c,0.8189655172413792,0.6363636363636365,20,24,0.5212,structure
unlimited@50,attr:Expanded/agg_only_expanded.sql#14:95406113,0.5750798722044729,0.4220183486238533,41,68,0.2427,structure
unlimited@50,attr:Splits/dev.sql#18:013eb2e8,1.0,1.0,1,1,1.0,ok
unlimited@50,attr:docetl_Player_v7:q4:dd9b4ab5,1.0,0.5,2,2,0.5,values
unlimited@50,attr:Splits/train.sql#70:2e3d2355,0.75,0.5945945945945946,16,21,0.4459,structure
unlimited@50,attr:Agg/agg_queries.sql#1:4b97a7c3,0.6666666666666666,0.0,3,3,0.0,structure
unlimited@50,attr:Splits/train.sql#47:4820ea07,0.7142857142857142,0.0,2,3,0.0,structure
unlimited@50,attr:Splits/train.sql#22:05a051ca,0.7142857142857142,0.0,2,3,0.0,structure
unlimited@50,attr:Splits/train.sql#19:303ef1a3,0.5989583333333334,0.5072463768115942,56,82,0.3038,structure
unlimited@50,attr:Expanded/agg_filter_expanded.sql#12:338a0c96,0.5700325732899022,0.5283018867924528,39,67,0.3011,structure
unlimited@50,attr:Splits/train.sql#28:51cf7ce8,1.0,1.0,1,1,1.0,ok
unlimited@50,attr:Expanded/agg_filter_join_expanded.sql#1:0535a95a,0.0,0.0,1,1,0.0,structure
unlimited@50,attr:Expanded/agg_only_expanded.sql#10:5c8ac6e2,0.9210526315789473,0.8,22,23,0.7368,structure
unlimited@50,attr:Variations/Agg/agg_variations.sql#3:c63098a9,0.6666666666666666,0.3333333333333333,3,3,0.2222,structure
unlimited@50,attr:Splits/test.sql#3:5e26d92b,0.5989583333333334,0.6521739130434783,56,82,0.3906,structure
unlimited@50,attr:Splits/train.sql#51:2c3904c8,0.7142857142857142,0.4,2,3,0.2857,structure
unlimited@50,attr:Splits/train.sql#27:71575b0f,0.7142857142857142,0.0,2,3,0.0,structure
unlimited@50,attr:Splits/train.sql#23:5e5025ba,0.0,0.0,1,1,0.0,structure
unlimited@50,attr:player_multiagg20:q12:a5be78a3,0.7333333333333333,0.5555555555555556,11,16,0.4074,structure
unlimited@50,attr:Splits/train.sql#28:856ff057,1.0,1.0,1,1,1.0,ok
unlimited@50,attr:Expanded/agg_filter_join_expanded.sql#4:0a31a1d6,0.7142857142857142,0.8,2,3,0.5714,structure
unlimited@50,attr:Splits/dev.sql#11:8b66cd72,0.7142857142857142,0.4,2,3,0.2857,structure
unlimited@50,attr:Expanded/agg_filter_expanded.sql#14:c9541d96,0.9259259259259258,0.7142857142857143,20,22,0.6614,structure
unlimited@50,attr:Variations/Agg/agg_variations.sql#1:e6658259,0.6666666666666666,0.3333333333333333,3,3,0.2222,structure
unlimited@50,attr:docetl_Player_v7:q0:a5bdcfba,1.0,0.0,2,2,0.0,values
unlimited@50,attr:player_groupby20:q9:3e882071,0.9388646288209607,0.868131868131868,90,92,0.8151,structure
unlimited@50,attr:Splits/train.sql#39:499af76e,1.0,1.0,2,2,1.0,ok
unlimited@50,attr:Expanded/agg_filter_join_expanded.sql#4:6a2d36fc,0.7142857142857142,0.4,2,3,0.2857,structure
unlimited@75,attr:player_multiagg20:q4:e223d11d,0.7333333333333333,0.5679012345679013,11,16,0.4165,structure
unlimited@75,attr:Splits/train.sql#4:550eb54f,0.6666666666666666,0.0,3,3,0.0,structure
unlimited@75,attr:Expanded/agg_join_expanded.sql#1:c24e0cc7,0.7142857142857142,0.0,2,3,0.0,structure
unlimited@75,attr:Splits/train.sql#70:58fad108,0.75,0.7027027027027026,16,21,0.527,structure
unlimited@75,attr:Splits/train.sql#37:36ff2681,0.6666666666666666,0.3333333333333333,3,3,0.2222,structure
unlimited@75,attr:Splits/test.sql#17:9db266f2,0.7843137254901963,0.761904761904762,11,10,0.5976,structure
unlimited@75,attr:Expanded/agg_filter_expanded.sql#12:9257bded,0.5700325732899022,0.4339622641509434,39,67,0.2474,structure
unlimited@75,attr:Splits/train.sql#47:d388188d,0.7142857142857142,0.8,2,3,0.5714,structure
unlimited@75,attr:Splits/test.sql#14:a53facfd,0.7142857142857142,0.0,2,3,0.0,structure
unlimited@75,attr:Expanded/agg_filter_expanded.sql#1:c5608ae2,1.0,1.0,1,1,1.0,ok
unlimited@75,attr:Expanded/agg_filter_join_expanded.sql#1:97f4546b,0.7142857142857142,0.8,2,3,0.5714,structure
unlimited@75,attr:Splits/train.sql#74:d43cbebb,1.0,1.0,10,10,1.0,ok
unlimited@75,attr:Expanded/agg_join_expanded.sql#5:15c06c11,0.7142857142857142,0.4,2,3,0.2857,structure
unlimited@75,attr:Splits/train.sql#47:c40d7c13,0.7142857142857142,0.0,2,3,0.0,structure
unlimited@75,attr:player_multiagg20:q12:365f4815,0.7333333333333333,0.6296296296296297,11,16,0.4617,structure
unlimited@75,attr:Splits/train.sql#39:2660c7eb,1.0,0.0,2,2,0.0,values
unlimited@75,attr:Splits/train.sql#39:cfc6a04a,1.0,1.0,2,2,1.0,ok
unlimited@75,attr:Splits/train.sql#20:610644e4,0.9210526315789473,0.8444444444444444,22,23,0.7778,structure
unlimited@75,attr:Splits/train.sql#74:d1735ba6,1.0,1.0,10,10,1.0,ok
unlimited@75,attr:Expanded/agg_filter_expanded.sql#1:43804a60,1.0,1.0,1,1,1.0,ok
unlimited@75,attr:Splits/train.sql#4:f514a950,0.6666666666666666,0.0,3,3,0.0,structure
unlimited@75,attr:docetl_Player_v7:q0:fef776e6,1.0,0.0,2,2,0.0,values
unlimited@75,attr:Variations/Agg/agg_variations.sql#1:09fbc9fa,0.6666666666666666,0.0,3,3,0.0,structure
unlimited@75,attr:Splits/train.sql#74:2968ff54,1.0,0.9,10,10,0.9,values
unlimited@75,attr:Splits/test.sql#14:e0da7fae,0.7142857142857142,0.0,2,3,0.0,structure
unlimited@75,attr:Splits/dev.sql#18:bbfca16a,1.0,1.0,1,1,1.0,ok
unlimited@75,attr:Variations/Agg/agg_variations.sql#3:6d2eeac2,0.6666666666666666,0.0,3,3,0.0,structure
unlimited@75,attr:Splits/train.sql#19:332da492,0.5989583333333334,0.5072463768115942,56,82,0.3038,structure
unlimited@75,attr:Expanded/agg_filter_join_expanded.sql#4:17c50da4,0.7142857142857142,0.4,2,3,0.2857,structure
unlimited@75,attr:Splits/dev.sql#11:99e28283,0.7142857142857142,0.4,2,3,0.2857,structure
unlimited@75,attr:Expanded/agg_join_expanded.sql#5:b42bc767,0.7142857142857142,0.4,2,3,0.2857,structure
unlimited@75,attr:Expanded/agg_filter_expanded.sql#14:c3259565,0.9259259259259258,0.9523809523809523,20,22,0.8818,structure
unlimited@75,attr:Splits/train.sql#51:a95139b5,0.7142857142857142,0.4,2,3,0.2857,structure
unlimited@75,attr:Expanded/agg_filter_expanded.sql#12:f3a1786c,0.5700325732899022,0.660377358490566,39,67,0.3764,structure
unlimited@75,attr:Splits/dev.sql#18:b1241002,1.0,1.0,1,1,1.0,ok
unlimited@75,attr:Splits/train.sql#44:a130f41f,0.8189655172413792,0.7727272727272727,20,24,0.6328,structure
unlimited@75,attr:Expanded/agg_filter_expanded.sql#1:e3a8531c,1.0,1.0,1,1,1.0,ok
unlimited@75,attr:player_multiagg20:q12:e0cde198,0.7333333333333333,0.6296296296296297,11,16,0.4617,structure
unlimited@75,attr:Splits/test.sql#2:3e923052,0.5989583333333334,0.4782608695652174,56,82,0.2865,structure
unlimited@75,attr:player_multiagg20:q10:061dce02,0.7142857142857142,0.8,2,3,0.5714,structure
unlimited@75,attr:Expanded/agg_only_expanded.sql#14:c60f4651,0.5750798722044729,0.4220183486238533,41,68,0.2427,structure
unlimited@75,attr:Splits/train.sql#36:76016403,0.6666666666666666,0.0,3,3,0.0,structure
unlimited@75,attr:docetl_Player_v7:q4:7175642b,1.0,0.0,2,2,0.0,values
unlimited@75,attr:Expanded/agg_only_expanded.sql#10:30df06be,0.9210526315789473,0.888888888888889,22,23,0.8187,structure
unlimited@75,attr:Splits/train.sql#19:5ad6058c,0.8272058823529412,0.5990783410138248,108,109,0.4956,structure
unlimited@75,attr:Splits/dev.sql#11:6ef31688,0.7142857142857142,0.4,2,3,0.2857,structure
unlimited@75,attr:Variations/Agg/agg_variations.sql#1:84662181,0.6666666666666666,0.0,3,3,0.0,structure
unlimited@75,attr:Splits/train.sql#27:22ff56d3,0.7142857142857142,0.4,2,3,0.2857,structure
unlimited@75,attr:Expanded/agg_join_expanded.sql#1:a91a664a,0.7142857142857142,0.0,2,3,0.0,structure
unlimited@75,attr:Splits/train.sql#28:913c76d4,1.0,1.0,1,1,1.0,ok
unlimited@75,attr:Splits/test.sql#17:be55be91,0.7843137254901963,0.47619047619047616,11,10,0.3735,structure
unlimited@75,attr:Splits/train.sql#36:267aed6c,0.6666666666666666,0.3333333333333333,3,3,0.2222,structure
unlimited@75,attr:Splits/train.sql#4:4f11fcad,0.6666666666666666,0.0,3,3,0.0,structure
unlimited@75,attr:player_multiagg20:q10:1337ff71,0.7142857142857142,0.8,2,3,0.5714,structure
unlimited@75,attr:Splits/test.sql#2:ab13f20a,0.5989583333333334,0.6521739130434783,56,82,0.3906,structure
unlimited@75,attr:Splits/train.sql#27:e518235e,0.7142857142857142,0.4,2,3,0.2857,structure
unlimited@75,attr:Expanded/agg_join_expanded.sql#1:ed9dfa67,0.7142857142857142,0.0,2,3,0.0,structure
unlimited@75,attr:Splits/test.sql#3:5b6cb72b,0.5989583333333334,0.4782608695652174,56,82,0.2865,structure
unlimited@75,attr:Expanded/agg_filter_expanded.sql#14:c7e1850b,0.9259259259259258,0.761904761904762,20,22,0.7055,structure
unlimited@75,attr:Expanded/agg_filter_join_expanded.sql#5:e4adf27a,1.0,1.0,1,1,1.0,ok
unlimited@75,attr:player_multiagg20:q4:8c5af8bb,0.7333333333333333,0.5679012345679013,11,16,0.4165,structure
unlimited@75,attr:Splits/test.sql#3:4e167992,0.8272058823529412,0.6175115207373272,108,109,0.5108,structure
unlimited@75,attr:Splits/train.sql#68:e92c391d,0.7142857142857142,0.4,2,3,0.2857,structure
unlimited@75,attr:Expanded/agg_join_expanded.sql#5:65097fb9,0.7142857142857142,0.4,2,3,0.2857,structure
unlimited@75,attr:docetl_Player_v7:q0:525436db,1.0,0.0,2,2,0.0,values
unlimited@75,attr:Splits/train.sql#20:c3c663c9,0.9210526315789473,0.888888888888889,22,23,0.8187,structure
unlimited@75,attr:Splits/train.sql#68:3aaa2fe5,0.7142857142857142,0.4,2,3,0.2857,structure
unlimited@75,attr:Splits/test.sql#14:07834953,0.7142857142857142,0.0,2,3,0.0,structure
unlimited@75,attr:Splits/train.sql#23:6f7d6e40,0.0,0.0,1,1,0.0,structure
unlimited@75,attr:Splits/train.sql#44:f69fe7f1,0.8189655172413792,0.5454545454545454,20,24,0.4467,structure
unlimited@75,attr:player_multiagg20:q4:bbe158ad,0.7333333333333333,0.4691358024691358,11,16,0.344,structure
unlimited@75,attr:Splits/test.sql#2:86ec6660,0.5989583333333334,0.49275362318840576,56,82,0.2951,structure
unlimited@75,attr:Splits/train.sql#70:eaedaf09,0.75,0.4324324324324324,16,21,0.3243,structure
unlimited@75,attr:Splits/train.sql#37:54c21492,0.6666666666666666,0.0,3,3,0.0,structure
unlimited@75,attr:player_join20:q7:ed16135e,1.0,0.6818181818181818,22,22,0.6818,values
unlimited@75,attr:Splits/train.sql#23:1909ba6e,0.0,0.0,1,1,0.0,structure
unlimited@75,attr:Expanded/agg_only_expanded.sql#14:1f093cf7,0.5750798722044729,0.5321100917431193,41,68,0.306,structure
unlimited@75,attr:Splits/train.sql#36:fe39afb8,0.6666666666666666,0.0,3,3,0.0,structure
unlimited@75,attr:Splits/train.sql#51:d89bf15c,0.7142857142857142,0.4,2,3,0.2857,structure
unlimited@75,attr:Splits/train.sql#20:e326cfd2,0.9210526315789473,0.888888888888889,22,23,0.8187,structure
unlimited@75,attr:Expanded/agg_only_expanded.sql#10:a23eaa3e,0.9210526315789473,0.9333333333333332,22,23,0.8596,structure
unlimited@75,attr:docetl_Player_v7:q18:adf37781,1.0,0.7272727272727273,22,22,0.7273,values
unlimited@75,attr:Agg/agg_queries.sql#1:58b91799,0.6666666666666666,0.6666666666666666,3,3,0.4444,structure
unlimited@75,attr:Splits/train.sql#37:38657b49,0.6666666666666666,0.0,3,3,0.0,structure
unlimited@75,attr:docetl_Player_v7:q4:120ccaad,1.0,0.0,2,2,0.0,values
unlimited@75,attr:Splits/train.sql#68:8e4ce4b5,0.7142857142857142,0.0,2,3,0.0,structure
unlimited@75,attr:Agg/agg_queries.sql#1:a82f21fb,0.6666666666666666,0.0,3,3,0.0,structure
unlimited@75,attr:Variations/Agg/agg_variations.sql#3:bbacce37,0.6666666666666666,0.5,3,3,0.3333,structure
unlimited@75,attr:Splits/test.sql#17:367c3153,0.7843137254901963,0.6666666666666666,11,10,0.5229,structure
unlimited@75,attr:Expanded/agg_filter_join_expanded.sql#1:6dec2e2f,0.7142857142857142,0.8,2,3,0.5714,structure
unlimited@75,attr:Splits/train.sql#44:dd84024c,0.8189655172413792,0.6363636363636365,20,24,0.5212,structure
unlimited@75,attr:Expanded/agg_only_expanded.sql#14:95406113,0.5750798722044729,0.4220183486238533,41,68,0.2427,structure
unlimited@75,attr:Splits/dev.sql#18:013eb2e8,1.0,1.0,1,1,1.0,ok
unlimited@75,attr:docetl_Player_v7:q4:dd9b4ab5,1.0,0.5,2,2,0.5,values
unlimited@75,attr:Splits/train.sql#70:2e3d2355,0.75,0.5945945945945946,16,21,0.4459,structure
unlimited@75,attr:Agg/agg_queries.sql#1:4b97a7c3,0.6666666666666666,0.0,3,3,0.0,structure
unlimited@75,attr:Splits/train.sql#47:4820ea07,0.7142857142857142,0.0,2,3,0.0,structure
unlimited@75,attr:Splits/train.sql#22:05a051ca,0.7142857142857142,0.0,2,3,0.0,structure
unlimited@75,attr:Splits/train.sql#19:303ef1a3,0.5989583333333334,0.5072463768115942,56,82,0.3038,structure
unlimited@75,attr:Expanded/agg_filter_expanded.sql#12:338a0c96,0.5700325732899022,0.5283018867924528,39,67,0.3011,structure
unlimited@75,attr:Splits/train.sql#28:51cf7ce8,1.0,1.0,1,1,1.0,ok
unlimited@75,attr:Expanded/agg_filter_join_expanded.sql#1:0535a95a,0.0,0.0,1,1,0.0,structure
unlimited@75,attr:Expanded/agg_only_expanded.sql#10:5c8ac6e2,0.9210526315789473,0.7555555555555555,22,23,0.6959,structure
unlimited@75,attr:Variations/Agg/agg_variations.sql#3:c63098a9,0.6666666666666666,0.3333333333333333,3,3,0.2222,structure
unlimited@75,attr:Splits/test.sql#3:5e26d92b,0.5989583333333334,0.6521739130434783,56,82,0.3906,structure
unlimited@75,attr:Splits/train.sql#51:2c3904c8,0.7142857142857142,0.4,2,3,0.2857,structure
unlimited@75,attr:Splits/train.sql#27:71575b0f,0.7142857142857142,0.0,2,3,0.0,structure
unlimited@75,attr:Splits/train.sql#23:5e5025ba,0.0,0.0,1,1,0.0,structure
unlimited@75,attr:player_multiagg20:q12:a5be78a3,0.7333333333333333,0.5555555555555556,11,16,0.4074,structure
unlimited@75,attr:Splits/train.sql#28:856ff057,1.0,1.0,1,1,1.0,ok
unlimited@75,attr:Expanded/agg_filter_join_expanded.sql#4:0a31a1d6,0.7142857142857142,0.8,2,3,0.5714,structure
unlimited@75,attr:Splits/dev.sql#11:8b66cd72,0.7142857142857142,0.4,2,3,0.2857,structure
unlimited@75,attr:Expanded/agg_filter_expanded.sql#14:c9541d96,0.9259259259259258,0.7142857142857143,20,22,0.6614,structure
unlimited@75,attr:Variations/Agg/agg_variations.sql#1:e6658259,0.6666666666666666,0.3333333333333333,3,3,0.2222,structure
unlimited@75,attr:docetl_Player_v7:q0:a5bdcfba,1.0,0.0,2,2,0.0,values
unlimited@75,attr:player_groupby20:q9:3e882071,0.9388646288209607,0.868131868131868,90,92,0.8151,structure
unlimited@75,attr:Splits/train.sql#39:499af76e,1.0,1.0,2,2,1.0,ok
unlimited@75,attr:Expanded/agg_filter_join_expanded.sql#4:6a2d36fc,0.7142857142857142,0.4,2,3,0.2857,structure
budget010@0,attr:player_multiagg20:q4:e223d11d,0.7333333333333333,0.5679012345679013,11,16,0.4165,structure
budget010@0,attr:Splits/train.sql#4:550eb54f,0.6666666666666666,0.0,3,3,0.0,structure
budget010@0,attr:Expanded/agg_join_expanded.sql#1:c24e0cc7,0.7142857142857142,0.0,2,3,0.0,structure
budget010@0,attr:Splits/train.sql#70:58fad108,0.75,0.7027027027027026,16,21,0.527,structure
budget010@0,attr:Splits/train.sql#37:36ff2681,0.6666666666666666,0.3333333333333333,3,3,0.2222,structure
budget010@0,attr:Splits/test.sql#17:9db266f2,0.7843137254901963,0.761904761904762,11,10,0.5976,structure
budget010@0,attr:Expanded/agg_filter_expanded.sql#12:9257bded,0.5700325732899022,0.4339622641509434,39,67,0.2474,structure
budget010@0,attr:Splits/train.sql#47:d388188d,0.7142857142857142,0.8,2,3,0.5714,structure
budget010@0,attr:Splits/test.sql#14:a53facfd,0.7142857142857142,0.0,2,3,0.0,structure
budget010@0,attr:Expanded/agg_filter_expanded.sql#1:c5608ae2,1.0,1.0,1,1,1.0,ok
budget010@0,attr:Expanded/agg_filter_join_expanded.sql#1:97f4546b,0.7142857142857142,0.8,2,3,0.5714,structure
budget010@0,attr:Splits/train.sql#74:d43cbebb,1.0,0.8000000000000002,10,10,0.8,values
budget010@0,attr:Expanded/agg_join_expanded.sql#5:15c06c11,0.7142857142857142,0.4,2,3,0.2857,structure
budget010@0,attr:Splits/train.sql#47:c40d7c13,0.7142857142857142,0.0,2,3,0.0,structure
budget010@0,attr:player_multiagg20:q12:365f4815,0.7333333333333333,0.6296296296296297,11,16,0.4617,structure
budget010@0,attr:Splits/train.sql#39:2660c7eb,1.0,0.0,2,2,0.0,values
budget010@0,attr:Splits/train.sql#39:cfc6a04a,1.0,1.0,2,2,1.0,ok
budget010@0,attr:Splits/train.sql#20:610644e4,0.9210526315789473,0.8444444444444444,22,23,0.7778,structure
budget010@0,attr:Splits/train.sql#74:d1735ba6,1.0,0.9,10,10,0.9,values
budget010@0,attr:Expanded/agg_filter_expanded.sql#1:43804a60,1.0,1.0,1,1,1.0,ok
budget010@0,attr:Splits/train.sql#4:f514a950,0.6666666666666666,0.0,3,3,0.0,structure
budget010@0,attr:docetl_Player_v7:q0:fef776e6,1.0,0.0,2,2,0.0,values
budget010@0,attr:Variations/Agg/agg_variations.sql#1:09fbc9fa,0.6666666666666666,0.0,3,3,0.0,structure
budget010@0,attr:Splits/train.sql#74:2968ff54,1.0,0.9,10,10,0.9,values
budget010@0,attr:Splits/test.sql#14:e0da7fae,0.7142857142857142,0.0,2,3,0.0,structure
budget010@0,attr:Splits/dev.sql#18:bbfca16a,1.0,1.0,1,1,1.0,ok
budget010@0,attr:Variations/Agg/agg_variations.sql#3:6d2eeac2,0.6666666666666666,0.0,3,3,0.0,structure
budget010@0,attr:Splits/train.sql#19:332da492,0.5989583333333334,0.49275362318840576,56,82,0.2951,structure
budget010@0,attr:Expanded/agg_filter_join_expanded.sql#4:17c50da4,0.7142857142857142,0.4,2,3,0.2857,structure
budget010@0,attr:Splits/dev.sql#11:99e28283,0.7142857142857142,0.4,2,3,0.2857,structure
budget010@0,attr:Expanded/agg_join_expanded.sql#5:b42bc767,0.7142857142857142,0.4,2,3,0.2857,structure
budget010@0,attr:Expanded/agg_filter_expanded.sql#14:c3259565,0.9259259259259258,0.9047619047619048,20,22,0.8377,structure
budget010@0,attr:Splits/train.sql#51:a95139b5,0.7142857142857142,0.4,2,3,0.2857,structure
budget010@0,attr:Expanded/agg_filter_expanded.sql#12:f3a1786c,0.5700325732899022,0.660377358490566,39,67,0.3764,structure
budget010@0,attr:Splits/dev.sql#18:b1241002,1.0,1.0,1,1,1.0,ok
budget010@0,attr:Splits/train.sql#44:a130f41f,0.8189655172413792,0.7727272727272727,20,24,0.6328,structure
budget010@0,attr:Expanded/agg_filter_expanded.sql#1:e3a8531c,1.0,1.0,1,1,1.0,ok
budget010@0,attr:player_multiagg20:q12:e0cde198,0.7333333333333333,0.6296296296296297,11,16,0.4617,structure
budget010@0,attr:Splits/test.sql#2:3e923052,0.5989583333333334,0.536231884057971,56,82,0.3212,structure
budget010@0,attr:player_multiagg20:q10:061dce02,0.7142857142857142,0.8,2,3,0.5714,structure
budget010@0,attr:Expanded/agg_only_expanded.sql#14:c60f4651,0.5750798722044729,0.4036697247706422,41,68,0.2321,structure
budget010@0,attr:Splits/train.sql#36:76016403,0.6666666666666666,0.0,3,3,0.0,structure
budget010@0,attr:docetl_Player_v7:q4:7175642b,1.0,0.0,2,2,0.0,values
budget010@0,attr:Expanded/agg_only_expanded.sql#10:30df06be,0.9210526315789473,0.888888888888889,22,23,0.8187,structure
budget010@0,attr:Splits/train.sql#19:5ad6058c,0.8287292817679557,0.5833333333333334,107,109,0.4834,structure
budget010@0,attr:Splits/dev.sql#11:6ef31688,0.7142857142857142,0.4,2,3,0.2857,structure
budget010@0,attr:Variations/Agg/agg_variations.sql#1:84662181,0.6666666666666666,0.3333333333333333,3,3,0.2222,structure
budget010@0,attr:Splits/train.sql#27:22ff56d3,0.7142857142857142,0.4,2,3,0.2857,structure
budget010@0,attr:Expanded/agg_join_expanded.sql#1:a91a664a,0.7142857142857142,0.0,2,3,0.0,structure
budget010@0,attr:Splits/train.sql#28:913c76d4,1.0,1.0,1,1,1.0,ok
budget010@0,attr:Splits/test.sql#17:be55be91,0.7843137254901963,0.47619047619047616,11,10,0.3735,structure
budget010@0,attr:Splits/train.sql#36:267aed6c,0.6666666666666666,0.3333333333333333,3,3,0.2222,structure
budget010@0,attr:Splits/train.sql#4:4f11fcad,0.6666666666666666,0.0,3,3,0.0,structure
budget010@0,attr:player_multiagg20:q10:1337ff71,0.7142857142857142,0.8,2,3,0.5714,structure
budget010@0,attr:Splits/test.sql#2:ab13f20a,0.5989583333333334,0.6521739130434783,56,82,0.3906,structure
budget010@0,attr:Splits/train.sql#27:e518235e,0.7142857142857142,0.4,2,3,0.2857,structure
budget010@0,attr:Expanded/agg_join_expanded.sql#1:ed9dfa67,0.7142857142857142,0.0,2,3,0.0,structure
budget010@0,attr:Splits/test.sql#3:5b6cb72b,0.5989583333333334,0.536231884057971,56,82,0.3212,structure
budget010@0,attr:Expanded/agg_filter_expanded.sql#14:c7e1850b,0.9259259259259258,0.8095238095238095,20,22,0.7496,structure
budget010@0,attr:Expanded/agg_filter_join_expanded.sql#5:e4adf27a,1.0,1.0,1,1,1.0,ok
budget010@0,attr:player_multiagg20:q4:8c5af8bb,0.7333333333333333,0.5679012345679013,11,16,0.4165,structure
budget010@0,attr:Splits/test.sql#3:4e167992,0.8287292817679557,0.6203703703703702,107,109,0.5141,structure
budget010@0,attr:Splits/train.sql#68:e92c391d,0.7142857142857142,0.4,2,3,0.2857,structure
budget010@0,attr:Expanded/agg_join_expanded.sql#5:65097fb9,0.7142857142857142,0.4,2,3,0.2857,structure
budget010@0,attr:docetl_Player_v7:q0:525436db,1.0,0.0,2,2,0.0,values
budget010@0,attr:Splits/train.sql#20:c3c663c9,0.9210526315789473,0.888888888888889,22,23,0.8187,structure
budget010@0,attr:Splits/train.sql#68:3aaa2fe5,0.7142857142857142,0.4,2,3,0.2857,structure
budget010@0,attr:Splits/test.sql#14:07834953,0.7142857142857142,0.0,2,3,0.0,structure
budget010@0,attr:Splits/train.sql#23:6f7d6e40,0.0,0.0,1,1,0.0,structure
budget010@0,attr:Splits/train.sql#44:f69fe7f1,0.8189655172413792,0.5,20,24,0.4095,structure
budget010@0,attr:player_multiagg20:q4:bbe158ad,0.7333333333333333,0.4691358024691358,11,16,0.344,structure
budget010@0,attr:Splits/test.sql#2:86ec6660,0.5989583333333334,0.463768115942029,56,82,0.2778,structure
budget010@0,attr:Splits/train.sql#70:eaedaf09,0.75,0.3243243243243243,16,21,0.2432,structure
budget010@0,attr:Splits/train.sql#37:54c21492,0.6666666666666666,0.0,3,3,0.0,structure
budget010@0,attr:player_join20:q7:ed16135e,1.0,0.6818181818181818,22,22,0.6818,values
budget010@0,attr:Splits/train.sql#23:1909ba6e,0.0,0.0,1,1,0.0,structure
budget010@0,attr:Expanded/agg_only_expanded.sql#14:1f093cf7,0.5750798722044729,0.5137614678899082,41,68,0.2955,structure
budget010@0,attr:Splits/train.sql#36:fe39afb8,0.6666666666666666,0.0,3,3,0.0,structure
budget010@0,attr:Splits/train.sql#51:d89bf15c,0.7142857142857142,0.4,2,3,0.2857,structure
budget010@0,attr:Splits/train.sql#20:e326cfd2,0.9210526315789473,0.888888888888889,22,23,0.8187,structure
budget010@0,attr:Expanded/agg_only_expanded.sql#10:a23eaa3e,0.9210526315789473,0.888888888888889,22,23,0.8187,structure
budget010@0,attr:docetl_Player_v7:q18:adf37781,1.0,0.7272727272727273,22,22,0.7273,values
budget010@0,attr:Agg/agg_queries.sql#1:58b91799,0.6666666666666666,0.6666666666666666,3,3,0.4444,structure
budget010@0,attr:Splits/train.sql#37:38657b49,0.6666666666666666,0.0,3,3,0.0,structure
budget010@0,attr:docetl_Player_v7:q4:120ccaad,1.0,0.0,2,2,0.0,values
budget010@0,attr:Splits/train.sql#68:8e4ce4b5,0.7142857142857142,0.0,2,3,0.0,structure
budget010@0,attr:Agg/agg_queries.sql#1:a82f21fb,0.6666666666666666,0.0,3,3,0.0,structure
budget010@0,attr:Variations/Agg/agg_variations.sql#3:bbacce37,0.6666666666666666,0.5,3,3,0.3333,structure
budget010@0,attr:Splits/test.sql#17:367c3153,0.7843137254901963,0.5714285714285713,11,10,0.4482,structure
budget010@0,attr:Expanded/agg_filter_join_expanded.sql#1:6dec2e2f,0.7142857142857142,0.8,2,3,0.5714,structure
budget010@0,attr:Splits/train.sql#44:dd84024c,0.8189655172413792,0.5909090909090908,20,24,0.4839,structure
budget010@0,attr:Expanded/agg_only_expanded.sql#14:95406113,0.5750798722044729,0.4220183486238533,41,68,0.2427,structure
budget010@0,attr:Splits/dev.sql#18:013eb2e8,1.0,0.0,1,1,0.0,values
budget010@0,attr:docetl_Player_v7:q4:dd9b4ab5,1.0,0.5,2,2,0.5,values
budget010@0,attr:Splits/train.sql#70:2e3d2355,0.75,0.5945945945945946,16,21,0.4459,structure
budget010@0,attr:Agg/agg_queries.sql#1:4b97a7c3,0.6666666666666666,0.0,3,3,0.0,structure
budget010@0,attr:Splits/train.sql#47:4820ea07,0.7142857142857142,0.0,2,3,0.0,structure
budget010@0,attr:Splits/train.sql#22:05a051ca,0.7142857142857142,0.0,2,3,0.0,structure
budget010@0,attr:Splits/train.sql#19:303ef1a3,0.5989583333333334,0.49275362318840576,56,82,0.2951,structure
budget010@0,attr:Expanded/agg_filter_expanded.sql#12:338a0c96,0.5700325732899022,0.5094339622641508,39,67,0.2904,structure
budget010@0,attr:Splits/train.sql#28:51cf7ce8,1.0,1.0,1,1,1.0,ok
budget010@0,attr:Expanded/agg_filter_join_expanded.sql#1:0535a95a,0.0,0.0,1,1,0.0,structure
budget010@0,attr:Expanded/agg_only_expanded.sql#10:5c8ac6e2,0.9210526315789473,0.8,22,23,0.7368,structure
budget010@0,attr:Variations/Agg/agg_variations.sql#3:c63098a9,0.6666666666666666,0.5,3,3,0.3333,structure
budget010@0,attr:Splits/test.sql#3:5e26d92b,0.5989583333333334,0.6521739130434783,56,82,0.3906,structure
budget010@0,attr:Splits/train.sql#51:2c3904c8,0.7142857142857142,0.4,2,3,0.2857,structure
budget010@0,attr:Splits/train.sql#27:71575b0f,0.7142857142857142,0.0,2,3,0.0,structure
budget010@0,attr:Splits/train.sql#23:5e5025ba,0.0,0.0,1,1,0.0,structure
budget010@0,attr:player_multiagg20:q12:a5be78a3,0.7333333333333333,0.5555555555555556,11,16,0.4074,structure
budget010@0,attr:Splits/train.sql#28:856ff057,1.0,1.0,1,1,1.0,ok
budget010@0,attr:Expanded/agg_filter_join_expanded.sql#4:0a31a1d6,0.7142857142857142,0.8,2,3,0.5714,structure
budget010@0,attr:Splits/dev.sql#11:8b66cd72,0.7142857142857142,0.4,2,3,0.2857,structure
budget010@0,attr:Expanded/agg_filter_expanded.sql#14:c9541d96,0.9259259259259258,0.761904761904762,20,22,0.7055,structure
budget010@0,attr:Variations/Agg/agg_variations.sql#1:e6658259,0.6666666666666666,0.3333333333333333,3,3,0.2222,structure
budget010@0,attr:docetl_Player_v7:q0:a5bdcfba,1.0,0.0,2,2,0.0,values
budget010@0,attr:player_groupby20:q9:3e882071,0.9299781181619257,0.8839779005524863,89,92,0.8221,structure
budget010@0,attr:Splits/train.sql#39:499af76e,1.0,1.0,2,2,1.0,ok
budget010@0,attr:Expanded/agg_filter_join_expanded.sql#4:6a2d36fc,0.7142857142857142,0.4,2,3,0.2857,structure
budget010@100,attr:player_multiagg20:q4:e223d11d,0.7333333333333333,0.32098765432098764,11,16,0.2354,structure
budget010@100,attr:Splits/train.sql#4:550eb54f,0.6666666666666666,0.0,3,3,0.0,structure
budget010@100,attr:Expanded/agg_join_expanded.sql#1:c24e0cc7,0.7142857142857142,0.0,2,3,0.0,structure
budget010@100,attr:Splits/train.sql#70:58fad108,0.75,0.0,16,21,0.0,structure
budget010@100,attr:Splits/train.sql#37:36ff2681,0.6666666666666666,0.0,3,3,0.0,structure
budget010@100,attr:Splits/test.sql#17:9db266f2,0.7843137254901963,0.0,11,10,0.0,structure
budget010@100,attr:Expanded/agg_filter_expanded.sql#12:9257bded,0.5700325732899022,0.0,39,67,0.0,structure
budget010@100,attr:Splits/train.sql#47:d388188d,0.7142857142857142,0.0,2,3,0.0,structure
budget010@100,attr:Splits/test.sql#14:a53facfd,0.7142857142857142,0.0,2,3,0.0,structure
budget010@100,attr:Expanded/agg_filter_expanded.sql#1:c5608ae2,1.0,1.0,1,1,1.0,ok
budget010@100,attr:Expanded/agg_filter_join_expanded.sql#1:97f4546b,0.7142857142857142,0.0,2,3,0.0,structure
budget010@100,attr:Splits/train.sql#74:d43cbebb,1.0,0.0,10,10,0.0,values
budget010@100,attr:Expanded/agg_join_expanded.sql#5:15c06c11,0.7142857142857142,0.0,2,3,0.0,structure
budget010@100,attr:Splits/train.sql#47:c40d7c13,0.7142857142857142,0.0,2,3,0.0,structure
budget010@100,attr:player_multiagg20:q12:365f4815,0.7333333333333333,0.4444444444444444,11,16,0.3259,structure
budget010@100,attr:Splits/train.sql#39:2660c7eb,1.0,0.0,2,2,0.0,values
budget010@100,attr:Splits/train.sql#39:cfc6a04a,1.0,1.0,2,2,1.0,ok
budget010@100,attr:Splits/train.sql#20:610644e4,0.9210526315789473,0.888888888888889,22,23,0.8187,structure
budget010@100,attr:Splits/train.sql#74:d1735ba6,1.0,0.0,10,10,0.0,values
budget010@100,attr:Expanded/agg_filter_expanded.sql#1:43804a60,1.0,1.0,1,1,1.0,ok
budget010@100,attr:Splits/train.sql#4:f514a950,0.6666666666666666,0.0,3,3,0.0,structure
budget010@100,attr:docetl_Player_v7:q0:fef776e6,1.0,0.0,2,2,0.0,values
budget010@100,attr:Variations/Agg/agg_variations.sql#1:09fbc9fa,0.6666666666666666,0.0,3,3,0.0,structure
budget010@100,attr:Splits/train.sql#74:2968ff54,1.0,0.0,10,10,0.0,values
budget010@100,attr:Splits/test.sql#14:e0da7fae,0.7142857142857142,0.0,2,3,0.0,structure
budget010@100,attr:Splits/dev.sql#18:bbfca16a,1.0,0.0,1,1,0.0,values
budget010@100,attr:Variations/Agg/agg_variations.sql#3:6d2eeac2,0.6666666666666666,0.0,3,3,0.0,structure
budget010@100,attr:Splits/train.sql#19:332da492,0.5989583333333334,0.014492753623188406,56,82,0.0087,structure
budget010@100,attr:Expanded/agg_filter_join_expanded.sql#4:17c50da4,0.7142857142857142,0.0,2,3,0.0,structure
budget010@100,attr:Splits/dev.sql#11:99e28283,0.7142857142857142,0.0,2,3,0.0,structure
budget010@100,attr:Expanded/agg_join_expanded.sql#5:b42bc767,0.7142857142857142,0.0,2,3,0.0,structure
budget010@100,attr:Expanded/agg_filter_expanded.sql#14:c3259565,0.9259259259259258,0.04761904761904762,20,22,0.0441,structure
budget010@100,attr:Splits/train.sql#51:a95139b5,0.7142857142857142,0.0,2,3,0.0,structure
budget010@100,attr:Expanded/agg_filter_expanded.sql#12:f3a1786c,0.5700325732899022,0.037735849056603765,39,67,0.0215,structure
budget010@100,attr:Splits/dev.sql#18:b1241002,1.0,0.0,1,1,0.0,values
budget010@100,attr:Splits/train.sql#44:a130f41f,0.8189655172413792,0.0,20,24,0.0,structure
budget010@100,attr:Expanded/agg_filter_expanded.sql#1:e3a8531c,1.0,1.0,1,1,1.0,ok
budget010@100,attr:player_multiagg20:q12:e0cde198,0.7333333333333333,0.4444444444444444,11,16,0.3259,structure
budget010@100,attr:Splits/test.sql#2:3e923052,0.5989583333333334,0.028985507246376812,56,82,0.0174,structure
budget010@100,attr:player_multiagg20:q10:061dce02,0.7142857142857142,0.8,2,3,0.5714,structure
budget010@100,attr:Expanded/agg_only_expanded.sql#14:c60f4651,0.5750798722044729,0.01834862385321101,41,68,0.0106,structure
budget010@100,attr:Splits/train.sql#36:76016403,0.6666666666666666,0.0,3,3,0.0,structure
budget010@100,attr:docetl_Player_v7:q4:7175642b,1.0,0.0,2,2,0.0,values
budget010@100,attr:Expanded/agg_only_expanded.sql#10:30df06be,0.9210526315789473,0.08888888888888888,22,23,0.0819,structure
budget010@100,attr:Splits/train.sql#19:5ad6058c,0.0,0.0,22,109,0.0,structure
budget010@100,attr:Splits/dev.sql#11:6ef31688,0.7142857142857142,0.0,2,3,0.0,structure
budget010@100,attr:Variations/Agg/agg_variations.sql#1:84662181,0.6666666666666666,0.0,3,3,0.0,structure
budget010@100,attr:Splits/train.sql#27:22ff56d3,0.7142857142857142,0.0,2,3,0.0,structure
budget010@100,attr:Expanded/agg_join_expanded.sql#1:a91a664a,0.7142857142857142,0.0,2,3,0.0,structure
budget010@100,attr:Splits/train.sql#28:913c76d4,1.0,1.0,1,1,1.0,ok
budget010@100,attr:Splits/test.sql#17:be55be91,0.7843137254901963,0.0,11,10,0.0,structure
budget010@100,attr:Splits/train.sql#36:267aed6c,0.6666666666666666,0.0,3,3,0.0,structure
budget010@100,attr:Splits/train.sql#4:4f11fcad,0.6666666666666666,0.0,3,3,0.0,structure
budget010@100,attr:player_multiagg20:q10:1337ff71,0.7142857142857142,0.8,2,3,0.5714,structure
budget010@100,attr:Splits/test.sql#2:ab13f20a,0.5989583333333334,0.043478260869565216,56,82,0.026,structure
budget010@100,attr:Splits/train.sql#27:e518235e,0.7142857142857142,0.0,2,3,0.0,structure
budget010@100,attr:Expanded/agg_join_expanded.sql#1:ed9dfa67,0.7142857142857142,0.0,2,3,0.0,structure
budget010@100,attr:Splits/test.sql#3:5b6cb72b,0.5989583333333334,0.028985507246376812,56,82,0.0174,structure
budget010@100,attr:Expanded/agg_filter_expanded.sql#14:c7e1850b,0.9259259259259258,0.04761904761904762,20,22,0.0441,structure
budget010@100,attr:Expanded/agg_filter_join_expanded.sql#5:e4adf27a,0.0,0.0,0,1,0.0,no rows
budget010@100,attr:player_multiagg20:q4:8c5af8bb,0.7333333333333333,0.32098765432098764,11,16,0.2354,structure
budget010@100,attr:Splits/test.sql#3:4e167992,0.0,0.0,22,109,0.0,structure
budget010@100,attr:Splits/train.sql#68:e92c391d,0.7142857142857142,0.0,2,3,0.0,structure
budget010@100,attr:Expanded/agg_join_expanded.sql#5:65097fb9,0.7142857142857142,0.0,2,3,0.0,structure
budget010@100,attr:docetl_Player_v7:q0:525436db,1.0,0.0,2,2,0.0,values
budget010@100,attr:Splits/train.sql#20:c3c663c9,0.9210526315789473,0.888888888888889,22,23,0.8187,structure
budget010@100,attr:Splits/train.sql#68:3aaa2fe5,0.7142857142857142,0.0,2,3,0.0,structure
budget010@100,attr:Splits/test.sql#14:07834953,0.7142857142857142,0.0,2,3,0.0,structure
budget010@100,attr:Splits/train.sql#23:6f7d6e40,0.0,0.0,1,1,0.0,structure
budget010@100,attr:Splits/train.sql#44:f69fe7f1,0.8189655172413792,0.0,20,24,0.0,structure
budget010@100,attr:player_multiagg20:q4:bbe158ad,0.7333333333333333,0.32098765432098764,11,16,0.2354,structure
budget010@100,attr:Splits/test.sql#2:86ec6660,0.5989583333333334,0.043478260869565216,56,82,0.026,structure
budget010@100,attr:Splits/train.sql#70:eaedaf09,0.75,0.0,16,21,0.0,structure
budget010@100,attr:Splits/train.sql#37:54c21492,0.6666666666666666,0.0,3,3,0.0,structure
budget010@100,attr:player_join20:q7:ed16135e,1.0,0.6818181818181818,22,22,0.6818,values
budget010@100,attr:Splits/train.sql#23:1909ba6e,0.0,0.0,1,1,0.0,structure
budget010@100,attr:Expanded/agg_only_expanded.sql#14:1f093cf7,0.5750798722044729,0.05504587155963303,41,68,0.0317,structure
budget010@100,attr:Splits/train.sql#36:fe39afb8,0.6666666666666666,0.0,3,3,0.0,structure
budget010@100,attr:Splits/train.sql#51:d89bf15c,0.7142857142857142,0.0,2,3,0.0,structure
budget010@100,attr:Splits/train.sql#20:e326cfd2,0.9210526315789473,0.888888888888889,22,23,0.8187,structure
budget010@100,attr:Expanded/agg_only_expanded.sql#10:a23eaa3e,0.9210526315789473,0.08888888888888888,22,23,0.0819,structure
budget010@100,attr:docetl_Player_v7:q18:adf37781,1.0,0.7272727272727273,22,22,0.7273,values
budget010@100,attr:Agg/agg_queries.sql#1:58b91799,0.6666666666666666,0.6666666666666666,3,3,0.4444,structure
budget010@100,attr:Splits/train.sql#37:38657b49,0.6666666666666666,0.0,3,3,0.0,structure
budget010@100,attr:docetl_Player_v7:q4:120ccaad,1.0,0.0,2,2,0.0,values
budget010@100,attr:Splits/train.sql#68:8e4ce4b5,0.7142857142857142,0.0,2,3,0.0,structure
budget010@100,attr:Agg/agg_queries.sql#1:a82f21fb,0.6666666666666666,0.0,3,3,0.0,structure
budget010@100,attr:Variations/Agg/agg_variations.sql#3:bbacce37,0.6666666666666666,0.3333333333333333,3,3,0.2222,structure
budget010@100,attr:Splits/test.sql#17:367c3153,0.7843137254901963,0.0,11,10,0.0,structure
budget010@100,attr:Expanded/agg_filter_join_expanded.sql#1:6dec2e2f,0.7142857142857142,0.0,2,3,0.0,structure
budget010@100,attr:Splits/train.sql#44:dd84024c,0.8189655172413792,0.0,20,24,0.0,structure
budget010@100,attr:Expanded/agg_only_expanded.sql#14:95406113,0.5750798722044729,0.01834862385321101,41,68,0.0106,structure
budget010@100,attr:Splits/dev.sql#18:013eb2e8,1.0,0.0,1,1,0.0,values
budget010@100,attr:docetl_Player_v7:q4:dd9b4ab5,1.0,0.0,2,2,0.0,values
budget010@100,attr:Splits/train.sql#70:2e3d2355,0.75,0.0,16,21,0.0,structure
budget010@100,attr:Agg/agg_queries.sql#1:4b97a7c3,0.6666666666666666,0.0,3,3,0.0,structure
budget010@100,attr:Splits/train.sql#47:4820ea07,0.7142857142857142,0.0,2,3,0.0,structure
budget010@100,attr:Splits/train.sql#22:05a051ca,0.7142857142857142,0.8,2,3,0.5714,structure
budget010@100,attr:Splits/train.sql#19:303ef1a3,0.5989583333333334,0.014492753623188406,56,82,0.0087,structure
budget010@100,attr:Expanded/agg_filter_expanded.sql#12:338a0c96,0.5700325732899022,0.037735849056603765,39,67,0.0215,structure
budget010@100,attr:Splits/train.sql#28:51cf7ce8,1.0,1.0,1,1,1.0,ok
budget010@100,attr:Expanded/agg_filter_join_expanded.sql#1:0535a95a,0.0,0.0,0,1,0.0,no rows
budget010@100,attr:Expanded/agg_only_expanded.sql#10:5c8ac6e2,0.9210526315789473,0.04444444444444444,22,23,0.0409,structure
budget010@100,attr:Variations/Agg/agg_variations.sql#3:c63098a9,0.6666666666666666,0.3333333333333333,3,3,0.2222,structure
budget010@100,attr:Splits/test.sql#3:5e26d92b,0.5989583333333334,0.043478260869565216,56,82,0.026,structure
budget010@100,attr:Splits/train.sql#51:2c3904c8,0.7142857142857142,0.0,2,3,0.0,structure
budget010@100,attr:Splits/train.sql#27:71575b0f,0.7142857142857142,0.0,2,3,0.0,structure
budget010@100,attr:Splits/train.sql#23:5e5025ba,0.0,0.0,1,1,0.0,structure
budget010@100,attr:player_multiagg20:q12:a5be78a3,0.7333333333333333,0.4444444444444444,11,16,0.3259,structure
budget010@100,attr:Splits/train.sql#28:856ff057,1.0,1.0,1,1,1.0,ok
budget010@100,attr:Expanded/agg_filter_join_expanded.sql#4:0a31a1d6,0.7142857142857142,0.0,2,3,0.0,structure
budget010@100,attr:Splits/dev.sql#11:8b66cd72,0.7142857142857142,0.0,2,3,0.0,structure
budget010@100,attr:Expanded/agg_filter_expanded.sql#14:c9541d96,0.9259259259259258,0.04761904761904762,20,22,0.0441,structure
budget010@100,attr:Variations/Agg/agg_variations.sql#1:e6658259,0.6666666666666666,0.0,3,3,0.0,structure
budget010@100,attr:docetl_Player_v7:q0:a5bdcfba,1.0,0.0,2,2,0.0,values
budget010@100,attr:player_groupby20:q9:3e882071,0.0,0.0,0,92,0.0,no rows
budget010@100,attr:Splits/train.sql#39:499af76e,1.0,1.0,2,2,1.0,ok
budget010@100,attr:Expanded/agg_filter_join_expanded.sql#4:6a2d36fc,0.7142857142857142,0.0,2,3,0.0,structure
budget010@25,attr:player_multiagg20:q4:e223d11d,0.7333333333333333,0.32098765432098764,11,16,0.2354,structure
budget010@25,attr:Splits/train.sql#4:550eb54f,0.6666666666666666,0.0,3,3,0.0,structure
budget010@25,attr:Expanded/agg_join_expanded.sql#1:c24e0cc7,0.7142857142857142,0.0,2,3,0.0,structure
budget010@25,attr:Splits/train.sql#70:58fad108,0.75,0.7027027027027026,16,21,0.527,structure
budget010@25,attr:Splits/train.sql#37:36ff2681,0.6666666666666666,0.3333333333333333,3,3,0.2222,structure
budget010@25,attr:Splits/test.sql#17:9db266f2,0.7843137254901963,0.761904761904762,11,10,0.5976,structure
budget010@25,attr:Expanded/agg_filter_expanded.sql#12:9257bded,0.5700325732899022,0.0,39,67,0.0,structure
budget010@25,attr:Splits/train.sql#47:d388188d,0.7142857142857142,0.8,2,3,0.5714,structure
budget010@25,attr:Splits/test.sql#14:a53facfd,0.7142857142857142,0.0,2,3,0.0,structure
budget010@25,attr:Expanded/agg_filter_expanded.sql#1:c5608ae2,1.0,1.0,1,1,1.0,ok
budget010@25,attr:Expanded/agg_filter_join_expanded.sql#1:97f4546b,0.7142857142857142,0.8,2,3,0.5714,structure
budget010@25,attr:Splits/train.sql#74:d43cbebb,1.0,0.8000000000000002,10,10,0.8,values
budget010@25,attr:Expanded/agg_join_expanded.sql#5:15c06c11,0.7142857142857142,0.4,2,3,0.2857,structure
budget010@25,attr:Splits/train.sql#47:c40d7c13,0.7142857142857142,0.0,2,3,0.0,structure
budget010@25,attr:player_multiagg20:q12:365f4815,0.7333333333333333,0.4444444444444444,11,16,0.3259,structure
budget010@25,attr:Splits/train.sql#39:2660c7eb,1.0,0.0,2,2,0.0,values
budget010@25,attr:Splits/train.sql#39:cfc6a04a,1.0,1.0,2,2,1.0,ok
budget010@25,attr:Splits/train.sql#20:610644e4,0.9210526315789473,0.888888888888889,22,23,0.8187,structure
budget010@25,attr:Splits/train.sql#74:d1735ba6,1.0,0.0,10,10,0.0,values
budget010@25,attr:Expanded/agg_filter_expanded.sql#1:43804a60,1.0,1.0,1,1,1.0,ok
budget010@25,attr:Splits/train.sql#4:f514a950,0.6666666666666666,0.0,3,3,0.0,structure
budget010@25,attr:docetl_Player_v7:q0:fef776e6,1.0,0.0,2,2,0.0,values
budget010@25,attr:Variations/Agg/agg_variations.sql#1:09fbc9fa,0.6666666666666666,0.0,3,3,0.0,structure
budget010@25,attr:Splits/train.sql#74:2968ff54,1.0,0.9,10,10,0.9,values
budget010@25,attr:Splits/test.sql#14:e0da7fae,0.7142857142857142,0.0,2,3,0.0,structure
budget010@25,attr:Splits/dev.sql#18:bbfca16a,1.0,1.0,1,1,1.0,ok
budget010@25,attr:Variations/Agg/agg_variations.sql#3:6d2eeac2,0.6666666666666666,0.0,3,3,0.0,structure
budget010@25,attr:Splits/train.sql#19:332da492,0.5989583333333334,0.49275362318840576,56,82,0.2951,structure
budget010@25,attr:Expanded/agg_filter_join_expanded.sql#4:17c50da4,0.7142857142857142,0.4,2,3,0.2857,structure
budget010@25,attr:Splits/dev.sql#11:99e28283,0.7142857142857142,0.4,2,3,0.2857,structure
budget010@25,attr:Expanded/agg_join_expanded.sql#5:b42bc767,0.7142857142857142,0.0,2,3,0.0,structure
budget010@25,attr:Expanded/agg_filter_expanded.sql#14:c3259565,0.9259259259259258,0.9047619047619048,20,22,0.8377,structure
budget010@25,attr:Splits/train.sql#51:a95139b5,0.7142857142857142,0.4,2,3,0.2857,structure
budget010@25,attr:Expanded/agg_filter_expanded.sql#12:f3a1786c,0.5700325732899022,0.660377358490566,39,67,0.3764,structure
budget010@25,attr:Splits/dev.sql#18:b1241002,1.0,1.0,1,1,1.0,ok
budget010@25,attr:Splits/train.sql#44:a130f41f,0.8189655172413792,0.7727272727272727,20,24,0.6328,structure
budget010@25,attr:Expanded/agg_filter_expanded.sql#1:e3a8531c,1.0,1.0,1,1,1.0,ok
budget010@25,attr:player_multiagg20:q12:e0cde198,0.7333333333333333,0.6296296296296297,11,16,0.4617,structure
budget010@25,attr:Splits/test.sql#2:3e923052,0.5989583333333334,0.536231884057971,56,82,0.3212,structure
budget010@25,attr:player_multiagg20:q10:061dce02,0.7142857142857142,0.8,2,3,0.5714,structure
budget010@25,attr:Expanded/agg_only_expanded.sql#14:c60f4651,0.5750798722044729,0.4036697247706422,41,68,0.2321,structure
budget010@25,attr:Splits/train.sql#36:76016403,0.6666666666666666,0.0,3,3,0.0,structure
budget010@25,attr:docetl_Player_v7:q4:7175642b,1.0,0.0,2,2,0.0,values
budget010@25,attr:Expanded/agg_only_expanded.sql#10:30df06be,0.9210526315789473,0.888888888888889,22,23,0.8187,structure
budget010@25,attr:Splits/train.sql#19:5ad6058c,0.8287292817679557,0.5833333333333334,107,109,0.4834,structure
budget010@25,attr:Splits/dev.sql#11:6ef31688,0.7142857142857142,0.4,2,3,0.2857,structure
budget010@25,attr:Variations/Agg/agg_variations.sql#1:84662181,0.6666666666666666,0.3333333333333333,3,3,0.2222,structure
budget010@25,attr:Splits/train.sql#27:22ff56d3,0.7142857142857142,0.4,2,3,0.2857,structure
budget010@25,attr:Expanded/agg_join_expanded.sql#1:a91a664a,0.7142857142857142,0.0,2,3,0.0,structure
budget010@25,attr:Splits/train.sql#28:913c76d4,1.0,1.0,1,1,1.0,ok
budget010@25,attr:Splits/test.sql#17:be55be91,0.7843137254901963,0.47619047619047616,11,10,0.3735,structure
budget010@25,attr:Splits/train.sql#36:267aed6c,0.6666666666666666,0.3333333333333333,3,3,0.2222,structure
budget010@25,attr:Splits/train.sql#4:4f11fcad,0.6666666666666666,0.0,3,3,0.0,structure
budget010@25,attr:player_multiagg20:q10:1337ff71,0.7142857142857142,0.8,2,3,0.5714,structure
budget010@25,attr:Splits/test.sql#2:ab13f20a,0.5989583333333334,0.6521739130434783,56,82,0.3906,structure
budget010@25,attr:Splits/train.sql#27:e518235e,0.7142857142857142,0.4,2,3,0.2857,structure
budget010@25,attr:Expanded/agg_join_expanded.sql#1:ed9dfa67,0.7142857142857142,0.0,2,3,0.0,structure
budget010@25,attr:Splits/test.sql#3:5b6cb72b,0.5989583333333334,0.536231884057971,56,82,0.3212,structure
budget010@25,attr:Expanded/agg_filter_expanded.sql#14:c7e1850b,0.9259259259259258,0.8095238095238095,20,22,0.7496,structure
budget010@25,attr:Expanded/agg_filter_join_expanded.sql#5:e4adf27a,1.0,1.0,1,1,1.0,ok
budget010@25,attr:player_multiagg20:q4:8c5af8bb,0.7333333333333333,0.5679012345679013,11,16,0.4165,structure
budget010@25,attr:Splits/test.sql#3:4e167992,0.8287292817679557,0.6203703703703702,107,109,0.5141,structure
budget010@25,attr:Splits/train.sql#68:e92c391d,0.7142857142857142,0.0,2,3,0.0,structure
budget010@25,attr:Expanded/agg_join_expanded.sql#5:65097fb9,0.7142857142857142,0.4,2,3,0.2857,structure
budget010@25,attr:docetl_Player_v7:q0:525436db,1.0,0.0,2,2,0.0,values
budget010@25,attr:Splits/train.sql#20:c3c663c9,0.9210526315789473,0.888888888888889,22,23,0.8187,structure
budget010@25,attr:Splits/train.sql#68:3aaa2fe5,0.7142857142857142,0.4,2,3,0.2857,structure
budget010@25,attr:Splits/test.sql#14:07834953,0.7142857142857142,0.0,2,3,0.0,structure
budget010@25,attr:Splits/train.sql#23:6f7d6e40,0.0,0.0,1,1,0.0,structure
budget010@25,attr:Splits/train.sql#44:f69fe7f1,0.8189655172413792,0.5,20,24,0.4095,structure
budget010@25,attr:player_multiagg20:q4:bbe158ad,0.7333333333333333,0.4691358024691358,11,16,0.344,structure
budget010@25,attr:Splits/test.sql#2:86ec6660,0.5989583333333334,0.463768115942029,56,82,0.2778,structure
budget010@25,attr:Splits/train.sql#70:eaedaf09,0.75,0.3243243243243243,16,21,0.2432,structure
budget010@25,attr:Splits/train.sql#37:54c21492,0.6666666666666666,0.0,3,3,0.0,structure
budget010@25,attr:player_join20:q7:ed16135e,1.0,0.6818181818181818,22,22,0.6818,values
budget010@25,attr:Splits/train.sql#23:1909ba6e,0.0,0.0,1,1,0.0,structure
budget010@25,attr:Expanded/agg_only_expanded.sql#14:1f093cf7,0.5750798722044729,0.5137614678899082,41,68,0.2955,structure
budget010@25,attr:Splits/train.sql#36:fe39afb8,0.6666666666666666,0.0,3,3,0.0,structure
budget010@25,attr:Splits/train.sql#51:d89bf15c,0.7142857142857142,0.4,2,3,0.2857,structure
budget010@25,attr:Splits/train.sql#20:e326cfd2,0.9210526315789473,0.888888888888889,22,23,0.8187,structure
budget010@25,attr:Expanded/agg_only_expanded.sql#10:a23eaa3e,0.9210526315789473,0.888888888888889,22,23,0.8187,structure
budget010@25,attr:docetl_Player_v7:q18:adf37781,1.0,0.7272727272727273,22,22,0.7273,values
budget010@25,attr:Agg/agg_queries.sql#1:58b91799,0.6666666666666666,0.6666666666666666,3,3,0.4444,structure
budget010@25,attr:Splits/train.sql#37:38657b49,0.6666666666666666,0.0,3,3,0.0,structure
budget010@25,attr:docetl_Player_v7:q4:120ccaad,1.0,0.0,2,2,0.0,values
budget010@25,attr:Splits/train.sql#68:8e4ce4b5,0.7142857142857142,0.0,2,3,0.0,structure
budget010@25,attr:Agg/agg_queries.sql#1:a82f21fb,0.6666666666666666,0.0,3,3,0.0,structure
budget010@25,attr:Variations/Agg/agg_variations.sql#3:bbacce37,0.6666666666666666,0.5,3,3,0.3333,structure
budget010@25,attr:Splits/test.sql#17:367c3153,0.7843137254901963,0.0,11,10,0.0,structure
budget010@25,attr:Expanded/agg_filter_join_expanded.sql#1:6dec2e2f,0.7142857142857142,0.0,2,3,0.0,structure
budget010@25,attr:Splits/train.sql#44:dd84024c,0.8189655172413792,0.0,20,24,0.0,structure
budget010@25,attr:Expanded/agg_only_expanded.sql#14:95406113,0.5750798722044729,0.01834862385321101,41,68,0.0106,structure
budget010@25,attr:Splits/dev.sql#18:013eb2e8,1.0,0.0,1,1,0.0,values
budget010@25,attr:docetl_Player_v7:q4:dd9b4ab5,1.0,0.5,2,2,0.5,values
budget010@25,attr:Splits/train.sql#70:2e3d2355,0.75,0.0,16,21,0.0,structure
budget010@25,attr:Agg/agg_queries.sql#1:4b97a7c3,0.6666666666666666,0.0,3,3,0.0,structure
budget010@25,attr:Splits/train.sql#47:4820ea07,0.7142857142857142,0.0,2,3,0.0,structure
budget010@25,attr:Splits/train.sql#22:05a051ca,0.7142857142857142,0.0,2,3,0.0,structure
budget010@25,attr:Splits/train.sql#19:303ef1a3,0.5989583333333334,0.014492753623188406,56,82,0.0087,structure
budget010@25,attr:Expanded/agg_filter_expanded.sql#12:338a0c96,0.5700325732899022,0.5094339622641508,39,67,0.2904,structure
budget010@25,attr:Splits/train.sql#28:51cf7ce8,1.0,1.0,1,1,1.0,ok
budget010@25,attr:Expanded/agg_filter_join_expanded.sql#1:0535a95a,0.0,0.0,1,1,0.0,structure
budget010@25,attr:Expanded/agg_only_expanded.sql#10:5c8ac6e2,0.9210526315789473,0.8,22,23,0.7368,structure
budget010@25,attr:Variations/Agg/agg_variations.sql#3:c63098a9,0.6666666666666666,0.5,3,3,0.3333,structure
budget010@25,attr:Splits/test.sql#3:5e26d92b,0.5989583333333334,0.6521739130434783,56,82,0.3906,structure
budget010@25,attr:Splits/train.sql#51:2c3904c8,0.7142857142857142,0.4,2,3,0.2857,structure
budget010@25,attr:Splits/train.sql#27:71575b0f,0.7142857142857142,0.0,2,3,0.0,structure
budget010@25,attr:Splits/train.sql#23:5e5025ba,0.0,0.0,1,1,0.0,structure
budget010@25,attr:player_multiagg20:q12:a5be78a3,0.7333333333333333,0.5555555555555556,11,16,0.4074,structure
budget010@25,attr:Splits/train.sql#28:856ff057,1.0,1.0,1,1,1.0,ok
budget010@25,attr:Expanded/agg_filter_join_expanded.sql#4:0a31a1d6,0.7142857142857142,0.8,2,3,0.5714,structure
budget010@25,attr:Splits/dev.sql#11:8b66cd72,0.7142857142857142,0.4,2,3,0.2857,structure
budget010@25,attr:Expanded/agg_filter_expanded.sql#14:c9541d96,0.9259259259259258,0.04761904761904762,20,22,0.0441,structure
budget010@25,attr:Variations/Agg/agg_variations.sql#1:e6658259,0.6666666666666666,0.3333333333333333,3,3,0.2222,structure
budget010@25,attr:docetl_Player_v7:q0:a5bdcfba,1.0,0.0,2,2,0.0,values
budget010@25,attr:player_groupby20:q9:3e882071,0.9299781181619257,0.8839779005524863,89,92,0.8221,structure
budget010@25,attr:Splits/train.sql#39:499af76e,1.0,1.0,2,2,1.0,ok
budget010@25,attr:Expanded/agg_filter_join_expanded.sql#4:6a2d36fc,0.7142857142857142,0.0,2,3,0.0,structure
budget010@50,attr:player_multiagg20:q4:e223d11d,0.7333333333333333,0.32098765432098764,11,16,0.2354,structure
budget010@50,attr:Splits/train.sql#4:550eb54f,0.6666666666666666,0.0,3,3,0.0,structure
budget010@50,attr:Expanded/agg_join_expanded.sql#1:c24e0cc7,0.7142857142857142,0.0,2,3,0.0,structure
budget010@50,attr:Splits/train.sql#70:58fad108,0.75,0.7027027027027026,16,21,0.527,structure
budget010@50,attr:Splits/train.sql#37:36ff2681,0.6666666666666666,0.3333333333333333,3,3,0.2222,structure
budget010@50,attr:Splits/test.sql#17:9db266f2,0.7843137254901963,0.761904761904762,11,10,0.5976,structure
budget010@50,attr:Expanded/agg_filter_expanded.sql#12:9257bded,0.5700325732899022,0.0,39,67,0.0,structure
budget010@50,attr:Splits/train.sql#47:d388188d,0.7142857142857142,0.8,2,3,0.5714,structure
budget010@50,attr:Splits/test.sql#14:a53facfd,0.7142857142857142,0.0,2,3,0.0,structure
budget010@50,attr:Expanded/agg_filter_expanded.sql#1:c5608ae2,1.0,1.0,1,1,1.0,ok
budget010@50,attr:Expanded/agg_filter_join_expanded.sql#1:97f4546b,0.7142857142857142,0.8,2,3,0.5714,structure
budget010@50,attr:Splits/train.sql#74:d43cbebb,1.0,0.0,10,10,0.0,values
budget010@50,attr:Expanded/agg_join_expanded.sql#5:15c06c11,0.7142857142857142,0.4,2,3,0.2857,structure
budget010@50,attr:Splits/train.sql#47:c40d7c13,0.7142857142857142,0.0,2,3,0.0,structure
budget010@50,attr:player_multiagg20:q12:365f4815,0.7333333333333333,0.4444444444444444,11,16,0.3259,structure
budget010@50,attr:Splits/train.sql#39:2660c7eb,1.0,0.0,2,2,0.0,values
budget010@50,attr:Splits/train.sql#39:cfc6a04a,1.0,1.0,2,2,1.0,ok
budget010@50,attr:Splits/train.sql#20:610644e4,0.9210526315789473,0.888888888888889,22,23,0.8187,structure
budget010@50,attr:Splits/train.sql#74:d1735ba6,1.0,0.0,10,10,0.0,values
budget010@50,attr:Expanded/agg_filter_expanded.sql#1:43804a60,1.0,1.0,1,1,1.0,ok
budget010@50,attr:Splits/train.sql#4:f514a950,0.6666666666666666,0.0,3,3,0.0,structure
budget010@50,attr:docetl_Player_v7:q0:fef776e6,1.0,0.0,2,2,0.0,values
budget010@50,attr:Variations/Agg/agg_variations.sql#1:09fbc9fa,0.6666666666666666,0.0,3,3,0.0,structure
budget010@50,attr:Splits/train.sql#74:2968ff54,1.0,0.9,10,10,0.9,values
budget010@50,attr:Splits/test.sql#14:e0da7fae,0.7142857142857142,0.0,2,3,0.0,structure
budget010@50,attr:Splits/dev.sql#18:bbfca16a,1.0,1.0,1,1,1.0,ok
budget010@50,attr:Variations/Agg/agg_variations.sql#3:6d2eeac2,0.6666666666666666,0.0,3,3,0.0,structure
budget010@50,attr:Splits/train.sql#19:332da492,0.5989583333333334,0.49275362318840576,56,82,0.2951,structure
budget010@50,attr:Expanded/agg_filter_join_expanded.sql#4:17c50da4,0.7142857142857142,0.0,2,3,0.0,structure
budget010@50,attr:Splits/dev.sql#11:99e28283,0.7142857142857142,0.0,2,3,0.0,structure
budget010@50,attr:Expanded/agg_join_expanded.sql#5:b42bc767,0.7142857142857142,0.0,2,3,0.0,structure
budget010@50,attr:Expanded/agg_filter_expanded.sql#14:c3259565,0.9259259259259258,0.04761904761904762,20,22,0.0441,structure
budget010@50,attr:Splits/train.sql#51:a95139b5,0.7142857142857142,0.4,2,3,0.2857,structure
budget010@50,attr:Expanded/agg_filter_expanded.sql#12:f3a1786c,0.5700325732899022,0.660377358490566,39,67,0.3764,structure
budget010@50,attr:Splits/dev.sql#18:b1241002,1.0,1.0,1,1,1.0,ok
budget010@50,attr:Splits/train.sql#44:a130f41f,0.8189655172413792,0.7727272727272727,20,24,0.6328,structure
budget010@50,attr:Expanded/agg_filter_expanded.sql#1:e3a8531c,1.0,1.0,1,1,1.0,ok
budget010@50,attr:player_multiagg20:q12:e0cde198,0.7333333333333333,0.6296296296296297,11,16,0.4617,structure
budget010@50,attr:Splits/test.sql#2:3e923052,0.5989583333333334,0.536231884057971,56,82,0.3212,structure
budget010@50,attr:player_multiagg20:q10:061dce02,0.7142857142857142,0.8,2,3,0.5714,structure
budget010@50,attr:Expanded/agg_only_expanded.sql#14:c60f4651,0.5750798722044729,0.4036697247706422,41,68,0.2321,structure
budget010@50,attr:Splits/train.sql#36:76016403,0.6666666666666666,0.0,3,3,0.0,structure
budget010@50,attr:docetl_Player_v7:q4:7175642b,1.0,0.0,2,2,0.0,values
budget010@50,attr:Expanded/agg_only_expanded.sql#10:30df06be,0.9210526315789473,0.888888888888889,22,23,0.8187,structure
budget010@50,attr:Splits/train.sql#19:5ad6058c,0.0,0.0,22,109,0.0,structure
budget010@50,attr:Splits/dev.sql#11:6ef31688,0.7142857142857142,0.4,2,3,0.2857,structure
budget010@50,attr:Variations/Agg/agg_variations.sql#1:84662181,0.6666666666666666,0.0,3,3,0.0,structure
budget010@50,attr:Splits/train.sql#27:22ff56d3,0.7142857142857142,0.4,2,3,0.2857,structure
budget010@50,attr:Expanded/agg_join_expanded.sql#1:a91a664a,0.7142857142857142,0.0,2,3,0.0,structure
budget010@50,attr:Splits/train.sql#28:913c76d4,1.0,1.0,1,1,1.0,ok
budget010@50,attr:Splits/test.sql#17:be55be91,0.7843137254901963,0.47619047619047616,11,10,0.3735,structure
budget010@50,attr:Splits/train.sql#36:267aed6c,0.6666666666666666,0.3333333333333333,3,3,0.2222,structure
budget010@50,attr:Splits/train.sql#4:4f11fcad,0.6666666666666666,0.0,3,3,0.0,structure
budget010@50,attr:player_multiagg20:q10:1337ff71,0.7142857142857142,0.8,2,3,0.5714,structure
budget010@50,attr:Splits/test.sql#2:ab13f20a,0.5989583333333334,0.6521739130434783,56,82,0.3906,structure
budget010@50,attr:Splits/train.sql#27:e518235e,0.7142857142857142,0.4,2,3,0.2857,structure
budget010@50,attr:Expanded/agg_join_expanded.sql#1:ed9dfa67,0.7142857142857142,0.0,2,3,0.0,structure
budget010@50,attr:Splits/test.sql#3:5b6cb72b,0.5989583333333334,0.536231884057971,56,82,0.3212,structure
budget010@50,attr:Expanded/agg_filter_expanded.sql#14:c7e1850b,0.9259259259259258,0.8095238095238095,20,22,0.7496,structure
budget010@50,attr:Expanded/agg_filter_join_expanded.sql#5:e4adf27a,1.0,1.0,1,1,1.0,ok
budget010@50,attr:player_multiagg20:q4:8c5af8bb,0.7333333333333333,0.5679012345679013,11,16,0.4165,structure
budget010@50,attr:Splits/test.sql#3:4e167992,0.0,0.0,22,109,0.0,structure
budget010@50,attr:Splits/train.sql#68:e92c391d,0.7142857142857142,0.0,2,3,0.0,structure
budget010@50,attr:Expanded/agg_join_expanded.sql#5:65097fb9,0.7142857142857142,0.0,2,3,0.0,structure
budget010@50,attr:docetl_Player_v7:q0:525436db,1.0,0.0,2,2,0.0,values
budget010@50,attr:Splits/train.sql#20:c3c663c9,0.9210526315789473,0.888888888888889,22,23,0.8187,structure
budget010@50,attr:Splits/train.sql#68:3aaa2fe5,0.7142857142857142,0.4,2,3,0.2857,structure
budget010@50,attr:Splits/test.sql#14:07834953,0.7142857142857142,0.0,2,3,0.0,structure
budget010@50,attr:Splits/train.sql#23:6f7d6e40,0.0,0.0,1,1,0.0,structure
budget010@50,attr:Splits/train.sql#44:f69fe7f1,0.8189655172413792,0.0,20,24,0.0,structure
budget010@50,attr:player_multiagg20:q4:bbe158ad,0.7333333333333333,0.4691358024691358,11,16,0.344,structure
budget010@50,attr:Splits/test.sql#2:86ec6660,0.5989583333333334,0.043478260869565216,56,82,0.026,structure
budget010@50,attr:Splits/train.sql#70:eaedaf09,0.75,0.0,16,21,0.0,structure
budget010@50,attr:Splits/train.sql#37:54c21492,0.6666666666666666,0.0,3,3,0.0,structure
budget010@50,attr:player_join20:q7:ed16135e,1.0,0.6818181818181818,22,22,0.6818,values
budget010@50,attr:Splits/train.sql#23:1909ba6e,0.0,0.0,1,1,0.0,structure
budget010@50,attr:Expanded/agg_only_expanded.sql#14:1f093cf7,0.5750798722044729,0.05504587155963303,41,68,0.0317,structure
budget010@50,attr:Splits/train.sql#36:fe39afb8,0.6666666666666666,0.0,3,3,0.0,structure
budget010@50,attr:Splits/train.sql#51:d89bf15c,0.7142857142857142,0.0,2,3,0.0,structure
budget010@50,attr:Splits/train.sql#20:e326cfd2,0.9210526315789473,0.888888888888889,22,23,0.8187,structure
budget010@50,attr:Expanded/agg_only_expanded.sql#10:a23eaa3e,0.9210526315789473,0.08888888888888888,22,23,0.0819,structure
budget010@50,attr:docetl_Player_v7:q18:adf37781,1.0,0.7272727272727273,22,22,0.7273,values
budget010@50,attr:Agg/agg_queries.sql#1:58b91799,0.6666666666666666,0.6666666666666666,3,3,0.4444,structure
budget010@50,attr:Splits/train.sql#37:38657b49,0.6666666666666666,0.0,3,3,0.0,structure
budget010@50,attr:docetl_Player_v7:q4:120ccaad,1.0,0.0,2,2,0.0,values
budget010@50,attr:Splits/train.sql#68:8e4ce4b5,0.7142857142857142,0.0,2,3,0.0,structure
budget010@50,attr:Agg/agg_queries.sql#1:a82f21fb,0.6666666666666666,0.0,3,3,0.0,structure
budget010@50,attr:Variations/Agg/agg_variations.sql#3:bbacce37,0.6666666666666666,0.5,3,3,0.3333,structure
budget010@50,attr:Splits/test.sql#17:367c3153,0.7843137254901963,0.0,11,10,0.0,structure
budget010@50,attr:Expanded/agg_filter_join_expanded.sql#1:6dec2e2f,0.7142857142857142,0.0,2,3,0.0,structure
budget010@50,attr:Splits/train.sql#44:dd84024c,0.8189655172413792,0.0,20,24,0.0,structure
budget010@50,attr:Expanded/agg_only_expanded.sql#14:95406113,0.5750798722044729,0.01834862385321101,41,68,0.0106,structure
budget010@50,attr:Splits/dev.sql#18:013eb2e8,1.0,0.0,1,1,0.0,values
budget010@50,attr:docetl_Player_v7:q4:dd9b4ab5,1.0,0.5,2,2,0.5,values
budget010@50,attr:Splits/train.sql#70:2e3d2355,0.75,0.0,16,21,0.0,structure
budget010@50,attr:Agg/agg_queries.sql#1:4b97a7c3,0.6666666666666666,0.0,3,3,0.0,structure
budget010@50,attr:Splits/train.sql#47:4820ea07,0.7142857142857142,0.0,2,3,0.0,structure
budget010@50,attr:Splits/train.sql#22:05a051ca,0.7142857142857142,0.8,2,3,0.5714,structure
budget010@50,attr:Splits/train.sql#19:303ef1a3,0.5989583333333334,0.014492753623188406,56,82,0.0087,structure
budget010@50,attr:Expanded/agg_filter_expanded.sql#12:338a0c96,0.5700325732899022,0.037735849056603765,39,67,0.0215,structure
budget010@50,attr:Splits/train.sql#28:51cf7ce8,1.0,1.0,1,1,1.0,ok
budget010@50,attr:Expanded/agg_filter_join_expanded.sql#1:0535a95a,0.0,0.0,1,1,0.0,structure
budget010@50,attr:Expanded/agg_only_expanded.sql#10:5c8ac6e2,0.9210526315789473,0.8,22,23,0.7368,structure
budget010@50,attr:Variations/Agg/agg_variations.sql#3:c63098a9,0.6666666666666666,0.3333333333333333,3,3,0.2222,structure
budget010@50,attr:Splits/test.sql#3:5e26d92b,0.5989583333333334,0.6521739130434783,56,82,0.3906,structure
budget010@50,attr:Splits/train.sql#51:2c3904c8,0.7142857142857142,0.4,2,3,0.2857,structure
budget010@50,attr:Splits/train.sql#27:71575b0f,0.7142857142857142,0.0,2,3,0.0,structure
budget010@50,attr:Splits/train.sql#23:5e5025ba,0.0,0.0,1,1,0.0,structure
budget010@50,attr:player_multiagg20:q12:a5be78a3,0.7333333333333333,0.5555555555555556,11,16,0.4074,structure
budget010@50,attr:Splits/train.sql#28:856ff057,1.0,1.0,1,1,1.0,ok
budget010@50,attr:Expanded/agg_filter_join_expanded.sql#4:0a31a1d6,0.7142857142857142,0.8,2,3,0.5714,structure
budget010@50,attr:Splits/dev.sql#11:8b66cd72,0.7142857142857142,0.4,2,3,0.2857,structure
budget010@50,attr:Expanded/agg_filter_expanded.sql#14:c9541d96,0.9259259259259258,0.04761904761904762,20,22,0.0441,structure
budget010@50,attr:Variations/Agg/agg_variations.sql#1:e6658259,0.6666666666666666,0.3333333333333333,3,3,0.2222,structure
budget010@50,attr:docetl_Player_v7:q0:a5bdcfba,1.0,0.0,2,2,0.0,values
budget010@50,attr:player_groupby20:q9:3e882071,0.0,0.0,0,92,0.0,no rows
budget010@50,attr:Splits/train.sql#39:499af76e,1.0,1.0,2,2,1.0,ok
budget010@50,attr:Expanded/agg_filter_join_expanded.sql#4:6a2d36fc,0.7142857142857142,0.0,2,3,0.0,structure
budget010@75,attr:player_multiagg20:q4:e223d11d,0.7333333333333333,0.32098765432098764,11,16,0.2354,structure
budget010@75,attr:Splits/train.sql#4:550eb54f,0.6666666666666666,0.0,3,3,0.0,structure
budget010@75,attr:Expanded/agg_join_expanded.sql#1:c24e0cc7,0.7142857142857142,0.0,2,3,0.0,structure
budget010@75,attr:Splits/train.sql#70:58fad108,0.75,0.7027027027027026,16,21,0.527,structure
budget010@75,attr:Splits/train.sql#37:36ff2681,0.6666666666666666,0.3333333333333333,3,3,0.2222,structure
budget010@75,attr:Splits/test.sql#17:9db266f2,0.7843137254901963,0.0,11,10,0.0,structure
budget010@75,attr:Expanded/agg_filter_expanded.sql#12:9257bded,0.5700325732899022,0.0,39,67,0.0,structure
budget010@75,attr:Splits/train.sql#47:d388188d,0.7142857142857142,0.8,2,3,0.5714,structure
budget010@75,attr:Splits/test.sql#14:a53facfd,0.7142857142857142,0.0,2,3,0.0,structure
budget010@75,attr:Expanded/agg_filter_expanded.sql#1:c5608ae2,1.0,1.0,1,1,1.0,ok
budget010@75,attr:Expanded/agg_filter_join_expanded.sql#1:97f4546b,0.7142857142857142,0.0,2,3,0.0,structure
budget010@75,attr:Splits/train.sql#74:d43cbebb,1.0,0.0,10,10,0.0,values
budget010@75,attr:Expanded/agg_join_expanded.sql#5:15c06c11,0.7142857142857142,0.0,2,3,0.0,structure
budget010@75,attr:Splits/train.sql#47:c40d7c13,0.7142857142857142,0.0,2,3,0.0,structure
budget010@75,attr:player_multiagg20:q12:365f4815,0.7333333333333333,0.4444444444444444,11,16,0.3259,structure
budget010@75,attr:Splits/train.sql#39:2660c7eb,1.0,0.0,2,2,0.0,values
budget010@75,attr:Splits/train.sql#39:cfc6a04a,1.0,1.0,2,2,1.0,ok
budget010@75,attr:Splits/train.sql#20:610644e4,0.9210526315789473,0.888888888888889,22,23,0.8187,structure
budget010@75,attr:Splits/train.sql#74:d1735ba6,1.0,0.0,10,10,0.0,values
budget010@75,attr:Expanded/agg_filter_expanded.sql#1:43804a60,1.0,1.0,1,1,1.0,ok
budget010@75,attr:Splits/train.sql#4:f514a950,0.6666666666666666,0.0,3,3,0.0,structure
budget010@75,attr:docetl_Player_v7:q0:fef776e6,1.0,0.0,2,2,0.0,values
budget010@75,attr:Variations/Agg/agg_variations.sql#1:09fbc9fa,0.6666666666666666,0.0,3,3,0.0,structure
budget010@75,attr:Splits/train.sql#74:2968ff54,1.0,0.0,10,10,0.0,values
budget010@75,attr:Splits/test.sql#14:e0da7fae,0.7142857142857142,0.0,2,3,0.0,structure
budget010@75,attr:Splits/dev.sql#18:bbfca16a,1.0,0.0,1,1,0.0,values
budget010@75,attr:Variations/Agg/agg_variations.sql#3:6d2eeac2,0.6666666666666666,0.0,3,3,0.0,structure
budget010@75,attr:Splits/train.sql#19:332da492,0.5989583333333334,0.014492753623188406,56,82,0.0087,structure
budget010@75,attr:Expanded/agg_filter_join_expanded.sql#4:17c50da4,0.7142857142857142,0.0,2,3,0.0,structure
budget010@75,attr:Splits/dev.sql#11:99e28283,0.7142857142857142,0.0,2,3,0.0,structure
budget010@75,attr:Expanded/agg_join_expanded.sql#5:b42bc767,0.7142857142857142,0.0,2,3,0.0,structure
budget010@75,attr:Expanded/agg_filter_expanded.sql#14:c3259565,0.9259259259259258,0.04761904761904762,20,22,0.0441,structure
budget010@75,attr:Splits/train.sql#51:a95139b5,0.7142857142857142,0.4,2,3,0.2857,structure
budget010@75,attr:Expanded/agg_filter_expanded.sql#12:f3a1786c,0.5700325732899022,0.660377358490566,39,67,0.3764,structure
budget010@75,attr:Splits/dev.sql#18:b1241002,1.0,1.0,1,1,1.0,ok
budget010@75,attr:Splits/train.sql#44:a130f41f,0.8189655172413792,0.7727272727272727,20,24,0.6328,structure
budget010@75,attr:Expanded/agg_filter_expanded.sql#1:e3a8531c,1.0,1.0,1,1,1.0,ok
budget010@75,attr:player_multiagg20:q12:e0cde198,0.7333333333333333,0.6296296296296297,11,16,0.4617,structure
budget010@75,attr:Splits/test.sql#2:3e923052,0.5989583333333334,0.028985507246376812,56,82,0.0174,structure
budget010@75,attr:player_multiagg20:q10:061dce02,0.7142857142857142,0.8,2,3,0.5714,structure
budget010@75,attr:Expanded/agg_only_expanded.sql#14:c60f4651,0.5750798722044729,0.01834862385321101,41,68,0.0106,structure
budget010@75,attr:Splits/train.sql#36:76016403,0.6666666666666666,0.0,3,3,0.0,structure
budget010@75,attr:docetl_Player_v7:q4:7175642b,1.0,0.0,2,2,0.0,values
budget010@75,attr:Expanded/agg_only_expanded.sql#10:30df06be,0.9210526315789473,0.888888888888889,22,23,0.8187,structure
budget010@75,attr:Splits/train.sql#19:5ad6058c,0.0,0.0,22,109,0.0,structure
budget010@75,attr:Splits/dev.sql#11:6ef31688,0.7142857142857142,0.0,2,3,0.0,structure
budget010@75,attr:Variations/Agg/agg_variations.sql#1:84662181,0.6666666666666666,0.0,3,3,0.0,structure
budget010@75,attr:Splits/train.sql#27:22ff56d3,0.7142857142857142,0.0,2,3,0.0,structure
budget010@75,attr:Expanded/agg_join_expanded.sql#1:a91a664a,0.7142857142857142,0.0,2,3,0.0,structure
budget010@75,attr:Splits/train.sql#28:913c76d4,1.0,1.0,1,1,1.0,ok
budget010@75,attr:Splits/test.sql#17:be55be91,0.7843137254901963,0.47619047619047616,11,10,0.3735,structure
budget010@75,attr:Splits/train.sql#36:267aed6c,0.6666666666666666,0.3333333333333333,3,3,0.2222,structure
budget010@75,attr:Splits/train.sql#4:4f11fcad,0.6666666666666666,0.0,3,3,0.0,structure
budget010@75,attr:player_multiagg20:q10:1337ff71,0.7142857142857142,0.8,2,3,0.5714,structure
budget010@75,attr:Splits/test.sql#2:ab13f20a,0.5989583333333334,0.6521739130434783,56,82,0.3906,structure
budget010@75,attr:Splits/train.sql#27:e518235e,0.7142857142857142,0.4,2,3,0.2857,structure
budget010@75,attr:Expanded/agg_join_expanded.sql#1:ed9dfa67,0.7142857142857142,0.0,2,3,0.0,structure
budget010@75,attr:Splits/test.sql#3:5b6cb72b,0.5989583333333334,0.028985507246376812,56,82,0.0174,structure
budget010@75,attr:Expanded/agg_filter_expanded.sql#14:c7e1850b,0.9259259259259258,0.04761904761904762,20,22,0.0441,structure
budget010@75,attr:Expanded/agg_filter_join_expanded.sql#5:e4adf27a,1.0,1.0,1,1,1.0,ok
budget010@75,attr:player_multiagg20:q4:8c5af8bb,0.7333333333333333,0.5679012345679013,11,16,0.4165,structure
budget010@75,attr:Splits/test.sql#3:4e167992,0.0,0.0,22,109,0.0,structure
budget010@75,attr:Splits/train.sql#68:e92c391d,0.7142857142857142,0.0,2,3,0.0,structure
budget010@75,attr:Expanded/agg_join_expanded.sql#5:65097fb9,0.7142857142857142,0.0,2,3,0.0,structure
budget010@75,attr:docetl_Player_v7:q0:525436db,1.0,0.0,2,2,0.0,values
budget010@75,attr:Splits/train.sql#20:c3c663c9,0.9210526315789473,0.888888888888889,22,23,0.8187,structure
budget010@75,attr:Splits/train.sql#68:3aaa2fe5,0.7142857142857142,0.4,2,3,0.2857,structure
budget010@75,attr:Splits/test.sql#14:07834953,0.7142857142857142,0.0,2,3,0.0,structure
budget010@75,attr:Splits/train.sql#23:6f7d6e40,0.0,0.0,1,1,0.0,structure
budget010@75,attr:Splits/train.sql#44:f69fe7f1,0.8189655172413792,0.0,20,24,0.0,structure
budget010@75,attr:player_multiagg20:q4:bbe158ad,0.7333333333333333,0.32098765432098764,11,16,0.2354,structure
budget010@75,attr:Splits/test.sql#2:86ec6660,0.5989583333333334,0.043478260869565216,56,82,0.026,structure
budget010@75,attr:Splits/train.sql#70:eaedaf09,0.75,0.0,16,21,0.0,structure
budget010@75,attr:Splits/train.sql#37:54c21492,0.6666666666666666,0.0,3,3,0.0,structure
budget010@75,attr:player_join20:q7:ed16135e,1.0,0.6818181818181818,22,22,0.6818,values
budget010@75,attr:Splits/train.sql#23:1909ba6e,0.0,0.0,1,1,0.0,structure
budget010@75,attr:Expanded/agg_only_expanded.sql#14:1f093cf7,0.5750798722044729,0.05504587155963303,41,68,0.0317,structure
budget010@75,attr:Splits/train.sql#36:fe39afb8,0.6666666666666666,0.0,3,3,0.0,structure
budget010@75,attr:Splits/train.sql#51:d89bf15c,0.7142857142857142,0.0,2,3,0.0,structure
budget010@75,attr:Splits/train.sql#20:e326cfd2,0.9210526315789473,0.888888888888889,22,23,0.8187,structure
budget010@75,attr:Expanded/agg_only_expanded.sql#10:a23eaa3e,0.9210526315789473,0.08888888888888888,22,23,0.0819,structure
budget010@75,attr:docetl_Player_v7:q18:adf37781,1.0,0.7272727272727273,22,22,0.7273,values
budget010@75,attr:Agg/agg_queries.sql#1:58b91799,0.6666666666666666,0.6666666666666666,3,3,0.4444,structure
budget010@75,attr:Splits/train.sql#37:38657b49,0.6666666666666666,0.0,3,3,0.0,structure
budget010@75,attr:docetl_Player_v7:q4:120ccaad,1.0,0.0,2,2,0.0,values
budget010@75,attr:Splits/train.sql#68:8e4ce4b5,0.7142857142857142,0.0,2,3,0.0,structure
budget010@75,attr:Agg/agg_queries.sql#1:a82f21fb,0.6666666666666666,0.0,3,3,0.0,structure
budget010@75,attr:Variations/Agg/agg_variations.sql#3:bbacce37,0.6666666666666666,0.5,3,3,0.3333,structure
budget010@75,attr:Splits/test.sql#17:367c3153,0.7843137254901963,0.0,11,10,0.0,structure
budget010@75,attr:Expanded/agg_filter_join_expanded.sql#1:6dec2e2f,0.7142857142857142,0.0,2,3,0.0,structure
budget010@75,attr:Splits/train.sql#44:dd84024c,0.8189655172413792,0.0,20,24,0.0,structure
budget010@75,attr:Expanded/agg_only_expanded.sql#14:95406113,0.5750798722044729,0.01834862385321101,41,68,0.0106,structure
budget010@75,attr:Splits/dev.sql#18:013eb2e8,1.0,0.0,1,1,0.0,values
budget010@75,attr:docetl_Player_v7:q4:dd9b4ab5,1.0,0.5,2,2,0.5,values
budget010@75,attr:Splits/train.sql#70:2e3d2355,0.75,0.0,16,21,0.0,structure
budget010@75,attr:Agg/agg_queries.sql#1:4b97a7c3,0.6666666666666666,0.0,3,3,0.0,structure
budget010@75,attr:Splits/train.sql#47:4820ea07,0.7142857142857142,0.0,2,3,0.0,structure
budget010@75,attr:Splits/train.sql#22:05a051ca,0.7142857142857142,0.8,2,3,0.5714,structure
budget010@75,attr:Splits/train.sql#19:303ef1a3,0.5989583333333334,0.014492753623188406,56,82,0.0087,structure
budget010@75,attr:Expanded/agg_filter_expanded.sql#12:338a0c96,0.5700325732899022,0.037735849056603765,39,67,0.0215,structure
budget010@75,attr:Splits/train.sql#28:51cf7ce8,1.0,1.0,1,1,1.0,ok
budget010@75,attr:Expanded/agg_filter_join_expanded.sql#1:0535a95a,0.0,0.0,1,1,0.0,structure
budget010@75,attr:Expanded/agg_only_expanded.sql#10:5c8ac6e2,0.9210526315789473,0.04444444444444444,22,23,0.0409,structure
budget010@75,attr:Variations/Agg/agg_variations.sql#3:c63098a9,0.6666666666666666,0.3333333333333333,3,3,0.2222,structure
budget010@75,attr:Splits/test.sql#3:5e26d92b,0.5989583333333334,0.6521739130434783,56,82,0.3906,structure
budget010@75,attr:Splits/train.sql#51:2c3904c8,0.7142857142857142,0.0,2,3,0.0,structure
budget010@75,attr:Splits/train.sql#27:71575b0f,0.7142857142857142,0.0,2,3,0.0,structure
budget010@75,attr:Splits/train.sql#23:5e5025ba,0.0,0.0,1,1,0.0,structure
budget010@75,attr:player_multiagg20:q12:a5be78a3,0.7333333333333333,0.4444444444444444,11,16,0.3259,structure
budget010@75,attr:Splits/train.sql#28:856ff057,1.0,1.0,1,1,1.0,ok
budget010@75,attr:Expanded/agg_filter_join_expanded.sql#4:0a31a1d6,0.7142857142857142,0.0,2,3,0.0,structure
budget010@75,attr:Splits/dev.sql#11:8b66cd72,0.7142857142857142,0.4,2,3,0.2857,structure
budget010@75,attr:Expanded/agg_filter_expanded.sql#14:c9541d96,0.9259259259259258,0.04761904761904762,20,22,0.0441,structure
budget010@75,attr:Variations/Agg/agg_variations.sql#1:e6658259,0.6666666666666666,0.3333333333333333,3,3,0.2222,structure
budget010@75,attr:docetl_Player_v7:q0:a5bdcfba,1.0,0.0,2,2,0.0,values
budget010@75,attr:player_groupby20:q9:3e882071,0.0,0.0,0,92,0.0,no rows
budget010@75,attr:Splits/train.sql#39:499af76e,1.0,1.0,2,2,1.0,ok
budget010@75,attr:Expanded/agg_filter_join_expanded.sql#4:6a2d36fc,0.7142857142857142,0.0,2,3,0.0,structure
budget025@0,attr:player_multiagg20:q4:e223d11d,0.7333333333333333,0.5679012345679013,11,16,0.4165,structure
budget025@0,attr:Splits/train.sql#4:550eb54f,0.6666666666666666,0.0,3,3,0.0,structure
budget025@0,attr:Expanded/agg_join_expanded.sql#1:c24e0cc7,0.7142857142857142,0.0,2,3,0.0,structure
budget025@0,attr:Splits/train.sql#70:58fad108,0.75,0.7027027027027026,16,21,0.527,structure
budget025@0,attr:Splits/train.sql#37:36ff2681,0.6666666666666666,0.3333333333333333,3,3,0.2222,structure
budget025@0,attr:Splits/test.sql#17:9db266f2,0.7843137254901963,0.761904761904762,11,10,0.5976,structure
budget025@0,attr:Expanded/agg_filter_expanded.sql#12:9257bded,0.5700325732899022,0.4339622641509434,39,67,0.2474,structure
budget025@0,attr:Splits/train.sql#47:d388188d,0.7142857142857142,0.8,2,3,0.5714,structure
budget025@0,attr:Splits/test.sql#14:a53facfd,0.7142857142857142,0.0,2,3,0.0,structure
budget025@0,attr:Expanded/agg_filter_expanded.sql#1:c5608ae2,1.0,1.0,1,1,1.0,ok
budget025@0,attr:Expanded/agg_filter_join_expanded.sql#1:97f4546b,0.7142857142857142,0.8,2,3,0.5714,structure
budget025@0,attr:Splits/train.sql#74:d43cbebb,1.0,0.8000000000000002,10,10,0.8,values
budget025@0,attr:Expanded/agg_join_expanded.sql#5:15c06c11,0.7142857142857142,0.4,2,3,0.2857,structure
budget025@0,attr:Splits/train.sql#47:c40d7c13,0.7142857142857142,0.0,2,3,0.0,structure
budget025@0,attr:player_multiagg20:q12:365f4815,0.7333333333333333,0.6296296296296297,11,16,0.4617,structure
budget025@0,attr:Splits/train.sql#39:2660c7eb,1.0,0.0,2,2,0.0,values
budget025@0,attr:Splits/train.sql#39:cfc6a04a,1.0,1.0,2,2,1.0,ok
budget025@0,attr:Splits/train.sql#20:610644e4,0.9210526315789473,0.8444444444444444,22,23,0.7778,structure
budget025@0,attr:Splits/train.sql#74:d1735ba6,1.0,0.9,10,10,0.9,values
budget025@0,attr:Expanded/agg_filter_expanded.sql#1:43804a60,1.0,1.0,1,1,1.0,ok
budget025@0,attr:Splits/train.sql#4:f514a950,0.6666666666666666,0.0,3,3,0.0,structure
budget025@0,attr:docetl_Player_v7:q0:fef776e6,1.0,0.0,2,2,0.0,values
budget025@0,attr:Variations/Agg/agg_variations.sql#1:09fbc9fa,0.6666666666666666,0.0,3,3,0.0,structure
budget025@0,attr:Splits/train.sql#74:2968ff54,1.0,0.9,10,10,0.9,values
budget025@0,attr:Splits/test.sql#14:e0da7fae,0.7142857142857142,0.0,2,3,0.0,structure
budget025@0,attr:Splits/dev.sql#18:bbfca16a,1.0,1.0,1,1,1.0,ok
budget025@0,attr:Variations/Agg/agg_variations.sql#3:6d2eeac2,0.6666666666666666,0.0,3,3,0.0,structure
budget025@0,attr:Splits/train.sql#19:332da492,0.5989583333333334,0.49275362318840576,56,82,0.2951,structure
budget025@0,attr:Expanded/agg_filter_join_expanded.sql#4:17c50da4,0.7142857142857142,0.4,2,3,0.2857,structure
budget025@0,attr:Splits/dev.sql#11:99e28283,0.7142857142857142,0.4,2,3,0.2857,structure
budget025@0,attr:Expanded/agg_join_expanded.sql#5:b42bc767,0.7142857142857142,0.4,2,3,0.2857,structure
budget025@0,attr:Expanded/agg_filter_expanded.sql#14:c3259565,0.9259259259259258,0.9047619047619048,20,22,0.8377,structure
budget025@0,attr:Splits/train.sql#51:a95139b5,0.7142857142857142,0.4,2,3,0.2857,structure
budget025@0,attr:Expanded/agg_filter_expanded.sql#12:f3a1786c,0.5700325732899022,0.660377358490566,39,67,0.3764,structure
budget025@0,attr:Splits/dev.sql#18:b1241002,1.0,1.0,1,1,1.0,ok
budget025@0,attr:Splits/train.sql#44:a130f41f,0.8189655172413792,0.7727272727272727,20,24,0.6328,structure
budget025@0,attr:Expanded/agg_filter_expanded.sql#1:e3a8531c,1.0,1.0,1,1,1.0,ok
budget025@0,attr:player_multiagg20:q12:e0cde198,0.7333333333333333,0.6296296296296297,11,16,0.4617,structure
budget025@0,attr:Splits/test.sql#2:3e923052,0.5989583333333334,0.536231884057971,56,82,0.3212,structure
budget025@0,attr:player_multiagg20:q10:061dce02,0.7142857142857142,0.8,2,3,0.5714,structure
budget025@0,attr:Expanded/agg_only_expanded.sql#14:c60f4651,0.5750798722044729,0.4036697247706422,41,68,0.2321,structure
budget025@0,attr:Splits/train.sql#36:76016403,0.6666666666666666,0.0,3,3,0.0,structure
budget025@0,attr:docetl_Player_v7:q4:7175642b,1.0,0.0,2,2,0.0,values
budget025@0,attr:Expanded/agg_only_expanded.sql#10:30df06be,0.9210526315789473,0.888888888888889,22,23,0.8187,structure
budget025@0,attr:Splits/train.sql#19:5ad6058c,0.8287292817679557,0.5833333333333334,107,109,0.4834,structure
budget025@0,attr:Splits/dev.sql#11:6ef31688,0.7142857142857142,0.4,2,3,0.2857,structure
budget025@0,attr:Variations/Agg/agg_variations.sql#1:84662181,0.6666666666666666,0.3333333333333333,3,3,0.2222,structure
budget025@0,attr:Splits/train.sql#27:22ff56d3,0.7142857142857142,0.4,2,3,0.2857,structure
budget025@0,attr:Expanded/agg_join_expanded.sql#1:a91a664a,0.7142857142857142,0.0,2,3,0.0,structure
budget025@0,attr:Splits/train.sql#28:913c76d4,1.0,1.0,1,1,1.0,ok
budget025@0,attr:Splits/test.sql#17:be55be91,0.7843137254901963,0.47619047619047616,11,10,0.3735,structure
budget025@0,attr:Splits/train.sql#36:267aed6c,0.6666666666666666,0.3333333333333333,3,3,0.2222,structure
budget025@0,attr:Splits/train.sql#4:4f11fcad,0.6666666666666666,0.0,3,3,0.0,structure
budget025@0,attr:player_multiagg20:q10:1337ff71,0.7142857142857142,0.8,2,3,0.5714,structure
budget025@0,attr:Splits/test.sql#2:ab13f20a,0.5989583333333334,0.6521739130434783,56,82,0.3906,structure
budget025@0,attr:Splits/train.sql#27:e518235e,0.7142857142857142,0.4,2,3,0.2857,structure
budget025@0,attr:Expanded/agg_join_expanded.sql#1:ed9dfa67,0.7142857142857142,0.0,2,3,0.0,structure
budget025@0,attr:Splits/test.sql#3:5b6cb72b,0.5989583333333334,0.536231884057971,56,82,0.3212,structure
budget025@0,attr:Expanded/agg_filter_expanded.sql#14:c7e1850b,0.9259259259259258,0.8095238095238095,20,22,0.7496,structure
budget025@0,attr:Expanded/agg_filter_join_expanded.sql#5:e4adf27a,1.0,1.0,1,1,1.0,ok
budget025@0,attr:player_multiagg20:q4:8c5af8bb,0.7333333333333333,0.5679012345679013,11,16,0.4165,structure
budget025@0,attr:Splits/test.sql#3:4e167992,0.8287292817679557,0.6203703703703702,107,109,0.5141,structure
budget025@0,attr:Splits/train.sql#68:e92c391d,0.7142857142857142,0.4,2,3,0.2857,structure
budget025@0,attr:Expanded/agg_join_expanded.sql#5:65097fb9,0.7142857142857142,0.4,2,3,0.2857,structure
budget025@0,attr:docetl_Player_v7:q0:525436db,1.0,0.0,2,2,0.0,values
budget025@0,attr:Splits/train.sql#20:c3c663c9,0.9210526315789473,0.888888888888889,22,23,0.8187,structure
budget025@0,attr:Splits/train.sql#68:3aaa2fe5,0.7142857142857142,0.4,2,3,0.2857,structure
budget025@0,attr:Splits/test.sql#14:07834953,0.7142857142857142,0.0,2,3,0.0,structure
budget025@0,attr:Splits/train.sql#23:6f7d6e40,0.0,0.0,1,1,0.0,structure
budget025@0,attr:Splits/train.sql#44:f69fe7f1,0.8189655172413792,0.5,20,24,0.4095,structure
budget025@0,attr:player_multiagg20:q4:bbe158ad,0.7333333333333333,0.4691358024691358,11,16,0.344,structure
budget025@0,attr:Splits/test.sql#2:86ec6660,0.5989583333333334,0.463768115942029,56,82,0.2778,structure
budget025@0,attr:Splits/train.sql#70:eaedaf09,0.75,0.3243243243243243,16,21,0.2432,structure
budget025@0,attr:Splits/train.sql#37:54c21492,0.6666666666666666,0.0,3,3,0.0,structure
budget025@0,attr:player_join20:q7:ed16135e,1.0,0.6818181818181818,22,22,0.6818,values
budget025@0,attr:Splits/train.sql#23:1909ba6e,0.0,0.0,1,1,0.0,structure
budget025@0,attr:Expanded/agg_only_expanded.sql#14:1f093cf7,0.5750798722044729,0.5137614678899082,41,68,0.2955,structure
budget025@0,attr:Splits/train.sql#36:fe39afb8,0.6666666666666666,0.0,3,3,0.0,structure
budget025@0,attr:Splits/train.sql#51:d89bf15c,0.7142857142857142,0.4,2,3,0.2857,structure
budget025@0,attr:Splits/train.sql#20:e326cfd2,0.9210526315789473,0.888888888888889,22,23,0.8187,structure
budget025@0,attr:Expanded/agg_only_expanded.sql#10:a23eaa3e,0.9210526315789473,0.888888888888889,22,23,0.8187,structure
budget025@0,attr:docetl_Player_v7:q18:adf37781,1.0,0.7272727272727273,22,22,0.7273,values
budget025@0,attr:Agg/agg_queries.sql#1:58b91799,0.6666666666666666,0.6666666666666666,3,3,0.4444,structure
budget025@0,attr:Splits/train.sql#37:38657b49,0.6666666666666666,0.0,3,3,0.0,structure
budget025@0,attr:docetl_Player_v7:q4:120ccaad,1.0,0.0,2,2,0.0,values
budget025@0,attr:Splits/train.sql#68:8e4ce4b5,0.7142857142857142,0.0,2,3,0.0,structure
budget025@0,attr:Agg/agg_queries.sql#1:a82f21fb,0.6666666666666666,0.0,3,3,0.0,structure
budget025@0,attr:Variations/Agg/agg_variations.sql#3:bbacce37,0.6666666666666666,0.5,3,3,0.3333,structure
budget025@0,attr:Splits/test.sql#17:367c3153,0.7843137254901963,0.5714285714285713,11,10,0.4482,structure
budget025@0,attr:Expanded/agg_filter_join_expanded.sql#1:6dec2e2f,0.7142857142857142,0.8,2,3,0.5714,structure
budget025@0,attr:Splits/train.sql#44:dd84024c,0.8189655172413792,0.5909090909090908,20,24,0.4839,structure
budget025@0,attr:Expanded/agg_only_expanded.sql#14:95406113,0.5750798722044729,0.4220183486238533,41,68,0.2427,structure
budget025@0,attr:Splits/dev.sql#18:013eb2e8,1.0,0.0,1,1,0.0,values
budget025@0,attr:docetl_Player_v7:q4:dd9b4ab5,1.0,0.5,2,2,0.5,values
budget025@0,attr:Splits/train.sql#70:2e3d2355,0.75,0.5945945945945946,16,21,0.4459,structure
budget025@0,attr:Agg/agg_queries.sql#1:4b97a7c3,0.6666666666666666,0.0,3,3,0.0,structure
budget025@0,attr:Splits/train.sql#47:4820ea07,0.7142857142857142,0.0,2,3,0.0,structure
budget025@0,attr:Splits/train.sql#22:05a051ca,0.7142857142857142,0.0,2,3,0.0,structure
budget025@0,attr:Splits/train.sql#19:303ef1a3,0.5989583333333334,0.49275362318840576,56,82,0.2951,structure
budget025@0,attr:Expanded/agg_filter_expanded.sql#12:338a0c96,0.5700325732899022,0.5094339622641508,39,67,0.2904,structure
budget025@0,attr:Splits/train.sql#28:51cf7ce8,1.0,1.0,1,1,1.0,ok
budget025@0,attr:Expanded/agg_filter_join_expanded.sql#1:0535a95a,0.0,0.0,1,1,0.0,structure
budget025@0,attr:Expanded/agg_only_expanded.sql#10:5c8ac6e2,0.9210526315789473,0.8,22,23,0.7368,structure
budget025@0,attr:Variations/Agg/agg_variations.sql#3:c63098a9,0.6666666666666666,0.5,3,3,0.3333,structure
budget025@0,attr:Splits/test.sql#3:5e26d92b,0.5989583333333334,0.6521739130434783,56,82,0.3906,structure
budget025@0,attr:Splits/train.sql#51:2c3904c8,0.7142857142857142,0.4,2,3,0.2857,structure
budget025@0,attr:Splits/train.sql#27:71575b0f,0.7142857142857142,0.0,2,3,0.0,structure
budget025@0,attr:Splits/train.sql#23:5e5025ba,0.0,0.0,1,1,0.0,structure
budget025@0,attr:player_multiagg20:q12:a5be78a3,0.7333333333333333,0.5555555555555556,11,16,0.4074,structure
budget025@0,attr:Splits/train.sql#28:856ff057,1.0,1.0,1,1,1.0,ok
budget025@0,attr:Expanded/agg_filter_join_expanded.sql#4:0a31a1d6,0.7142857142857142,0.8,2,3,0.5714,structure
budget025@0,attr:Splits/dev.sql#11:8b66cd72,0.7142857142857142,0.4,2,3,0.2857,structure
budget025@0,attr:Expanded/agg_filter_expanded.sql#14:c9541d96,0.9259259259259258,0.761904761904762,20,22,0.7055,structure
budget025@0,attr:Variations/Agg/agg_variations.sql#1:e6658259,0.6666666666666666,0.3333333333333333,3,3,0.2222,structure
budget025@0,attr:docetl_Player_v7:q0:a5bdcfba,1.0,0.0,2,2,0.0,values
budget025@0,attr:player_groupby20:q9:3e882071,0.9299781181619257,0.8839779005524863,89,92,0.8221,structure
budget025@0,attr:Splits/train.sql#39:499af76e,1.0,1.0,2,2,1.0,ok
budget025@0,attr:Expanded/agg_filter_join_expanded.sql#4:6a2d36fc,0.7142857142857142,0.4,2,3,0.2857,structure
budget025@100,attr:player_multiagg20:q4:e223d11d,0.7333333333333333,0.5679012345679013,11,16,0.4165,structure
budget025@100,attr:Splits/train.sql#4:550eb54f,0.6666666666666666,0.0,3,3,0.0,structure
budget025@100,attr:Expanded/agg_join_expanded.sql#1:c24e0cc7,0.7142857142857142,0.0,2,3,0.0,structure
budget025@100,attr:Splits/train.sql#70:58fad108,0.75,0.0,16,21,0.0,structure
budget025@100,attr:Splits/train.sql#37:36ff2681,0.6666666666666666,0.0,3,3,0.0,structure
budget025@100,attr:Splits/test.sql#17:9db266f2,0.7843137254901963,0.0,11,10,0.0,structure
budget025@100,attr:Expanded/agg_filter_expanded.sql#12:9257bded,0.5700325732899022,0.4339622641509434,39,67,0.2474,structure
budget025@100,attr:Splits/train.sql#47:d388188d,0.7142857142857142,0.0,2,3,0.0,structure
budget025@100,attr:Splits/test.sql#14:a53facfd,0.7142857142857142,0.0,2,3,0.0,structure
budget025@100,attr:Expanded/agg_filter_expanded.sql#1:c5608ae2,1.0,1.0,1,1,1.0,ok
budget025@100,attr:Expanded/agg_filter_join_expanded.sql#1:97f4546b,0.7142857142857142,0.0,2,3,0.0,structure
budget025@100,attr:Splits/train.sql#74:d43cbebb,1.0,0.0,10,10,0.0,values
budget025@100,attr:Expanded/agg_join_expanded.sql#5:15c06c11,0.7142857142857142,0.0,2,3,0.0,structure
budget025@100,attr:Splits/train.sql#47:c40d7c13,0.7142857142857142,0.0,2,3,0.0,structure
budget025@100,attr:player_multiagg20:q12:365f4815,0.7333333333333333,0.6296296296296297,11,16,0.4617,structure
budget025@100,attr:Splits/train.sql#39:2660c7eb,1.0,0.0,2,2,0.0,values
budget025@100,attr:Splits/train.sql#39:cfc6a04a,1.0,1.0,2,2,1.0,ok
budget025@100,attr:Splits/train.sql#20:610644e4,0.9210526315789473,0.8444444444444444,22,23,0.7778,structure
budget025@100,attr:Splits/train.sql#74:d1735ba6,1.0,1.0,10,10,1.0,ok
budget025@100,attr:Expanded/agg_filter_expanded.sql#1:43804a60,1.0,1.0,1,1,1.0,ok
budget025@100,attr:Splits/train.sql#4:f514a950,0.6666666666666666,0.0,3,3,0.0,structure
budget025@100,attr:docetl_Player_v7:q0:fef776e6,1.0,0.0,2,2,0.0,values
budget025@100,attr:Variations/Agg/agg_variations.sql#1:09fbc9fa,0.6666666666666666,0.0,3,3,0.0,structure
budget025@100,attr:Splits/train.sql#74:2968ff54,1.0,0.0,10,10,0.0,values
budget025@100,attr:Splits/test.sql#14:e0da7fae,0.7142857142857142,0.0,2,3,0.0,structure
budget025@100,attr:Splits/dev.sql#18:bbfca16a,1.0,0.0,1,1,0.0,values
budget025@100,attr:Variations/Agg/agg_variations.sql#3:6d2eeac2,0.6666666666666666,0.0,3,3,0.0,structure
budget025@100,attr:Splits/train.sql#19:332da492,0.5989583333333334,0.014492753623188406,56,82,0.0087,structure
budget025@100,attr:Expanded/agg_filter_join_expanded.sql#4:17c50da4,0.7142857142857142,0.0,2,3,0.0,structure
budget025@100,attr:Splits/dev.sql#11:99e28283,0.7142857142857142,0.0,2,3,0.0,structure
budget025@100,attr:Expanded/agg_join_expanded.sql#5:b42bc767,0.7142857142857142,0.4,2,3,0.2857,structure
budget025@100,attr:Expanded/agg_filter_expanded.sql#14:c3259565,0.9259259259259258,0.09523809523809525,20,22,0.0882,structure
budget025@100,attr:Splits/train.sql#51:a95139b5,0.7142857142857142,0.0,2,3,0.0,structure
budget025@100,attr:Expanded/agg_filter_expanded.sql#12:f3a1786c,0.5700325732899022,0.037735849056603765,39,67,0.0215,structure
budget025@100,attr:Splits/dev.sql#18:b1241002,1.0,0.0,1,1,0.0,values
budget025@100,attr:Splits/train.sql#44:a130f41f,0.8189655172413792,0.0,20,24,0.0,structure
budget025@100,attr:Expanded/agg_filter_expanded.sql#1:e3a8531c,1.0,1.0,1,1,1.0,ok
budget025@100,attr:player_multiagg20:q12:e0cde198,0.7333333333333333,0.4444444444444444,11,16,0.3259,structure
budget025@100,attr:Splits/test.sql#2:3e923052,0.5989583333333334,0.028985507246376812,56,82,0.0174,structure
budget025@100,attr:player_multiagg20:q10:061dce02,0.0,0.0,0,3,0.0,no rows
budget025@100,attr:Expanded/agg_only_expanded.sql#14:c60f4651,0.5750798722044729,0.01834862385321101,41,68,0.0106,structure
budget025@100,attr:Splits/train.sql#36:76016403,0.6666666666666666,0.0,3,3,0.0,structure
budget025@100,attr:docetl_Player_v7:q4:7175642b,1.0,0.0,2,2,0.0,values
budget025@100,attr:Expanded/agg_only_expanded.sql#10:30df06be,0.9210526315789473,0.08888888888888888,22,23,0.0819,structure
budget025@100,attr:Splits/train.sql#19:5ad6058c,0.0,0.0,22,109,0.0,structure
budget025@100,attr:Splits/dev.sql#11:6ef31688,0.7142857142857142,0.0,2,3,0.0,structure
budget025@100,attr:Variations/Agg/agg_variations.sql#1:84662181,0.6666666666666666,0.0,3,3,0.0,structure
budget025@100,attr:Splits/train.sql#27:22ff56d3,0.7142857142857142,0.0,2,3,0.0,structure
budget025@100,attr:Expanded/agg_join_expanded.sql#1:a91a664a,0.7142857142857142,0.0,2,3,0.0,structure
budget025@100,attr:Splits/train.sql#28:913c76d4,1.0,1.0,1,1,1.0,ok
budget025@100,attr:Splits/test.sql#17:be55be91,0.7843137254901963,0.0,11,10,0.0,structure
budget025@100,attr:Splits/train.sql#36:267aed6c,0.6666666666666666,0.0,3,3,0.0,structure
budget025@100,attr:Splits/train.sql#4:4f11fcad,0.6666666666666666,0.0,3,3,0.0,structure
budget025@100,attr:player_multiagg20:q10:1337ff71,0.0,0.0,0,3,0.0,no rows
budget025@100,attr:Splits/test.sql#2:ab13f20a,0.5989583333333334,0.043478260869565216,56,82,0.026,structure
budget025@100,attr:Splits/train.sql#27:e518235e,0.7142857142857142,0.0,2,3,0.0,structure
budget025@100,attr:Expanded/agg_join_expanded.sql#1:ed9dfa67,0.7142857142857142,0.0,2,3,0.0,structure
budget025@100,attr:Splits/test.sql#3:5b6cb72b,0.5989583333333334,0.028985507246376812,56,82,0.0174,structure
budget025@100,attr:Expanded/agg_filter_expanded.sql#14:c7e1850b,0.9259259259259258,0.04761904761904762,20,22,0.0441,structure
budget025@100,attr:Expanded/agg_filter_join_expanded.sql#5:e4adf27a,1.0,1.0,1,1,1.0,ok
budget025@100,attr:player_multiagg20:q4:8c5af8bb,0.7333333333333333,0.32098765432098764,11,16,0.2354,structure
budget025@100,attr:Splits/test.sql#3:4e167992,0.0,0.0,22,109,0.0,structure
budget025@100,attr:Splits/train.sql#68:e92c391d,0.7142857142857142,0.4,2,3,0.2857,structure
budget025@100,attr:Expanded/agg_join_expanded.sql#5:65097fb9,0.7142857142857142,0.0,2,3,0.0,structure
budget025@100,attr:docetl_Player_v7:q0:525436db,1.0,0.0,2,2,0.0,values
budget025@100,attr:Splits/train.sql#20:c3c663c9,0.9210526315789473,0.888888888888889,22,23,0.8187,structure
budget025@100,attr:Splits/train.sql#68:3aaa2fe5,0.7142857142857142,0.0,2,3,0.0,structure
budget025@100,attr:Splits/test.sql#14:07834953,0.7142857142857142,0.0,2,3,0.0,structure
budget025@100,attr:Splits/train.sql#23:6f7d6e40,0.0,0.0,1,1,0.0,structure
budget025@100,attr:Splits/train.sql#44:f69fe7f1,0.8189655172413792,0.0,20,24,0.0,structure
budget025@100,attr:player_multiagg20:q4:bbe158ad,0.7333333333333333,0.32098765432098764,11,16,0.2354,structure
budget025@100,attr:Splits/test.sql#2:86ec6660,0.5989583333333334,0.043478260869565216,56,82,0.026,structure
budget025@100,attr:Splits/train.sql#70:eaedaf09,0.75,0.0,16,21,0.0,structure
budget025@100,attr:Splits/train.sql#37:54c21492,0.6666666666666666,0.0,3,3,0.0,structure
budget025@100,attr:player_join20:q7:ed16135e,1.0,0.0,22,22,0.0,values
budget025@100,attr:Splits/train.sql#23:1909ba6e,0.0,0.0,1,1,0.0,structure
budget025@100,attr:Expanded/agg_only_expanded.sql#14:1f093cf7,0.5750798722044729,0.05504587155963303,41,68,0.0317,structure
budget025@100,attr:Splits/train.sql#36:fe39afb8,0.6666666666666666,0.0,3,3,0.0,structure
budget025@100,attr:Splits/train.sql#51:d89bf15c,0.7142857142857142,0.0,2,3,0.0,structure
budget025@100,attr:Splits/train.sql#20:e326cfd2,0.9210526315789473,0.888888888888889,22,23,0.8187,structure
budget025@100,attr:Expanded/agg_only_expanded.sql#10:a23eaa3e,0.9210526315789473,0.08888888888888888,22,23,0.0819,structure
budget025@100,attr:docetl_Player_v7:q18:adf37781,1.0,0.0,22,22,0.0,values
budget025@100,attr:Agg/agg_queries.sql#1:58b91799,0.6666666666666666,0.6666666666666666,3,3,0.4444,structure
budget025@100,attr:Splits/train.sql#37:38657b49,0.6666666666666666,0.0,3,3,0.0,structure
budget025@100,attr:docetl_Player_v7:q4:120ccaad,1.0,0.0,2,2,0.0,values
budget025@100,attr:Splits/train.sql#68:8e4ce4b5,0.7142857142857142,0.0,2,3,0.0,structure
budget025@100,attr:Agg/agg_queries.sql#1:a82f21fb,0.6666666666666666,0.0,3,3,0.0,structure
budget025@100,attr:Variations/Agg/agg_variations.sql#3:bbacce37,0.6666666666666666,0.3333333333333333,3,3,0.2222,structure
budget025@100,attr:Splits/test.sql#17:367c3153,0.7843137254901963,0.6666666666666666,11,10,0.5229,structure
budget025@100,attr:Expanded/agg_filter_join_expanded.sql#1:6dec2e2f,0.7142857142857142,0.8,2,3,0.5714,structure
budget025@100,attr:Splits/train.sql#44:dd84024c,0.8189655172413792,0.6363636363636365,20,24,0.5212,structure
budget025@100,attr:Expanded/agg_only_expanded.sql#14:95406113,0.5750798722044729,0.4220183486238533,41,68,0.2427,structure
budget025@100,attr:Splits/dev.sql#18:013eb2e8,1.0,0.0,1,1,0.0,values
budget025@100,attr:docetl_Player_v7:q4:dd9b4ab5,1.0,0.0,2,2,0.0,values
budget025@100,attr:Splits/train.sql#70:2e3d2355,0.75,0.5945945945945946,16,21,0.4459,structure
budget025@100,attr:Agg/agg_queries.sql#1:4b97a7c3,0.6666666666666666,0.0,3,3,0.0,structure
budget025@100,attr:Splits/train.sql#47:4820ea07,0.7142857142857142,0.0,2,3,0.0,structure
budget025@100,attr:Splits/train.sql#22:05a051ca,0.7142857142857142,0.8,2,3,0.5714,structure
budget025@100,attr:Splits/train.sql#19:303ef1a3,0.5989583333333334,0.5072463768115942,56,82,0.3038,structure
budget025@100,attr:Expanded/agg_filter_expanded.sql#12:338a0c96,0.5700325732899022,0.037735849056603765,39,67,0.0215,structure
budget025@100,attr:Splits/train.sql#28:51cf7ce8,1.0,1.0,1,1,1.0,ok
budget025@100,attr:Expanded/agg_filter_join_expanded.sql#1:0535a95a,0.0,0.0,1,1,0.0,structure
budget025@100,attr:Expanded/agg_only_expanded.sql#10:5c8ac6e2,0.9210526315789473,0.04444444444444444,22,23,0.0409,structure
budget025@100,attr:Variations/Agg/agg_variations.sql#3:c63098a9,0.6666666666666666,0.3333333333333333,3,3,0.2222,structure
budget025@100,attr:Splits/test.sql#3:5e26d92b,0.5989583333333334,0.043478260869565216,56,82,0.026,structure
budget025@100,attr:Splits/train.sql#51:2c3904c8,0.7142857142857142,0.0,2,3,0.0,structure
budget025@100,attr:Splits/train.sql#27:71575b0f,0.7142857142857142,0.0,2,3,0.0,structure
budget025@100,attr:Splits/train.sql#23:5e5025ba,0.0,0.0,1,1,0.0,structure
budget025@100,attr:player_multiagg20:q12:a5be78a3,0.7333333333333333,0.4444444444444444,11,16,0.3259,structure
budget025@100,attr:Splits/train.sql#28:856ff057,1.0,1.0,1,1,1.0,ok
budget025@100,attr:Expanded/agg_filter_join_expanded.sql#4:0a31a1d6,0.7142857142857142,0.0,2,3,0.0,structure
budget025@100,attr:Splits/dev.sql#11:8b66cd72,0.7142857142857142,0.0,2,3,0.0,structure
budget025@100,attr:Expanded/agg_filter_expanded.sql#14:c9541d96,0.9259259259259258,0.7142857142857143,20,22,0.6614,structure
budget025@100,attr:Variations/Agg/agg_variations.sql#1:e6658259,0.6666666666666666,0.0,3,3,0.0,structure
budget025@100,attr:docetl_Player_v7:q0:a5bdcfba,1.0,0.0,2,2,0.0,values
budget025@100,attr:player_groupby20:q9:3e882071,0.0,0.0,0,92,0.0,no rows
budget025@100,attr:Splits/train.sql#39:499af76e,1.0,1.0,2,2,1.0,ok
budget025@100,attr:Expanded/agg_filter_join_expanded.sql#4:6a2d36fc,0.7142857142857142,0.4,2,3,0.2857,structure
budget025@25,attr:player_multiagg20:q4:e223d11d,0.7333333333333333,0.5679012345679013,11,16,0.4165,structure
budget025@25,attr:Splits/train.sql#4:550eb54f,0.6666666666666666,0.0,3,3,0.0,structure
budget025@25,attr:Expanded/agg_join_expanded.sql#1:c24e0cc7,0.7142857142857142,0.0,2,3,0.0,structure
budget025@25,attr:Splits/train.sql#70:58fad108,0.75,0.7027027027027026,16,21,0.527,structure
budget025@25,attr:Splits/train.sql#37:36ff2681,0.6666666666666666,0.3333333333333333,3,3,0.2222,structure
budget025@25,attr:Splits/test.sql#17:9db266f2,0.7843137254901963,0.761904761904762,11,10,0.5976,structure
budget025@25,attr:Expanded/agg_filter_expanded.sql#12:9257bded,0.5700325732899022,0.4339622641509434,39,67,0.2474,structure
budget025@25,attr:Splits/train.sql#47:d388188d,0.7142857142857142,0.8,2,3,0.5714,structure
budget025@25,attr:Splits/test.sql#14:a53facfd,0.7142857142857142,0.0,2,3,0.0,structure
budget025@25,attr:Expanded/agg_filter_expanded.sql#1:c5608ae2,1.0,1.0,1,1,1.0,ok
budget025@25,attr:Expanded/agg_filter_join_expanded.sql#1:97f4546b,0.7142857142857142,0.8,2,3,0.5714,structure
budget025@25,attr:Splits/train.sql#74:d43cbebb,1.0,0.8000000000000002,10,10,0.8,values
budget025@25,attr:Expanded/agg_join_expanded.sql#5:15c06c11,0.7142857142857142,0.4,2,3,0.2857,structure
budget025@25,attr:Splits/train.sql#47:c40d7c13,0.7142857142857142,0.0,2,3,0.0,structure
budget025@25,attr:player_multiagg20:q12:365f4815,0.7333333333333333,0.6296296296296297,11,16,0.4617,structure
budget025@25,attr:Splits/train.sql#39:2660c7eb,1.0,0.0,2,2,0.0,values
budget025@25,attr:Splits/train.sql#39:cfc6a04a,1.0,1.0,2,2,1.0,ok
budget025@25,attr:Splits/train.sql#20:610644e4,0.9210526315789473,0.8444444444444444,22,23,0.7778,structure
budget025@25,attr:Splits/train.sql#74:d1735ba6,1.0,1.0,10,10,1.0,ok
budget025@25,attr:Expanded/agg_filter_expanded.sql#1:43804a60,1.0,1.0,1,1,1.0,ok
budget025@25,attr:Splits/train.sql#4:f514a950,0.6666666666666666,0.0,3,3,0.0,structure
budget025@25,attr:docetl_Player_v7:q0:fef776e6,1.0,0.0,2,2,0.0,values
budget025@25,attr:Variations/Agg/agg_variations.sql#1:09fbc9fa,0.6666666666666666,0.0,3,3,0.0,structure
budget025@25,attr:Splits/train.sql#74:2968ff54,1.0,0.9,10,10,0.9,values
budget025@25,attr:Splits/test.sql#14:e0da7fae,0.7142857142857142,0.0,2,3,0.0,structure
budget025@25,attr:Splits/dev.sql#18:bbfca16a,1.0,1.0,1,1,1.0,ok
budget025@25,attr:Variations/Agg/agg_variations.sql#3:6d2eeac2,0.6666666666666666,0.0,3,3,0.0,structure
budget025@25,attr:Splits/train.sql#19:332da492,0.5989583333333334,0.49275362318840576,56,82,0.2951,structure
budget025@25,attr:Expanded/agg_filter_join_expanded.sql#4:17c50da4,0.7142857142857142,0.4,2,3,0.2857,structure
budget025@25,attr:Splits/dev.sql#11:99e28283,0.7142857142857142,0.4,2,3,0.2857,structure
budget025@25,attr:Expanded/agg_join_expanded.sql#5:b42bc767,0.7142857142857142,0.4,2,3,0.2857,structure
budget025@25,attr:Expanded/agg_filter_expanded.sql#14:c3259565,0.9259259259259258,0.9047619047619048,20,22,0.8377,structure
budget025@25,attr:Splits/train.sql#51:a95139b5,0.7142857142857142,0.4,2,3,0.2857,structure
budget025@25,attr:Expanded/agg_filter_expanded.sql#12:f3a1786c,0.5700325732899022,0.660377358490566,39,67,0.3764,structure
budget025@25,attr:Splits/dev.sql#18:b1241002,1.0,1.0,1,1,1.0,ok
budget025@25,attr:Splits/train.sql#44:a130f41f,0.8189655172413792,0.7727272727272727,20,24,0.6328,structure
budget025@25,attr:Expanded/agg_filter_expanded.sql#1:e3a8531c,1.0,1.0,1,1,1.0,ok
budget025@25,attr:player_multiagg20:q12:e0cde198,0.7333333333333333,0.6296296296296297,11,16,0.4617,structure
budget025@25,attr:Splits/test.sql#2:3e923052,0.5989583333333334,0.536231884057971,56,82,0.3212,structure
budget025@25,attr:player_multiagg20:q10:061dce02,0.0,0.0,0,3,0.0,no rows
budget025@25,attr:Expanded/agg_only_expanded.sql#14:c60f4651,0.5750798722044729,0.4036697247706422,41,68,0.2321,structure
budget025@25,attr:Splits/train.sql#36:76016403,0.6666666666666666,0.0,3,3,0.0,structure
budget025@25,attr:docetl_Player_v7:q4:7175642b,1.0,0.0,2,2,0.0,values
budget025@25,attr:Expanded/agg_only_expanded.sql#10:30df06be,0.9210526315789473,0.888888888888889,22,23,0.8187,structure
budget025@25,attr:Splits/train.sql#19:5ad6058c,0.8287292817679557,0.5833333333333334,107,109,0.4834,structure
budget025@25,attr:Splits/dev.sql#11:6ef31688,0.7142857142857142,0.4,2,3,0.2857,structure
budget025@25,attr:Variations/Agg/agg_variations.sql#1:84662181,0.6666666666666666,0.3333333333333333,3,3,0.2222,structure
budget025@25,attr:Splits/train.sql#27:22ff56d3,0.7142857142857142,0.4,2,3,0.2857,structure
budget025@25,attr:Expanded/agg_join_expanded.sql#1:a91a664a,0.7142857142857142,0.0,2,3,0.0,structure
budget025@25,attr:Splits/train.sql#28:913c76d4,1.0,1.0,1,1,1.0,ok
budget025@25,attr:Splits/test.sql#17:be55be91,0.7843137254901963,0.47619047619047616,11,10,0.3735,structure
budget025@25,attr:Splits/train.sql#36:267aed6c,0.6666666666666666,0.3333333333333333,3,3,0.2222,structure
budget025@25,attr:Splits/train.sql#4:4f11fcad,0.6666666666666666,0.0,3,3,0.0,structure
budget025@25,attr:player_multiagg20:q10:1337ff71,0.0,0.0,0,3,0.0,no rows
budget025@25,attr:Splits/test.sql#2:ab13f20a,0.5989583333333334,0.6521739130434783,56,82,0.3906,structure
budget025@25,attr:Splits/train.sql#27:e518235e,0.7142857142857142,0.4,2,3,0.2857,structure
budget025@25,attr:Expanded/agg_join_expanded.sql#1:ed9dfa67,0.7142857142857142,0.0,2,3,0.0,structure
budget025@25,attr:Splits/test.sql#3:5b6cb72b,0.5989583333333334,0.536231884057971,56,82,0.3212,structure
budget025@25,attr:Expanded/agg_filter_expanded.sql#14:c7e1850b,0.9259259259259258,0.8095238095238095,20,22,0.7496,structure
budget025@25,attr:Expanded/agg_filter_join_expanded.sql#5:e4adf27a,1.0,1.0,1,1,1.0,ok
budget025@25,attr:player_multiagg20:q4:8c5af8bb,0.7333333333333333,0.5679012345679013,11,16,0.4165,structure
budget025@25,attr:Splits/test.sql#3:4e167992,0.8287292817679557,0.6203703703703702,107,109,0.5141,structure
budget025@25,attr:Splits/train.sql#68:e92c391d,0.7142857142857142,0.4,2,3,0.2857,structure
budget025@25,attr:Expanded/agg_join_expanded.sql#5:65097fb9,0.7142857142857142,0.4,2,3,0.2857,structure
budget025@25,attr:docetl_Player_v7:q0:525436db,1.0,0.0,2,2,0.0,values
budget025@25,attr:Splits/train.sql#20:c3c663c9,0.9210526315789473,0.888888888888889,22,23,0.8187,structure
budget025@25,attr:Splits/train.sql#68:3aaa2fe5,0.7142857142857142,0.4,2,3,0.2857,structure
budget025@25,attr:Splits/test.sql#14:07834953,0.7142857142857142,0.0,2,3,0.0,structure
budget025@25,attr:Splits/train.sql#23:6f7d6e40,0.0,0.0,1,1,0.0,structure
budget025@25,attr:Splits/train.sql#44:f69fe7f1,0.8189655172413792,0.5,20,24,0.4095,structure
budget025@25,attr:player_multiagg20:q4:bbe158ad,0.7333333333333333,0.4691358024691358,11,16,0.344,structure
budget025@25,attr:Splits/test.sql#2:86ec6660,0.5989583333333334,0.463768115942029,56,82,0.2778,structure
budget025@25,attr:Splits/train.sql#70:eaedaf09,0.75,0.3243243243243243,16,21,0.2432,structure
budget025@25,attr:Splits/train.sql#37:54c21492,0.6666666666666666,0.0,3,3,0.0,structure
budget025@25,attr:player_join20:q7:ed16135e,1.0,0.0,22,22,0.0,values
budget025@25,attr:Splits/train.sql#23:1909ba6e,0.0,0.0,1,1,0.0,structure
budget025@25,attr:Expanded/agg_only_expanded.sql#14:1f093cf7,0.5750798722044729,0.5137614678899082,41,68,0.2955,structure
budget025@25,attr:Splits/train.sql#36:fe39afb8,0.6666666666666666,0.0,3,3,0.0,structure
budget025@25,attr:Splits/train.sql#51:d89bf15c,0.7142857142857142,0.4,2,3,0.2857,structure
budget025@25,attr:Splits/train.sql#20:e326cfd2,0.9210526315789473,0.888888888888889,22,23,0.8187,structure
budget025@25,attr:Expanded/agg_only_expanded.sql#10:a23eaa3e,0.9210526315789473,0.888888888888889,22,23,0.8187,structure
budget025@25,attr:docetl_Player_v7:q18:adf37781,1.0,0.0,22,22,0.0,values
budget025@25,attr:Agg/agg_queries.sql#1:58b91799,0.6666666666666666,0.6666666666666666,3,3,0.4444,structure
budget025@25,attr:Splits/train.sql#37:38657b49,0.6666666666666666,0.0,3,3,0.0,structure
budget025@25,attr:docetl_Player_v7:q4:120ccaad,1.0,0.0,2,2,0.0,values
budget025@25,attr:Splits/train.sql#68:8e4ce4b5,0.7142857142857142,0.0,2,3,0.0,structure
budget025@25,attr:Agg/agg_queries.sql#1:a82f21fb,0.6666666666666666,0.0,3,3,0.0,structure
budget025@25,attr:Variations/Agg/agg_variations.sql#3:bbacce37,0.6666666666666666,0.5,3,3,0.3333,structure
budget025@25,attr:Splits/test.sql#17:367c3153,0.7843137254901963,0.6666666666666666,11,10,0.5229,structure
budget025@25,attr:Expanded/agg_filter_join_expanded.sql#1:6dec2e2f,0.7142857142857142,0.8,2,3,0.5714,structure
budget025@25,attr:Splits/train.sql#44:dd84024c,0.8189655172413792,0.6363636363636365,20,24,0.5212,structure
budget025@25,attr:Expanded/agg_only_expanded.sql#14:95406113,0.5750798722044729,0.4220183486238533,41,68,0.2427,structure
budget025@25,attr:Splits/dev.sql#18:013eb2e8,1.0,0.0,1,1,0.0,values
budget025@25,attr:docetl_Player_v7:q4:dd9b4ab5,1.0,0.5,2,2,0.5,values
budget025@25,attr:Splits/train.sql#70:2e3d2355,0.75,0.5945945945945946,16,21,0.4459,structure
budget025@25,attr:Agg/agg_queries.sql#1:4b97a7c3,0.6666666666666666,0.0,3,3,0.0,structure
budget025@25,attr:Splits/train.sql#47:4820ea07,0.7142857142857142,0.0,2,3,0.0,structure
budget025@25,attr:Splits/train.sql#22:05a051ca,0.7142857142857142,0.0,2,3,0.0,structure
budget025@25,attr:Splits/train.sql#19:303ef1a3,0.5989583333333334,0.5072463768115942,56,82,0.3038,structure
budget025@25,attr:Expanded/agg_filter_expanded.sql#12:338a0c96,0.5700325732899022,0.5094339622641508,39,67,0.2904,structure
budget025@25,attr:Splits/train.sql#28:51cf7ce8,1.0,1.0,1,1,1.0,ok
budget025@25,attr:Expanded/agg_filter_join_expanded.sql#1:0535a95a,0.0,0.0,1,1,0.0,structure
budget025@25,attr:Expanded/agg_only_expanded.sql#10:5c8ac6e2,0.9210526315789473,0.8,22,23,0.7368,structure
budget025@25,attr:Variations/Agg/agg_variations.sql#3:c63098a9,0.6666666666666666,0.5,3,3,0.3333,structure
budget025@25,attr:Splits/test.sql#3:5e26d92b,0.5989583333333334,0.6521739130434783,56,82,0.3906,structure
budget025@25,attr:Splits/train.sql#51:2c3904c8,0.7142857142857142,0.4,2,3,0.2857,structure
budget025@25,attr:Splits/train.sql#27:71575b0f,0.7142857142857142,0.0,2,3,0.0,structure
budget025@25,attr:Splits/train.sql#23:5e5025ba,0.0,0.0,1,1,0.0,structure
budget025@25,attr:player_multiagg20:q12:a5be78a3,0.7333333333333333,0.5555555555555556,11,16,0.4074,structure
budget025@25,attr:Splits/train.sql#28:856ff057,1.0,1.0,1,1,1.0,ok
budget025@25,attr:Expanded/agg_filter_join_expanded.sql#4:0a31a1d6,0.7142857142857142,0.8,2,3,0.5714,structure
budget025@25,attr:Splits/dev.sql#11:8b66cd72,0.7142857142857142,0.4,2,3,0.2857,structure
budget025@25,attr:Expanded/agg_filter_expanded.sql#14:c9541d96,0.9259259259259258,0.7142857142857143,20,22,0.6614,structure
budget025@25,attr:Variations/Agg/agg_variations.sql#1:e6658259,0.6666666666666666,0.3333333333333333,3,3,0.2222,structure
budget025@25,attr:docetl_Player_v7:q0:a5bdcfba,1.0,0.0,2,2,0.0,values
budget025@25,attr:player_groupby20:q9:3e882071,0.9299781181619257,0.8839779005524863,89,92,0.8221,structure
budget025@25,attr:Splits/train.sql#39:499af76e,1.0,1.0,2,2,1.0,ok
budget025@25,attr:Expanded/agg_filter_join_expanded.sql#4:6a2d36fc,0.7142857142857142,0.4,2,3,0.2857,structure
budget025@50,attr:player_multiagg20:q4:e223d11d,0.7333333333333333,0.5679012345679013,11,16,0.4165,structure
budget025@50,attr:Splits/train.sql#4:550eb54f,0.6666666666666666,0.0,3,3,0.0,structure
budget025@50,attr:Expanded/agg_join_expanded.sql#1:c24e0cc7,0.7142857142857142,0.0,2,3,0.0,structure
budget025@50,attr:Splits/train.sql#70:58fad108,0.75,0.7027027027027026,16,21,0.527,structure
budget025@50,attr:Splits/train.sql#37:36ff2681,0.6666666666666666,0.3333333333333333,3,3,0.2222,structure
budget025@50,attr:Splits/test.sql#17:9db266f2,0.7843137254901963,0.761904761904762,11,10,0.5976,structure
budget025@50,attr:Expanded/agg_filter_expanded.sql#12:9257bded,0.5700325732899022,0.4339622641509434,39,67,0.2474,structure
budget025@50,attr:Splits/train.sql#47:d388188d,0.7142857142857142,0.8,2,3,0.5714,structure
budget025@50,attr:Splits/test.sql#14:a53facfd,0.7142857142857142,0.0,2,3,0.0,structure
budget025@50,attr:Expanded/agg_filter_expanded.sql#1:c5608ae2,1.0,1.0,1,1,1.0,ok
budget025@50,attr:Expanded/agg_filter_join_expanded.sql#1:97f4546b,0.7142857142857142,0.8,2,3,0.5714,structure
budget025@50,attr:Splits/train.sql#74:d43cbebb,1.0,0.0,10,10,0.0,values
budget025@50,attr:Expanded/agg_join_expanded.sql#5:15c06c11,0.7142857142857142,0.4,2,3,0.2857,structure
budget025@50,attr:Splits/train.sql#47:c40d7c13,0.7142857142857142,0.0,2,3,0.0,structure
budget025@50,attr:player_multiagg20:q12:365f4815,0.7333333333333333,0.6296296296296297,11,16,0.4617,structure
budget025@50,attr:Splits/train.sql#39:2660c7eb,1.0,0.0,2,2,0.0,values
budget025@50,attr:Splits/train.sql#39:cfc6a04a,1.0,1.0,2,2,1.0,ok
budget025@50,attr:Splits/train.sql#20:610644e4,0.9210526315789473,0.8444444444444444,22,23,0.7778,structure
budget025@50,attr:Splits/train.sql#74:d1735ba6,1.0,1.0,10,10,1.0,ok
budget025@50,attr:Expanded/agg_filter_expanded.sql#1:43804a60,1.0,1.0,1,1,1.0,ok
budget025@50,attr:Splits/train.sql#4:f514a950,0.6666666666666666,0.0,3,3,0.0,structure
budget025@50,attr:docetl_Player_v7:q0:fef776e6,1.0,0.0,2,2,0.0,values
budget025@50,attr:Variations/Agg/agg_variations.sql#1:09fbc9fa,0.6666666666666666,0.0,3,3,0.0,structure
budget025@50,attr:Splits/train.sql#74:2968ff54,1.0,0.9,10,10,0.9,values
budget025@50,attr:Splits/test.sql#14:e0da7fae,0.7142857142857142,0.0,2,3,0.0,structure
budget025@50,attr:Splits/dev.sql#18:bbfca16a,1.0,1.0,1,1,1.0,ok
budget025@50,attr:Variations/Agg/agg_variations.sql#3:6d2eeac2,0.6666666666666666,0.0,3,3,0.0,structure
budget025@50,attr:Splits/train.sql#19:332da492,0.5989583333333334,0.49275362318840576,56,82,0.2951,structure
budget025@50,attr:Expanded/agg_filter_join_expanded.sql#4:17c50da4,0.7142857142857142,0.0,2,3,0.0,structure
budget025@50,attr:Splits/dev.sql#11:99e28283,0.7142857142857142,0.0,2,3,0.0,structure
budget025@50,attr:Expanded/agg_join_expanded.sql#5:b42bc767,0.7142857142857142,0.4,2,3,0.2857,structure
budget025@50,attr:Expanded/agg_filter_expanded.sql#14:c3259565,0.9259259259259258,0.04761904761904762,20,22,0.0441,structure
budget025@50,attr:Splits/train.sql#51:a95139b5,0.7142857142857142,0.4,2,3,0.2857,structure
budget025@50,attr:Expanded/agg_filter_expanded.sql#12:f3a1786c,0.5700325732899022,0.660377358490566,39,67,0.3764,structure
budget025@50,attr:Splits/dev.sql#18:b1241002,1.0,1.0,1,1,1.0,ok
budget025@50,attr:Splits/train.sql#44:a130f41f,0.8189655172413792,0.7727272727272727,20,24,0.6328,structure
budget025@50,attr:Expanded/agg_filter_expanded.sql#1:e3a8531c,1.0,1.0,1,1,1.0,ok
budget025@50,attr:player_multiagg20:q12:e0cde198,0.7333333333333333,0.6296296296296297,11,16,0.4617,structure
budget025@50,attr:Splits/test.sql#2:3e923052,0.5989583333333334,0.536231884057971,56,82,0.3212,structure
budget025@50,attr:player_multiagg20:q10:061dce02,0.0,0.0,0,3,0.0,no rows
budget025@50,attr:Expanded/agg_only_expanded.sql#14:c60f4651,0.5750798722044729,0.4036697247706422,41,68,0.2321,structure
budget025@50,attr:Splits/train.sql#36:76016403,0.6666666666666666,0.0,3,3,0.0,structure
budget025@50,attr:docetl_Player_v7:q4:7175642b,1.0,0.0,2,2,0.0,values
budget025@50,attr:Expanded/agg_only_expanded.sql#10:30df06be,0.9210526315789473,0.888888888888889,22,23,0.8187,structure
budget025@50,attr:Splits/train.sql#19:5ad6058c,0.0,0.0,22,109,0.0,structure
budget025@50,attr:Splits/dev.sql#11:6ef31688,0.7142857142857142,0.4,2,3,0.2857,structure
budget025@50,attr:Variations/Agg/agg_variations.sql#1:84662181,0.6666666666666666,0.0,3,3,0.0,structure
budget025@50,attr:Splits/train.sql#27:22ff56d3,0.7142857142857142,0.4,2,3,0.2857,structure
budget025@50,attr:Expanded/agg_join_expanded.sql#1:a91a664a,0.7142857142857142,0.0,2,3,0.0,structure
budget025@50,attr:Splits/train.sql#28:913c76d4,1.0,1.0,1,1,1.0,ok
budget025@50,attr:Splits/test.sql#17:be55be91,0.7843137254901963,0.47619047619047616,11,10,0.3735,structure
budget025@50,attr:Splits/train.sql#36:267aed6c,0.6666666666666666,0.3333333333333333,3,3,0.2222,structure
budget025@50,attr:Splits/train.sql#4:4f11fcad,0.6666666666666666,0.0,3,3,0.0,structure
budget025@50,attr:player_multiagg20:q10:1337ff71,0.0,0.0,0,3,0.0,no rows
budget025@50,attr:Splits/test.sql#2:ab13f20a,0.5989583333333334,0.6521739130434783,56,82,0.3906,structure
budget025@50,attr:Splits/train.sql#27:e518235e,0.7142857142857142,0.4,2,3,0.2857,structure
budget025@50,attr:Expanded/agg_join_expanded.sql#1:ed9dfa67,0.7142857142857142,0.0,2,3,0.0,structure
budget025@50,attr:Splits/test.sql#3:5b6cb72b,0.5989583333333334,0.536231884057971,56,82,0.3212,structure
budget025@50,attr:Expanded/agg_filter_expanded.sql#14:c7e1850b,0.9259259259259258,0.8095238095238095,20,22,0.7496,structure
budget025@50,attr:Expanded/agg_filter_join_expanded.sql#5:e4adf27a,1.0,1.0,1,1,1.0,ok
budget025@50,attr:player_multiagg20:q4:8c5af8bb,0.7333333333333333,0.5679012345679013,11,16,0.4165,structure
budget025@50,attr:Splits/test.sql#3:4e167992,0.0,0.0,22,109,0.0,structure
budget025@50,attr:Splits/train.sql#68:e92c391d,0.7142857142857142,0.4,2,3,0.2857,structure
budget025@50,attr:Expanded/agg_join_expanded.sql#5:65097fb9,0.7142857142857142,0.0,2,3,0.0,structure
budget025@50,attr:docetl_Player_v7:q0:525436db,1.0,0.0,2,2,0.0,values
budget025@50,attr:Splits/train.sql#20:c3c663c9,0.9210526315789473,0.888888888888889,22,23,0.8187,structure
budget025@50,attr:Splits/train.sql#68:3aaa2fe5,0.7142857142857142,0.4,2,3,0.2857,structure
budget025@50,attr:Splits/test.sql#14:07834953,0.7142857142857142,0.0,2,3,0.0,structure
budget025@50,attr:Splits/train.sql#23:6f7d6e40,0.0,0.0,1,1,0.0,structure
budget025@50,attr:Splits/train.sql#44:f69fe7f1,0.8189655172413792,0.0,20,24,0.0,structure
budget025@50,attr:player_multiagg20:q4:bbe158ad,0.7333333333333333,0.4691358024691358,11,16,0.344,structure
budget025@50,attr:Splits/test.sql#2:86ec6660,0.5989583333333334,0.043478260869565216,56,82,0.026,structure
budget025@50,attr:Splits/train.sql#70:eaedaf09,0.75,0.0,16,21,0.0,structure
budget025@50,attr:Splits/train.sql#37:54c21492,0.6666666666666666,0.0,3,3,0.0,structure
budget025@50,attr:player_join20:q7:ed16135e,1.0,0.0,22,22,0.0,values
budget025@50,attr:Splits/train.sql#23:1909ba6e,0.0,0.0,1,1,0.0,structure
budget025@50,attr:Expanded/agg_only_expanded.sql#14:1f093cf7,0.5750798722044729,0.05504587155963303,41,68,0.0317,structure
budget025@50,attr:Splits/train.sql#36:fe39afb8,0.6666666666666666,0.0,3,3,0.0,structure
budget025@50,attr:Splits/train.sql#51:d89bf15c,0.7142857142857142,0.0,2,3,0.0,structure
budget025@50,attr:Splits/train.sql#20:e326cfd2,0.9210526315789473,0.888888888888889,22,23,0.8187,structure
budget025@50,attr:Expanded/agg_only_expanded.sql#10:a23eaa3e,0.9210526315789473,0.08888888888888888,22,23,0.0819,structure
budget025@50,attr:docetl_Player_v7:q18:adf37781,1.0,0.0,22,22,0.0,values
budget025@50,attr:Agg/agg_queries.sql#1:58b91799,0.6666666666666666,0.6666666666666666,3,3,0.4444,structure
budget025@50,attr:Splits/train.sql#37:38657b49,0.6666666666666666,0.0,3,3,0.0,structure
budget025@50,attr:docetl_Player_v7:q4:120ccaad,1.0,0.0,2,2,0.0,values
budget025@50,attr:Splits/train.sql#68:8e4ce4b5,0.7142857142857142,0.0,2,3,0.0,structure
budget025@50,attr:Agg/agg_queries.sql#1:a82f21fb,0.6666666666666666,0.0,3,3,0.0,structure
budget025@50,attr:Variations/Agg/agg_variations.sql#3:bbacce37,0.6666666666666666,0.5,3,3,0.3333,structure
budget025@50,attr:Splits/test.sql#17:367c3153,0.7843137254901963,0.6666666666666666,11,10,0.5229,structure
budget025@50,attr:Expanded/agg_filter_join_expanded.sql#1:6dec2e2f,0.7142857142857142,0.8,2,3,0.5714,structure
budget025@50,attr:Splits/train.sql#44:dd84024c,0.8189655172413792,0.6363636363636365,20,24,0.5212,structure
budget025@50,attr:Expanded/agg_only_expanded.sql#14:95406113,0.5750798722044729,0.4220183486238533,41,68,0.2427,structure
budget025@50,attr:Splits/dev.sql#18:013eb2e8,1.0,0.0,1,1,0.0,values
budget025@50,attr:docetl_Player_v7:q4:dd9b4ab5,1.0,0.5,2,2,0.5,values
budget025@50,attr:Splits/train.sql#70:2e3d2355,0.75,0.5945945945945946,16,21,0.4459,structure
budget025@50,attr:Agg/agg_queries.sql#1:4b97a7c3,0.6666666666666666,0.0,3,3,0.0,structure
budget025@50,attr:Splits/train.sql#47:4820ea07,0.7142857142857142,0.0,2,3,0.0,structure
budget025@50,attr:Splits/train.sql#22:05a051ca,0.7142857142857142,0.8,2,3,0.5714,structure
budget025@50,attr:Splits/train.sql#19:303ef1a3,0.5989583333333334,0.5072463768115942,56,82,0.3038,structure
budget025@50,attr:Expanded/agg_filter_expanded.sql#12:338a0c96,0.5700325732899022,0.037735849056603765,39,67,0.0215,structure
budget025@50,attr:Splits/train.sql#28:51cf7ce8,1.0,1.0,1,1,1.0,ok
budget025@50,attr:Expanded/agg_filter_join_expanded.sql#1:0535a95a,0.0,0.0,1,1,0.0,structure
budget025@50,attr:Expanded/agg_only_expanded.sql#10:5c8ac6e2,0.9210526315789473,0.8,22,23,0.7368,structure
budget025@50,attr:Variations/Agg/agg_variations.sql#3:c63098a9,0.6666666666666666,0.3333333333333333,3,3,0.2222,structure
budget025@50,attr:Splits/test.sql#3:5e26d92b,0.5989583333333334,0.6521739130434783,56,82,0.3906,structure
budget025@50,attr:Splits/train.sql#51:2c3904c8,0.7142857142857142,0.4,2,3,0.2857,structure
budget025@50,attr:Splits/train.sql#27:71575b0f,0.7142857142857142,0.0,2,3,0.0,structure
budget025@50,attr:Splits/train.sql#23:5e5025ba,0.0,0.0,1,1,0.0,structure
budget025@50,attr:player_multiagg20:q12:a5be78a3,0.7333333333333333,0.5555555555555556,11,16,0.4074,structure
budget025@50,attr:Splits/train.sql#28:856ff057,1.0,1.0,1,1,1.0,ok
budget025@50,attr:Expanded/agg_filter_join_expanded.sql#4:0a31a1d6,0.7142857142857142,0.8,2,3,0.5714,structure
budget025@50,attr:Splits/dev.sql#11:8b66cd72,0.7142857142857142,0.4,2,3,0.2857,structure
budget025@50,attr:Expanded/agg_filter_expanded.sql#14:c9541d96,0.9259259259259258,0.7142857142857143,20,22,0.6614,structure
budget025@50,attr:Variations/Agg/agg_variations.sql#1:e6658259,0.6666666666666666,0.3333333333333333,3,3,0.2222,structure
budget025@50,attr:docetl_Player_v7:q0:a5bdcfba,1.0,0.0,2,2,0.0,values
budget025@50,attr:player_groupby20:q9:3e882071,0.0,0.0,0,92,0.0,no rows
budget025@50,attr:Splits/train.sql#39:499af76e,1.0,1.0,2,2,1.0,ok
budget025@50,attr:Expanded/agg_filter_join_expanded.sql#4:6a2d36fc,0.7142857142857142,0.4,2,3,0.2857,structure
budget025@75,attr:player_multiagg20:q4:e223d11d,0.7333333333333333,0.5679012345679013,11,16,0.4165,structure
budget025@75,attr:Splits/train.sql#4:550eb54f,0.6666666666666666,0.0,3,3,0.0,structure
budget025@75,attr:Expanded/agg_join_expanded.sql#1:c24e0cc7,0.7142857142857142,0.0,2,3,0.0,structure
budget025@75,attr:Splits/train.sql#70:58fad108,0.75,0.7027027027027026,16,21,0.527,structure
budget025@75,attr:Splits/train.sql#37:36ff2681,0.6666666666666666,0.3333333333333333,3,3,0.2222,structure
budget025@75,attr:Splits/test.sql#17:9db266f2,0.7843137254901963,0.0,11,10,0.0,structure
budget025@75,attr:Expanded/agg_filter_expanded.sql#12:9257bded,0.5700325732899022,0.4339622641509434,39,67,0.2474,structure
budget025@75,attr:Splits/train.sql#47:d388188d,0.7142857142857142,0.8,2,3,0.5714,structure
budget025@75,attr:Splits/test.sql#14:a53facfd,0.7142857142857142,0.0,2,3,0.0,structure
budget025@75,attr:Expanded/agg_filter_expanded.sql#1:c5608ae2,1.0,1.0,1,1,1.0,ok
budget025@75,attr:Expanded/agg_filter_join_expanded.sql#1:97f4546b,0.7142857142857142,0.0,2,3,0.0,structure
budget025@75,attr:Splits/train.sql#74:d43cbebb,1.0,0.0,10,10,0.0,values
budget025@75,attr:Expanded/agg_join_expanded.sql#5:15c06c11,0.7142857142857142,0.0,2,3,0.0,structure
budget025@75,attr:Splits/train.sql#47:c40d7c13,0.7142857142857142,0.0,2,3,0.0,structure
budget025@75,attr:player_multiagg20:q12:365f4815,0.7333333333333333,0.6296296296296297,11,16,0.4617,structure
budget025@75,attr:Splits/train.sql#39:2660c7eb,1.0,0.0,2,2,0.0,values
budget025@75,attr:Splits/train.sql#39:cfc6a04a,1.0,1.0,2,2,1.0,ok
budget025@75,attr:Splits/train.sql#20:610644e4,0.9210526315789473,0.8444444444444444,22,23,0.7778,structure
budget025@75,attr:Splits/train.sql#74:d1735ba6,1.0,1.0,10,10,1.0,ok
budget025@75,attr:Expanded/agg_filter_expanded.sql#1:43804a60,1.0,1.0,1,1,1.0,ok
budget025@75,attr:Splits/train.sql#4:f514a950,0.6666666666666666,0.0,3,3,0.0,structure
budget025@75,attr:docetl_Player_v7:q0:fef776e6,1.0,0.0,2,2,0.0,values
budget025@75,attr:Variations/Agg/agg_variations.sql#1:09fbc9fa,0.6666666666666666,0.0,3,3,0.0,structure
budget025@75,attr:Splits/train.sql#74:2968ff54,1.0,0.0,10,10,0.0,values
budget025@75,attr:Splits/test.sql#14:e0da7fae,0.7142857142857142,0.0,2,3,0.0,structure
budget025@75,attr:Splits/dev.sql#18:bbfca16a,1.0,0.0,1,1,0.0,values
budget025@75,attr:Variations/Agg/agg_variations.sql#3:6d2eeac2,0.6666666666666666,0.0,3,3,0.0,structure
budget025@75,attr:Splits/train.sql#19:332da492,0.5989583333333334,0.0,56,82,0.0,structure
budget025@75,attr:Expanded/agg_filter_join_expanded.sql#4:17c50da4,0.7142857142857142,0.0,2,3,0.0,structure
budget025@75,attr:Splits/dev.sql#11:99e28283,0.7142857142857142,0.0,2,3,0.0,structure
budget025@75,attr:Expanded/agg_join_expanded.sql#5:b42bc767,0.7142857142857142,0.4,2,3,0.2857,structure
budget025@75,attr:Expanded/agg_filter_expanded.sql#14:c3259565,0.9259259259259258,0.04761904761904762,20,22,0.0441,structure
budget025@75,attr:Splits/train.sql#51:a95139b5,0.7142857142857142,0.4,2,3,0.2857,structure
budget025@75,attr:Expanded/agg_filter_expanded.sql#12:f3a1786c,0.5700325732899022,0.660377358490566,39,67,0.3764,structure
budget025@75,attr:Splits/dev.sql#18:b1241002,1.0,1.0,1,1,1.0,ok
budget025@75,attr:Splits/train.sql#44:a130f41f,0.8189655172413792,0.7727272727272727,20,24,0.6328,structure
budget025@75,attr:Expanded/agg_filter_expanded.sql#1:e3a8531c,1.0,1.0,1,1,1.0,ok
budget025@75,attr:player_multiagg20:q12:e0cde198,0.7333333333333333,0.6296296296296297,11,16,0.4617,structure
budget025@75,attr:Splits/test.sql#2:3e923052,0.5989583333333334,0.028985507246376812,56,82,0.0174,structure
budget025@75,attr:player_multiagg20:q10:061dce02,0.0,0.0,0,3,0.0,no rows
budget025@75,attr:Expanded/agg_only_expanded.sql#14:c60f4651,0.5750798722044729,0.01834862385321101,41,68,0.0106,structure
budget025@75,attr:Splits/train.sql#36:76016403,0.6666666666666666,0.0,3,3,0.0,structure
budget025@75,attr:docetl_Player_v7:q4:7175642b,1.0,0.0,2,2,0.0,values
budget025@75,attr:Expanded/agg_only_expanded.sql#10:30df06be,0.9210526315789473,0.888888888888889,22,23,0.8187,structure
budget025@75,attr:Splits/train.sql#19:5ad6058c,0.0,0.0,22,109,0.0,structure
budget025@75,attr:Splits/dev.sql#11:6ef31688,0.7142857142857142,0.0,2,3,0.0,structure
budget025@75,attr:Variations/Agg/agg_variations.sql#1:84662181,0.6666666666666666,0.0,3,3,0.0,structure
budget025@75,attr:Splits/train.sql#27:22ff56d3,0.7142857142857142,0.0,2,3,0.0,structure
budget025@75,attr:Expanded/agg_join_expanded.sql#1:a91a664a,0.7142857142857142,0.0,2,3,0.0,structure
budget025@75,attr:Splits/train.sql#28:913c76d4,1.0,1.0,1,1,1.0,ok
budget025@75,attr:Splits/test.sql#17:be55be91,0.7843137254901963,0.47619047619047616,11,10,0.3735,structure
budget025@75,attr:Splits/train.sql#36:267aed6c,0.6666666666666666,0.3333333333333333,3,3,0.2222,structure
budget025@75,attr:Splits/train.sql#4:4f11fcad,0.6666666666666666,0.0,3,3,0.0,structure
budget025@75,attr:player_multiagg20:q10:1337ff71,0.0,0.0,0,3,0.0,no rows
budget025@75,attr:Splits/test.sql#2:ab13f20a,0.5989583333333334,0.6521739130434783,56,82,0.3906,structure
budget025@75,attr:Splits/train.sql#27:e518235e,0.7142857142857142,0.4,2,3,0.2857,structure
budget025@75,attr:Expanded/agg_join_expanded.sql#1:ed9dfa67,0.7142857142857142,0.0,2,3,0.0,structure
budget025@75,attr:Splits/test.sql#3:5b6cb72b,0.5989583333333334,0.028985507246376812,56,82,0.0174,structure
budget025@75,attr:Expanded/agg_filter_expanded.sql#14:c7e1850b,0.9259259259259258,0.04761904761904762,20,22,0.0441,structure
budget025@75,attr:Expanded/agg_filter_join_expanded.sql#5:e4adf27a,1.0,1.0,1,1,1.0,ok
budget025@75,attr:player_multiagg20:q4:8c5af8bb,0.7333333333333333,0.5679012345679013,11,16,0.4165,structure
budget025@75,attr:Splits/test.sql#3:4e167992,0.0,0.0,22,109,0.0,structure
budget025@75,attr:Splits/train.sql#68:e92c391d,0.7142857142857142,0.4,2,3,0.2857,structure
budget025@75,attr:Expanded/agg_join_expanded.sql#5:65097fb9,0.7142857142857142,0.0,2,3,0.0,structure
budget025@75,attr:docetl_Player_v7:q0:525436db,1.0,0.0,2,2,0.0,values
budget025@75,attr:Splits/train.sql#20:c3c663c9,0.9210526315789473,0.888888888888889,22,23,0.8187,structure
budget025@75,attr:Splits/train.sql#68:3aaa2fe5,0.7142857142857142,0.4,2,3,0.2857,structure
budget025@75,attr:Splits/test.sql#14:07834953,0.7142857142857142,0.0,2,3,0.0,structure
budget025@75,attr:Splits/train.sql#23:6f7d6e40,0.0,0.0,1,1,0.0,structure
budget025@75,attr:Splits/train.sql#44:f69fe7f1,0.8189655172413792,0.0,20,24,0.0,structure
budget025@75,attr:player_multiagg20:q4:bbe158ad,0.7333333333333333,0.32098765432098764,11,16,0.2354,structure
budget025@75,attr:Splits/test.sql#2:86ec6660,0.5989583333333334,0.043478260869565216,56,82,0.026,structure
budget025@75,attr:Splits/train.sql#70:eaedaf09,0.75,0.0,16,21,0.0,structure
budget025@75,attr:Splits/train.sql#37:54c21492,0.6666666666666666,0.0,3,3,0.0,structure
budget025@75,attr:player_join20:q7:ed16135e,1.0,0.0,22,22,0.0,values
budget025@75,attr:Splits/train.sql#23:1909ba6e,0.0,0.0,1,1,0.0,structure
budget025@75,attr:Expanded/agg_only_expanded.sql#14:1f093cf7,0.5750798722044729,0.05504587155963303,41,68,0.0317,structure
budget025@75,attr:Splits/train.sql#36:fe39afb8,0.6666666666666666,0.0,3,3,0.0,structure
budget025@75,attr:Splits/train.sql#51:d89bf15c,0.7142857142857142,0.0,2,3,0.0,structure
budget025@75,attr:Splits/train.sql#20:e326cfd2,0.9210526315789473,0.888888888888889,22,23,0.8187,structure
budget025@75,attr:Expanded/agg_only_expanded.sql#10:a23eaa3e,0.9210526315789473,0.08888888888888888,22,23,0.0819,structure
budget025@75,attr:docetl_Player_v7:q18:adf37781,1.0,0.0,22,22,0.0,values
budget025@75,attr:Agg/agg_queries.sql#1:58b91799,0.6666666666666666,0.6666666666666666,3,3,0.4444,structure
budget025@75,attr:Splits/train.sql#37:38657b49,0.6666666666666666,0.0,3,3,0.0,structure
budget025@75,attr:docetl_Player_v7:q4:120ccaad,1.0,0.0,2,2,0.0,values
budget025@75,attr:Splits/train.sql#68:8e4ce4b5,0.7142857142857142,0.0,2,3,0.0,structure
budget025@75,attr:Agg/agg_queries.sql#1:a82f21fb,0.6666666666666666,0.0,3,3,0.0,structure
budget025@75,attr:Variations/Agg/agg_variations.sql#3:bbacce37,0.6666666666666666,0.5,3,3,0.3333,structure
budget025@75,attr:Splits/test.sql#17:367c3153,0.7843137254901963,0.6666666666666666,11,10,0.5229,structure
budget025@75,attr:Expanded/agg_filter_join_expanded.sql#1:6dec2e2f,0.7142857142857142,0.8,2,3,0.5714,structure
budget025@75,attr:Splits/train.sql#44:dd84024c,0.8189655172413792,0.6363636363636365,20,24,0.5212,structure
budget025@75,attr:Expanded/agg_only_expanded.sql#14:95406113,0.5750798722044729,0.4220183486238533,41,68,0.2427,structure
budget025@75,attr:Splits/dev.sql#18:013eb2e8,1.0,0.0,1,1,0.0,values
budget025@75,attr:docetl_Player_v7:q4:dd9b4ab5,1.0,0.5,2,2,0.5,values
budget025@75,attr:Splits/train.sql#70:2e3d2355,0.75,0.5945945945945946,16,21,0.4459,structure
budget025@75,attr:Agg/agg_queries.sql#1:4b97a7c3,0.6666666666666666,0.0,3,3,0.0,structure
budget025@75,attr:Splits/train.sql#47:4820ea07,0.7142857142857142,0.0,2,3,0.0,structure
budget025@75,attr:Splits/train.sql#22:05a051ca,0.7142857142857142,0.8,2,3,0.5714,structure
budget025@75,attr:Splits/train.sql#19:303ef1a3,0.5989583333333334,0.5072463768115942,56,82,0.3038,structure
budget025@75,attr:Expanded/agg_filter_expanded.sql#12:338a0c96,0.5700325732899022,0.037735849056603765,39,67,0.0215,structure
budget025@75,attr:Splits/train.sql#28:51cf7ce8,1.0,1.0,1,1,1.0,ok
budget025@75,attr:Expanded/agg_filter_join_expanded.sql#1:0535a95a,0.0,0.0,1,1,0.0,structure
budget025@75,attr:Expanded/agg_only_expanded.sql#10:5c8ac6e2,0.9210526315789473,0.04444444444444444,22,23,0.0409,structure
budget025@75,attr:Variations/Agg/agg_variations.sql#3:c63098a9,0.6666666666666666,0.3333333333333333,3,3,0.2222,structure
budget025@75,attr:Splits/test.sql#3:5e26d92b,0.5989583333333334,0.6521739130434783,56,82,0.3906,structure
budget025@75,attr:Splits/train.sql#51:2c3904c8,0.7142857142857142,0.0,2,3,0.0,structure
budget025@75,attr:Splits/train.sql#27:71575b0f,0.7142857142857142,0.0,2,3,0.0,structure
budget025@75,attr:Splits/train.sql#23:5e5025ba,0.0,0.0,1,1,0.0,structure
budget025@75,attr:player_multiagg20:q12:a5be78a3,0.7333333333333333,0.4444444444444444,11,16,0.3259,structure
budget025@75,attr:Splits/train.sql#28:856ff057,1.0,1.0,1,1,1.0,ok
budget025@75,attr:Expanded/agg_filter_join_expanded.sql#4:0a31a1d6,0.7142857142857142,0.0,2,3,0.0,structure
budget025@75,attr:Splits/dev.sql#11:8b66cd72,0.7142857142857142,0.4,2,3,0.2857,structure
budget025@75,attr:Expanded/agg_filter_expanded.sql#14:c9541d96,0.9259259259259258,0.7142857142857143,20,22,0.6614,structure
budget025@75,attr:Variations/Agg/agg_variations.sql#1:e6658259,0.6666666666666666,0.3333333333333333,3,3,0.2222,structure
budget025@75,attr:docetl_Player_v7:q0:a5bdcfba,1.0,0.0,2,2,0.0,values
budget025@75,attr:player_groupby20:q9:3e882071,0.0,0.0,0,92,0.0,no rows
budget025@75,attr:Splits/train.sql#39:499af76e,1.0,1.0,2,2,1.0,ok
budget025@75,attr:Expanded/agg_filter_join_expanded.sql#4:6a2d36fc,0.7142857142857142,0.4,2,3,0.2857,structure
budget050@0,attr:player_multiagg20:q4:e223d11d,0.7333333333333333,0.5679012345679013,11,16,0.4165,structure
budget050@0,attr:Splits/train.sql#4:550eb54f,0.6666666666666666,0.0,3,3,0.0,structure
budget050@0,attr:Expanded/agg_join_expanded.sql#1:c24e0cc7,0.7142857142857142,0.0,2,3,0.0,structure
budget050@0,attr:Splits/train.sql#70:58fad108,0.75,0.7027027027027026,16,21,0.527,structure
budget050@0,attr:Splits/train.sql#37:36ff2681,0.6666666666666666,0.3333333333333333,3,3,0.2222,structure
budget050@0,attr:Splits/test.sql#17:9db266f2,0.7843137254901963,0.761904761904762,11,10,0.5976,structure
budget050@0,attr:Expanded/agg_filter_expanded.sql#12:9257bded,0.5700325732899022,0.4339622641509434,39,67,0.2474,structure
budget050@0,attr:Splits/train.sql#47:d388188d,0.7142857142857142,0.8,2,3,0.5714,structure
budget050@0,attr:Splits/test.sql#14:a53facfd,0.7142857142857142,0.0,2,3,0.0,structure
budget050@0,attr:Expanded/agg_filter_expanded.sql#1:c5608ae2,1.0,1.0,1,1,1.0,ok
budget050@0,attr:Expanded/agg_filter_join_expanded.sql#1:97f4546b,0.7142857142857142,0.8,2,3,0.5714,structure
budget050@0,attr:Splits/train.sql#74:d43cbebb,1.0,0.8000000000000002,10,10,0.8,values
budget050@0,attr:Expanded/agg_join_expanded.sql#5:15c06c11,0.7142857142857142,0.4,2,3,0.2857,structure
budget050@0,attr:Splits/train.sql#47:c40d7c13,0.7142857142857142,0.0,2,3,0.0,structure
budget050@0,attr:player_multiagg20:q12:365f4815,0.7333333333333333,0.6296296296296297,11,16,0.4617,structure
budget050@0,attr:Splits/train.sql#39:2660c7eb,1.0,0.0,2,2,0.0,values
budget050@0,attr:Splits/train.sql#39:cfc6a04a,1.0,1.0,2,2,1.0,ok
budget050@0,attr:Splits/train.sql#20:610644e4,0.9210526315789473,0.8444444444444444,22,23,0.7778,structure
budget050@0,attr:Splits/train.sql#74:d1735ba6,1.0,0.9,10,10,0.9,values
budget050@0,attr:Expanded/agg_filter_expanded.sql#1:43804a60,1.0,1.0,1,1,1.0,ok
budget050@0,attr:Splits/train.sql#4:f514a950,0.6666666666666666,0.0,3,3,0.0,structure
budget050@0,attr:docetl_Player_v7:q0:fef776e6,1.0,0.0,2,2,0.0,values
budget050@0,attr:Variations/Agg/agg_variations.sql#1:09fbc9fa,0.6666666666666666,0.0,3,3,0.0,structure
budget050@0,attr:Splits/train.sql#74:2968ff54,1.0,0.9,10,10,0.9,values
budget050@0,attr:Splits/test.sql#14:e0da7fae,0.7142857142857142,0.0,2,3,0.0,structure
budget050@0,attr:Splits/dev.sql#18:bbfca16a,1.0,1.0,1,1,1.0,ok
budget050@0,attr:Variations/Agg/agg_variations.sql#3:6d2eeac2,0.6666666666666666,0.0,3,3,0.0,structure
budget050@0,attr:Splits/train.sql#19:332da492,0.5989583333333334,0.49275362318840576,56,82,0.2951,structure
budget050@0,attr:Expanded/agg_filter_join_expanded.sql#4:17c50da4,0.7142857142857142,0.4,2,3,0.2857,structure
budget050@0,attr:Splits/dev.sql#11:99e28283,0.7142857142857142,0.4,2,3,0.2857,structure
budget050@0,attr:Expanded/agg_join_expanded.sql#5:b42bc767,0.7142857142857142,0.4,2,3,0.2857,structure
budget050@0,attr:Expanded/agg_filter_expanded.sql#14:c3259565,0.9259259259259258,0.9047619047619048,20,22,0.8377,structure
budget050@0,attr:Splits/train.sql#51:a95139b5,0.7142857142857142,0.4,2,3,0.2857,structure
budget050@0,attr:Expanded/agg_filter_expanded.sql#12:f3a1786c,0.5700325732899022,0.660377358490566,39,67,0.3764,structure
budget050@0,attr:Splits/dev.sql#18:b1241002,1.0,1.0,1,1,1.0,ok
budget050@0,attr:Splits/train.sql#44:a130f41f,0.8189655172413792,0.7727272727272727,20,24,0.6328,structure
budget050@0,attr:Expanded/agg_filter_expanded.sql#1:e3a8531c,1.0,1.0,1,1,1.0,ok
budget050@0,attr:player_multiagg20:q12:e0cde198,0.7333333333333333,0.6296296296296297,11,16,0.4617,structure
budget050@0,attr:Splits/test.sql#2:3e923052,0.5989583333333334,0.536231884057971,56,82,0.3212,structure
budget050@0,attr:player_multiagg20:q10:061dce02,0.7142857142857142,0.8,2,3,0.5714,structure
budget050@0,attr:Expanded/agg_only_expanded.sql#14:c60f4651,0.5750798722044729,0.4036697247706422,41,68,0.2321,structure
budget050@0,attr:Splits/train.sql#36:76016403,0.6666666666666666,0.0,3,3,0.0,structure
budget050@0,attr:docetl_Player_v7:q4:7175642b,1.0,0.0,2,2,0.0,values
budget050@0,attr:Expanded/agg_only_expanded.sql#10:30df06be,0.9210526315789473,0.888888888888889,22,23,0.8187,structure
budget050@0,attr:Splits/train.sql#19:5ad6058c,0.8287292817679557,0.5833333333333334,107,109,0.4834,structure
budget050@0,attr:Splits/dev.sql#11:6ef31688,0.7142857142857142,0.4,2,3,0.2857,structure
budget050@0,attr:Variations/Agg/agg_variations.sql#1:84662181,0.6666666666666666,0.3333333333333333,3,3,0.2222,structure
budget050@0,attr:Splits/train.sql#27:22ff56d3,0.7142857142857142,0.4,2,3,0.2857,structure
budget050@0,attr:Expanded/agg_join_expanded.sql#1:a91a664a,0.7142857142857142,0.0,2,3,0.0,structure
budget050@0,attr:Splits/train.sql#28:913c76d4,1.0,1.0,1,1,1.0,ok
budget050@0,attr:Splits/test.sql#17:be55be91,0.7843137254901963,0.47619047619047616,11,10,0.3735,structure
budget050@0,attr:Splits/train.sql#36:267aed6c,0.6666666666666666,0.3333333333333333,3,3,0.2222,structure
budget050@0,attr:Splits/train.sql#4:4f11fcad,0.6666666666666666,0.0,3,3,0.0,structure
budget050@0,attr:player_multiagg20:q10:1337ff71,0.7142857142857142,0.8,2,3,0.5714,structure
budget050@0,attr:Splits/test.sql#2:ab13f20a,0.5989583333333334,0.6521739130434783,56,82,0.3906,structure
budget050@0,attr:Splits/train.sql#27:e518235e,0.7142857142857142,0.4,2,3,0.2857,structure
budget050@0,attr:Expanded/agg_join_expanded.sql#1:ed9dfa67,0.7142857142857142,0.0,2,3,0.0,structure
budget050@0,attr:Splits/test.sql#3:5b6cb72b,0.5989583333333334,0.536231884057971,56,82,0.3212,structure
budget050@0,attr:Expanded/agg_filter_expanded.sql#14:c7e1850b,0.9259259259259258,0.8095238095238095,20,22,0.7496,structure
budget050@0,attr:Expanded/agg_filter_join_expanded.sql#5:e4adf27a,1.0,1.0,1,1,1.0,ok
budget050@0,attr:player_multiagg20:q4:8c5af8bb,0.7333333333333333,0.5679012345679013,11,16,0.4165,structure
budget050@0,attr:Splits/test.sql#3:4e167992,0.8287292817679557,0.6203703703703702,107,109,0.5141,structure
budget050@0,attr:Splits/train.sql#68:e92c391d,0.7142857142857142,0.4,2,3,0.2857,structure
budget050@0,attr:Expanded/agg_join_expanded.sql#5:65097fb9,0.7142857142857142,0.4,2,3,0.2857,structure
budget050@0,attr:docetl_Player_v7:q0:525436db,1.0,0.0,2,2,0.0,values
budget050@0,attr:Splits/train.sql#20:c3c663c9,0.9210526315789473,0.888888888888889,22,23,0.8187,structure
budget050@0,attr:Splits/train.sql#68:3aaa2fe5,0.7142857142857142,0.4,2,3,0.2857,structure
budget050@0,attr:Splits/test.sql#14:07834953,0.7142857142857142,0.0,2,3,0.0,structure
budget050@0,attr:Splits/train.sql#23:6f7d6e40,0.0,0.0,1,1,0.0,structure
budget050@0,attr:Splits/train.sql#44:f69fe7f1,0.8189655172413792,0.5,20,24,0.4095,structure
budget050@0,attr:player_multiagg20:q4:bbe158ad,0.7333333333333333,0.4691358024691358,11,16,0.344,structure
budget050@0,attr:Splits/test.sql#2:86ec6660,0.5989583333333334,0.463768115942029,56,82,0.2778,structure
budget050@0,attr:Splits/train.sql#70:eaedaf09,0.75,0.3243243243243243,16,21,0.2432,structure
budget050@0,attr:Splits/train.sql#37:54c21492,0.6666666666666666,0.0,3,3,0.0,structure
budget050@0,attr:player_join20:q7:ed16135e,1.0,0.6818181818181818,22,22,0.6818,values
budget050@0,attr:Splits/train.sql#23:1909ba6e,0.0,0.0,1,1,0.0,structure
budget050@0,attr:Expanded/agg_only_expanded.sql#14:1f093cf7,0.5750798722044729,0.5137614678899082,41,68,0.2955,structure
budget050@0,attr:Splits/train.sql#36:fe39afb8,0.6666666666666666,0.0,3,3,0.0,structure
budget050@0,attr:Splits/train.sql#51:d89bf15c,0.7142857142857142,0.4,2,3,0.2857,structure
budget050@0,attr:Splits/train.sql#20:e326cfd2,0.9210526315789473,0.888888888888889,22,23,0.8187,structure
budget050@0,attr:Expanded/agg_only_expanded.sql#10:a23eaa3e,0.9210526315789473,0.888888888888889,22,23,0.8187,structure
budget050@0,attr:docetl_Player_v7:q18:adf37781,1.0,0.7272727272727273,22,22,0.7273,values
budget050@0,attr:Agg/agg_queries.sql#1:58b91799,0.6666666666666666,0.6666666666666666,3,3,0.4444,structure
budget050@0,attr:Splits/train.sql#37:38657b49,0.6666666666666666,0.0,3,3,0.0,structure
budget050@0,attr:docetl_Player_v7:q4:120ccaad,1.0,0.0,2,2,0.0,values
budget050@0,attr:Splits/train.sql#68:8e4ce4b5,0.7142857142857142,0.0,2,3,0.0,structure
budget050@0,attr:Agg/agg_queries.sql#1:a82f21fb,0.6666666666666666,0.0,3,3,0.0,structure
budget050@0,attr:Variations/Agg/agg_variations.sql#3:bbacce37,0.6666666666666666,0.5,3,3,0.3333,structure
budget050@0,attr:Splits/test.sql#17:367c3153,0.7843137254901963,0.5714285714285713,11,10,0.4482,structure
budget050@0,attr:Expanded/agg_filter_join_expanded.sql#1:6dec2e2f,0.7142857142857142,0.8,2,3,0.5714,structure
budget050@0,attr:Splits/train.sql#44:dd84024c,0.8189655172413792,0.5909090909090908,20,24,0.4839,structure
budget050@0,attr:Expanded/agg_only_expanded.sql#14:95406113,0.5750798722044729,0.4220183486238533,41,68,0.2427,structure
budget050@0,attr:Splits/dev.sql#18:013eb2e8,1.0,0.0,1,1,0.0,values
budget050@0,attr:docetl_Player_v7:q4:dd9b4ab5,1.0,0.5,2,2,0.5,values
budget050@0,attr:Splits/train.sql#70:2e3d2355,0.75,0.5945945945945946,16,21,0.4459,structure
budget050@0,attr:Agg/agg_queries.sql#1:4b97a7c3,0.6666666666666666,0.0,3,3,0.0,structure
budget050@0,attr:Splits/train.sql#47:4820ea07,0.7142857142857142,0.0,2,3,0.0,structure
budget050@0,attr:Splits/train.sql#22:05a051ca,0.7142857142857142,0.0,2,3,0.0,structure
budget050@0,attr:Splits/train.sql#19:303ef1a3,0.5989583333333334,0.49275362318840576,56,82,0.2951,structure
budget050@0,attr:Expanded/agg_filter_expanded.sql#12:338a0c96,0.5700325732899022,0.5094339622641508,39,67,0.2904,structure
budget050@0,attr:Splits/train.sql#28:51cf7ce8,1.0,1.0,1,1,1.0,ok
budget050@0,attr:Expanded/agg_filter_join_expanded.sql#1:0535a95a,0.0,0.0,1,1,0.0,structure
budget050@0,attr:Expanded/agg_only_expanded.sql#10:5c8ac6e2,0.9210526315789473,0.8,22,23,0.7368,structure
budget050@0,attr:Variations/Agg/agg_variations.sql#3:c63098a9,0.6666666666666666,0.5,3,3,0.3333,structure
budget050@0,attr:Splits/test.sql#3:5e26d92b,0.5989583333333334,0.6521739130434783,56,82,0.3906,structure
budget050@0,attr:Splits/train.sql#51:2c3904c8,0.7142857142857142,0.4,2,3,0.2857,structure
budget050@0,attr:Splits/train.sql#27:71575b0f,0.7142857142857142,0.0,2,3,0.0,structure
budget050@0,attr:Splits/train.sql#23:5e5025ba,0.0,0.0,1,1,0.0,structure
budget050@0,attr:player_multiagg20:q12:a5be78a3,0.7333333333333333,0.5555555555555556,11,16,0.4074,structure
budget050@0,attr:Splits/train.sql#28:856ff057,1.0,1.0,1,1,1.0,ok
budget050@0,attr:Expanded/agg_filter_join_expanded.sql#4:0a31a1d6,0.7142857142857142,0.8,2,3,0.5714,structure
budget050@0,attr:Splits/dev.sql#11:8b66cd72,0.7142857142857142,0.4,2,3,0.2857,structure
budget050@0,attr:Expanded/agg_filter_expanded.sql#14:c9541d96,0.9259259259259258,0.761904761904762,20,22,0.7055,structure
budget050@0,attr:Variations/Agg/agg_variations.sql#1:e6658259,0.6666666666666666,0.3333333333333333,3,3,0.2222,structure
budget050@0,attr:docetl_Player_v7:q0:a5bdcfba,1.0,0.0,2,2,0.0,values
budget050@0,attr:player_groupby20:q9:3e882071,0.9299781181619257,0.8839779005524863,89,92,0.8221,structure
budget050@0,attr:Splits/train.sql#39:499af76e,1.0,1.0,2,2,1.0,ok
budget050@0,attr:Expanded/agg_filter_join_expanded.sql#4:6a2d36fc,0.7142857142857142,0.4,2,3,0.2857,structure
budget050@100,attr:player_multiagg20:q4:e223d11d,0.7333333333333333,0.5679012345679013,11,16,0.4165,structure
budget050@100,attr:Splits/train.sql#4:550eb54f,0.6666666666666666,0.0,3,3,0.0,structure
budget050@100,attr:Expanded/agg_join_expanded.sql#1:c24e0cc7,0.7142857142857142,0.0,2,3,0.0,structure
budget050@100,attr:Splits/train.sql#70:58fad108,0.75,0.7567567567567567,16,21,0.5676,structure
budget050@100,attr:Splits/train.sql#37:36ff2681,0.6666666666666666,0.3333333333333333,3,3,0.2222,structure
budget050@100,attr:Splits/test.sql#17:9db266f2,0.7843137254901963,0.761904761904762,11,10,0.5976,structure
budget050@100,attr:Expanded/agg_filter_expanded.sql#12:9257bded,0.5700325732899022,0.4339622641509434,39,67,0.2474,structure
budget050@100,attr:Splits/train.sql#47:d388188d,0.7142857142857142,0.8,2,3,0.5714,structure
budget050@100,attr:Splits/test.sql#14:a53facfd,0.7142857142857142,0.0,2,3,0.0,structure
budget050@100,attr:Expanded/agg_filter_expanded.sql#1:c5608ae2,1.0,1.0,1,1,1.0,ok
budget050@100,attr:Expanded/agg_filter_join_expanded.sql#1:97f4546b,0.7142857142857142,0.8,2,3,0.5714,structure
budget050@100,attr:Splits/train.sql#74:d43cbebb,1.0,0.0,10,10,0.0,values
budget050@100,attr:Expanded/agg_join_expanded.sql#5:15c06c11,0.7142857142857142,0.4,2,3,0.2857,structure
budget050@100,attr:Splits/train.sql#47:c40d7c13,0.7142857142857142,0.0,2,3,0.0,structure
budget050@100,attr:player_multiagg20:q12:365f4815,0.7333333333333333,0.6296296296296297,11,16,0.4617,structure
budget050@100,attr:Splits/train.sql#39:2660c7eb,1.0,0.0,2,2,0.0,values
budget050@100,attr:Splits/train.sql#39:cfc6a04a,1.0,1.0,2,2,1.0,ok
budget050@100,attr:Splits/train.sql#20:610644e4,0.9210526315789473,0.8444444444444444,22,23,0.7778,structure
budget050@100,attr:Splits/train.sql#74:d1735ba6,1.0,1.0,10,10,1.0,ok
budget050@100,attr:Expanded/agg_filter_expanded.sql#1:43804a60,1.0,1.0,1,1,1.0,ok
budget050@100,attr:Splits/train.sql#4:f514a950,0.6666666666666666,0.0,3,3,0.0,structure
budget050@100,attr:docetl_Player_v7:q0:fef776e6,1.0,0.0,2,2,0.0,values
budget050@100,attr:Variations/Agg/agg_variations.sql#1:09fbc9fa,0.6666666666666666,0.0,3,3,0.0,structure
budget050@100,attr:Splits/train.sql#74:2968ff54,1.0,0.9,10,10,0.9,values
budget050@100,attr:Splits/test.sql#14:e0da7fae,0.7142857142857142,0.0,2,3,0.0,structure
budget050@100,attr:Splits/dev.sql#18:bbfca16a,1.0,1.0,1,1,1.0,ok
budget050@100,attr:Variations/Agg/agg_variations.sql#3:6d2eeac2,0.6666666666666666,0.0,3,3,0.0,structure
budget050@100,attr:Splits/train.sql#19:332da492,0.5989583333333334,0.5072463768115942,56,82,0.3038,structure
budget050@100,attr:Expanded/agg_filter_join_expanded.sql#4:17c50da4,0.7142857142857142,0.0,2,3,0.0,structure
budget050@100,attr:Splits/dev.sql#11:99e28283,0.7142857142857142,0.0,2,3,0.0,structure
budget050@100,attr:Expanded/agg_join_expanded.sql#5:b42bc767,0.7142857142857142,0.4,2,3,0.2857,structure
budget050@100,attr:Expanded/agg_filter_expanded.sql#14:c3259565,0.9259259259259258,0.04761904761904762,20,22,0.0441,structure
budget050@100,attr:Splits/train.sql#51:a95139b5,0.7142857142857142,0.4,2,3,0.2857,structure
budget050@100,attr:Expanded/agg_filter_expanded.sql#12:f3a1786c,0.5700325732899022,0.660377358490566,39,67,0.3764,structure
budget050@100,attr:Splits/dev.sql#18:b1241002,1.0,1.0,1,1,1.0,ok
budget050@100,attr:Splits/train.sql#44:a130f41f,0.8189655172413792,0.8181818181818182,20,24,0.6701,structure
budget050@100,attr:Expanded/agg_filter_expanded.sql#1:e3a8531c,1.0,1.0,1,1,1.0,ok
budget050@100,attr:player_multiagg20:q12:e0cde198,0.7333333333333333,0.6296296296296297,11,16,0.4617,structure
budget050@100,attr:Splits/test.sql#2:3e923052,0.5989583333333334,0.4782608695652174,56,82,0.2865,structure
budget050@100,attr:player_multiagg20:q10:061dce02,0.0,0.0,0,3,0.0,no rows
budget050@100,attr:Expanded/agg_only_expanded.sql#14:c60f4651,0.5750798722044729,0.4220183486238533,41,68,0.2427,structure
budget050@100,attr:Splits/train.sql#36:76016403,0.6666666666666666,0.0,3,3,0.0,structure
budget050@100,attr:docetl_Player_v7:q4:7175642b,1.0,0.0,2,2,0.0,values
budget050@100,attr:Expanded/agg_only_expanded.sql#10:30df06be,0.9210526315789473,0.888888888888889,22,23,0.8187,structure
budget050@100,attr:Splits/train.sql#19:5ad6058c,0.0,0.0,22,109,0.0,structure
budget050@100,attr:Splits/dev.sql#11:6ef31688,0.7142857142857142,0.4,2,3,0.2857,structure
budget050@100,attr:Variations/Agg/agg_variations.sql#1:84662181,0.6666666666666666,0.0,3,3,0.0,structure
budget050@100,attr:Splits/train.sql#27:22ff56d3,0.7142857142857142,0.4,2,3,0.2857,structure
budget050@100,attr:Expanded/agg_join_expanded.sql#1:a91a664a,0.7142857142857142,0.0,2,3,0.0,structure
budget050@100,attr:Splits/train.sql#28:913c76d4,1.0,1.0,1,1,1.0,ok
budget050@100,attr:Splits/test.sql#17:be55be91,0.7843137254901963,0.47619047619047616,11,10,0.3735,structure
budget050@100,attr:Splits/train.sql#36:267aed6c,0.6666666666666666,0.3333333333333333,3,3,0.2222,structure
budget050@100,attr:Splits/train.sql#4:4f11fcad,0.6666666666666666,0.0,3,3,0.0,structure
budget050@100,attr:player_multiagg20:q10:1337ff71,0.0,0.0,0,3,0.0,no rows
budget050@100,attr:Splits/test.sql#2:ab13f20a,0.5989583333333334,0.6521739130434783,56,82,0.3906,structure
budget050@100,attr:Splits/train.sql#27:e518235e,0.7142857142857142,0.4,2,3,0.2857,structure
budget050@100,attr:Expanded/agg_join_expanded.sql#1:ed9dfa67,0.7142857142857142,0.0,2,3,0.0,structure
budget050@100,attr:Splits/test.sql#3:5b6cb72b,0.5989583333333334,0.4782608695652174,56,82,0.2865,structure
budget050@100,attr:Expanded/agg_filter_expanded.sql#14:c7e1850b,0.9259259259259258,0.761904761904762,20,22,0.7055,structure
budget050@100,attr:Expanded/agg_filter_join_expanded.sql#5:e4adf27a,0.0,0.0,0,1,0.0,no rows
budget050@100,attr:player_multiagg20:q4:8c5af8bb,0.7333333333333333,0.5679012345679013,11,16,0.4165,structure
budget050@100,attr:Splits/test.sql#3:4e167992,0.0,0.0,22,109,0.0,structure
budget050@100,attr:Splits/train.sql#68:e92c391d,0.7142857142857142,0.4,2,3,0.2857,structure
budget050@100,attr:Expanded/agg_join_expanded.sql#5:65097fb9,0.7142857142857142,0.0,2,3,0.0,structure
budget050@100,attr:docetl_Player_v7:q0:525436db,1.0,0.0,2,2,0.0,values
budget050@100,attr:Splits/train.sql#20:c3c663c9,0.9210526315789473,0.888888888888889,22,23,0.8187,structure
budget050@100,attr:Splits/train.sql#68:3aaa2fe5,0.7142857142857142,0.4,2,3,0.2857,structure
budget050@100,attr:Splits/test.sql#14:07834953,0.7142857142857142,0.0,2,3,0.0,structure
budget050@100,attr:Splits/train.sql#23:6f7d6e40,0.0,0.0,1,1,0.0,structure
budget050@100,attr:Splits/train.sql#44:f69fe7f1,0.8189655172413792,0.0,20,24,0.0,structure
budget050@100,attr:player_multiagg20:q4:bbe158ad,0.7333333333333333,0.4691358024691358,11,16,0.344,structure
budget050@100,attr:Splits/test.sql#2:86ec6660,0.5989583333333334,0.043478260869565216,56,82,0.026,structure
budget050@100,attr:Splits/train.sql#70:eaedaf09,0.75,0.0,16,21,0.0,structure
budget050@100,attr:Splits/train.sql#37:54c21492,0.6666666666666666,0.0,3,3,0.0,structure
budget050@100,attr:player_join20:q7:ed16135e,1.0,0.0,22,22,0.0,values
budget050@100,attr:Splits/train.sql#23:1909ba6e,0.0,0.0,1,1,0.0,structure
budget050@100,attr:Expanded/agg_only_expanded.sql#14:1f093cf7,0.5750798722044729,0.05504587155963303,41,68,0.0317,structure
budget050@100,attr:Splits/train.sql#36:fe39afb8,0.6666666666666666,0.0,3,3,0.0,structure
budget050@100,attr:Splits/train.sql#51:d89bf15c,0.7142857142857142,0.0,2,3,0.0,structure
budget050@100,attr:Splits/train.sql#20:e326cfd2,0.9210526315789473,0.888888888888889,22,23,0.8187,structure
budget050@100,attr:Expanded/agg_only_expanded.sql#10:a23eaa3e,0.9210526315789473,0.08888888888888888,22,23,0.0819,structure
budget050@100,attr:docetl_Player_v7:q18:adf37781,1.0,0.0,22,22,0.0,values
budget050@100,attr:Agg/agg_queries.sql#1:58b91799,0.6666666666666666,0.6666666666666666,3,3,0.4444,structure
budget050@100,attr:Splits/train.sql#37:38657b49,0.6666666666666666,0.0,3,3,0.0,structure
budget050@100,attr:docetl_Player_v7:q4:120ccaad,1.0,0.0,2,2,0.0,values
budget050@100,attr:Splits/train.sql#68:8e4ce4b5,0.7142857142857142,0.0,2,3,0.0,structure
budget050@100,attr:Agg/agg_queries.sql#1:a82f21fb,0.6666666666666666,0.0,3,3,0.0,structure
budget050@100,attr:Variations/Agg/agg_variations.sql#3:bbacce37,0.6666666666666666,0.3333333333333333,3,3,0.2222,structure
budget050@100,attr:Splits/test.sql#17:367c3153,0.7843137254901963,0.6666666666666666,11,10,0.5229,structure
budget050@100,attr:Expanded/agg_filter_join_expanded.sql#1:6dec2e2f,0.7142857142857142,0.8,2,3,0.5714,structure
budget050@100,attr:Splits/train.sql#44:dd84024c,0.8189655172413792,0.6363636363636365,20,24,0.5212,structure
budget050@100,attr:Expanded/agg_only_expanded.sql#14:95406113,0.5750798722044729,0.4220183486238533,41,68,0.2427,structure
budget050@100,attr:Splits/dev.sql#18:013eb2e8,1.0,0.0,1,1,0.0,values
budget050@100,attr:docetl_Player_v7:q4:dd9b4ab5,1.0,0.5,2,2,0.5,values
budget050@100,attr:Splits/train.sql#70:2e3d2355,0.75,0.5945945945945946,16,21,0.4459,structure
budget050@100,attr:Agg/agg_queries.sql#1:4b97a7c3,0.6666666666666666,0.0,3,3,0.0,structure
budget050@100,attr:Splits/train.sql#47:4820ea07,0.7142857142857142,0.0,2,3,0.0,structure
budget050@100,attr:Splits/train.sql#22:05a051ca,0.7142857142857142,0.8,2,3,0.5714,structure
budget050@100,attr:Splits/train.sql#19:303ef1a3,0.5989583333333334,0.5072463768115942,56,82,0.3038,structure
budget050@100,attr:Expanded/agg_filter_expanded.sql#12:338a0c96,0.5700325732899022,0.037735849056603765,39,67,0.0215,structure
budget050@100,attr:Splits/train.sql#28:51cf7ce8,1.0,1.0,1,1,1.0,ok
budget050@100,attr:Expanded/agg_filter_join_expanded.sql#1:0535a95a,0.0,0.0,0,1,0.0,no rows
budget050@100,attr:Expanded/agg_only_expanded.sql#10:5c8ac6e2,0.9210526315789473,0.7555555555555555,22,23,0.6959,structure
budget050@100,attr:Variations/Agg/agg_variations.sql#3:c63098a9,0.6666666666666666,0.3333333333333333,3,3,0.2222,structure
budget050@100,attr:Splits/test.sql#3:5e26d92b,0.5989583333333334,0.6521739130434783,56,82,0.3906,structure
budget050@100,attr:Splits/train.sql#51:2c3904c8,0.7142857142857142,0.4,2,3,0.2857,structure
budget050@100,attr:Splits/train.sql#27:71575b0f,0.7142857142857142,0.0,2,3,0.0,structure
budget050@100,attr:Splits/train.sql#23:5e5025ba,0.0,0.0,1,1,0.0,structure
budget050@100,attr:player_multiagg20:q12:a5be78a3,0.7333333333333333,0.5555555555555556,11,16,0.4074,structure
budget050@100,attr:Splits/train.sql#28:856ff057,1.0,1.0,1,1,1.0,ok
budget050@100,attr:Expanded/agg_filter_join_expanded.sql#4:0a31a1d6,0.7142857142857142,0.8,2,3,0.5714,structure
budget050@100,attr:Splits/dev.sql#11:8b66cd72,0.7142857142857142,0.4,2,3,0.2857,structure
budget050@100,attr:Expanded/agg_filter_expanded.sql#14:c9541d96,0.9259259259259258,0.7142857142857143,20,22,0.6614,structure
budget050@100,attr:Variations/Agg/agg_variations.sql#1:e6658259,0.6666666666666666,0.0,3,3,0.0,structure
budget050@100,attr:docetl_Player_v7:q0:a5bdcfba,1.0,0.0,2,2,0.0,values
budget050@100,attr:player_groupby20:q9:3e882071,0.0,0.0,0,92,0.0,no rows
budget050@100,attr:Splits/train.sql#39:499af76e,1.0,1.0,2,2,1.0,ok
budget050@100,attr:Expanded/agg_filter_join_expanded.sql#4:6a2d36fc,0.7142857142857142,0.4,2,3,0.2857,structure
budget050@25,attr:player_multiagg20:q4:e223d11d,0.7333333333333333,0.5679012345679013,11,16,0.4165,structure
budget050@25,attr:Splits/train.sql#4:550eb54f,0.6666666666666666,0.0,3,3,0.0,structure
budget050@25,attr:Expanded/agg_join_expanded.sql#1:c24e0cc7,0.7142857142857142,0.0,2,3,0.0,structure
budget050@25,attr:Splits/train.sql#70:58fad108,0.75,0.7027027027027026,16,21,0.527,structure
budget050@25,attr:Splits/train.sql#37:36ff2681,0.6666666666666666,0.3333333333333333,3,3,0.2222,structure
budget050@25,attr:Splits/test.sql#17:9db266f2,0.7843137254901963,0.761904761904762,11,10,0.5976,structure
budget050@25,attr:Expanded/agg_filter_expanded.sql#12:9257bded,0.5700325732899022,0.4339622641509434,39,67,0.2474,structure
budget050@25,attr:Splits/train.sql#47:d388188d,0.7142857142857142,0.8,2,3,0.5714,structure
budget050@25,attr:Splits/test.sql#14:a53facfd,0.7142857142857142,0.0,2,3,0.0,structure
budget050@25,attr:Expanded/agg_filter_expanded.sql#1:c5608ae2,1.0,1.0,1,1,1.0,ok
budget050@25,attr:Expanded/agg_filter_join_expanded.sql#1:97f4546b,0.7142857142857142,0.8,2,3,0.5714,structure
budget050@25,attr:Splits/train.sql#74:d43cbebb,1.0,0.8000000000000002,10,10,0.8,values
budget050@25,attr:Expanded/agg_join_expanded.sql#5:15c06c11,0.7142857142857142,0.4,2,3,0.2857,structure
budget050@25,attr:Splits/train.sql#47:c40d7c13,0.7142857142857142,0.0,2,3,0.0,structure
budget050@25,attr:player_multiagg20:q12:365f4815,0.7333333333333333,0.6296296296296297,11,16,0.4617,structure
budget050@25,attr:Splits/train.sql#39:2660c7eb,1.0,0.0,2,2,0.0,values
budget050@25,attr:Splits/train.sql#39:cfc6a04a,1.0,1.0,2,2,1.0,ok
budget050@25,attr:Splits/train.sql#20:610644e4,0.9210526315789473,0.8444444444444444,22,23,0.7778,structure
budget050@25,attr:Splits/train.sql#74:d1735ba6,1.0,1.0,10,10,1.0,ok
budget050@25,attr:Expanded/agg_filter_expanded.sql#1:43804a60,1.0,1.0,1,1,1.0,ok
budget050@25,attr:Splits/train.sql#4:f514a950,0.6666666666666666,0.0,3,3,0.0,structure
budget050@25,attr:docetl_Player_v7:q0:fef776e6,1.0,0.0,2,2,0.0,values
budget050@25,attr:Variations/Agg/agg_variations.sql#1:09fbc9fa,0.6666666666666666,0.0,3,3,0.0,structure
budget050@25,attr:Splits/train.sql#74:2968ff54,1.0,0.9,10,10,0.9,values
budget050@25,attr:Splits/test.sql#14:e0da7fae,0.7142857142857142,0.0,2,3,0.0,structure
budget050@25,attr:Splits/dev.sql#18:bbfca16a,1.0,1.0,1,1,1.0,ok
budget050@25,attr:Variations/Agg/agg_variations.sql#3:6d2eeac2,0.6666666666666666,0.0,3,3,0.0,structure
budget050@25,attr:Splits/train.sql#19:332da492,0.5989583333333334,0.49275362318840576,56,82,0.2951,structure
budget050@25,attr:Expanded/agg_filter_join_expanded.sql#4:17c50da4,0.7142857142857142,0.4,2,3,0.2857,structure
budget050@25,attr:Splits/dev.sql#11:99e28283,0.7142857142857142,0.4,2,3,0.2857,structure
budget050@25,attr:Expanded/agg_join_expanded.sql#5:b42bc767,0.7142857142857142,0.4,2,3,0.2857,structure
budget050@25,attr:Expanded/agg_filter_expanded.sql#14:c3259565,0.9259259259259258,0.9047619047619048,20,22,0.8377,structure
budget050@25,attr:Splits/train.sql#51:a95139b5,0.7142857142857142,0.4,2,3,0.2857,structure
budget050@25,attr:Expanded/agg_filter_expanded.sql#12:f3a1786c,0.5700325732899022,0.660377358490566,39,67,0.3764,structure
budget050@25,attr:Splits/dev.sql#18:b1241002,1.0,1.0,1,1,1.0,ok
budget050@25,attr:Splits/train.sql#44:a130f41f,0.8189655172413792,0.7727272727272727,20,24,0.6328,structure
budget050@25,attr:Expanded/agg_filter_expanded.sql#1:e3a8531c,1.0,1.0,1,1,1.0,ok
budget050@25,attr:player_multiagg20:q12:e0cde198,0.7333333333333333,0.6296296296296297,11,16,0.4617,structure
budget050@25,attr:Splits/test.sql#2:3e923052,0.5989583333333334,0.536231884057971,56,82,0.3212,structure
budget050@25,attr:player_multiagg20:q10:061dce02,0.7142857142857142,0.8,2,3,0.5714,structure
budget050@25,attr:Expanded/agg_only_expanded.sql#14:c60f4651,0.5750798722044729,0.4036697247706422,41,68,0.2321,structure
budget050@25,attr:Splits/train.sql#36:76016403,0.6666666666666666,0.0,3,3,0.0,structure
budget050@25,attr:docetl_Player_v7:q4:7175642b,1.0,0.0,2,2,0.0,values
budget050@25,attr:Expanded/agg_only_expanded.sql#10:30df06be,0.9210526315789473,0.888888888888889,22,23,0.8187,structure
budget050@25,attr:Splits/train.sql#19:5ad6058c,0.8287292817679557,0.5833333333333334,107,109,0.4834,structure
budget050@25,attr:Splits/dev.sql#11:6ef31688,0.7142857142857142,0.4,2,3,0.2857,structure
budget050@25,attr:Variations/Agg/agg_variations.sql#1:84662181,0.6666666666666666,0.3333333333333333,3,3,0.2222,structure
budget050@25,attr:Splits/train.sql#27:22ff56d3,0.7142857142857142,0.4,2,3,0.2857,structure
budget050@25,attr:Expanded/agg_join_expanded.sql#1:a91a664a,0.7142857142857142,0.0,2,3,0.0,structure
budget050@25,attr:Splits/train.sql#28:913c76d4,1.0,1.0,1,1,1.0,ok
budget050@25,attr:Splits/test.sql#17:be55be91,0.7843137254901963,0.47619047619047616,11,10,0.3735,structure
budget050@25,attr:Splits/train.sql#36:267aed6c,0.6666666666666666,0.3333333333333333,3,3,0.2222,structure
budget050@25,attr:Splits/train.sql#4:4f11fcad,0.6666666666666666,0.0,3,3,0.0,structure
budget050@25,attr:player_multiagg20:q10:1337ff71,0.7142857142857142,0.8,2,3,0.5714,structure
budget050@25,attr:Splits/test.sql#2:ab13f20a,0.5989583333333334,0.6521739130434783,56,82,0.3906,structure
budget050@25,attr:Splits/train.sql#27:e518235e,0.7142857142857142,0.4,2,3,0.2857,structure
budget050@25,attr:Expanded/agg_join_expanded.sql#1:ed9dfa67,0.7142857142857142,0.0,2,3,0.0,structure
budget050@25,attr:Splits/test.sql#3:5b6cb72b,0.5989583333333334,0.536231884057971,56,82,0.3212,structure
budget050@25,attr:Expanded/agg_filter_expanded.sql#14:c7e1850b,0.9259259259259258,0.8095238095238095,20,22,0.7496,structure
budget050@25,attr:Expanded/agg_filter_join_expanded.sql#5:e4adf27a,1.0,1.0,1,1,1.0,ok
budget050@25,attr:player_multiagg20:q4:8c5af8bb,0.7333333333333333,0.5679012345679013,11,16,0.4165,structure
budget050@25,attr:Splits/test.sql#3:4e167992,0.8287292817679557,0.6203703703703702,107,109,0.5141,structure
budget050@25,attr:Splits/train.sql#68:e92c391d,0.7142857142857142,0.4,2,3,0.2857,structure
budget050@25,attr:Expanded/agg_join_expanded.sql#5:65097fb9,0.7142857142857142,0.4,2,3,0.2857,structure
budget050@25,attr:docetl_Player_v7:q0:525436db,1.0,0.0,2,2,0.0,values
budget050@25,attr:Splits/train.sql#20:c3c663c9,0.9210526315789473,0.888888888888889,22,23,0.8187,structure
budget050@25,attr:Splits/train.sql#68:3aaa2fe5,0.7142857142857142,0.4,2,3,0.2857,structure
budget050@25,attr:Splits/test.sql#14:07834953,0.7142857142857142,0.0,2,3,0.0,structure
budget050@25,attr:Splits/train.sql#23:6f7d6e40,0.0,0.0,1,1,0.0,structure
budget050@25,attr:Splits/train.sql#44:f69fe7f1,0.8189655172413792,0.5,20,24,0.4095,structure
budget050@25,attr:player_multiagg20:q4:bbe158ad,0.7333333333333333,0.4691358024691358,11,16,0.344,structure
budget050@25,attr:Splits/test.sql#2:86ec6660,0.5989583333333334,0.463768115942029,56,82,0.2778,structure
budget050@25,attr:Splits/train.sql#70:eaedaf09,0.75,0.3243243243243243,16,21,0.2432,structure
budget050@25,attr:Splits/train.sql#37:54c21492,0.6666666666666666,0.0,3,3,0.0,structure
budget050@25,attr:player_join20:q7:ed16135e,1.0,0.6818181818181818,22,22,0.6818,values
budget050@25,attr:Splits/train.sql#23:1909ba6e,0.0,0.0,1,1,0.0,structure
budget050@25,attr:Expanded/agg_only_expanded.sql#14:1f093cf7,0.5750798722044729,0.5137614678899082,41,68,0.2955,structure
budget050@25,attr:Splits/train.sql#36:fe39afb8,0.6666666666666666,0.0,3,3,0.0,structure
budget050@25,attr:Splits/train.sql#51:d89bf15c,0.7142857142857142,0.4,2,3,0.2857,structure
budget050@25,attr:Splits/train.sql#20:e326cfd2,0.9210526315789473,0.888888888888889,22,23,0.8187,structure
budget050@25,attr:Expanded/agg_only_expanded.sql#10:a23eaa3e,0.9210526315789473,0.888888888888889,22,23,0.8187,structure
budget050@25,attr:docetl_Player_v7:q18:adf37781,1.0,0.7272727272727273,22,22,0.7273,values
budget050@25,attr:Agg/agg_queries.sql#1:58b91799,0.6666666666666666,0.6666666666666666,3,3,0.4444,structure
budget050@25,attr:Splits/train.sql#37:38657b49,0.6666666666666666,0.0,3,3,0.0,structure
budget050@25,attr:docetl_Player_v7:q4:120ccaad,1.0,0.0,2,2,0.0,values
budget050@25,attr:Splits/train.sql#68:8e4ce4b5,0.7142857142857142,0.0,2,3,0.0,structure
budget050@25,attr:Agg/agg_queries.sql#1:a82f21fb,0.6666666666666666,0.0,3,3,0.0,structure
budget050@25,attr:Variations/Agg/agg_variations.sql#3:bbacce37,0.6666666666666666,0.5,3,3,0.3333,structure
budget050@25,attr:Splits/test.sql#17:367c3153,0.7843137254901963,0.6666666666666666,11,10,0.5229,structure
budget050@25,attr:Expanded/agg_filter_join_expanded.sql#1:6dec2e2f,0.7142857142857142,0.8,2,3,0.5714,structure
budget050@25,attr:Splits/train.sql#44:dd84024c,0.8189655172413792,0.6363636363636365,20,24,0.5212,structure
budget050@25,attr:Expanded/agg_only_expanded.sql#14:95406113,0.5750798722044729,0.4220183486238533,41,68,0.2427,structure
budget050@25,attr:Splits/dev.sql#18:013eb2e8,1.0,0.0,1,1,0.0,values
budget050@25,attr:docetl_Player_v7:q4:dd9b4ab5,1.0,0.5,2,2,0.5,values
budget050@25,attr:Splits/train.sql#70:2e3d2355,0.75,0.5945945945945946,16,21,0.4459,structure
budget050@25,attr:Agg/agg_queries.sql#1:4b97a7c3,0.6666666666666666,0.0,3,3,0.0,structure
budget050@25,attr:Splits/train.sql#47:4820ea07,0.7142857142857142,0.0,2,3,0.0,structure
budget050@25,attr:Splits/train.sql#22:05a051ca,0.7142857142857142,0.0,2,3,0.0,structure
budget050@25,attr:Splits/train.sql#19:303ef1a3,0.5989583333333334,0.5072463768115942,56,82,0.3038,structure
budget050@25,attr:Expanded/agg_filter_expanded.sql#12:338a0c96,0.5700325732899022,0.5094339622641508,39,67,0.2904,structure
budget050@25,attr:Splits/train.sql#28:51cf7ce8,1.0,1.0,1,1,1.0,ok
budget050@25,attr:Expanded/agg_filter_join_expanded.sql#1:0535a95a,0.0,0.0,1,1,0.0,structure
budget050@25,attr:Expanded/agg_only_expanded.sql#10:5c8ac6e2,0.9210526315789473,0.8,22,23,0.7368,structure
budget050@25,attr:Variations/Agg/agg_variations.sql#3:c63098a9,0.6666666666666666,0.5,3,3,0.3333,structure
budget050@25,attr:Splits/test.sql#3:5e26d92b,0.5989583333333334,0.6521739130434783,56,82,0.3906,structure
budget050@25,attr:Splits/train.sql#51:2c3904c8,0.7142857142857142,0.4,2,3,0.2857,structure
budget050@25,attr:Splits/train.sql#27:71575b0f,0.7142857142857142,0.0,2,3,0.0,structure
budget050@25,attr:Splits/train.sql#23:5e5025ba,0.0,0.0,1,1,0.0,structure
budget050@25,attr:player_multiagg20:q12:a5be78a3,0.7333333333333333,0.5555555555555556,11,16,0.4074,structure
budget050@25,attr:Splits/train.sql#28:856ff057,1.0,1.0,1,1,1.0,ok
budget050@25,attr:Expanded/agg_filter_join_expanded.sql#4:0a31a1d6,0.7142857142857142,0.8,2,3,0.5714,structure
budget050@25,attr:Splits/dev.sql#11:8b66cd72,0.7142857142857142,0.4,2,3,0.2857,structure
budget050@25,attr:Expanded/agg_filter_expanded.sql#14:c9541d96,0.9259259259259258,0.7142857142857143,20,22,0.6614,structure
budget050@25,attr:Variations/Agg/agg_variations.sql#1:e6658259,0.6666666666666666,0.3333333333333333,3,3,0.2222,structure
budget050@25,attr:docetl_Player_v7:q0:a5bdcfba,1.0,0.0,2,2,0.0,values
budget050@25,attr:player_groupby20:q9:3e882071,0.9299781181619257,0.8839779005524863,89,92,0.8221,structure
budget050@25,attr:Splits/train.sql#39:499af76e,1.0,1.0,2,2,1.0,ok
budget050@25,attr:Expanded/agg_filter_join_expanded.sql#4:6a2d36fc,0.7142857142857142,0.4,2,3,0.2857,structure
budget050@50,attr:player_multiagg20:q4:e223d11d,0.7333333333333333,0.5679012345679013,11,16,0.4165,structure
budget050@50,attr:Splits/train.sql#4:550eb54f,0.6666666666666666,0.0,3,3,0.0,structure
budget050@50,attr:Expanded/agg_join_expanded.sql#1:c24e0cc7,0.7142857142857142,0.0,2,3,0.0,structure
budget050@50,attr:Splits/train.sql#70:58fad108,0.75,0.7027027027027026,16,21,0.527,structure
budget050@50,attr:Splits/train.sql#37:36ff2681,0.6666666666666666,0.3333333333333333,3,3,0.2222,structure
budget050@50,attr:Splits/test.sql#17:9db266f2,0.7843137254901963,0.761904761904762,11,10,0.5976,structure
budget050@50,attr:Expanded/agg_filter_expanded.sql#12:9257bded,0.5700325732899022,0.4339622641509434,39,67,0.2474,structure
budget050@50,attr:Splits/train.sql#47:d388188d,0.7142857142857142,0.8,2,3,0.5714,structure
budget050@50,attr:Splits/test.sql#14:a53facfd,0.7142857142857142,0.0,2,3,0.0,structure
budget050@50,attr:Expanded/agg_filter_expanded.sql#1:c5608ae2,1.0,1.0,1,1,1.0,ok
budget050@50,attr:Expanded/agg_filter_join_expanded.sql#1:97f4546b,0.7142857142857142,0.8,2,3,0.5714,structure
budget050@50,attr:Splits/train.sql#74:d43cbebb,1.0,1.0,10,10,1.0,ok
budget050@50,attr:Expanded/agg_join_expanded.sql#5:15c06c11,0.7142857142857142,0.4,2,3,0.2857,structure
budget050@50,attr:Splits/train.sql#47:c40d7c13,0.7142857142857142,0.0,2,3,0.0,structure
budget050@50,attr:player_multiagg20:q12:365f4815,0.7333333333333333,0.6296296296296297,11,16,0.4617,structure
budget050@50,attr:Splits/train.sql#39:2660c7eb,1.0,0.0,2,2,0.0,values
budget050@50,attr:Splits/train.sql#39:cfc6a04a,1.0,1.0,2,2,1.0,ok
budget050@50,attr:Splits/train.sql#20:610644e4,0.9210526315789473,0.8444444444444444,22,23,0.7778,structure
budget050@50,attr:Splits/train.sql#74:d1735ba6,1.0,1.0,10,10,1.0,ok
budget050@50,attr:Expanded/agg_filter_expanded.sql#1:43804a60,1.0,1.0,1,1,1.0,ok
budget050@50,attr:Splits/train.sql#4:f514a950,0.6666666666666666,0.0,3,3,0.0,structure
budget050@50,attr:docetl_Player_v7:q0:fef776e6,1.0,0.0,2,2,0.0,values
budget050@50,attr:Variations/Agg/agg_variations.sql#1:09fbc9fa,0.6666666666666666,0.0,3,3,0.0,structure
budget050@50,attr:Splits/train.sql#74:2968ff54,1.0,0.9,10,10,0.9,values
budget050@50,attr:Splits/test.sql#14:e0da7fae,0.7142857142857142,0.0,2,3,0.0,structure
budget050@50,attr:Splits/dev.sql#18:bbfca16a,1.0,1.0,1,1,1.0,ok
budget050@50,attr:Variations/Agg/agg_variations.sql#3:6d2eeac2,0.6666666666666666,0.0,3,3,0.0,structure
budget050@50,attr:Splits/train.sql#19:332da492,0.5989583333333334,0.49275362318840576,56,82,0.2951,structure
budget050@50,attr:Expanded/agg_filter_join_expanded.sql#4:17c50da4,0.7142857142857142,0.4,2,3,0.2857,structure
budget050@50,attr:Splits/dev.sql#11:99e28283,0.7142857142857142,0.4,2,3,0.2857,structure
budget050@50,attr:Expanded/agg_join_expanded.sql#5:b42bc767,0.7142857142857142,0.4,2,3,0.2857,structure
budget050@50,attr:Expanded/agg_filter_expanded.sql#14:c3259565,0.9259259259259258,0.9523809523809523,20,22,0.8818,structure
budget050@50,attr:Splits/train.sql#51:a95139b5,0.7142857142857142,0.4,2,3,0.2857,structure
budget050@50,attr:Expanded/agg_filter_expanded.sql#12:f3a1786c,0.5700325732899022,0.660377358490566,39,67,0.3764,structure
budget050@50,attr:Splits/dev.sql#18:b1241002,1.0,1.0,1,1,1.0,ok
budget050@50,attr:Splits/train.sql#44:a130f41f,0.8189655172413792,0.7727272727272727,20,24,0.6328,structure
budget050@50,attr:Expanded/agg_filter_expanded.sql#1:e3a8531c,1.0,1.0,1,1,1.0,ok
budget050@50,attr:player_multiagg20:q12:e0cde198,0.7333333333333333,0.6296296296296297,11,16,0.4617,structure
budget050@50,attr:Splits/test.sql#2:3e923052,0.5989583333333334,0.536231884057971,56,82,0.3212,structure
budget050@50,attr:player_multiagg20:q10:061dce02,0.7142857142857142,0.8,2,3,0.5714,structure
budget050@50,attr:Expanded/agg_only_expanded.sql#14:c60f4651,0.5750798722044729,0.4036697247706422,41,68,0.2321,structure
budget050@50,attr:Splits/train.sql#36:76016403,0.6666666666666666,0.0,3,3,0.0,structure
budget050@50,attr:docetl_Player_v7:q4:7175642b,1.0,0.0,2,2,0.0,values
budget050@50,attr:Expanded/agg_only_expanded.sql#10:30df06be,0.9210526315789473,0.888888888888889,22,23,0.8187,structure
budget050@50,attr:Splits/train.sql#19:5ad6058c,0.0,0.0,22,109,0.0,structure
budget050@50,attr:Splits/dev.sql#11:6ef31688,0.7142857142857142,0.4,2,3,0.2857,structure
budget050@50,attr:Variations/Agg/agg_variations.sql#1:84662181,0.6666666666666666,0.0,3,3,0.0,structure
budget050@50,attr:Splits/train.sql#27:22ff56d3,0.7142857142857142,0.4,2,3,0.2857,structure
budget050@50,attr:Expanded/agg_join_expanded.sql#1:a91a664a,0.7142857142857142,0.0,2,3,0.0,structure
budget050@50,attr:Splits/train.sql#28:913c76d4,1.0,1.0,1,1,1.0,ok
budget050@50,attr:Splits/test.sql#17:be55be91,0.7843137254901963,0.47619047619047616,11,10,0.3735,structure
budget050@50,attr:Splits/train.sql#36:267aed6c,0.6666666666666666,0.3333333333333333,3,3,0.2222,structure
budget050@50,attr:Splits/train.sql#4:4f11fcad,0.6666666666666666,0.0,3,3,0.0,structure
budget050@50,attr:player_multiagg20:q10:1337ff71,0.7142857142857142,0.8,2,3,0.5714,structure
budget050@50,attr:Splits/test.sql#2:ab13f20a,0.5989583333333334,0.6521739130434783,56,82,0.3906,structure
budget050@50,attr:Splits/train.sql#27:e518235e,0.7142857142857142,0.4,2,3,0.2857,structure
budget050@50,attr:Expanded/agg_join_expanded.sql#1:ed9dfa67,0.7142857142857142,0.0,2,3,0.0,structure
budget050@50,attr:Splits/test.sql#3:5b6cb72b,0.5989583333333334,0.536231884057971,56,82,0.3212,structure
budget050@50,attr:Expanded/agg_filter_expanded.sql#14:c7e1850b,0.9259259259259258,0.8095238095238095,20,22,0.7496,structure
budget050@50,attr:Expanded/agg_filter_join_expanded.sql#5:e4adf27a,1.0,1.0,1,1,1.0,ok
budget050@50,attr:player_multiagg20:q4:8c5af8bb,0.7333333333333333,0.5679012345679013,11,16,0.4165,structure
budget050@50,attr:Splits/test.sql#3:4e167992,0.0,0.0,22,109,0.0,structure
budget050@50,attr:Splits/train.sql#68:e92c391d,0.7142857142857142,0.4,2,3,0.2857,structure
budget050@50,attr:Expanded/agg_join_expanded.sql#5:65097fb9,0.7142857142857142,0.4,2,3,0.2857,structure
budget050@50,attr:docetl_Player_v7:q0:525436db,1.0,0.0,2,2,0.0,values
budget050@50,attr:Splits/train.sql#20:c3c663c9,0.9210526315789473,0.888888888888889,22,23,0.8187,structure
budget050@50,attr:Splits/train.sql#68:3aaa2fe5,0.7142857142857142,0.4,2,3,0.2857,structure
budget050@50,attr:Splits/test.sql#14:07834953,0.7142857142857142,0.0,2,3,0.0,structure
budget050@50,attr:Splits/train.sql#23:6f7d6e40,0.0,0.0,1,1,0.0,structure
budget050@50,attr:Splits/train.sql#44:f69fe7f1,0.8189655172413792,0.5454545454545454,20,24,0.4467,structure
budget050@50,attr:player_multiagg20:q4:bbe158ad,0.7333333333333333,0.4691358024691358,11,16,0.344,structure
budget050@50,attr:Splits/test.sql#2:86ec6660,0.5989583333333334,0.49275362318840576,56,82,0.2951,structure
budget050@50,attr:Splits/train.sql#70:eaedaf09,0.75,0.4324324324324324,16,21,0.3243,structure
budget050@50,attr:Splits/train.sql#37:54c21492,0.6666666666666666,0.0,3,3,0.0,structure
budget050@50,attr:player_join20:q7:ed16135e,1.0,0.6818181818181818,22,22,0.6818,values
budget050@50,attr:Splits/train.sql#23:1909ba6e,0.0,0.0,1,1,0.0,structure
budget050@50,attr:Expanded/agg_only_expanded.sql#14:1f093cf7,0.5750798722044729,0.5321100917431193,41,68,0.306,structure
budget050@50,attr:Splits/train.sql#36:fe39afb8,0.6666666666666666,0.0,3,3,0.0,structure
budget050@50,attr:Splits/train.sql#51:d89bf15c,0.7142857142857142,0.4,2,3,0.2857,structure
budget050@50,attr:Splits/train.sql#20:e326cfd2,0.9210526315789473,0.888888888888889,22,23,0.8187,structure
budget050@50,attr:Expanded/agg_only_expanded.sql#10:a23eaa3e,0.9210526315789473,0.9333333333333332,22,23,0.8596,structure
budget050@50,attr:docetl_Player_v7:q18:adf37781,1.0,0.7272727272727273,22,22,0.7273,values
budget050@50,attr:Agg/agg_queries.sql#1:58b91799,0.6666666666666666,0.6666666666666666,3,3,0.4444,structure
budget050@50,attr:Splits/train.sql#37:38657b49,0.6666666666666666,0.0,3,3,0.0,structure
budget050@50,attr:docetl_Player_v7:q4:120ccaad,1.0,0.0,2,2,0.0,values
budget050@50,attr:Splits/train.sql#68:8e4ce4b5,0.7142857142857142,0.0,2,3,0.0,structure
budget050@50,attr:Agg/agg_queries.sql#1:a82f21fb,0.6666666666666666,0.0,3,3,0.0,structure
budget050@50,attr:Variations/Agg/agg_variations.sql#3:bbacce37,0.6666666666666666,0.5,3,3,0.3333,structure
budget050@50,attr:Splits/test.sql#17:367c3153,0.7843137254901963,0.6666666666666666,11,10,0.5229,structure
budget050@50,attr:Expanded/agg_filter_join_expanded.sql#1:6dec2e2f,0.7142857142857142,0.8,2,3,0.5714,structure
budget050@50,attr:Splits/train.sql#44:dd84024c,0.8189655172413792,0.6363636363636365,20,24,0.5212,structure
budget050@50,attr:Expanded/agg_only_expanded.sql#14:95406113,0.5750798722044729,0.4220183486238533,41,68,0.2427,structure
budget050@50,attr:Splits/dev.sql#18:013eb2e8,1.0,1.0,1,1,1.0,ok
budget050@50,attr:docetl_Player_v7:q4:dd9b4ab5,1.0,0.5,2,2,0.5,values
budget050@50,attr:Splits/train.sql#70:2e3d2355,0.75,0.5945945945945946,16,21,0.4459,structure
budget050@50,attr:Agg/agg_queries.sql#1:4b97a7c3,0.6666666666666666,0.0,3,3,0.0,structure
budget050@50,attr:Splits/train.sql#47:4820ea07,0.7142857142857142,0.0,2,3,0.0,structure
budget050@50,attr:Splits/train.sql#22:05a051ca,0.7142857142857142,0.8,2,3,0.5714,structure
budget050@50,attr:Splits/train.sql#19:303ef1a3,0.5989583333333334,0.5072463768115942,56,82,0.3038,structure
budget050@50,attr:Expanded/agg_filter_expanded.sql#12:338a0c96,0.5700325732899022,0.5283018867924528,39,67,0.3011,structure
budget050@50,attr:Splits/train.sql#28:51cf7ce8,1.0,1.0,1,1,1.0,ok
budget050@50,attr:Expanded/agg_filter_join_expanded.sql#1:0535a95a,0.0,0.0,1,1,0.0,structure
budget050@50,attr:Expanded/agg_only_expanded.sql#10:5c8ac6e2,0.9210526315789473,0.8,22,23,0.7368,structure
budget050@50,attr:Variations/Agg/agg_variations.sql#3:c63098a9,0.6666666666666666,0.3333333333333333,3,3,0.2222,structure
budget050@50,attr:Splits/test.sql#3:5e26d92b,0.5989583333333334,0.6521739130434783,56,82,0.3906,structure
budget050@50,attr:Splits/train.sql#51:2c3904c8,0.7142857142857142,0.4,2,3,0.2857,structure
budget050@50,attr:Splits/train.sql#27:71575b0f,0.7142857142857142,0.0,2,3,0.0,structure
budget050@50,attr:Splits/train.sql#23:5e5025ba,0.0,0.0,1,1,0.0,structure
budget050@50,attr:player_multiagg20:q12:a5be78a3,0.7333333333333333,0.5555555555555556,11,16,0.4074,structure
budget050@50,attr:Splits/train.sql#28:856ff057,1.0,1.0,1,1,1.0,ok
budget050@50,attr:Expanded/agg_filter_join_expanded.sql#4:0a31a1d6,0.7142857142857142,0.8,2,3,0.5714,structure
budget050@50,attr:Splits/dev.sql#11:8b66cd72,0.7142857142857142,0.4,2,3,0.2857,structure
budget050@50,attr:Expanded/agg_filter_expanded.sql#14:c9541d96,0.9259259259259258,0.7142857142857143,20,22,0.6614,structure
budget050@50,attr:Variations/Agg/agg_variations.sql#1:e6658259,0.6666666666666666,0.3333333333333333,3,3,0.2222,structure
budget050@50,attr:docetl_Player_v7:q0:a5bdcfba,1.0,0.0,2,2,0.0,values
budget050@50,attr:player_groupby20:q9:3e882071,0.0,0.0,0,92,0.0,no rows
budget050@50,attr:Splits/train.sql#39:499af76e,1.0,1.0,2,2,1.0,ok
budget050@50,attr:Expanded/agg_filter_join_expanded.sql#4:6a2d36fc,0.7142857142857142,0.4,2,3,0.2857,structure
budget050@75,attr:player_multiagg20:q4:e223d11d,0.7333333333333333,0.5679012345679013,11,16,0.4165,structure
budget050@75,attr:Splits/train.sql#4:550eb54f,0.6666666666666666,0.0,3,3,0.0,structure
budget050@75,attr:Expanded/agg_join_expanded.sql#1:c24e0cc7,0.7142857142857142,0.0,2,3,0.0,structure
budget050@75,attr:Splits/train.sql#70:58fad108,0.75,0.7027027027027026,16,21,0.527,structure
budget050@75,attr:Splits/train.sql#37:36ff2681,0.6666666666666666,0.3333333333333333,3,3,0.2222,structure
budget050@75,attr:Splits/test.sql#17:9db266f2,0.7843137254901963,0.761904761904762,11,10,0.5976,structure
budget050@75,attr:Expanded/agg_filter_expanded.sql#12:9257bded,0.5700325732899022,0.4339622641509434,39,67,0.2474,structure
budget050@75,attr:Splits/train.sql#47:d388188d,0.7142857142857142,0.8,2,3,0.5714,structure
budget050@75,attr:Splits/test.sql#14:a53facfd,0.7142857142857142,0.0,2,3,0.0,structure
budget050@75,attr:Expanded/agg_filter_expanded.sql#1:c5608ae2,1.0,1.0,1,1,1.0,ok
budget050@75,attr:Expanded/agg_filter_join_expanded.sql#1:97f4546b,0.7142857142857142,0.8,2,3,0.5714,structure
budget050@75,attr:Splits/train.sql#74:d43cbebb,1.0,1.0,10,10,1.0,ok
budget050@75,attr:Expanded/agg_join_expanded.sql#5:15c06c11,0.7142857142857142,0.4,2,3,0.2857,structure
budget050@75,attr:Splits/train.sql#47:c40d7c13,0.7142857142857142,0.0,2,3,0.0,structure
budget050@75,attr:player_multiagg20:q12:365f4815,0.7333333333333333,0.6296296296296297,11,16,0.4617,structure
budget050@75,attr:Splits/train.sql#39:2660c7eb,1.0,0.0,2,2,0.0,values
budget050@75,attr:Splits/train.sql#39:cfc6a04a,1.0,1.0,2,2,1.0,ok
budget050@75,attr:Splits/train.sql#20:610644e4,0.9210526315789473,0.8444444444444444,22,23,0.7778,structure
budget050@75,attr:Splits/train.sql#74:d1735ba6,1.0,1.0,10,10,1.0,ok
budget050@75,attr:Expanded/agg_filter_expanded.sql#1:43804a60,1.0,1.0,1,1,1.0,ok
budget050@75,attr:Splits/train.sql#4:f514a950,0.6666666666666666,0.0,3,3,0.0,structure
budget050@75,attr:docetl_Player_v7:q0:fef776e6,1.0,0.0,2,2,0.0,values
budget050@75,attr:Variations/Agg/agg_variations.sql#1:09fbc9fa,0.6666666666666666,0.0,3,3,0.0,structure
budget050@75,attr:Splits/train.sql#74:2968ff54,1.0,0.9,10,10,0.9,values
budget050@75,attr:Splits/test.sql#14:e0da7fae,0.7142857142857142,0.0,2,3,0.0,structure
budget050@75,attr:Splits/dev.sql#18:bbfca16a,1.0,1.0,1,1,1.0,ok
budget050@75,attr:Variations/Agg/agg_variations.sql#3:6d2eeac2,0.6666666666666666,0.0,3,3,0.0,structure
budget050@75,attr:Splits/train.sql#19:332da492,0.5989583333333334,0.5072463768115942,56,82,0.3038,structure
budget050@75,attr:Expanded/agg_filter_join_expanded.sql#4:17c50da4,0.7142857142857142,0.4,2,3,0.2857,structure
budget050@75,attr:Splits/dev.sql#11:99e28283,0.7142857142857142,0.4,2,3,0.2857,structure
budget050@75,attr:Expanded/agg_join_expanded.sql#5:b42bc767,0.7142857142857142,0.4,2,3,0.2857,structure
budget050@75,attr:Expanded/agg_filter_expanded.sql#14:c3259565,0.9259259259259258,0.9523809523809523,20,22,0.8818,structure
budget050@75,attr:Splits/train.sql#51:a95139b5,0.7142857142857142,0.4,2,3,0.2857,structure
budget050@75,attr:Expanded/agg_filter_expanded.sql#12:f3a1786c,0.5700325732899022,0.660377358490566,39,67,0.3764,structure
budget050@75,attr:Splits/dev.sql#18:b1241002,1.0,1.0,1,1,1.0,ok
budget050@75,attr:Splits/train.sql#44:a130f41f,0.8189655172413792,0.7727272727272727,20,24,0.6328,structure
budget050@75,attr:Expanded/agg_filter_expanded.sql#1:e3a8531c,1.0,1.0,1,1,1.0,ok
budget050@75,attr:player_multiagg20:q12:e0cde198,0.7333333333333333,0.6296296296296297,11,16,0.4617,structure
budget050@75,attr:Splits/test.sql#2:3e923052,0.5989583333333334,0.4782608695652174,56,82,0.2865,structure
budget050@75,attr:player_multiagg20:q10:061dce02,0.0,0.0,0,3,0.0,no rows
budget050@75,attr:Expanded/agg_only_expanded.sql#14:c60f4651,0.5750798722044729,0.4220183486238533,41,68,0.2427,structure
budget050@75,attr:Splits/train.sql#36:76016403,0.6666666666666666,0.0,3,3,0.0,structure
budget050@75,attr:docetl_Player_v7:q4:7175642b,1.0,0.0,2,2,0.0,values
budget050@75,attr:Expanded/agg_only_expanded.sql#10:30df06be,0.9210526315789473,0.888888888888889,22,23,0.8187,structure
budget050@75,attr:Splits/train.sql#19:5ad6058c,0.0,0.0,22,109,0.0,structure
budget050@75,attr:Splits/dev.sql#11:6ef31688,0.7142857142857142,0.4,2,3,0.2857,structure
budget050@75,attr:Variations/Agg/agg_variations.sql#1:84662181,0.6666666666666666,0.0,3,3,0.0,structure
budget050@75,attr:Splits/train.sql#27:22ff56d3,0.7142857142857142,0.4,2,3,0.2857,structure
budget050@75,attr:Expanded/agg_join_expanded.sql#1:a91a664a,0.7142857142857142,0.0,2,3,0.0,structure
budget050@75,attr:Splits/train.sql#28:913c76d4,1.0,1.0,1,1,1.0,ok
budget050@75,attr:Splits/test.sql#17:be55be91,0.7843137254901963,0.47619047619047616,11,10,0.3735,structure
budget050@75,attr:Splits/train.sql#36:267aed6c,0.6666666666666666,0.3333333333333333,3,3,0.2222,structure
budget050@75,attr:Splits/train.sql#4:4f11fcad,0.6666666666666666,0.0,3,3,0.0,structure
budget050@75,attr:player_multiagg20:q10:1337ff71,0.0,0.0,0,3,0.0,no rows
budget050@75,attr:Splits/test.sql#2:ab13f20a,0.5989583333333334,0.6521739130434783,56,82,0.3906,structure
budget050@75,attr:Splits/train.sql#27:e518235e,0.7142857142857142,0.4,2,3,0.2857,structure
budget050@75,attr:Expanded/agg_join_expanded.sql#1:ed9dfa67,0.7142857142857142,0.0,2,3,0.0,structure
budget050@75,attr:Splits/test.sql#3:5b6cb72b,0.5989583333333334,0.4782608695652174,56,82,0.2865,structure
budget050@75,attr:Expanded/agg_filter_expanded.sql#14:c7e1850b,0.9259259259259258,0.761904761904762,20,22,0.7055,structure
budget050@75,attr:Expanded/agg_filter_join_expanded.sql#5:e4adf27a,1.0,1.0,1,1,1.0,ok
budget050@75,attr:player_multiagg20:q4:8c5af8bb,0.7333333333333333,0.5679012345679013,11,16,0.4165,structure
budget050@75,attr:Splits/test.sql#3:4e167992,0.0,0.0,22,109,0.0,structure
budget050@75,attr:Splits/train.sql#68:e92c391d,0.7142857142857142,0.4,2,3,0.2857,structure
budget050@75,attr:Expanded/agg_join_expanded.sql#5:65097fb9,0.7142857142857142,0.4,2,3,0.2857,structure
budget050@75,attr:docetl_Player_v7:q0:525436db,1.0,0.0,2,2,0.0,values
budget050@75,attr:Splits/train.sql#20:c3c663c9,0.9210526315789473,0.888888888888889,22,23,0.8187,structure
budget050@75,attr:Splits/train.sql#68:3aaa2fe5,0.7142857142857142,0.4,2,3,0.2857,structure
budget050@75,attr:Splits/test.sql#14:07834953,0.7142857142857142,0.0,2,3,0.0,structure
budget050@75,attr:Splits/train.sql#23:6f7d6e40,0.0,0.0,1,1,0.0,structure
budget050@75,attr:Splits/train.sql#44:f69fe7f1,0.8189655172413792,0.5454545454545454,20,24,0.4467,structure
budget050@75,attr:player_multiagg20:q4:bbe158ad,0.7333333333333333,0.4691358024691358,11,16,0.344,structure
budget050@75,attr:Splits/test.sql#2:86ec6660,0.5989583333333334,0.49275362318840576,56,82,0.2951,structure
budget050@75,attr:Splits/train.sql#70:eaedaf09,0.75,0.4324324324324324,16,21,0.3243,structure
budget050@75,attr:Splits/train.sql#37:54c21492,0.6666666666666666,0.0,3,3,0.0,structure
budget050@75,attr:player_join20:q7:ed16135e,1.0,0.0,22,22,0.0,values
budget050@75,attr:Splits/train.sql#23:1909ba6e,0.0,0.0,1,1,0.0,structure
budget050@75,attr:Expanded/agg_only_expanded.sql#14:1f093cf7,0.5750798722044729,0.5321100917431193,41,68,0.306,structure
budget050@75,attr:Splits/train.sql#36:fe39afb8,0.6666666666666666,0.0,3,3,0.0,structure
budget050@75,attr:Splits/train.sql#51:d89bf15c,0.7142857142857142,0.4,2,3,0.2857,structure
budget050@75,attr:Splits/train.sql#20:e326cfd2,0.9210526315789473,0.888888888888889,22,23,0.8187,structure
budget050@75,attr:Expanded/agg_only_expanded.sql#10:a23eaa3e,0.9210526315789473,0.9333333333333332,22,23,0.8596,structure
budget050@75,attr:docetl_Player_v7:q18:adf37781,1.0,0.0,22,22,0.0,values
budget050@75,attr:Agg/agg_queries.sql#1:58b91799,0.6666666666666666,0.6666666666666666,3,3,0.4444,structure
budget050@75,attr:Splits/train.sql#37:38657b49,0.6666666666666666,0.0,3,3,0.0,structure
budget050@75,attr:docetl_Player_v7:q4:120ccaad,1.0,0.0,2,2,0.0,values
budget050@75,attr:Splits/train.sql#68:8e4ce4b5,0.7142857142857142,0.0,2,3,0.0,structure
budget050@75,attr:Agg/agg_queries.sql#1:a82f21fb,0.6666666666666666,0.0,3,3,0.0,structure
budget050@75,attr:Variations/Agg/agg_variations.sql#3:bbacce37,0.6666666666666666,0.5,3,3,0.3333,structure
budget050@75,attr:Splits/test.sql#17:367c3153,0.7843137254901963,0.6666666666666666,11,10,0.5229,structure
budget050@75,attr:Expanded/agg_filter_join_expanded.sql#1:6dec2e2f,0.7142857142857142,0.8,2,3,0.5714,structure
budget050@75,attr:Splits/train.sql#44:dd84024c,0.8189655172413792,0.6363636363636365,20,24,0.5212,structure
budget050@75,attr:Expanded/agg_only_expanded.sql#14:95406113,0.5750798722044729,0.4220183486238533,41,68,0.2427,structure
budget050@75,attr:Splits/dev.sql#18:013eb2e8,1.0,1.0,1,1,1.0,ok
budget050@75,attr:docetl_Player_v7:q4:dd9b4ab5,1.0,0.5,2,2,0.5,values
budget050@75,attr:Splits/train.sql#70:2e3d2355,0.75,0.5945945945945946,16,21,0.4459,structure
budget050@75,attr:Agg/agg_queries.sql#1:4b97a7c3,0.6666666666666666,0.0,3,3,0.0,structure
budget050@75,attr:Splits/train.sql#47:4820ea07,0.7142857142857142,0.0,2,3,0.0,structure
budget050@75,attr:Splits/train.sql#22:05a051ca,0.7142857142857142,0.8,2,3,0.5714,structure
budget050@75,attr:Splits/train.sql#19:303ef1a3,0.5989583333333334,0.5072463768115942,56,82,0.3038,structure
budget050@75,attr:Expanded/agg_filter_expanded.sql#12:338a0c96,0.5700325732899022,0.5283018867924528,39,67,0.3011,structure
budget050@75,attr:Splits/train.sql#28:51cf7ce8,1.0,1.0,1,1,1.0,ok
budget050@75,attr:Expanded/agg_filter_join_expanded.sql#1:0535a95a,0.0,0.0,1,1,0.0,structure
budget050@75,attr:Expanded/agg_only_expanded.sql#10:5c8ac6e2,0.9210526315789473,0.7555555555555555,22,23,0.6959,structure
budget050@75,attr:Variations/Agg/agg_variations.sql#3:c63098a9,0.6666666666666666,0.3333333333333333,3,3,0.2222,structure
budget050@75,attr:Splits/test.sql#3:5e26d92b,0.5989583333333334,0.6521739130434783,56,82,0.3906,structure
budget050@75,attr:Splits/train.sql#51:2c3904c8,0.7142857142857142,0.4,2,3,0.2857,structure
budget050@75,attr:Splits/train.sql#27:71575b0f,0.7142857142857142,0.0,2,3,0.0,structure
budget050@75,attr:Splits/train.sql#23:5e5025ba,0.0,0.0,1,1,0.0,structure
budget050@75,attr:player_multiagg20:q12:a5be78a3,0.7333333333333333,0.5555555555555556,11,16,0.4074,structure
budget050@75,attr:Splits/train.sql#28:856ff057,1.0,1.0,1,1,1.0,ok
budget050@75,attr:Expanded/agg_filter_join_expanded.sql#4:0a31a1d6,0.7142857142857142,0.8,2,3,0.5714,structure
budget050@75,attr:Splits/dev.sql#11:8b66cd72,0.7142857142857142,0.4,2,3,0.2857,structure
budget050@75,attr:Expanded/agg_filter_expanded.sql#14:c9541d96,0.9259259259259258,0.7142857142857143,20,22,0.6614,structure
budget050@75,attr:Variations/Agg/agg_variations.sql#1:e6658259,0.6666666666666666,0.3333333333333333,3,3,0.2222,structure
budget050@75,attr:docetl_Player_v7:q0:a5bdcfba,1.0,0.0,2,2,0.0,values
budget050@75,attr:player_groupby20:q9:3e882071,0.0,0.0,0,92,0.0,no rows
budget050@75,attr:Splits/train.sql#39:499af76e,1.0,1.0,2,2,1.0,ok
budget050@75,attr:Expanded/agg_filter_join_expanded.sql#4:6a2d36fc,0.7142857142857142,0.4,2,3,0.2857,structure
budget075@0,attr:player_multiagg20:q4:e223d11d,0.7333333333333333,0.5679012345679013,11,16,0.4165,structure
budget075@0,attr:Splits/train.sql#4:550eb54f,0.6666666666666666,0.0,3,3,0.0,structure
budget075@0,attr:Expanded/agg_join_expanded.sql#1:c24e0cc7,0.7142857142857142,0.0,2,3,0.0,structure
budget075@0,attr:Splits/train.sql#70:58fad108,0.75,0.7027027027027026,16,21,0.527,structure
budget075@0,attr:Splits/train.sql#37:36ff2681,0.6666666666666666,0.3333333333333333,3,3,0.2222,structure
budget075@0,attr:Splits/test.sql#17:9db266f2,0.7843137254901963,0.761904761904762,11,10,0.5976,structure
budget075@0,attr:Expanded/agg_filter_expanded.sql#12:9257bded,0.5700325732899022,0.4339622641509434,39,67,0.2474,structure
budget075@0,attr:Splits/train.sql#47:d388188d,0.7142857142857142,0.8,2,3,0.5714,structure
budget075@0,attr:Splits/test.sql#14:a53facfd,0.7142857142857142,0.0,2,3,0.0,structure
budget075@0,attr:Expanded/agg_filter_expanded.sql#1:c5608ae2,1.0,1.0,1,1,1.0,ok
budget075@0,attr:Expanded/agg_filter_join_expanded.sql#1:97f4546b,0.7142857142857142,0.8,2,3,0.5714,structure
budget075@0,attr:Splits/train.sql#74:d43cbebb,1.0,0.8000000000000002,10,10,0.8,values
budget075@0,attr:Expanded/agg_join_expanded.sql#5:15c06c11,0.7142857142857142,0.4,2,3,0.2857,structure
budget075@0,attr:Splits/train.sql#47:c40d7c13,0.7142857142857142,0.0,2,3,0.0,structure
budget075@0,attr:player_multiagg20:q12:365f4815,0.7333333333333333,0.6296296296296297,11,16,0.4617,structure
budget075@0,attr:Splits/train.sql#39:2660c7eb,1.0,0.0,2,2,0.0,values
budget075@0,attr:Splits/train.sql#39:cfc6a04a,1.0,1.0,2,2,1.0,ok
budget075@0,attr:Splits/train.sql#20:610644e4,0.9210526315789473,0.8444444444444444,22,23,0.7778,structure
budget075@0,attr:Splits/train.sql#74:d1735ba6,1.0,0.9,10,10,0.9,values
budget075@0,attr:Expanded/agg_filter_expanded.sql#1:43804a60,1.0,1.0,1,1,1.0,ok
budget075@0,attr:Splits/train.sql#4:f514a950,0.6666666666666666,0.0,3,3,0.0,structure
budget075@0,attr:docetl_Player_v7:q0:fef776e6,1.0,0.0,2,2,0.0,values
budget075@0,attr:Variations/Agg/agg_variations.sql#1:09fbc9fa,0.6666666666666666,0.0,3,3,0.0,structure
budget075@0,attr:Splits/train.sql#74:2968ff54,1.0,0.9,10,10,0.9,values
budget075@0,attr:Splits/test.sql#14:e0da7fae,0.7142857142857142,0.0,2,3,0.0,structure
budget075@0,attr:Splits/dev.sql#18:bbfca16a,1.0,1.0,1,1,1.0,ok
budget075@0,attr:Variations/Agg/agg_variations.sql#3:6d2eeac2,0.6666666666666666,0.0,3,3,0.0,structure
budget075@0,attr:Splits/train.sql#19:332da492,0.5989583333333334,0.49275362318840576,56,82,0.2951,structure
budget075@0,attr:Expanded/agg_filter_join_expanded.sql#4:17c50da4,0.7142857142857142,0.4,2,3,0.2857,structure
budget075@0,attr:Splits/dev.sql#11:99e28283,0.7142857142857142,0.4,2,3,0.2857,structure
budget075@0,attr:Expanded/agg_join_expanded.sql#5:b42bc767,0.7142857142857142,0.4,2,3,0.2857,structure
budget075@0,attr:Expanded/agg_filter_expanded.sql#14:c3259565,0.9259259259259258,0.9047619047619048,20,22,0.8377,structure
budget075@0,attr:Splits/train.sql#51:a95139b5,0.7142857142857142,0.4,2,3,0.2857,structure
budget075@0,attr:Expanded/agg_filter_expanded.sql#12:f3a1786c,0.5700325732899022,0.660377358490566,39,67,0.3764,structure
budget075@0,attr:Splits/dev.sql#18:b1241002,1.0,1.0,1,1,1.0,ok
budget075@0,attr:Splits/train.sql#44:a130f41f,0.8189655172413792,0.7727272727272727,20,24,0.6328,structure
budget075@0,attr:Expanded/agg_filter_expanded.sql#1:e3a8531c,1.0,1.0,1,1,1.0,ok
budget075@0,attr:player_multiagg20:q12:e0cde198,0.7333333333333333,0.6296296296296297,11,16,0.4617,structure
budget075@0,attr:Splits/test.sql#2:3e923052,0.5989583333333334,0.536231884057971,56,82,0.3212,structure
budget075@0,attr:player_multiagg20:q10:061dce02,0.7142857142857142,0.8,2,3,0.5714,structure
budget075@0,attr:Expanded/agg_only_expanded.sql#14:c60f4651,0.5750798722044729,0.4036697247706422,41,68,0.2321,structure
budget075@0,attr:Splits/train.sql#36:76016403,0.6666666666666666,0.0,3,3,0.0,structure
budget075@0,attr:docetl_Player_v7:q4:7175642b,1.0,0.0,2,2,0.0,values
budget075@0,attr:Expanded/agg_only_expanded.sql#10:30df06be,0.9210526315789473,0.888888888888889,22,23,0.8187,structure
budget075@0,attr:Splits/train.sql#19:5ad6058c,0.8287292817679557,0.5833333333333334,107,109,0.4834,structure
budget075@0,attr:Splits/dev.sql#11:6ef31688,0.7142857142857142,0.4,2,3,0.2857,structure
budget075@0,attr:Variations/Agg/agg_variations.sql#1:84662181,0.6666666666666666,0.3333333333333333,3,3,0.2222,structure
budget075@0,attr:Splits/train.sql#27:22ff56d3,0.7142857142857142,0.4,2,3,0.2857,structure
budget075@0,attr:Expanded/agg_join_expanded.sql#1:a91a664a,0.7142857142857142,0.0,2,3,0.0,structure
budget075@0,attr:Splits/train.sql#28:913c76d4,1.0,1.0,1,1,1.0,ok
budget075@0,attr:Splits/test.sql#17:be55be91,0.7843137254901963,0.47619047619047616,11,10,0.3735,structure
budget075@0,attr:Splits/train.sql#36:267aed6c,0.6666666666666666,0.3333333333333333,3,3,0.2222,structure
budget075@0,attr:Splits/train.sql#4:4f11fcad,0.6666666666666666,0.0,3,3,0.0,structure
budget075@0,attr:player_multiagg20:q10:1337ff71,0.7142857142857142,0.8,2,3,0.5714,structure
budget075@0,attr:Splits/test.sql#2:ab13f20a,0.5989583333333334,0.6521739130434783,56,82,0.3906,structure
budget075@0,attr:Splits/train.sql#27:e518235e,0.7142857142857142,0.4,2,3,0.2857,structure
budget075@0,attr:Expanded/agg_join_expanded.sql#1:ed9dfa67,0.7142857142857142,0.0,2,3,0.0,structure
budget075@0,attr:Splits/test.sql#3:5b6cb72b,0.5989583333333334,0.536231884057971,56,82,0.3212,structure
budget075@0,attr:Expanded/agg_filter_expanded.sql#14:c7e1850b,0.9259259259259258,0.8095238095238095,20,22,0.7496,structure
budget075@0,attr:Expanded/agg_filter_join_expanded.sql#5:e4adf27a,1.0,1.0,1,1,1.0,ok
budget075@0,attr:player_multiagg20:q4:8c5af8bb,0.7333333333333333,0.5679012345679013,11,16,0.4165,structure
budget075@0,attr:Splits/test.sql#3:4e167992,0.8287292817679557,0.6203703703703702,107,109,0.5141,structure
budget075@0,attr:Splits/train.sql#68:e92c391d,0.7142857142857142,0.4,2,3,0.2857,structure
budget075@0,attr:Expanded/agg_join_expanded.sql#5:65097fb9,0.7142857142857142,0.4,2,3,0.2857,structure
budget075@0,attr:docetl_Player_v7:q0:525436db,1.0,0.0,2,2,0.0,values
budget075@0,attr:Splits/train.sql#20:c3c663c9,0.9210526315789473,0.888888888888889,22,23,0.8187,structure
budget075@0,attr:Splits/train.sql#68:3aaa2fe5,0.7142857142857142,0.4,2,3,0.2857,structure
budget075@0,attr:Splits/test.sql#14:07834953,0.7142857142857142,0.0,2,3,0.0,structure
budget075@0,attr:Splits/train.sql#23:6f7d6e40,0.0,0.0,1,1,0.0,structure
budget075@0,attr:Splits/train.sql#44:f69fe7f1,0.8189655172413792,0.5,20,24,0.4095,structure
budget075@0,attr:player_multiagg20:q4:bbe158ad,0.7333333333333333,0.4691358024691358,11,16,0.344,structure
budget075@0,attr:Splits/test.sql#2:86ec6660,0.5989583333333334,0.463768115942029,56,82,0.2778,structure
budget075@0,attr:Splits/train.sql#70:eaedaf09,0.75,0.3243243243243243,16,21,0.2432,structure
budget075@0,attr:Splits/train.sql#37:54c21492,0.6666666666666666,0.0,3,3,0.0,structure
budget075@0,attr:player_join20:q7:ed16135e,1.0,0.6818181818181818,22,22,0.6818,values
budget075@0,attr:Splits/train.sql#23:1909ba6e,0.0,0.0,1,1,0.0,structure
budget075@0,attr:Expanded/agg_only_expanded.sql#14:1f093cf7,0.5750798722044729,0.5137614678899082,41,68,0.2955,structure
budget075@0,attr:Splits/train.sql#36:fe39afb8,0.6666666666666666,0.0,3,3,0.0,structure
budget075@0,attr:Splits/train.sql#51:d89bf15c,0.7142857142857142,0.4,2,3,0.2857,structure
budget075@0,attr:Splits/train.sql#20:e326cfd2,0.9210526315789473,0.888888888888889,22,23,0.8187,structure
budget075@0,attr:Expanded/agg_only_expanded.sql#10:a23eaa3e,0.9210526315789473,0.888888888888889,22,23,0.8187,structure
budget075@0,attr:docetl_Player_v7:q18:adf37781,1.0,0.7272727272727273,22,22,0.7273,values
budget075@0,attr:Agg/agg_queries.sql#1:58b91799,0.6666666666666666,0.6666666666666666,3,3,0.4444,structure
budget075@0,attr:Splits/train.sql#37:38657b49,0.6666666666666666,0.0,3,3,0.0,structure
budget075@0,attr:docetl_Player_v7:q4:120ccaad,1.0,0.0,2,2,0.0,values
budget075@0,attr:Splits/train.sql#68:8e4ce4b5,0.7142857142857142,0.0,2,3,0.0,structure
budget075@0,attr:Agg/agg_queries.sql#1:a82f21fb,0.6666666666666666,0.0,3,3,0.0,structure
budget075@0,attr:Variations/Agg/agg_variations.sql#3:bbacce37,0.6666666666666666,0.5,3,3,0.3333,structure
budget075@0,attr:Splits/test.sql#17:367c3153,0.7843137254901963,0.5714285714285713,11,10,0.4482,structure
budget075@0,attr:Expanded/agg_filter_join_expanded.sql#1:6dec2e2f,0.7142857142857142,0.8,2,3,0.5714,structure
budget075@0,attr:Splits/train.sql#44:dd84024c,0.8189655172413792,0.5909090909090908,20,24,0.4839,structure
budget075@0,attr:Expanded/agg_only_expanded.sql#14:95406113,0.5750798722044729,0.4220183486238533,41,68,0.2427,structure
budget075@0,attr:Splits/dev.sql#18:013eb2e8,1.0,0.0,1,1,0.0,values
budget075@0,attr:docetl_Player_v7:q4:dd9b4ab5,1.0,0.5,2,2,0.5,values
budget075@0,attr:Splits/train.sql#70:2e3d2355,0.75,0.5945945945945946,16,21,0.4459,structure
budget075@0,attr:Agg/agg_queries.sql#1:4b97a7c3,0.6666666666666666,0.0,3,3,0.0,structure
budget075@0,attr:Splits/train.sql#47:4820ea07,0.7142857142857142,0.0,2,3,0.0,structure
budget075@0,attr:Splits/train.sql#22:05a051ca,0.7142857142857142,0.0,2,3,0.0,structure
budget075@0,attr:Splits/train.sql#19:303ef1a3,0.5989583333333334,0.49275362318840576,56,82,0.2951,structure
budget075@0,attr:Expanded/agg_filter_expanded.sql#12:338a0c96,0.5700325732899022,0.5094339622641508,39,67,0.2904,structure
budget075@0,attr:Splits/train.sql#28:51cf7ce8,1.0,1.0,1,1,1.0,ok
budget075@0,attr:Expanded/agg_filter_join_expanded.sql#1:0535a95a,0.0,0.0,1,1,0.0,structure
budget075@0,attr:Expanded/agg_only_expanded.sql#10:5c8ac6e2,0.9210526315789473,0.8,22,23,0.7368,structure
budget075@0,attr:Variations/Agg/agg_variations.sql#3:c63098a9,0.6666666666666666,0.5,3,3,0.3333,structure
budget075@0,attr:Splits/test.sql#3:5e26d92b,0.5989583333333334,0.6521739130434783,56,82,0.3906,structure
budget075@0,attr:Splits/train.sql#51:2c3904c8,0.7142857142857142,0.4,2,3,0.2857,structure
budget075@0,attr:Splits/train.sql#27:71575b0f,0.7142857142857142,0.0,2,3,0.0,structure
budget075@0,attr:Splits/train.sql#23:5e5025ba,0.0,0.0,1,1,0.0,structure
budget075@0,attr:player_multiagg20:q12:a5be78a3,0.7333333333333333,0.5555555555555556,11,16,0.4074,structure
budget075@0,attr:Splits/train.sql#28:856ff057,1.0,1.0,1,1,1.0,ok
budget075@0,attr:Expanded/agg_filter_join_expanded.sql#4:0a31a1d6,0.7142857142857142,0.8,2,3,0.5714,structure
budget075@0,attr:Splits/dev.sql#11:8b66cd72,0.7142857142857142,0.4,2,3,0.2857,structure
budget075@0,attr:Expanded/agg_filter_expanded.sql#14:c9541d96,0.9259259259259258,0.761904761904762,20,22,0.7055,structure
budget075@0,attr:Variations/Agg/agg_variations.sql#1:e6658259,0.6666666666666666,0.3333333333333333,3,3,0.2222,structure
budget075@0,attr:docetl_Player_v7:q0:a5bdcfba,1.0,0.0,2,2,0.0,values
budget075@0,attr:player_groupby20:q9:3e882071,0.9299781181619257,0.8839779005524863,89,92,0.8221,structure
budget075@0,attr:Splits/train.sql#39:499af76e,1.0,1.0,2,2,1.0,ok
budget075@0,attr:Expanded/agg_filter_join_expanded.sql#4:6a2d36fc,0.7142857142857142,0.4,2,3,0.2857,structure
budget075@100,attr:player_multiagg20:q4:e223d11d,0.7333333333333333,0.5679012345679013,11,16,0.4165,structure
budget075@100,attr:Splits/train.sql#4:550eb54f,0.6666666666666666,0.0,3,3,0.0,structure
budget075@100,attr:Expanded/agg_join_expanded.sql#1:c24e0cc7,0.7142857142857142,0.0,2,3,0.0,structure
budget075@100,attr:Splits/train.sql#70:58fad108,0.75,0.7567567567567567,16,21,0.5676,structure
budget075@100,attr:Splits/train.sql#37:36ff2681,0.6666666666666666,0.3333333333333333,3,3,0.2222,structure
budget075@100,attr:Splits/test.sql#17:9db266f2,0.7843137254901963,0.761904761904762,11,10,0.5976,structure
budget075@100,attr:Expanded/agg_filter_expanded.sql#12:9257bded,0.5700325732899022,0.4339622641509434,39,67,0.2474,structure
budget075@100,attr:Splits/train.sql#47:d388188d,0.7142857142857142,0.8,2,3,0.5714,structure
budget075@100,attr:Splits/test.sql#14:a53facfd,0.7142857142857142,0.0,2,3,0.0,structure
budget075@100,attr:Expanded/agg_filter_expanded.sql#1:c5608ae2,1.0,1.0,1,1,1.0,ok
budget075@100,attr:Expanded/agg_filter_join_expanded.sql#1:97f4546b,0.7142857142857142,0.8,2,3,0.5714,structure
budget075@100,attr:Splits/train.sql#74:d43cbebb,1.0,1.0,10,10,1.0,ok
budget075@100,attr:Expanded/agg_join_expanded.sql#5:15c06c11,0.7142857142857142,0.4,2,3,0.2857,structure
budget075@100,attr:Splits/train.sql#47:c40d7c13,0.7142857142857142,0.0,2,3,0.0,structure
budget075@100,attr:player_multiagg20:q12:365f4815,0.7333333333333333,0.6296296296296297,11,16,0.4617,structure
budget075@100,attr:Splits/train.sql#39:2660c7eb,1.0,0.0,2,2,0.0,values
budget075@100,attr:Splits/train.sql#39:cfc6a04a,1.0,1.0,2,2,1.0,ok
budget075@100,attr:Splits/train.sql#20:610644e4,0.9210526315789473,0.8444444444444444,22,23,0.7778,structure
budget075@100,attr:Splits/train.sql#74:d1735ba6,1.0,1.0,10,10,1.0,ok
budget075@100,attr:Expanded/agg_filter_expanded.sql#1:43804a60,1.0,1.0,1,1,1.0,ok
budget075@100,attr:Splits/train.sql#4:f514a950,0.6666666666666666,0.0,3,3,0.0,structure
budget075@100,attr:docetl_Player_v7:q0:fef776e6,1.0,0.0,2,2,0.0,values
budget075@100,attr:Variations/Agg/agg_variations.sql#1:09fbc9fa,0.6666666666666666,0.0,3,3,0.0,structure
budget075@100,attr:Splits/train.sql#74:2968ff54,1.0,0.9,10,10,0.9,values
budget075@100,attr:Splits/test.sql#14:e0da7fae,0.7142857142857142,0.0,2,3,0.0,structure
budget075@100,attr:Splits/dev.sql#18:bbfca16a,1.0,1.0,1,1,1.0,ok
budget075@100,attr:Variations/Agg/agg_variations.sql#3:6d2eeac2,0.6666666666666666,0.0,3,3,0.0,structure
budget075@100,attr:Splits/train.sql#19:332da492,0.5989583333333334,0.5072463768115942,56,82,0.3038,structure
budget075@100,attr:Expanded/agg_filter_join_expanded.sql#4:17c50da4,0.7142857142857142,0.4,2,3,0.2857,structure
budget075@100,attr:Splits/dev.sql#11:99e28283,0.7142857142857142,0.4,2,3,0.2857,structure
budget075@100,attr:Expanded/agg_join_expanded.sql#5:b42bc767,0.7142857142857142,0.4,2,3,0.2857,structure
budget075@100,attr:Expanded/agg_filter_expanded.sql#14:c3259565,0.9259259259259258,0.9523809523809523,20,22,0.8818,structure
budget075@100,attr:Splits/train.sql#51:a95139b5,0.7142857142857142,0.4,2,3,0.2857,structure
budget075@100,attr:Expanded/agg_filter_expanded.sql#12:f3a1786c,0.5700325732899022,0.660377358490566,39,67,0.3764,structure
budget075@100,attr:Splits/dev.sql#18:b1241002,1.0,1.0,1,1,1.0,ok
budget075@100,attr:Splits/train.sql#44:a130f41f,0.8189655172413792,0.8181818181818182,20,24,0.6701,structure
budget075@100,attr:Expanded/agg_filter_expanded.sql#1:e3a8531c,1.0,1.0,1,1,1.0,ok
budget075@100,attr:player_multiagg20:q12:e0cde198,0.7333333333333333,0.6296296296296297,11,16,0.4617,structure
budget075@100,attr:Splits/test.sql#2:3e923052,0.5989583333333334,0.4782608695652174,56,82,0.2865,structure
budget075@100,attr:player_multiagg20:q10:061dce02,0.0,0.0,0,3,0.0,no rows
budget075@100,attr:Expanded/agg_only_expanded.sql#14:c60f4651,0.5750798722044729,0.4220183486238533,41,68,0.2427,structure
budget075@100,attr:Splits/train.sql#36:76016403,0.6666666666666666,0.0,3,3,0.0,structure
budget075@100,attr:docetl_Player_v7:q4:7175642b,1.0,0.0,2,2,0.0,values
budget075@100,attr:Expanded/agg_only_expanded.sql#10:30df06be,0.9210526315789473,0.888888888888889,22,23,0.8187,structure
budget075@100,attr:Splits/train.sql#19:5ad6058c,0.0,0.0,22,109,0.0,structure
budget075@100,attr:Splits/dev.sql#11:6ef31688,0.7142857142857142,0.4,2,3,0.2857,structure
budget075@100,attr:Variations/Agg/agg_variations.sql#1:84662181,0.6666666666666666,0.0,3,3,0.0,structure
budget075@100,attr:Splits/train.sql#27:22ff56d3,0.7142857142857142,0.4,2,3,0.2857,structure
budget075@100,attr:Expanded/agg_join_expanded.sql#1:a91a664a,0.7142857142857142,0.0,2,3,0.0,structure
budget075@100,attr:Splits/train.sql#28:913c76d4,1.0,1.0,1,1,1.0,ok
budget075@100,attr:Splits/test.sql#17:be55be91,0.7843137254901963,0.47619047619047616,11,10,0.3735,structure
budget075@100,attr:Splits/train.sql#36:267aed6c,0.6666666666666666,0.3333333333333333,3,3,0.2222,structure
budget075@100,attr:Splits/train.sql#4:4f11fcad,0.6666666666666666,0.0,3,3,0.0,structure
budget075@100,attr:player_multiagg20:q10:1337ff71,0.0,0.0,0,3,0.0,no rows
budget075@100,attr:Splits/test.sql#2:ab13f20a,0.5989583333333334,0.6521739130434783,56,82,0.3906,structure
budget075@100,attr:Splits/train.sql#27:e518235e,0.7142857142857142,0.4,2,3,0.2857,structure
budget075@100,attr:Expanded/agg_join_expanded.sql#1:ed9dfa67,0.7142857142857142,0.0,2,3,0.0,structure
budget075@100,attr:Splits/test.sql#3:5b6cb72b,0.5989583333333334,0.4782608695652174,56,82,0.2865,structure
budget075@100,attr:Expanded/agg_filter_expanded.sql#14:c7e1850b,0.9259259259259258,0.761904761904762,20,22,0.7055,structure
budget075@100,attr:Expanded/agg_filter_join_expanded.sql#5:e4adf27a,1.0,1.0,1,1,1.0,ok
budget075@100,attr:player_multiagg20:q4:8c5af8bb,0.7333333333333333,0.5679012345679013,11,16,0.4165,structure
budget075@100,attr:Splits/test.sql#3:4e167992,0.0,0.0,22,109,0.0,structure
budget075@100,attr:Splits/train.sql#68:e92c391d,0.7142857142857142,0.4,2,3,0.2857,structure
budget075@100,attr:Expanded/agg_join_expanded.sql#5:65097fb9,0.7142857142857142,0.4,2,3,0.2857,structure
budget075@100,attr:docetl_Player_v7:q0:525436db,1.0,0.0,2,2,0.0,values
budget075@100,attr:Splits/train.sql#20:c3c663c9,0.9210526315789473,0.888888888888889,22,23,0.8187,structure
budget075@100,attr:Splits/train.sql#68:3aaa2fe5,0.7142857142857142,0.4,2,3,0.2857,structure
budget075@100,attr:Splits/test.sql#14:07834953,0.7142857142857142,0.0,2,3,0.0,structure
budget075@100,attr:Splits/train.sql#23:6f7d6e40,0.0,0.0,1,1,0.0,structure
budget075@100,attr:Splits/train.sql#44:f69fe7f1,0.8189655172413792,0.5454545454545454,20,24,0.4467,structure
budget075@100,attr:player_multiagg20:q4:bbe158ad,0.7333333333333333,0.4691358024691358,11,16,0.344,structure
budget075@100,attr:Splits/test.sql#2:86ec6660,0.5989583333333334,0.49275362318840576,56,82,0.2951,structure
budget075@100,attr:Splits/train.sql#70:eaedaf09,0.75,0.4324324324324324,16,21,0.3243,structure
budget075@100,attr:Splits/train.sql#37:54c21492,0.6666666666666666,0.0,3,3,0.0,structure
budget075@100,attr:player_join20:q7:ed16135e,1.0,0.0,22,22,0.0,values
budget075@100,attr:Splits/train.sql#23:1909ba6e,0.0,0.0,1,1,0.0,structure
budget075@100,attr:Expanded/agg_only_expanded.sql#14:1f093cf7,0.5750798722044729,0.5321100917431193,41,68,0.306,structure
budget075@100,attr:Splits/train.sql#36:fe39afb8,0.6666666666666666,0.0,3,3,0.0,structure
budget075@100,attr:Splits/train.sql#51:d89bf15c,0.7142857142857142,0.4,2,3,0.2857,structure
budget075@100,attr:Splits/train.sql#20:e326cfd2,0.9210526315789473,0.888888888888889,22,23,0.8187,structure
budget075@100,attr:Expanded/agg_only_expanded.sql#10:a23eaa3e,0.9210526315789473,0.9333333333333332,22,23,0.8596,structure
budget075@100,attr:docetl_Player_v7:q18:adf37781,1.0,0.0,22,22,0.0,values
budget075@100,attr:Agg/agg_queries.sql#1:58b91799,0.6666666666666666,0.6666666666666666,3,3,0.4444,structure
budget075@100,attr:Splits/train.sql#37:38657b49,0.6666666666666666,0.0,3,3,0.0,structure
budget075@100,attr:docetl_Player_v7:q4:120ccaad,1.0,0.0,2,2,0.0,values
budget075@100,attr:Splits/train.sql#68:8e4ce4b5,0.7142857142857142,0.0,2,3,0.0,structure
budget075@100,attr:Agg/agg_queries.sql#1:a82f21fb,0.6666666666666666,0.0,3,3,0.0,structure
budget075@100,attr:Variations/Agg/agg_variations.sql#3:bbacce37,0.6666666666666666,0.3333333333333333,3,3,0.2222,structure
budget075@100,attr:Splits/test.sql#17:367c3153,0.7843137254901963,0.6666666666666666,11,10,0.5229,structure
budget075@100,attr:Expanded/agg_filter_join_expanded.sql#1:6dec2e2f,0.7142857142857142,0.8,2,3,0.5714,structure
budget075@100,attr:Splits/train.sql#44:dd84024c,0.8189655172413792,0.6363636363636365,20,24,0.5212,structure
budget075@100,attr:Expanded/agg_only_expanded.sql#14:95406113,0.5750798722044729,0.4220183486238533,41,68,0.2427,structure
budget075@100,attr:Splits/dev.sql#18:013eb2e8,1.0,1.0,1,1,1.0,ok
budget075@100,attr:docetl_Player_v7:q4:dd9b4ab5,1.0,0.5,2,2,0.5,values
budget075@100,attr:Splits/train.sql#70:2e3d2355,0.75,0.5945945945945946,16,21,0.4459,structure
budget075@100,attr:Agg/agg_queries.sql#1:4b97a7c3,0.6666666666666666,0.0,3,3,0.0,structure
budget075@100,attr:Splits/train.sql#47:4820ea07,0.7142857142857142,0.0,2,3,0.0,structure
budget075@100,attr:Splits/train.sql#22:05a051ca,0.7142857142857142,0.8,2,3,0.5714,structure
budget075@100,attr:Splits/train.sql#19:303ef1a3,0.5989583333333334,0.5072463768115942,56,82,0.3038,structure
budget075@100,attr:Expanded/agg_filter_expanded.sql#12:338a0c96,0.5700325732899022,0.5283018867924528,39,67,0.3011,structure
budget075@100,attr:Splits/train.sql#28:51cf7ce8,1.0,1.0,1,1,1.0,ok
budget075@100,attr:Expanded/agg_filter_join_expanded.sql#1:0535a95a,0.0,0.0,1,1,0.0,structure
budget075@100,attr:Expanded/agg_only_expanded.sql#10:5c8ac6e2,0.9210526315789473,0.7555555555555555,22,23,0.6959,structure
budget075@100,attr:Variations/Agg/agg_variations.sql#3:c63098a9,0.6666666666666666,0.3333333333333333,3,3,0.2222,structure
budget075@100,attr:Splits/test.sql#3:5e26d92b,0.5989583333333334,0.6521739130434783,56,82,0.3906,structure
budget075@100,attr:Splits/train.sql#51:2c3904c8,0.7142857142857142,0.4,2,3,0.2857,structure
budget075@100,attr:Splits/train.sql#27:71575b0f,0.7142857142857142,0.0,2,3,0.0,structure
budget075@100,attr:Splits/train.sql#23:5e5025ba,0.0,0.0,1,1,0.0,structure
budget075@100,attr:player_multiagg20:q12:a5be78a3,0.7333333333333333,0.5555555555555556,11,16,0.4074,structure
budget075@100,attr:Splits/train.sql#28:856ff057,1.0,1.0,1,1,1.0,ok
budget075@100,attr:Expanded/agg_filter_join_expanded.sql#4:0a31a1d6,0.7142857142857142,0.8,2,3,0.5714,structure
budget075@100,attr:Splits/dev.sql#11:8b66cd72,0.7142857142857142,0.4,2,3,0.2857,structure
budget075@100,attr:Expanded/agg_filter_expanded.sql#14:c9541d96,0.9259259259259258,0.7142857142857143,20,22,0.6614,structure
budget075@100,attr:Variations/Agg/agg_variations.sql#1:e6658259,0.6666666666666666,0.0,3,3,0.0,structure
budget075@100,attr:docetl_Player_v7:q0:a5bdcfba,1.0,0.0,2,2,0.0,values
budget075@100,attr:player_groupby20:q9:3e882071,0.0,0.0,0,92,0.0,no rows
budget075@100,attr:Splits/train.sql#39:499af76e,1.0,1.0,2,2,1.0,ok
budget075@100,attr:Expanded/agg_filter_join_expanded.sql#4:6a2d36fc,0.7142857142857142,0.4,2,3,0.2857,structure
budget075@25,attr:player_multiagg20:q4:e223d11d,0.7333333333333333,0.5679012345679013,11,16,0.4165,structure
budget075@25,attr:Splits/train.sql#4:550eb54f,0.6666666666666666,0.0,3,3,0.0,structure
budget075@25,attr:Expanded/agg_join_expanded.sql#1:c24e0cc7,0.7142857142857142,0.0,2,3,0.0,structure
budget075@25,attr:Splits/train.sql#70:58fad108,0.75,0.7027027027027026,16,21,0.527,structure
budget075@25,attr:Splits/train.sql#37:36ff2681,0.6666666666666666,0.3333333333333333,3,3,0.2222,structure
budget075@25,attr:Splits/test.sql#17:9db266f2,0.7843137254901963,0.761904761904762,11,10,0.5976,structure
budget075@25,attr:Expanded/agg_filter_expanded.sql#12:9257bded,0.5700325732899022,0.4339622641509434,39,67,0.2474,structure
budget075@25,attr:Splits/train.sql#47:d388188d,0.7142857142857142,0.8,2,3,0.5714,structure
budget075@25,attr:Splits/test.sql#14:a53facfd,0.7142857142857142,0.0,2,3,0.0,structure
budget075@25,attr:Expanded/agg_filter_expanded.sql#1:c5608ae2,1.0,1.0,1,1,1.0,ok
budget075@25,attr:Expanded/agg_filter_join_expanded.sql#1:97f4546b,0.7142857142857142,0.8,2,3,0.5714,structure
budget075@25,attr:Splits/train.sql#74:d43cbebb,1.0,0.8000000000000002,10,10,0.8,values
budget075@25,attr:Expanded/agg_join_expanded.sql#5:15c06c11,0.7142857142857142,0.4,2,3,0.2857,structure
budget075@25,attr:Splits/train.sql#47:c40d7c13,0.7142857142857142,0.0,2,3,0.0,structure
budget075@25,attr:player_multiagg20:q12:365f4815,0.7333333333333333,0.6296296296296297,11,16,0.4617,structure
budget075@25,attr:Splits/train.sql#39:2660c7eb,1.0,0.0,2,2,0.0,values
budget075@25,attr:Splits/train.sql#39:cfc6a04a,1.0,1.0,2,2,1.0,ok
budget075@25,attr:Splits/train.sql#20:610644e4,0.9210526315789473,0.8444444444444444,22,23,0.7778,structure
budget075@25,attr:Splits/train.sql#74:d1735ba6,1.0,1.0,10,10,1.0,ok
budget075@25,attr:Expanded/agg_filter_expanded.sql#1:43804a60,1.0,1.0,1,1,1.0,ok
budget075@25,attr:Splits/train.sql#4:f514a950,0.6666666666666666,0.0,3,3,0.0,structure
budget075@25,attr:docetl_Player_v7:q0:fef776e6,1.0,0.0,2,2,0.0,values
budget075@25,attr:Variations/Agg/agg_variations.sql#1:09fbc9fa,0.6666666666666666,0.0,3,3,0.0,structure
budget075@25,attr:Splits/train.sql#74:2968ff54,1.0,0.9,10,10,0.9,values
budget075@25,attr:Splits/test.sql#14:e0da7fae,0.7142857142857142,0.0,2,3,0.0,structure
budget075@25,attr:Splits/dev.sql#18:bbfca16a,1.0,1.0,1,1,1.0,ok
budget075@25,attr:Variations/Agg/agg_variations.sql#3:6d2eeac2,0.6666666666666666,0.0,3,3,0.0,structure
budget075@25,attr:Splits/train.sql#19:332da492,0.5989583333333334,0.49275362318840576,56,82,0.2951,structure
budget075@25,attr:Expanded/agg_filter_join_expanded.sql#4:17c50da4,0.7142857142857142,0.4,2,3,0.2857,structure
budget075@25,attr:Splits/dev.sql#11:99e28283,0.7142857142857142,0.4,2,3,0.2857,structure
budget075@25,attr:Expanded/agg_join_expanded.sql#5:b42bc767,0.7142857142857142,0.4,2,3,0.2857,structure
budget075@25,attr:Expanded/agg_filter_expanded.sql#14:c3259565,0.9259259259259258,0.9047619047619048,20,22,0.8377,structure
budget075@25,attr:Splits/train.sql#51:a95139b5,0.7142857142857142,0.4,2,3,0.2857,structure
budget075@25,attr:Expanded/agg_filter_expanded.sql#12:f3a1786c,0.5700325732899022,0.660377358490566,39,67,0.3764,structure
budget075@25,attr:Splits/dev.sql#18:b1241002,1.0,1.0,1,1,1.0,ok
budget075@25,attr:Splits/train.sql#44:a130f41f,0.8189655172413792,0.7727272727272727,20,24,0.6328,structure
budget075@25,attr:Expanded/agg_filter_expanded.sql#1:e3a8531c,1.0,1.0,1,1,1.0,ok
budget075@25,attr:player_multiagg20:q12:e0cde198,0.7333333333333333,0.6296296296296297,11,16,0.4617,structure
budget075@25,attr:Splits/test.sql#2:3e923052,0.5989583333333334,0.536231884057971,56,82,0.3212,structure
budget075@25,attr:player_multiagg20:q10:061dce02,0.7142857142857142,0.8,2,3,0.5714,structure
budget075@25,attr:Expanded/agg_only_expanded.sql#14:c60f4651,0.5750798722044729,0.4036697247706422,41,68,0.2321,structure
budget075@25,attr:Splits/train.sql#36:76016403,0.6666666666666666,0.0,3,3,0.0,structure
budget075@25,attr:docetl_Player_v7:q4:7175642b,1.0,0.0,2,2,0.0,values
budget075@25,attr:Expanded/agg_only_expanded.sql#10:30df06be,0.9210526315789473,0.888888888888889,22,23,0.8187,structure
budget075@25,attr:Splits/train.sql#19:5ad6058c,0.8287292817679557,0.5833333333333334,107,109,0.4834,structure
budget075@25,attr:Splits/dev.sql#11:6ef31688,0.7142857142857142,0.4,2,3,0.2857,structure
budget075@25,attr:Variations/Agg/agg_variations.sql#1:84662181,0.6666666666666666,0.3333333333333333,3,3,0.2222,structure
budget075@25,attr:Splits/train.sql#27:22ff56d3,0.7142857142857142,0.4,2,3,0.2857,structure
budget075@25,attr:Expanded/agg_join_expanded.sql#1:a91a664a,0.7142857142857142,0.0,2,3,0.0,structure
budget075@25,attr:Splits/train.sql#28:913c76d4,1.0,1.0,1,1,1.0,ok
budget075@25,attr:Splits/test.sql#17:be55be91,0.7843137254901963,0.47619047619047616,11,10,0.3735,structure
budget075@25,attr:Splits/train.sql#36:267aed6c,0.6666666666666666,0.3333333333333333,3,3,0.2222,structure
budget075@25,attr:Splits/train.sql#4:4f11fcad,0.6666666666666666,0.0,3,3,0.0,structure
budget075@25,attr:player_multiagg20:q10:1337ff71,0.7142857142857142,0.8,2,3,0.5714,structure
budget075@25,attr:Splits/test.sql#2:ab13f20a,0.5989583333333334,0.6521739130434783,56,82,0.3906,structure
budget075@25,attr:Splits/train.sql#27:e518235e,0.7142857142857142,0.4,2,3,0.2857,structure
budget075@25,attr:Expanded/agg_join_expanded.sql#1:ed9dfa67,0.7142857142857142,0.0,2,3,0.0,structure
budget075@25,attr:Splits/test.sql#3:5b6cb72b,0.5989583333333334,0.536231884057971,56,82,0.3212,structure
budget075@25,attr:Expanded/agg_filter_expanded.sql#14:c7e1850b,0.9259259259259258,0.8095238095238095,20,22,0.7496,structure
budget075@25,attr:Expanded/agg_filter_join_expanded.sql#5:e4adf27a,1.0,1.0,1,1,1.0,ok
budget075@25,attr:player_multiagg20:q4:8c5af8bb,0.7333333333333333,0.5679012345679013,11,16,0.4165,structure
budget075@25,attr:Splits/test.sql#3:4e167992,0.8287292817679557,0.6203703703703702,107,109,0.5141,structure
budget075@25,attr:Splits/train.sql#68:e92c391d,0.7142857142857142,0.4,2,3,0.2857,structure
budget075@25,attr:Expanded/agg_join_expanded.sql#5:65097fb9,0.7142857142857142,0.4,2,3,0.2857,structure
budget075@25,attr:docetl_Player_v7:q0:525436db,1.0,0.0,2,2,0.0,values
budget075@25,attr:Splits/train.sql#20:c3c663c9,0.9210526315789473,0.888888888888889,22,23,0.8187,structure
budget075@25,attr:Splits/train.sql#68:3aaa2fe5,0.7142857142857142,0.4,2,3,0.2857,structure
budget075@25,attr:Splits/test.sql#14:07834953,0.7142857142857142,0.0,2,3,0.0,structure
budget075@25,attr:Splits/train.sql#23:6f7d6e40,0.0,0.0,1,1,0.0,structure
budget075@25,attr:Splits/train.sql#44:f69fe7f1,0.8189655172413792,0.5,20,24,0.4095,structure
budget075@25,attr:player_multiagg20:q4:bbe158ad,0.7333333333333333,0.4691358024691358,11,16,0.344,structure
budget075@25,attr:Splits/test.sql#2:86ec6660,0.5989583333333334,0.463768115942029,56,82,0.2778,structure
budget075@25,attr:Splits/train.sql#70:eaedaf09,0.75,0.3243243243243243,16,21,0.2432,structure
budget075@25,attr:Splits/train.sql#37:54c21492,0.6666666666666666,0.0,3,3,0.0,structure
budget075@25,attr:player_join20:q7:ed16135e,1.0,0.6818181818181818,22,22,0.6818,values
budget075@25,attr:Splits/train.sql#23:1909ba6e,0.0,0.0,1,1,0.0,structure
budget075@25,attr:Expanded/agg_only_expanded.sql#14:1f093cf7,0.5750798722044729,0.5137614678899082,41,68,0.2955,structure
budget075@25,attr:Splits/train.sql#36:fe39afb8,0.6666666666666666,0.0,3,3,0.0,structure
budget075@25,attr:Splits/train.sql#51:d89bf15c,0.7142857142857142,0.4,2,3,0.2857,structure
budget075@25,attr:Splits/train.sql#20:e326cfd2,0.9210526315789473,0.888888888888889,22,23,0.8187,structure
budget075@25,attr:Expanded/agg_only_expanded.sql#10:a23eaa3e,0.9210526315789473,0.888888888888889,22,23,0.8187,structure
budget075@25,attr:docetl_Player_v7:q18:adf37781,1.0,0.7272727272727273,22,22,0.7273,values
budget075@25,attr:Agg/agg_queries.sql#1:58b91799,0.6666666666666666,0.6666666666666666,3,3,0.4444,structure
budget075@25,attr:Splits/train.sql#37:38657b49,0.6666666666666666,0.0,3,3,0.0,structure
budget075@25,attr:docetl_Player_v7:q4:120ccaad,1.0,0.0,2,2,0.0,values
budget075@25,attr:Splits/train.sql#68:8e4ce4b5,0.7142857142857142,0.0,2,3,0.0,structure
budget075@25,attr:Agg/agg_queries.sql#1:a82f21fb,0.6666666666666666,0.0,3,3,0.0,structure
budget075@25,attr:Variations/Agg/agg_variations.sql#3:bbacce37,0.6666666666666666,0.5,3,3,0.3333,structure
budget075@25,attr:Splits/test.sql#17:367c3153,0.7843137254901963,0.6666666666666666,11,10,0.5229,structure
budget075@25,attr:Expanded/agg_filter_join_expanded.sql#1:6dec2e2f,0.7142857142857142,0.8,2,3,0.5714,structure
budget075@25,attr:Splits/train.sql#44:dd84024c,0.8189655172413792,0.6363636363636365,20,24,0.5212,structure
budget075@25,attr:Expanded/agg_only_expanded.sql#14:95406113,0.5750798722044729,0.4220183486238533,41,68,0.2427,structure
budget075@25,attr:Splits/dev.sql#18:013eb2e8,1.0,0.0,1,1,0.0,values
budget075@25,attr:docetl_Player_v7:q4:dd9b4ab5,1.0,0.5,2,2,0.5,values
budget075@25,attr:Splits/train.sql#70:2e3d2355,0.75,0.5945945945945946,16,21,0.4459,structure
budget075@25,attr:Agg/agg_queries.sql#1:4b97a7c3,0.6666666666666666,0.0,3,3,0.0,structure
budget075@25,attr:Splits/train.sql#47:4820ea07,0.7142857142857142,0.0,2,3,0.0,structure
budget075@25,attr:Splits/train.sql#22:05a051ca,0.7142857142857142,0.0,2,3,0.0,structure
budget075@25,attr:Splits/train.sql#19:303ef1a3,0.5989583333333334,0.5072463768115942,56,82,0.3038,structure
budget075@25,attr:Expanded/agg_filter_expanded.sql#12:338a0c96,0.5700325732899022,0.5094339622641508,39,67,0.2904,structure
budget075@25,attr:Splits/train.sql#28:51cf7ce8,1.0,1.0,1,1,1.0,ok
budget075@25,attr:Expanded/agg_filter_join_expanded.sql#1:0535a95a,0.0,0.0,1,1,0.0,structure
budget075@25,attr:Expanded/agg_only_expanded.sql#10:5c8ac6e2,0.9210526315789473,0.8,22,23,0.7368,structure
budget075@25,attr:Variations/Agg/agg_variations.sql#3:c63098a9,0.6666666666666666,0.5,3,3,0.3333,structure
budget075@25,attr:Splits/test.sql#3:5e26d92b,0.5989583333333334,0.6521739130434783,56,82,0.3906,structure
budget075@25,attr:Splits/train.sql#51:2c3904c8,0.7142857142857142,0.4,2,3,0.2857,structure
budget075@25,attr:Splits/train.sql#27:71575b0f,0.7142857142857142,0.0,2,3,0.0,structure
budget075@25,attr:Splits/train.sql#23:5e5025ba,0.0,0.0,1,1,0.0,structure
budget075@25,attr:player_multiagg20:q12:a5be78a3,0.7333333333333333,0.5555555555555556,11,16,0.4074,structure
budget075@25,attr:Splits/train.sql#28:856ff057,1.0,1.0,1,1,1.0,ok
budget075@25,attr:Expanded/agg_filter_join_expanded.sql#4:0a31a1d6,0.7142857142857142,0.8,2,3,0.5714,structure
budget075@25,attr:Splits/dev.sql#11:8b66cd72,0.7142857142857142,0.4,2,3,0.2857,structure
budget075@25,attr:Expanded/agg_filter_expanded.sql#14:c9541d96,0.9259259259259258,0.7142857142857143,20,22,0.6614,structure
budget075@25,attr:Variations/Agg/agg_variations.sql#1:e6658259,0.6666666666666666,0.3333333333333333,3,3,0.2222,structure
budget075@25,attr:docetl_Player_v7:q0:a5bdcfba,1.0,0.0,2,2,0.0,values
budget075@25,attr:player_groupby20:q9:3e882071,0.9299781181619257,0.8839779005524863,89,92,0.8221,structure
budget075@25,attr:Splits/train.sql#39:499af76e,1.0,1.0,2,2,1.0,ok
budget075@25,attr:Expanded/agg_filter_join_expanded.sql#4:6a2d36fc,0.7142857142857142,0.4,2,3,0.2857,structure
budget075@50,attr:player_multiagg20:q4:e223d11d,0.7333333333333333,0.5679012345679013,11,16,0.4165,structure
budget075@50,attr:Splits/train.sql#4:550eb54f,0.6666666666666666,0.0,3,3,0.0,structure
budget075@50,attr:Expanded/agg_join_expanded.sql#1:c24e0cc7,0.7142857142857142,0.0,2,3,0.0,structure
budget075@50,attr:Splits/train.sql#70:58fad108,0.75,0.7027027027027026,16,21,0.527,structure
budget075@50,attr:Splits/train.sql#37:36ff2681,0.6666666666666666,0.3333333333333333,3,3,0.2222,structure
budget075@50,attr:Splits/test.sql#17:9db266f2,0.7843137254901963,0.761904761904762,11,10,0.5976,structure
budget075@50,attr:Expanded/agg_filter_expanded.sql#12:9257bded,0.5700325732899022,0.4339622641509434,39,67,0.2474,structure
budget075@50,attr:Splits/train.sql#47:d388188d,0.7142857142857142,0.8,2,3,0.5714,structure
budget075@50,attr:Splits/test.sql#14:a53facfd,0.7142857142857142,0.0,2,3,0.0,structure
budget075@50,attr:Expanded/agg_filter_expanded.sql#1:c5608ae2,1.0,1.0,1,1,1.0,ok
budget075@50,attr:Expanded/agg_filter_join_expanded.sql#1:97f4546b,0.7142857142857142,0.8,2,3,0.5714,structure
budget075@50,attr:Splits/train.sql#74:d43cbebb,1.0,1.0,10,10,1.0,ok
budget075@50,attr:Expanded/agg_join_expanded.sql#5:15c06c11,0.7142857142857142,0.4,2,3,0.2857,structure
budget075@50,attr:Splits/train.sql#47:c40d7c13,0.7142857142857142,0.0,2,3,0.0,structure
budget075@50,attr:player_multiagg20:q12:365f4815,0.7333333333333333,0.6296296296296297,11,16,0.4617,structure
budget075@50,attr:Splits/train.sql#39:2660c7eb,1.0,0.0,2,2,0.0,values
budget075@50,attr:Splits/train.sql#39:cfc6a04a,1.0,1.0,2,2,1.0,ok
budget075@50,attr:Splits/train.sql#20:610644e4,0.9210526315789473,0.8444444444444444,22,23,0.7778,structure
budget075@50,attr:Splits/train.sql#74:d1735ba6,1.0,1.0,10,10,1.0,ok
budget075@50,attr:Expanded/agg_filter_expanded.sql#1:43804a60,1.0,1.0,1,1,1.0,ok
budget075@50,attr:Splits/train.sql#4:f514a950,0.6666666666666666,0.0,3,3,0.0,structure
budget075@50,attr:docetl_Player_v7:q0:fef776e6,1.0,0.0,2,2,0.0,values
budget075@50,attr:Variations/Agg/agg_variations.sql#1:09fbc9fa,0.6666666666666666,0.0,3,3,0.0,structure
budget075@50,attr:Splits/train.sql#74:2968ff54,1.0,0.9,10,10,0.9,values
budget075@50,attr:Splits/test.sql#14:e0da7fae,0.7142857142857142,0.0,2,3,0.0,structure
budget075@50,attr:Splits/dev.sql#18:bbfca16a,1.0,1.0,1,1,1.0,ok
budget075@50,attr:Variations/Agg/agg_variations.sql#3:6d2eeac2,0.6666666666666666,0.0,3,3,0.0,structure
budget075@50,attr:Splits/train.sql#19:332da492,0.5989583333333334,0.49275362318840576,56,82,0.2951,structure
budget075@50,attr:Expanded/agg_filter_join_expanded.sql#4:17c50da4,0.7142857142857142,0.4,2,3,0.2857,structure
budget075@50,attr:Splits/dev.sql#11:99e28283,0.7142857142857142,0.4,2,3,0.2857,structure
budget075@50,attr:Expanded/agg_join_expanded.sql#5:b42bc767,0.7142857142857142,0.4,2,3,0.2857,structure
budget075@50,attr:Expanded/agg_filter_expanded.sql#14:c3259565,0.9259259259259258,0.9523809523809523,20,22,0.8818,structure
budget075@50,attr:Splits/train.sql#51:a95139b5,0.7142857142857142,0.4,2,3,0.2857,structure
budget075@50,attr:Expanded/agg_filter_expanded.sql#12:f3a1786c,0.5700325732899022,0.660377358490566,39,67,0.3764,structure
budget075@50,attr:Splits/dev.sql#18:b1241002,1.0,1.0,1,1,1.0,ok
budget075@50,attr:Splits/train.sql#44:a130f41f,0.8189655172413792,0.7727272727272727,20,24,0.6328,structure
budget075@50,attr:Expanded/agg_filter_expanded.sql#1:e3a8531c,1.0,1.0,1,1,1.0,ok
budget075@50,attr:player_multiagg20:q12:e0cde198,0.7333333333333333,0.6296296296296297,11,16,0.4617,structure
budget075@50,attr:Splits/test.sql#2:3e923052,0.5989583333333334,0.536231884057971,56,82,0.3212,structure
budget075@50,attr:player_multiagg20:q10:061dce02,0.7142857142857142,0.8,2,3,0.5714,structure
budget075@50,attr:Expanded/agg_only_expanded.sql#14:c60f4651,0.5750798722044729,0.4036697247706422,41,68,0.2321,structure
budget075@50,attr:Splits/train.sql#36:76016403,0.6666666666666666,0.0,3,3,0.0,structure
budget075@50,attr:docetl_Player_v7:q4:7175642b,1.0,0.0,2,2,0.0,values
budget075@50,attr:Expanded/agg_only_expanded.sql#10:30df06be,0.9210526315789473,0.888888888888889,22,23,0.8187,structure
budget075@50,attr:Splits/train.sql#19:5ad6058c,0.8272058823529412,0.5990783410138248,108,109,0.4956,structure
budget075@50,attr:Splits/dev.sql#11:6ef31688,0.7142857142857142,0.4,2,3,0.2857,structure
budget075@50,attr:Variations/Agg/agg_variations.sql#1:84662181,0.6666666666666666,0.0,3,3,0.0,structure
budget075@50,attr:Splits/train.sql#27:22ff56d3,0.7142857142857142,0.4,2,3,0.2857,structure
budget075@50,attr:Expanded/agg_join_expanded.sql#1:a91a664a,0.7142857142857142,0.0,2,3,0.0,structure
budget075@50,attr:Splits/train.sql#28:913c76d4,1.0,1.0,1,1,1.0,ok
budget075@50,attr:Splits/test.sql#17:be55be91,0.7843137254901963,0.47619047619047616,11,10,0.3735,structure
budget075@50,attr:Splits/train.sql#36:267aed6c,0.6666666666666666,0.3333333333333333,3,3,0.2222,structure
budget075@50,attr:Splits/train.sql#4:4f11fcad,0.6666666666666666,0.0,3,3,0.0,structure
budget075@50,attr:player_multiagg20:q10:1337ff71,0.7142857142857142,0.8,2,3,0.5714,structure
budget075@50,attr:Splits/test.sql#2:ab13f20a,0.5989583333333334,0.6521739130434783,56,82,0.3906,structure
budget075@50,attr:Splits/train.sql#27:e518235e,0.7142857142857142,0.4,2,3,0.2857,structure
budget075@50,attr:Expanded/agg_join_expanded.sql#1:ed9dfa67,0.7142857142857142,0.0,2,3,0.0,structure
budget075@50,attr:Splits/test.sql#3:5b6cb72b,0.5989583333333334,0.536231884057971,56,82,0.3212,structure
budget075@50,attr:Expanded/agg_filter_expanded.sql#14:c7e1850b,0.9259259259259258,0.8095238095238095,20,22,0.7496,structure
budget075@50,attr:Expanded/agg_filter_join_expanded.sql#5:e4adf27a,1.0,1.0,1,1,1.0,ok
budget075@50,attr:player_multiagg20:q4:8c5af8bb,0.7333333333333333,0.5679012345679013,11,16,0.4165,structure
budget075@50,attr:Splits/test.sql#3:4e167992,0.8272058823529412,0.6175115207373272,108,109,0.5108,structure
budget075@50,attr:Splits/train.sql#68:e92c391d,0.7142857142857142,0.4,2,3,0.2857,structure
budget075@50,attr:Expanded/agg_join_expanded.sql#5:65097fb9,0.7142857142857142,0.4,2,3,0.2857,structure
budget075@50,attr:docetl_Player_v7:q0:525436db,1.0,0.0,2,2,0.0,values
budget075@50,attr:Splits/train.sql#20:c3c663c9,0.9210526315789473,0.888888888888889,22,23,0.8187,structure
budget075@50,attr:Splits/train.sql#68:3aaa2fe5,0.7142857142857142,0.4,2,3,0.2857,structure
budget075@50,attr:Splits/test.sql#14:07834953,0.7142857142857142,0.0,2,3,0.0,structure
budget075@50,attr:Splits/train.sql#23:6f7d6e40,0.0,0.0,1,1,0.0,structure
budget075@50,attr:Splits/train.sql#44:f69fe7f1,0.8189655172413792,0.5454545454545454,20,24,0.4467,structure
budget075@50,attr:player_multiagg20:q4:bbe158ad,0.7333333333333333,0.4691358024691358,11,16,0.344,structure
budget075@50,attr:Splits/test.sql#2:86ec6660,0.5989583333333334,0.49275362318840576,56,82,0.2951,structure
budget075@50,attr:Splits/train.sql#70:eaedaf09,0.75,0.4324324324324324,16,21,0.3243,structure
budget075@50,attr:Splits/train.sql#37:54c21492,0.6666666666666666,0.0,3,3,0.0,structure
budget075@50,attr:player_join20:q7:ed16135e,1.0,0.6818181818181818,22,22,0.6818,values
budget075@50,attr:Splits/train.sql#23:1909ba6e,0.0,0.0,1,1,0.0,structure
budget075@50,attr:Expanded/agg_only_expanded.sql#14:1f093cf7,0.5750798722044729,0.5321100917431193,41,68,0.306,structure
budget075@50,attr:Splits/train.sql#36:fe39afb8,0.6666666666666666,0.0,3,3,0.0,structure
budget075@50,attr:Splits/train.sql#51:d89bf15c,0.7142857142857142,0.4,2,3,0.2857,structure
budget075@50,attr:Splits/train.sql#20:e326cfd2,0.9210526315789473,0.888888888888889,22,23,0.8187,structure
budget075@50,attr:Expanded/agg_only_expanded.sql#10:a23eaa3e,0.9210526315789473,0.9333333333333332,22,23,0.8596,structure
budget075@50,attr:docetl_Player_v7:q18:adf37781,1.0,0.7272727272727273,22,22,0.7273,values
budget075@50,attr:Agg/agg_queries.sql#1:58b91799,0.6666666666666666,0.6666666666666666,3,3,0.4444,structure
budget075@50,attr:Splits/train.sql#37:38657b49,0.6666666666666666,0.0,3,3,0.0,structure
budget075@50,attr:docetl_Player_v7:q4:120ccaad,1.0,0.0,2,2,0.0,values
budget075@50,attr:Splits/train.sql#68:8e4ce4b5,0.7142857142857142,0.0,2,3,0.0,structure
budget075@50,attr:Agg/agg_queries.sql#1:a82f21fb,0.6666666666666666,0.0,3,3,0.0,structure
budget075@50,attr:Variations/Agg/agg_variations.sql#3:bbacce37,0.6666666666666666,0.5,3,3,0.3333,structure
budget075@50,attr:Splits/test.sql#17:367c3153,0.7843137254901963,0.6666666666666666,11,10,0.5229,structure
budget075@50,attr:Expanded/agg_filter_join_expanded.sql#1:6dec2e2f,0.7142857142857142,0.8,2,3,0.5714,structure
budget075@50,attr:Splits/train.sql#44:dd84024c,0.8189655172413792,0.6363636363636365,20,24,0.5212,structure
budget075@50,attr:Expanded/agg_only_expanded.sql#14:95406113,0.5750798722044729,0.4220183486238533,41,68,0.2427,structure
budget075@50,attr:Splits/dev.sql#18:013eb2e8,1.0,1.0,1,1,1.0,ok
budget075@50,attr:docetl_Player_v7:q4:dd9b4ab5,1.0,0.5,2,2,0.5,values
budget075@50,attr:Splits/train.sql#70:2e3d2355,0.75,0.5945945945945946,16,21,0.4459,structure
budget075@50,attr:Agg/agg_queries.sql#1:4b97a7c3,0.6666666666666666,0.0,3,3,0.0,structure
budget075@50,attr:Splits/train.sql#47:4820ea07,0.7142857142857142,0.0,2,3,0.0,structure
budget075@50,attr:Splits/train.sql#22:05a051ca,0.7142857142857142,0.0,2,3,0.0,structure
budget075@50,attr:Splits/train.sql#19:303ef1a3,0.5989583333333334,0.5072463768115942,56,82,0.3038,structure
budget075@50,attr:Expanded/agg_filter_expanded.sql#12:338a0c96,0.5700325732899022,0.5283018867924528,39,67,0.3011,structure
budget075@50,attr:Splits/train.sql#28:51cf7ce8,1.0,1.0,1,1,1.0,ok
budget075@50,attr:Expanded/agg_filter_join_expanded.sql#1:0535a95a,0.0,0.0,1,1,0.0,structure
budget075@50,attr:Expanded/agg_only_expanded.sql#10:5c8ac6e2,0.9210526315789473,0.8,22,23,0.7368,structure
budget075@50,attr:Variations/Agg/agg_variations.sql#3:c63098a9,0.6666666666666666,0.3333333333333333,3,3,0.2222,structure
budget075@50,attr:Splits/test.sql#3:5e26d92b,0.5989583333333334,0.6521739130434783,56,82,0.3906,structure
budget075@50,attr:Splits/train.sql#51:2c3904c8,0.7142857142857142,0.4,2,3,0.2857,structure
budget075@50,attr:Splits/train.sql#27:71575b0f,0.7142857142857142,0.0,2,3,0.0,structure
budget075@50,attr:Splits/train.sql#23:5e5025ba,0.0,0.0,1,1,0.0,structure
budget075@50,attr:player_multiagg20:q12:a5be78a3,0.7333333333333333,0.5555555555555556,11,16,0.4074,structure
budget075@50,attr:Splits/train.sql#28:856ff057,1.0,1.0,1,1,1.0,ok
budget075@50,attr:Expanded/agg_filter_join_expanded.sql#4:0a31a1d6,0.7142857142857142,0.8,2,3,0.5714,structure
budget075@50,attr:Splits/dev.sql#11:8b66cd72,0.7142857142857142,0.4,2,3,0.2857,structure
budget075@50,attr:Expanded/agg_filter_expanded.sql#14:c9541d96,0.9259259259259258,0.7142857142857143,20,22,0.6614,structure
budget075@50,attr:Variations/Agg/agg_variations.sql#1:e6658259,0.6666666666666666,0.3333333333333333,3,3,0.2222,structure
budget075@50,attr:docetl_Player_v7:q0:a5bdcfba,1.0,0.0,2,2,0.0,values
budget075@50,attr:player_groupby20:q9:3e882071,0.9388646288209607,0.868131868131868,90,92,0.8151,structure
budget075@50,attr:Splits/train.sql#39:499af76e,1.0,1.0,2,2,1.0,ok
budget075@50,attr:Expanded/agg_filter_join_expanded.sql#4:6a2d36fc,0.7142857142857142,0.4,2,3,0.2857,structure
budget075@75,attr:player_multiagg20:q4:e223d11d,0.7333333333333333,0.5679012345679013,11,16,0.4165,structure
budget075@75,attr:Splits/train.sql#4:550eb54f,0.6666666666666666,0.0,3,3,0.0,structure
budget075@75,attr:Expanded/agg_join_expanded.sql#1:c24e0cc7,0.7142857142857142,0.0,2,3,0.0,structure
budget075@75,attr:Splits/train.sql#70:58fad108,0.75,0.7027027027027026,16,21,0.527,structure
budget075@75,attr:Splits/train.sql#37:36ff2681,0.6666666666666666,0.3333333333333333,3,3,0.2222,structure
budget075@75,attr:Splits/test.sql#17:9db266f2,0.7843137254901963,0.761904761904762,11,10,0.5976,structure
budget075@75,attr:Expanded/agg_filter_expanded.sql#12:9257bded,0.5700325732899022,0.4339622641509434,39,67,0.2474,structure
budget075@75,attr:Splits/train.sql#47:d388188d,0.7142857142857142,0.8,2,3,0.5714,structure
budget075@75,attr:Splits/test.sql#14:a53facfd,0.7142857142857142,0.0,2,3,0.0,structure
budget075@75,attr:Expanded/agg_filter_expanded.sql#1:c5608ae2,1.0,1.0,1,1,1.0,ok
budget075@75,attr:Expanded/agg_filter_join_expanded.sql#1:97f4546b,0.7142857142857142,0.8,2,3,0.5714,structure
budget075@75,attr:Splits/train.sql#74:d43cbebb,1.0,1.0,10,10,1.0,ok
budget075@75,attr:Expanded/agg_join_expanded.sql#5:15c06c11,0.7142857142857142,0.4,2,3,0.2857,structure
budget075@75,attr:Splits/train.sql#47:c40d7c13,0.7142857142857142,0.0,2,3,0.0,structure
budget075@75,attr:player_multiagg20:q12:365f4815,0.7333333333333333,0.6296296296296297,11,16,0.4617,structure
budget075@75,attr:Splits/train.sql#39:2660c7eb,1.0,0.0,2,2,0.0,values
budget075@75,attr:Splits/train.sql#39:cfc6a04a,1.0,1.0,2,2,1.0,ok
budget075@75,attr:Splits/train.sql#20:610644e4,0.9210526315789473,0.8444444444444444,22,23,0.7778,structure
budget075@75,attr:Splits/train.sql#74:d1735ba6,1.0,1.0,10,10,1.0,ok
budget075@75,attr:Expanded/agg_filter_expanded.sql#1:43804a60,1.0,1.0,1,1,1.0,ok
budget075@75,attr:Splits/train.sql#4:f514a950,0.6666666666666666,0.0,3,3,0.0,structure
budget075@75,attr:docetl_Player_v7:q0:fef776e6,1.0,0.0,2,2,0.0,values
budget075@75,attr:Variations/Agg/agg_variations.sql#1:09fbc9fa,0.6666666666666666,0.0,3,3,0.0,structure
budget075@75,attr:Splits/train.sql#74:2968ff54,1.0,0.9,10,10,0.9,values
budget075@75,attr:Splits/test.sql#14:e0da7fae,0.7142857142857142,0.0,2,3,0.0,structure
budget075@75,attr:Splits/dev.sql#18:bbfca16a,1.0,1.0,1,1,1.0,ok
budget075@75,attr:Variations/Agg/agg_variations.sql#3:6d2eeac2,0.6666666666666666,0.0,3,3,0.0,structure
budget075@75,attr:Splits/train.sql#19:332da492,0.5989583333333334,0.5072463768115942,56,82,0.3038,structure
budget075@75,attr:Expanded/agg_filter_join_expanded.sql#4:17c50da4,0.7142857142857142,0.4,2,3,0.2857,structure
budget075@75,attr:Splits/dev.sql#11:99e28283,0.7142857142857142,0.4,2,3,0.2857,structure
budget075@75,attr:Expanded/agg_join_expanded.sql#5:b42bc767,0.7142857142857142,0.4,2,3,0.2857,structure
budget075@75,attr:Expanded/agg_filter_expanded.sql#14:c3259565,0.9259259259259258,0.9523809523809523,20,22,0.8818,structure
budget075@75,attr:Splits/train.sql#51:a95139b5,0.7142857142857142,0.4,2,3,0.2857,structure
budget075@75,attr:Expanded/agg_filter_expanded.sql#12:f3a1786c,0.5700325732899022,0.660377358490566,39,67,0.3764,structure
budget075@75,attr:Splits/dev.sql#18:b1241002,1.0,1.0,1,1,1.0,ok
budget075@75,attr:Splits/train.sql#44:a130f41f,0.8189655172413792,0.7727272727272727,20,24,0.6328,structure
budget075@75,attr:Expanded/agg_filter_expanded.sql#1:e3a8531c,1.0,1.0,1,1,1.0,ok
budget075@75,attr:player_multiagg20:q12:e0cde198,0.7333333333333333,0.6296296296296297,11,16,0.4617,structure
budget075@75,attr:Splits/test.sql#2:3e923052,0.5989583333333334,0.4782608695652174,56,82,0.2865,structure
budget075@75,attr:player_multiagg20:q10:061dce02,0.7142857142857142,0.8,2,3,0.5714,structure
budget075@75,attr:Expanded/agg_only_expanded.sql#14:c60f4651,0.5750798722044729,0.4220183486238533,41,68,0.2427,structure
budget075@75,attr:Splits/train.sql#36:76016403,0.6666666666666666,0.0,3,3,0.0,structure
budget075@75,attr:docetl_Player_v7:q4:7175642b,1.0,0.0,2,2,0.0,values
budget075@75,attr:Expanded/agg_only_expanded.sql#10:30df06be,0.9210526315789473,0.888888888888889,22,23,0.8187,structure
budget075@75,attr:Splits/train.sql#19:5ad6058c,0.0,0.0,22,109,0.0,structure
budget075@75,attr:Splits/dev.sql#11:6ef31688,0.7142857142857142,0.4,2,3,0.2857,structure
budget075@75,attr:Variations/Agg/agg_variations.sql#1:84662181,0.6666666666666666,0.0,3,3,0.0,structure
budget075@75,attr:Splits/train.sql#27:22ff56d3,0.7142857142857142,0.4,2,3,0.2857,structure
budget075@75,attr:Expanded/agg_join_expanded.sql#1:a91a664a,0.7142857142857142,0.0,2,3,0.0,structure
budget075@75,attr:Splits/train.sql#28:913c76d4,1.0,1.0,1,1,1.0,ok
budget075@75,attr:Splits/test.sql#17:be55be91,0.7843137254901963,0.47619047619047616,11,10,0.3735,structure
budget075@75,attr:Splits/train.sql#36:267aed6c,0.6666666666666666,0.3333333333333333,3,3,0.2222,structure
budget075@75,attr:Splits/train.sql#4:4f11fcad,0.6666666666666666,0.0,3,3,0.0,structure
budget075@75,attr:player_multiagg20:q10:1337ff71,0.7142857142857142,0.8,2,3,0.5714,structure
budget075@75,attr:Splits/test.sql#2:ab13f20a,0.5989583333333334,0.6521739130434783,56,82,0.3906,structure
budget075@75,attr:Splits/train.sql#27:e518235e,0.7142857142857142,0.4,2,3,0.2857,structure
budget075@75,attr:Expanded/agg_join_expanded.sql#1:ed9dfa67,0.7142857142857142,0.0,2,3,0.0,structure
budget075@75,attr:Splits/test.sql#3:5b6cb72b,0.5989583333333334,0.4782608695652174,56,82,0.2865,structure
budget075@75,attr:Expanded/agg_filter_expanded.sql#14:c7e1850b,0.9259259259259258,0.761904761904762,20,22,0.7055,structure
budget075@75,attr:Expanded/agg_filter_join_expanded.sql#5:e4adf27a,1.0,1.0,1,1,1.0,ok
budget075@75,attr:player_multiagg20:q4:8c5af8bb,0.7333333333333333,0.5679012345679013,11,16,0.4165,structure
budget075@75,attr:Splits/test.sql#3:4e167992,0.0,0.0,22,109,0.0,structure
budget075@75,attr:Splits/train.sql#68:e92c391d,0.7142857142857142,0.4,2,3,0.2857,structure
budget075@75,attr:Expanded/agg_join_expanded.sql#5:65097fb9,0.7142857142857142,0.4,2,3,0.2857,structure
budget075@75,attr:docetl_Player_v7:q0:525436db,1.0,0.0,2,2,0.0,values
budget075@75,attr:Splits/train.sql#20:c3c663c9,0.9210526315789473,0.888888888888889,22,23,0.8187,structure
budget075@75,attr:Splits/train.sql#68:3aaa2fe5,0.7142857142857142,0.4,2,3,0.2857,structure
budget075@75,attr:Splits/test.sql#14:07834953,0.7142857142857142,0.0,2,3,0.0,structure
budget075@75,attr:Splits/train.sql#23:6f7d6e40,0.0,0.0,1,1,0.0,structure
budget075@75,attr:Splits/train.sql#44:f69fe7f1,0.8189655172413792,0.5454545454545454,20,24,0.4467,structure
budget075@75,attr:player_multiagg20:q4:bbe158ad,0.7333333333333333,0.4691358024691358,11,16,0.344,structure
budget075@75,attr:Splits/test.sql#2:86ec6660,0.5989583333333334,0.49275362318840576,56,82,0.2951,structure
budget075@75,attr:Splits/train.sql#70:eaedaf09,0.75,0.4324324324324324,16,21,0.3243,structure
budget075@75,attr:Splits/train.sql#37:54c21492,0.6666666666666666,0.0,3,3,0.0,structure
budget075@75,attr:player_join20:q7:ed16135e,1.0,0.6818181818181818,22,22,0.6818,values
budget075@75,attr:Splits/train.sql#23:1909ba6e,0.0,0.0,1,1,0.0,structure
budget075@75,attr:Expanded/agg_only_expanded.sql#14:1f093cf7,0.5750798722044729,0.5321100917431193,41,68,0.306,structure
budget075@75,attr:Splits/train.sql#36:fe39afb8,0.6666666666666666,0.0,3,3,0.0,structure
budget075@75,attr:Splits/train.sql#51:d89bf15c,0.7142857142857142,0.4,2,3,0.2857,structure
budget075@75,attr:Splits/train.sql#20:e326cfd2,0.9210526315789473,0.888888888888889,22,23,0.8187,structure
budget075@75,attr:Expanded/agg_only_expanded.sql#10:a23eaa3e,0.9210526315789473,0.9333333333333332,22,23,0.8596,structure
budget075@75,attr:docetl_Player_v7:q18:adf37781,1.0,0.7272727272727273,22,22,0.7273,values
budget075@75,attr:Agg/agg_queries.sql#1:58b91799,0.6666666666666666,0.6666666666666666,3,3,0.4444,structure
budget075@75,attr:Splits/train.sql#37:38657b49,0.6666666666666666,0.0,3,3,0.0,structure
budget075@75,attr:docetl_Player_v7:q4:120ccaad,1.0,0.0,2,2,0.0,values
budget075@75,attr:Splits/train.sql#68:8e4ce4b5,0.7142857142857142,0.0,2,3,0.0,structure
budget075@75,attr:Agg/agg_queries.sql#1:a82f21fb,0.6666666666666666,0.0,3,3,0.0,structure
budget075@75,attr:Variations/Agg/agg_variations.sql#3:bbacce37,0.6666666666666666,0.5,3,3,0.3333,structure
budget075@75,attr:Splits/test.sql#17:367c3153,0.7843137254901963,0.6666666666666666,11,10,0.5229,structure
budget075@75,attr:Expanded/agg_filter_join_expanded.sql#1:6dec2e2f,0.7142857142857142,0.8,2,3,0.5714,structure
budget075@75,attr:Splits/train.sql#44:dd84024c,0.8189655172413792,0.6363636363636365,20,24,0.5212,structure
budget075@75,attr:Expanded/agg_only_expanded.sql#14:95406113,0.5750798722044729,0.4220183486238533,41,68,0.2427,structure
budget075@75,attr:Splits/dev.sql#18:013eb2e8,1.0,1.0,1,1,1.0,ok
budget075@75,attr:docetl_Player_v7:q4:dd9b4ab5,1.0,0.5,2,2,0.5,values
budget075@75,attr:Splits/train.sql#70:2e3d2355,0.75,0.5945945945945946,16,21,0.4459,structure
budget075@75,attr:Agg/agg_queries.sql#1:4b97a7c3,0.6666666666666666,0.0,3,3,0.0,structure
budget075@75,attr:Splits/train.sql#47:4820ea07,0.7142857142857142,0.0,2,3,0.0,structure
budget075@75,attr:Splits/train.sql#22:05a051ca,0.7142857142857142,0.8,2,3,0.5714,structure
budget075@75,attr:Splits/train.sql#19:303ef1a3,0.5989583333333334,0.5072463768115942,56,82,0.3038,structure
budget075@75,attr:Expanded/agg_filter_expanded.sql#12:338a0c96,0.5700325732899022,0.5283018867924528,39,67,0.3011,structure
budget075@75,attr:Splits/train.sql#28:51cf7ce8,1.0,1.0,1,1,1.0,ok
budget075@75,attr:Expanded/agg_filter_join_expanded.sql#1:0535a95a,0.0,0.0,1,1,0.0,structure
budget075@75,attr:Expanded/agg_only_expanded.sql#10:5c8ac6e2,0.9210526315789473,0.7555555555555555,22,23,0.6959,structure
budget075@75,attr:Variations/Agg/agg_variations.sql#3:c63098a9,0.6666666666666666,0.3333333333333333,3,3,0.2222,structure
budget075@75,attr:Splits/test.sql#3:5e26d92b,0.5989583333333334,0.6521739130434783,56,82,0.3906,structure
budget075@75,attr:Splits/train.sql#51:2c3904c8,0.7142857142857142,0.4,2,3,0.2857,structure
budget075@75,attr:Splits/train.sql#27:71575b0f,0.7142857142857142,0.0,2,3,0.0,structure
budget075@75,attr:Splits/train.sql#23:5e5025ba,0.0,0.0,1,1,0.0,structure
budget075@75,attr:player_multiagg20:q12:a5be78a3,0.7333333333333333,0.5555555555555556,11,16,0.4074,structure
budget075@75,attr:Splits/train.sql#28:856ff057,1.0,1.0,1,1,1.0,ok
budget075@75,attr:Expanded/agg_filter_join_expanded.sql#4:0a31a1d6,0.7142857142857142,0.8,2,3,0.5714,structure
budget075@75,attr:Splits/dev.sql#11:8b66cd72,0.7142857142857142,0.4,2,3,0.2857,structure
budget075@75,attr:Expanded/agg_filter_expanded.sql#14:c9541d96,0.9259259259259258,0.7142857142857143,20,22,0.6614,structure
budget075@75,attr:Variations/Agg/agg_variations.sql#1:e6658259,0.6666666666666666,0.3333333333333333,3,3,0.2222,structure
budget075@75,attr:docetl_Player_v7:q0:a5bdcfba,1.0,0.0,2,2,0.0,values
budget075@75,attr:player_groupby20:q9:3e882071,0.0,0.0,0,92,0.0,no rows
budget075@75,attr:Splits/train.sql#39:499af76e,1.0,1.0,2,2,1.0,ok
budget075@75,attr:Expanded/agg_filter_join_expanded.sql#4:6a2d36fc,0.7142857142857142,0.4,2,3,0.2857,structure
budget100@0,attr:player_multiagg20:q4:e223d11d,0.7333333333333333,0.5679012345679013,11,16,0.4165,structure
budget100@0,attr:Splits/train.sql#4:550eb54f,0.6666666666666666,0.0,3,3,0.0,structure
budget100@0,attr:Expanded/agg_join_expanded.sql#1:c24e0cc7,0.7142857142857142,0.0,2,3,0.0,structure
budget100@0,attr:Splits/train.sql#70:58fad108,0.75,0.7027027027027026,16,21,0.527,structure
budget100@0,attr:Splits/train.sql#37:36ff2681,0.6666666666666666,0.3333333333333333,3,3,0.2222,structure
budget100@0,attr:Splits/test.sql#17:9db266f2,0.7843137254901963,0.761904761904762,11,10,0.5976,structure
budget100@0,attr:Expanded/agg_filter_expanded.sql#12:9257bded,0.5700325732899022,0.4339622641509434,39,67,0.2474,structure
budget100@0,attr:Splits/train.sql#47:d388188d,0.7142857142857142,0.8,2,3,0.5714,structure
budget100@0,attr:Splits/test.sql#14:a53facfd,0.7142857142857142,0.0,2,3,0.0,structure
budget100@0,attr:Expanded/agg_filter_expanded.sql#1:c5608ae2,1.0,1.0,1,1,1.0,ok
budget100@0,attr:Expanded/agg_filter_join_expanded.sql#1:97f4546b,0.7142857142857142,0.8,2,3,0.5714,structure
budget100@0,attr:Splits/train.sql#74:d43cbebb,1.0,0.8000000000000002,10,10,0.8,values
budget100@0,attr:Expanded/agg_join_expanded.sql#5:15c06c11,0.7142857142857142,0.4,2,3,0.2857,structure
budget100@0,attr:Splits/train.sql#47:c40d7c13,0.7142857142857142,0.0,2,3,0.0,structure
budget100@0,attr:player_multiagg20:q12:365f4815,0.7333333333333333,0.6296296296296297,11,16,0.4617,structure
budget100@0,attr:Splits/train.sql#39:2660c7eb,1.0,0.0,2,2,0.0,values
budget100@0,attr:Splits/train.sql#39:cfc6a04a,1.0,1.0,2,2,1.0,ok
budget100@0,attr:Splits/train.sql#20:610644e4,0.9210526315789473,0.8444444444444444,22,23,0.7778,structure
budget100@0,attr:Splits/train.sql#74:d1735ba6,1.0,0.9,10,10,0.9,values
budget100@0,attr:Expanded/agg_filter_expanded.sql#1:43804a60,1.0,1.0,1,1,1.0,ok
budget100@0,attr:Splits/train.sql#4:f514a950,0.6666666666666666,0.0,3,3,0.0,structure
budget100@0,attr:docetl_Player_v7:q0:fef776e6,1.0,0.0,2,2,0.0,values
budget100@0,attr:Variations/Agg/agg_variations.sql#1:09fbc9fa,0.6666666666666666,0.0,3,3,0.0,structure
budget100@0,attr:Splits/train.sql#74:2968ff54,1.0,0.9,10,10,0.9,values
budget100@0,attr:Splits/test.sql#14:e0da7fae,0.7142857142857142,0.0,2,3,0.0,structure
budget100@0,attr:Splits/dev.sql#18:bbfca16a,1.0,1.0,1,1,1.0,ok
budget100@0,attr:Variations/Agg/agg_variations.sql#3:6d2eeac2,0.6666666666666666,0.0,3,3,0.0,structure
budget100@0,attr:Splits/train.sql#19:332da492,0.5989583333333334,0.49275362318840576,56,82,0.2951,structure
budget100@0,attr:Expanded/agg_filter_join_expanded.sql#4:17c50da4,0.7142857142857142,0.4,2,3,0.2857,structure
budget100@0,attr:Splits/dev.sql#11:99e28283,0.7142857142857142,0.4,2,3,0.2857,structure
budget100@0,attr:Expanded/agg_join_expanded.sql#5:b42bc767,0.7142857142857142,0.4,2,3,0.2857,structure
budget100@0,attr:Expanded/agg_filter_expanded.sql#14:c3259565,0.9259259259259258,0.9047619047619048,20,22,0.8377,structure
budget100@0,attr:Splits/train.sql#51:a95139b5,0.7142857142857142,0.4,2,3,0.2857,structure
budget100@0,attr:Expanded/agg_filter_expanded.sql#12:f3a1786c,0.5700325732899022,0.660377358490566,39,67,0.3764,structure
budget100@0,attr:Splits/dev.sql#18:b1241002,1.0,1.0,1,1,1.0,ok
budget100@0,attr:Splits/train.sql#44:a130f41f,0.8189655172413792,0.7727272727272727,20,24,0.6328,structure
budget100@0,attr:Expanded/agg_filter_expanded.sql#1:e3a8531c,1.0,1.0,1,1,1.0,ok
budget100@0,attr:player_multiagg20:q12:e0cde198,0.7333333333333333,0.6296296296296297,11,16,0.4617,structure
budget100@0,attr:Splits/test.sql#2:3e923052,0.5989583333333334,0.536231884057971,56,82,0.3212,structure
budget100@0,attr:player_multiagg20:q10:061dce02,0.7142857142857142,0.8,2,3,0.5714,structure
budget100@0,attr:Expanded/agg_only_expanded.sql#14:c60f4651,0.5750798722044729,0.4036697247706422,41,68,0.2321,structure
budget100@0,attr:Splits/train.sql#36:76016403,0.6666666666666666,0.0,3,3,0.0,structure
budget100@0,attr:docetl_Player_v7:q4:7175642b,1.0,0.0,2,2,0.0,values
budget100@0,attr:Expanded/agg_only_expanded.sql#10:30df06be,0.9210526315789473,0.888888888888889,22,23,0.8187,structure
budget100@0,attr:Splits/train.sql#19:5ad6058c,0.8287292817679557,0.5833333333333334,107,109,0.4834,structure
budget100@0,attr:Splits/dev.sql#11:6ef31688,0.7142857142857142,0.4,2,3,0.2857,structure
budget100@0,attr:Variations/Agg/agg_variations.sql#1:84662181,0.6666666666666666,0.3333333333333333,3,3,0.2222,structure
budget100@0,attr:Splits/train.sql#27:22ff56d3,0.7142857142857142,0.4,2,3,0.2857,structure
budget100@0,attr:Expanded/agg_join_expanded.sql#1:a91a664a,0.7142857142857142,0.0,2,3,0.0,structure
budget100@0,attr:Splits/train.sql#28:913c76d4,1.0,1.0,1,1,1.0,ok
budget100@0,attr:Splits/test.sql#17:be55be91,0.7843137254901963,0.47619047619047616,11,10,0.3735,structure
budget100@0,attr:Splits/train.sql#36:267aed6c,0.6666666666666666,0.3333333333333333,3,3,0.2222,structure
budget100@0,attr:Splits/train.sql#4:4f11fcad,0.6666666666666666,0.0,3,3,0.0,structure
budget100@0,attr:player_multiagg20:q10:1337ff71,0.7142857142857142,0.8,2,3,0.5714,structure
budget100@0,attr:Splits/test.sql#2:ab13f20a,0.5989583333333334,0.6521739130434783,56,82,0.3906,structure
budget100@0,attr:Splits/train.sql#27:e518235e,0.7142857142857142,0.4,2,3,0.2857,structure
budget100@0,attr:Expanded/agg_join_expanded.sql#1:ed9dfa67,0.7142857142857142,0.0,2,3,0.0,structure
budget100@0,attr:Splits/test.sql#3:5b6cb72b,0.5989583333333334,0.536231884057971,56,82,0.3212,structure
budget100@0,attr:Expanded/agg_filter_expanded.sql#14:c7e1850b,0.9259259259259258,0.8095238095238095,20,22,0.7496,structure
budget100@0,attr:Expanded/agg_filter_join_expanded.sql#5:e4adf27a,1.0,1.0,1,1,1.0,ok
budget100@0,attr:player_multiagg20:q4:8c5af8bb,0.7333333333333333,0.5679012345679013,11,16,0.4165,structure
budget100@0,attr:Splits/test.sql#3:4e167992,0.8287292817679557,0.6203703703703702,107,109,0.5141,structure
budget100@0,attr:Splits/train.sql#68:e92c391d,0.7142857142857142,0.4,2,3,0.2857,structure
budget100@0,attr:Expanded/agg_join_expanded.sql#5:65097fb9,0.7142857142857142,0.4,2,3,0.2857,structure
budget100@0,attr:docetl_Player_v7:q0:525436db,1.0,0.0,2,2,0.0,values
budget100@0,attr:Splits/train.sql#20:c3c663c9,0.9210526315789473,0.888888888888889,22,23,0.8187,structure
budget100@0,attr:Splits/train.sql#68:3aaa2fe5,0.7142857142857142,0.4,2,3,0.2857,structure
budget100@0,attr:Splits/test.sql#14:07834953,0.7142857142857142,0.0,2,3,0.0,structure
budget100@0,attr:Splits/train.sql#23:6f7d6e40,0.0,0.0,1,1,0.0,structure
budget100@0,attr:Splits/train.sql#44:f69fe7f1,0.8189655172413792,0.5,20,24,0.4095,structure
budget100@0,attr:player_multiagg20:q4:bbe158ad,0.7333333333333333,0.4691358024691358,11,16,0.344,structure
budget100@0,attr:Splits/test.sql#2:86ec6660,0.5989583333333334,0.463768115942029,56,82,0.2778,structure
budget100@0,attr:Splits/train.sql#70:eaedaf09,0.75,0.3243243243243243,16,21,0.2432,structure
budget100@0,attr:Splits/train.sql#37:54c21492,0.6666666666666666,0.0,3,3,0.0,structure
budget100@0,attr:player_join20:q7:ed16135e,1.0,0.6818181818181818,22,22,0.6818,values
budget100@0,attr:Splits/train.sql#23:1909ba6e,0.0,0.0,1,1,0.0,structure
budget100@0,attr:Expanded/agg_only_expanded.sql#14:1f093cf7,0.5750798722044729,0.5137614678899082,41,68,0.2955,structure
budget100@0,attr:Splits/train.sql#36:fe39afb8,0.6666666666666666,0.0,3,3,0.0,structure
budget100@0,attr:Splits/train.sql#51:d89bf15c,0.7142857142857142,0.4,2,3,0.2857,structure
budget100@0,attr:Splits/train.sql#20:e326cfd2,0.9210526315789473,0.888888888888889,22,23,0.8187,structure
budget100@0,attr:Expanded/agg_only_expanded.sql#10:a23eaa3e,0.9210526315789473,0.888888888888889,22,23,0.8187,structure
budget100@0,attr:docetl_Player_v7:q18:adf37781,1.0,0.7272727272727273,22,22,0.7273,values
budget100@0,attr:Agg/agg_queries.sql#1:58b91799,0.6666666666666666,0.6666666666666666,3,3,0.4444,structure
budget100@0,attr:Splits/train.sql#37:38657b49,0.6666666666666666,0.0,3,3,0.0,structure
budget100@0,attr:docetl_Player_v7:q4:120ccaad,1.0,0.0,2,2,0.0,values
budget100@0,attr:Splits/train.sql#68:8e4ce4b5,0.7142857142857142,0.0,2,3,0.0,structure
budget100@0,attr:Agg/agg_queries.sql#1:a82f21fb,0.6666666666666666,0.0,3,3,0.0,structure
budget100@0,attr:Variations/Agg/agg_variations.sql#3:bbacce37,0.6666666666666666,0.5,3,3,0.3333,structure
budget100@0,attr:Splits/test.sql#17:367c3153,0.7843137254901963,0.5714285714285713,11,10,0.4482,structure
budget100@0,attr:Expanded/agg_filter_join_expanded.sql#1:6dec2e2f,0.7142857142857142,0.8,2,3,0.5714,structure
budget100@0,attr:Splits/train.sql#44:dd84024c,0.8189655172413792,0.5909090909090908,20,24,0.4839,structure
budget100@0,attr:Expanded/agg_only_expanded.sql#14:95406113,0.5750798722044729,0.4220183486238533,41,68,0.2427,structure
budget100@0,attr:Splits/dev.sql#18:013eb2e8,1.0,0.0,1,1,0.0,values
budget100@0,attr:docetl_Player_v7:q4:dd9b4ab5,1.0,0.5,2,2,0.5,values
budget100@0,attr:Splits/train.sql#70:2e3d2355,0.75,0.5945945945945946,16,21,0.4459,structure
budget100@0,attr:Agg/agg_queries.sql#1:4b97a7c3,0.6666666666666666,0.0,3,3,0.0,structure
budget100@0,attr:Splits/train.sql#47:4820ea07,0.7142857142857142,0.0,2,3,0.0,structure
budget100@0,attr:Splits/train.sql#22:05a051ca,0.7142857142857142,0.0,2,3,0.0,structure
budget100@0,attr:Splits/train.sql#19:303ef1a3,0.5989583333333334,0.49275362318840576,56,82,0.2951,structure
budget100@0,attr:Expanded/agg_filter_expanded.sql#12:338a0c96,0.5700325732899022,0.5094339622641508,39,67,0.2904,structure
budget100@0,attr:Splits/train.sql#28:51cf7ce8,1.0,1.0,1,1,1.0,ok
budget100@0,attr:Expanded/agg_filter_join_expanded.sql#1:0535a95a,0.0,0.0,1,1,0.0,structure
budget100@0,attr:Expanded/agg_only_expanded.sql#10:5c8ac6e2,0.9210526315789473,0.8,22,23,0.7368,structure
budget100@0,attr:Variations/Agg/agg_variations.sql#3:c63098a9,0.6666666666666666,0.5,3,3,0.3333,structure
budget100@0,attr:Splits/test.sql#3:5e26d92b,0.5989583333333334,0.6521739130434783,56,82,0.3906,structure
budget100@0,attr:Splits/train.sql#51:2c3904c8,0.7142857142857142,0.4,2,3,0.2857,structure
budget100@0,attr:Splits/train.sql#27:71575b0f,0.7142857142857142,0.0,2,3,0.0,structure
budget100@0,attr:Splits/train.sql#23:5e5025ba,0.0,0.0,1,1,0.0,structure
budget100@0,attr:player_multiagg20:q12:a5be78a3,0.7333333333333333,0.5555555555555556,11,16,0.4074,structure
budget100@0,attr:Splits/train.sql#28:856ff057,1.0,1.0,1,1,1.0,ok
budget100@0,attr:Expanded/agg_filter_join_expanded.sql#4:0a31a1d6,0.7142857142857142,0.8,2,3,0.5714,structure
budget100@0,attr:Splits/dev.sql#11:8b66cd72,0.7142857142857142,0.4,2,3,0.2857,structure
budget100@0,attr:Expanded/agg_filter_expanded.sql#14:c9541d96,0.9259259259259258,0.761904761904762,20,22,0.7055,structure
budget100@0,attr:Variations/Agg/agg_variations.sql#1:e6658259,0.6666666666666666,0.3333333333333333,3,3,0.2222,structure
budget100@0,attr:docetl_Player_v7:q0:a5bdcfba,1.0,0.0,2,2,0.0,values
budget100@0,attr:player_groupby20:q9:3e882071,0.9299781181619257,0.8839779005524863,89,92,0.8221,structure
budget100@0,attr:Splits/train.sql#39:499af76e,1.0,1.0,2,2,1.0,ok
budget100@0,attr:Expanded/agg_filter_join_expanded.sql#4:6a2d36fc,0.7142857142857142,0.4,2,3,0.2857,structure
budget100@100,attr:player_multiagg20:q4:e223d11d,0.7333333333333333,0.5679012345679013,11,16,0.4165,structure
budget100@100,attr:Splits/train.sql#4:550eb54f,0.6666666666666666,0.0,3,3,0.0,structure
budget100@100,attr:Expanded/agg_join_expanded.sql#1:c24e0cc7,0.7142857142857142,0.0,2,3,0.0,structure
budget100@100,attr:Splits/train.sql#70:58fad108,0.75,0.7567567567567567,16,21,0.5676,structure
budget100@100,attr:Splits/train.sql#37:36ff2681,0.6666666666666666,0.3333333333333333,3,3,0.2222,structure
budget100@100,attr:Splits/test.sql#17:9db266f2,0.7843137254901963,0.761904761904762,11,10,0.5976,structure
budget100@100,attr:Expanded/agg_filter_expanded.sql#12:9257bded,0.5700325732899022,0.4339622641509434,39,67,0.2474,structure
budget100@100,attr:Splits/train.sql#47:d388188d,0.7142857142857142,0.8,2,3,0.5714,structure
budget100@100,attr:Splits/test.sql#14:a53facfd,0.7142857142857142,0.0,2,3,0.0,structure
budget100@100,attr:Expanded/agg_filter_expanded.sql#1:c5608ae2,1.0,1.0,1,1,1.0,ok
budget100@100,attr:Expanded/agg_filter_join_expanded.sql#1:97f4546b,0.7142857142857142,0.8,2,3,0.5714,structure
budget100@100,attr:Splits/train.sql#74:d43cbebb,1.0,1.0,10,10,1.0,ok
budget100@100,attr:Expanded/agg_join_expanded.sql#5:15c06c11,0.7142857142857142,0.4,2,3,0.2857,structure
budget100@100,attr:Splits/train.sql#47:c40d7c13,0.7142857142857142,0.0,2,3,0.0,structure
budget100@100,attr:player_multiagg20:q12:365f4815,0.7333333333333333,0.6296296296296297,11,16,0.4617,structure
budget100@100,attr:Splits/train.sql#39:2660c7eb,1.0,0.0,2,2,0.0,values
budget100@100,attr:Splits/train.sql#39:cfc6a04a,1.0,1.0,2,2,1.0,ok
budget100@100,attr:Splits/train.sql#20:610644e4,0.9210526315789473,0.8444444444444444,22,23,0.7778,structure
budget100@100,attr:Splits/train.sql#74:d1735ba6,1.0,1.0,10,10,1.0,ok
budget100@100,attr:Expanded/agg_filter_expanded.sql#1:43804a60,1.0,1.0,1,1,1.0,ok
budget100@100,attr:Splits/train.sql#4:f514a950,0.6666666666666666,0.0,3,3,0.0,structure
budget100@100,attr:docetl_Player_v7:q0:fef776e6,1.0,0.0,2,2,0.0,values
budget100@100,attr:Variations/Agg/agg_variations.sql#1:09fbc9fa,0.6666666666666666,0.0,3,3,0.0,structure
budget100@100,attr:Splits/train.sql#74:2968ff54,1.0,0.9,10,10,0.9,values
budget100@100,attr:Splits/test.sql#14:e0da7fae,0.7142857142857142,0.0,2,3,0.0,structure
budget100@100,attr:Splits/dev.sql#18:bbfca16a,1.0,1.0,1,1,1.0,ok
budget100@100,attr:Variations/Agg/agg_variations.sql#3:6d2eeac2,0.6666666666666666,0.0,3,3,0.0,structure
budget100@100,attr:Splits/train.sql#19:332da492,0.5989583333333334,0.5072463768115942,56,82,0.3038,structure
budget100@100,attr:Expanded/agg_filter_join_expanded.sql#4:17c50da4,0.7142857142857142,0.4,2,3,0.2857,structure
budget100@100,attr:Splits/dev.sql#11:99e28283,0.7142857142857142,0.4,2,3,0.2857,structure
budget100@100,attr:Expanded/agg_join_expanded.sql#5:b42bc767,0.7142857142857142,0.4,2,3,0.2857,structure
budget100@100,attr:Expanded/agg_filter_expanded.sql#14:c3259565,0.9259259259259258,0.9523809523809523,20,22,0.8818,structure
budget100@100,attr:Splits/train.sql#51:a95139b5,0.7142857142857142,0.4,2,3,0.2857,structure
budget100@100,attr:Expanded/agg_filter_expanded.sql#12:f3a1786c,0.5700325732899022,0.660377358490566,39,67,0.3764,structure
budget100@100,attr:Splits/dev.sql#18:b1241002,1.0,1.0,1,1,1.0,ok
budget100@100,attr:Splits/train.sql#44:a130f41f,0.8189655172413792,0.8181818181818182,20,24,0.6701,structure
budget100@100,attr:Expanded/agg_filter_expanded.sql#1:e3a8531c,1.0,1.0,1,1,1.0,ok
budget100@100,attr:player_multiagg20:q12:e0cde198,0.7333333333333333,0.6296296296296297,11,16,0.4617,structure
budget100@100,attr:Splits/test.sql#2:3e923052,0.5989583333333334,0.4782608695652174,56,82,0.2865,structure
budget100@100,attr:player_multiagg20:q10:061dce02,0.7142857142857142,0.8,2,3,0.5714,structure
budget100@100,attr:Expanded/agg_only_expanded.sql#14:c60f4651,0.5750798722044729,0.4220183486238533,41,68,0.2427,structure
budget100@100,attr:Splits/train.sql#36:76016403,0.6666666666666666,0.0,3,3,0.0,structure
budget100@100,attr:docetl_Player_v7:q4:7175642b,1.0,0.0,2,2,0.0,values
budget100@100,attr:Expanded/agg_only_expanded.sql#10:30df06be,0.9210526315789473,0.888888888888889,22,23,0.8187,structure
budget100@100,attr:Splits/train.sql#19:5ad6058c,0.8272058823529412,0.5990783410138248,108,109,0.4956,structure
budget100@100,attr:Splits/dev.sql#11:6ef31688,0.7142857142857142,0.4,2,3,0.2857,structure
budget100@100,attr:Variations/Agg/agg_variations.sql#1:84662181,0.6666666666666666,0.0,3,3,0.0,structure
budget100@100,attr:Splits/train.sql#27:22ff56d3,0.7142857142857142,0.4,2,3,0.2857,structure
budget100@100,attr:Expanded/agg_join_expanded.sql#1:a91a664a,0.7142857142857142,0.0,2,3,0.0,structure
budget100@100,attr:Splits/train.sql#28:913c76d4,1.0,1.0,1,1,1.0,ok
budget100@100,attr:Splits/test.sql#17:be55be91,0.7843137254901963,0.47619047619047616,11,10,0.3735,structure
budget100@100,attr:Splits/train.sql#36:267aed6c,0.6666666666666666,0.3333333333333333,3,3,0.2222,structure
budget100@100,attr:Splits/train.sql#4:4f11fcad,0.6666666666666666,0.0,3,3,0.0,structure
budget100@100,attr:player_multiagg20:q10:1337ff71,0.7142857142857142,0.8,2,3,0.5714,structure
budget100@100,attr:Splits/test.sql#2:ab13f20a,0.5989583333333334,0.6521739130434783,56,82,0.3906,structure
budget100@100,attr:Splits/train.sql#27:e518235e,0.7142857142857142,0.4,2,3,0.2857,structure
budget100@100,attr:Expanded/agg_join_expanded.sql#1:ed9dfa67,0.7142857142857142,0.0,2,3,0.0,structure
budget100@100,attr:Splits/test.sql#3:5b6cb72b,0.5989583333333334,0.4782608695652174,56,82,0.2865,structure
budget100@100,attr:Expanded/agg_filter_expanded.sql#14:c7e1850b,0.9259259259259258,0.761904761904762,20,22,0.7055,structure
budget100@100,attr:Expanded/agg_filter_join_expanded.sql#5:e4adf27a,1.0,1.0,1,1,1.0,ok
budget100@100,attr:player_multiagg20:q4:8c5af8bb,0.7333333333333333,0.5679012345679013,11,16,0.4165,structure
budget100@100,attr:Splits/test.sql#3:4e167992,0.8272058823529412,0.6175115207373272,108,109,0.5108,structure
budget100@100,attr:Splits/train.sql#68:e92c391d,0.7142857142857142,0.4,2,3,0.2857,structure
budget100@100,attr:Expanded/agg_join_expanded.sql#5:65097fb9,0.7142857142857142,0.4,2,3,0.2857,structure
budget100@100,attr:docetl_Player_v7:q0:525436db,1.0,0.0,2,2,0.0,values
budget100@100,attr:Splits/train.sql#20:c3c663c9,0.9210526315789473,0.888888888888889,22,23,0.8187,structure
budget100@100,attr:Splits/train.sql#68:3aaa2fe5,0.7142857142857142,0.4,2,3,0.2857,structure
budget100@100,attr:Splits/test.sql#14:07834953,0.7142857142857142,0.0,2,3,0.0,structure
budget100@100,attr:Splits/train.sql#23:6f7d6e40,0.0,0.0,1,1,0.0,structure
budget100@100,attr:Splits/train.sql#44:f69fe7f1,0.8189655172413792,0.5454545454545454,20,24,0.4467,structure
budget100@100,attr:player_multiagg20:q4:bbe158ad,0.7333333333333333,0.4691358024691358,11,16,0.344,structure
budget100@100,attr:Splits/test.sql#2:86ec6660,0.5989583333333334,0.49275362318840576,56,82,0.2951,structure
budget100@100,attr:Splits/train.sql#70:eaedaf09,0.75,0.4324324324324324,16,21,0.3243,structure
budget100@100,attr:Splits/train.sql#37:54c21492,0.6666666666666666,0.0,3,3,0.0,structure
budget100@100,attr:player_join20:q7:ed16135e,1.0,0.6818181818181818,22,22,0.6818,values
budget100@100,attr:Splits/train.sql#23:1909ba6e,0.0,0.0,1,1,0.0,structure
budget100@100,attr:Expanded/agg_only_expanded.sql#14:1f093cf7,0.5750798722044729,0.5321100917431193,41,68,0.306,structure
budget100@100,attr:Splits/train.sql#36:fe39afb8,0.6666666666666666,0.0,3,3,0.0,structure
budget100@100,attr:Splits/train.sql#51:d89bf15c,0.7142857142857142,0.4,2,3,0.2857,structure
budget100@100,attr:Splits/train.sql#20:e326cfd2,0.9210526315789473,0.888888888888889,22,23,0.8187,structure
budget100@100,attr:Expanded/agg_only_expanded.sql#10:a23eaa3e,0.9210526315789473,0.9333333333333332,22,23,0.8596,structure
budget100@100,attr:docetl_Player_v7:q18:adf37781,1.0,0.7272727272727273,22,22,0.7273,values
budget100@100,attr:Agg/agg_queries.sql#1:58b91799,0.6666666666666666,0.6666666666666666,3,3,0.4444,structure
budget100@100,attr:Splits/train.sql#37:38657b49,0.6666666666666666,0.0,3,3,0.0,structure
budget100@100,attr:docetl_Player_v7:q4:120ccaad,1.0,0.0,2,2,0.0,values
budget100@100,attr:Splits/train.sql#68:8e4ce4b5,0.7142857142857142,0.0,2,3,0.0,structure
budget100@100,attr:Agg/agg_queries.sql#1:a82f21fb,0.6666666666666666,0.0,3,3,0.0,structure
budget100@100,attr:Variations/Agg/agg_variations.sql#3:bbacce37,0.6666666666666666,0.3333333333333333,3,3,0.2222,structure
budget100@100,attr:Splits/test.sql#17:367c3153,0.7843137254901963,0.6666666666666666,11,10,0.5229,structure
budget100@100,attr:Expanded/agg_filter_join_expanded.sql#1:6dec2e2f,0.7142857142857142,0.8,2,3,0.5714,structure
budget100@100,attr:Splits/train.sql#44:dd84024c,0.8189655172413792,0.6363636363636365,20,24,0.5212,structure
budget100@100,attr:Expanded/agg_only_expanded.sql#14:95406113,0.5750798722044729,0.4220183486238533,41,68,0.2427,structure
budget100@100,attr:Splits/dev.sql#18:013eb2e8,1.0,1.0,1,1,1.0,ok
budget100@100,attr:docetl_Player_v7:q4:dd9b4ab5,1.0,0.5,2,2,0.5,values
budget100@100,attr:Splits/train.sql#70:2e3d2355,0.75,0.5945945945945946,16,21,0.4459,structure
budget100@100,attr:Agg/agg_queries.sql#1:4b97a7c3,0.6666666666666666,0.0,3,3,0.0,structure
budget100@100,attr:Splits/train.sql#47:4820ea07,0.7142857142857142,0.0,2,3,0.0,structure
budget100@100,attr:Splits/train.sql#22:05a051ca,0.7142857142857142,0.0,2,3,0.0,structure
budget100@100,attr:Splits/train.sql#19:303ef1a3,0.5989583333333334,0.5072463768115942,56,82,0.3038,structure
budget100@100,attr:Expanded/agg_filter_expanded.sql#12:338a0c96,0.5700325732899022,0.5283018867924528,39,67,0.3011,structure
budget100@100,attr:Splits/train.sql#28:51cf7ce8,1.0,1.0,1,1,1.0,ok
budget100@100,attr:Expanded/agg_filter_join_expanded.sql#1:0535a95a,0.0,0.0,1,1,0.0,structure
budget100@100,attr:Expanded/agg_only_expanded.sql#10:5c8ac6e2,0.9210526315789473,0.7555555555555555,22,23,0.6959,structure
budget100@100,attr:Variations/Agg/agg_variations.sql#3:c63098a9,0.6666666666666666,0.3333333333333333,3,3,0.2222,structure
budget100@100,attr:Splits/test.sql#3:5e26d92b,0.5989583333333334,0.6521739130434783,56,82,0.3906,structure
budget100@100,attr:Splits/train.sql#51:2c3904c8,0.7142857142857142,0.4,2,3,0.2857,structure
budget100@100,attr:Splits/train.sql#27:71575b0f,0.7142857142857142,0.0,2,3,0.0,structure
budget100@100,attr:Splits/train.sql#23:5e5025ba,0.0,0.0,1,1,0.0,structure
budget100@100,attr:player_multiagg20:q12:a5be78a3,0.7333333333333333,0.5555555555555556,11,16,0.4074,structure
budget100@100,attr:Splits/train.sql#28:856ff057,1.0,1.0,1,1,1.0,ok
budget100@100,attr:Expanded/agg_filter_join_expanded.sql#4:0a31a1d6,0.7142857142857142,0.8,2,3,0.5714,structure
budget100@100,attr:Splits/dev.sql#11:8b66cd72,0.7142857142857142,0.4,2,3,0.2857,structure
budget100@100,attr:Expanded/agg_filter_expanded.sql#14:c9541d96,0.9259259259259258,0.7142857142857143,20,22,0.6614,structure
budget100@100,attr:Variations/Agg/agg_variations.sql#1:e6658259,0.6666666666666666,0.0,3,3,0.0,structure
budget100@100,attr:docetl_Player_v7:q0:a5bdcfba,1.0,0.0,2,2,0.0,values
budget100@100,attr:player_groupby20:q9:3e882071,0.9388646288209607,0.868131868131868,90,92,0.8151,structure
budget100@100,attr:Splits/train.sql#39:499af76e,1.0,1.0,2,2,1.0,ok
budget100@100,attr:Expanded/agg_filter_join_expanded.sql#4:6a2d36fc,0.7142857142857142,0.4,2,3,0.2857,structure
budget100@25,attr:player_multiagg20:q4:e223d11d,0.7333333333333333,0.5679012345679013,11,16,0.4165,structure
budget100@25,attr:Splits/train.sql#4:550eb54f,0.6666666666666666,0.0,3,3,0.0,structure
budget100@25,attr:Expanded/agg_join_expanded.sql#1:c24e0cc7,0.7142857142857142,0.0,2,3,0.0,structure
budget100@25,attr:Splits/train.sql#70:58fad108,0.75,0.7027027027027026,16,21,0.527,structure
budget100@25,attr:Splits/train.sql#37:36ff2681,0.6666666666666666,0.3333333333333333,3,3,0.2222,structure
budget100@25,attr:Splits/test.sql#17:9db266f2,0.7843137254901963,0.761904761904762,11,10,0.5976,structure
budget100@25,attr:Expanded/agg_filter_expanded.sql#12:9257bded,0.5700325732899022,0.4339622641509434,39,67,0.2474,structure
budget100@25,attr:Splits/train.sql#47:d388188d,0.7142857142857142,0.8,2,3,0.5714,structure
budget100@25,attr:Splits/test.sql#14:a53facfd,0.7142857142857142,0.0,2,3,0.0,structure
budget100@25,attr:Expanded/agg_filter_expanded.sql#1:c5608ae2,1.0,1.0,1,1,1.0,ok
budget100@25,attr:Expanded/agg_filter_join_expanded.sql#1:97f4546b,0.7142857142857142,0.8,2,3,0.5714,structure
budget100@25,attr:Splits/train.sql#74:d43cbebb,1.0,0.8000000000000002,10,10,0.8,values
budget100@25,attr:Expanded/agg_join_expanded.sql#5:15c06c11,0.7142857142857142,0.4,2,3,0.2857,structure
budget100@25,attr:Splits/train.sql#47:c40d7c13,0.7142857142857142,0.0,2,3,0.0,structure
budget100@25,attr:player_multiagg20:q12:365f4815,0.7333333333333333,0.6296296296296297,11,16,0.4617,structure
budget100@25,attr:Splits/train.sql#39:2660c7eb,1.0,0.0,2,2,0.0,values
budget100@25,attr:Splits/train.sql#39:cfc6a04a,1.0,1.0,2,2,1.0,ok
budget100@25,attr:Splits/train.sql#20:610644e4,0.9210526315789473,0.8444444444444444,22,23,0.7778,structure
budget100@25,attr:Splits/train.sql#74:d1735ba6,1.0,1.0,10,10,1.0,ok
budget100@25,attr:Expanded/agg_filter_expanded.sql#1:43804a60,1.0,1.0,1,1,1.0,ok
budget100@25,attr:Splits/train.sql#4:f514a950,0.6666666666666666,0.0,3,3,0.0,structure
budget100@25,attr:docetl_Player_v7:q0:fef776e6,1.0,0.0,2,2,0.0,values
budget100@25,attr:Variations/Agg/agg_variations.sql#1:09fbc9fa,0.6666666666666666,0.0,3,3,0.0,structure
budget100@25,attr:Splits/train.sql#74:2968ff54,1.0,0.9,10,10,0.9,values
budget100@25,attr:Splits/test.sql#14:e0da7fae,0.7142857142857142,0.0,2,3,0.0,structure
budget100@25,attr:Splits/dev.sql#18:bbfca16a,1.0,1.0,1,1,1.0,ok
budget100@25,attr:Variations/Agg/agg_variations.sql#3:6d2eeac2,0.6666666666666666,0.0,3,3,0.0,structure
budget100@25,attr:Splits/train.sql#19:332da492,0.5989583333333334,0.49275362318840576,56,82,0.2951,structure
budget100@25,attr:Expanded/agg_filter_join_expanded.sql#4:17c50da4,0.7142857142857142,0.4,2,3,0.2857,structure
budget100@25,attr:Splits/dev.sql#11:99e28283,0.7142857142857142,0.4,2,3,0.2857,structure
budget100@25,attr:Expanded/agg_join_expanded.sql#5:b42bc767,0.7142857142857142,0.4,2,3,0.2857,structure
budget100@25,attr:Expanded/agg_filter_expanded.sql#14:c3259565,0.9259259259259258,0.9047619047619048,20,22,0.8377,structure
budget100@25,attr:Splits/train.sql#51:a95139b5,0.7142857142857142,0.4,2,3,0.2857,structure
budget100@25,attr:Expanded/agg_filter_expanded.sql#12:f3a1786c,0.5700325732899022,0.660377358490566,39,67,0.3764,structure
budget100@25,attr:Splits/dev.sql#18:b1241002,1.0,1.0,1,1,1.0,ok
budget100@25,attr:Splits/train.sql#44:a130f41f,0.8189655172413792,0.7727272727272727,20,24,0.6328,structure
budget100@25,attr:Expanded/agg_filter_expanded.sql#1:e3a8531c,1.0,1.0,1,1,1.0,ok
budget100@25,attr:player_multiagg20:q12:e0cde198,0.7333333333333333,0.6296296296296297,11,16,0.4617,structure
budget100@25,attr:Splits/test.sql#2:3e923052,0.5989583333333334,0.536231884057971,56,82,0.3212,structure
budget100@25,attr:player_multiagg20:q10:061dce02,0.7142857142857142,0.8,2,3,0.5714,structure
budget100@25,attr:Expanded/agg_only_expanded.sql#14:c60f4651,0.5750798722044729,0.4036697247706422,41,68,0.2321,structure
budget100@25,attr:Splits/train.sql#36:76016403,0.6666666666666666,0.0,3,3,0.0,structure
budget100@25,attr:docetl_Player_v7:q4:7175642b,1.0,0.0,2,2,0.0,values
budget100@25,attr:Expanded/agg_only_expanded.sql#10:30df06be,0.9210526315789473,0.888888888888889,22,23,0.8187,structure
budget100@25,attr:Splits/train.sql#19:5ad6058c,0.8287292817679557,0.5833333333333334,107,109,0.4834,structure
budget100@25,attr:Splits/dev.sql#11:6ef31688,0.7142857142857142,0.4,2,3,0.2857,structure
budget100@25,attr:Variations/Agg/agg_variations.sql#1:84662181,0.6666666666666666,0.3333333333333333,3,3,0.2222,structure
budget100@25,attr:Splits/train.sql#27:22ff56d3,0.7142857142857142,0.4,2,3,0.2857,structure
budget100@25,attr:Expanded/agg_join_expanded.sql#1:a91a664a,0.7142857142857142,0.0,2,3,0.0,structure
budget100@25,attr:Splits/train.sql#28:913c76d4,1.0,1.0,1,1,1.0,ok
budget100@25,attr:Splits/test.sql#17:be55be91,0.7843137254901963,0.47619047619047616,11,10,0.3735,structure
budget100@25,attr:Splits/train.sql#36:267aed6c,0.6666666666666666,0.3333333333333333,3,3,0.2222,structure
budget100@25,attr:Splits/train.sql#4:4f11fcad,0.6666666666666666,0.0,3,3,0.0,structure
budget100@25,attr:player_multiagg20:q10:1337ff71,0.7142857142857142,0.8,2,3,0.5714,structure
budget100@25,attr:Splits/test.sql#2:ab13f20a,0.5989583333333334,0.6521739130434783,56,82,0.3906,structure
budget100@25,attr:Splits/train.sql#27:e518235e,0.7142857142857142,0.4,2,3,0.2857,structure
budget100@25,attr:Expanded/agg_join_expanded.sql#1:ed9dfa67,0.7142857142857142,0.0,2,3,0.0,structure
budget100@25,attr:Splits/test.sql#3:5b6cb72b,0.5989583333333334,0.536231884057971,56,82,0.3212,structure
budget100@25,attr:Expanded/agg_filter_expanded.sql#14:c7e1850b,0.9259259259259258,0.8095238095238095,20,22,0.7496,structure
budget100@25,attr:Expanded/agg_filter_join_expanded.sql#5:e4adf27a,1.0,1.0,1,1,1.0,ok
budget100@25,attr:player_multiagg20:q4:8c5af8bb,0.7333333333333333,0.5679012345679013,11,16,0.4165,structure
budget100@25,attr:Splits/test.sql#3:4e167992,0.8287292817679557,0.6203703703703702,107,109,0.5141,structure
budget100@25,attr:Splits/train.sql#68:e92c391d,0.7142857142857142,0.4,2,3,0.2857,structure
budget100@25,attr:Expanded/agg_join_expanded.sql#5:65097fb9,0.7142857142857142,0.4,2,3,0.2857,structure
budget100@25,attr:docetl_Player_v7:q0:525436db,1.0,0.0,2,2,0.0,values
budget100@25,attr:Splits/train.sql#20:c3c663c9,0.9210526315789473,0.888888888888889,22,23,0.8187,structure
budget100@25,attr:Splits/train.sql#68:3aaa2fe5,0.7142857142857142,0.4,2,3,0.2857,structure
budget100@25,attr:Splits/test.sql#14:07834953,0.7142857142857142,0.0,2,3,0.0,structure
budget100@25,attr:Splits/train.sql#23:6f7d6e40,0.0,0.0,1,1,0.0,structure
budget100@25,attr:Splits/train.sql#44:f69fe7f1,0.8189655172413792,0.5,20,24,0.4095,structure
budget100@25,attr:player_multiagg20:q4:bbe158ad,0.7333333333333333,0.4691358024691358,11,16,0.344,structure
budget100@25,attr:Splits/test.sql#2:86ec6660,0.5989583333333334,0.463768115942029,56,82,0.2778,structure
budget100@25,attr:Splits/train.sql#70:eaedaf09,0.75,0.3243243243243243,16,21,0.2432,structure
budget100@25,attr:Splits/train.sql#37:54c21492,0.6666666666666666,0.0,3,3,0.0,structure
budget100@25,attr:player_join20:q7:ed16135e,1.0,0.6818181818181818,22,22,0.6818,values
budget100@25,attr:Splits/train.sql#23:1909ba6e,0.0,0.0,1,1,0.0,structure
budget100@25,attr:Expanded/agg_only_expanded.sql#14:1f093cf7,0.5750798722044729,0.5137614678899082,41,68,0.2955,structure
budget100@25,attr:Splits/train.sql#36:fe39afb8,0.6666666666666666,0.0,3,3,0.0,structure
budget100@25,attr:Splits/train.sql#51:d89bf15c,0.7142857142857142,0.4,2,3,0.2857,structure
budget100@25,attr:Splits/train.sql#20:e326cfd2,0.9210526315789473,0.888888888888889,22,23,0.8187,structure
budget100@25,attr:Expanded/agg_only_expanded.sql#10:a23eaa3e,0.9210526315789473,0.888888888888889,22,23,0.8187,structure
budget100@25,attr:docetl_Player_v7:q18:adf37781,1.0,0.7272727272727273,22,22,0.7273,values
budget100@25,attr:Agg/agg_queries.sql#1:58b91799,0.6666666666666666,0.6666666666666666,3,3,0.4444,structure
budget100@25,attr:Splits/train.sql#37:38657b49,0.6666666666666666,0.0,3,3,0.0,structure
budget100@25,attr:docetl_Player_v7:q4:120ccaad,1.0,0.0,2,2,0.0,values
budget100@25,attr:Splits/train.sql#68:8e4ce4b5,0.7142857142857142,0.0,2,3,0.0,structure
budget100@25,attr:Agg/agg_queries.sql#1:a82f21fb,0.6666666666666666,0.0,3,3,0.0,structure
budget100@25,attr:Variations/Agg/agg_variations.sql#3:bbacce37,0.6666666666666666,0.5,3,3,0.3333,structure
budget100@25,attr:Splits/test.sql#17:367c3153,0.7843137254901963,0.6666666666666666,11,10,0.5229,structure
budget100@25,attr:Expanded/agg_filter_join_expanded.sql#1:6dec2e2f,0.7142857142857142,0.8,2,3,0.5714,structure
budget100@25,attr:Splits/train.sql#44:dd84024c,0.8189655172413792,0.6363636363636365,20,24,0.5212,structure
budget100@25,attr:Expanded/agg_only_expanded.sql#14:95406113,0.5750798722044729,0.4220183486238533,41,68,0.2427,structure
budget100@25,attr:Splits/dev.sql#18:013eb2e8,1.0,0.0,1,1,0.0,values
budget100@25,attr:docetl_Player_v7:q4:dd9b4ab5,1.0,0.5,2,2,0.5,values
budget100@25,attr:Splits/train.sql#70:2e3d2355,0.75,0.5945945945945946,16,21,0.4459,structure
budget100@25,attr:Agg/agg_queries.sql#1:4b97a7c3,0.6666666666666666,0.0,3,3,0.0,structure
budget100@25,attr:Splits/train.sql#47:4820ea07,0.7142857142857142,0.0,2,3,0.0,structure
budget100@25,attr:Splits/train.sql#22:05a051ca,0.7142857142857142,0.0,2,3,0.0,structure
budget100@25,attr:Splits/train.sql#19:303ef1a3,0.5989583333333334,0.5072463768115942,56,82,0.3038,structure
budget100@25,attr:Expanded/agg_filter_expanded.sql#12:338a0c96,0.5700325732899022,0.5094339622641508,39,67,0.2904,structure
budget100@25,attr:Splits/train.sql#28:51cf7ce8,1.0,1.0,1,1,1.0,ok
budget100@25,attr:Expanded/agg_filter_join_expanded.sql#1:0535a95a,0.0,0.0,1,1,0.0,structure
budget100@25,attr:Expanded/agg_only_expanded.sql#10:5c8ac6e2,0.9210526315789473,0.8,22,23,0.7368,structure
budget100@25,attr:Variations/Agg/agg_variations.sql#3:c63098a9,0.6666666666666666,0.5,3,3,0.3333,structure
budget100@25,attr:Splits/test.sql#3:5e26d92b,0.5989583333333334,0.6521739130434783,56,82,0.3906,structure
budget100@25,attr:Splits/train.sql#51:2c3904c8,0.7142857142857142,0.4,2,3,0.2857,structure
budget100@25,attr:Splits/train.sql#27:71575b0f,0.7142857142857142,0.0,2,3,0.0,structure
budget100@25,attr:Splits/train.sql#23:5e5025ba,0.0,0.0,1,1,0.0,structure
budget100@25,attr:player_multiagg20:q12:a5be78a3,0.7333333333333333,0.5555555555555556,11,16,0.4074,structure
budget100@25,attr:Splits/train.sql#28:856ff057,1.0,1.0,1,1,1.0,ok
budget100@25,attr:Expanded/agg_filter_join_expanded.sql#4:0a31a1d6,0.7142857142857142,0.8,2,3,0.5714,structure
budget100@25,attr:Splits/dev.sql#11:8b66cd72,0.7142857142857142,0.4,2,3,0.2857,structure
budget100@25,attr:Expanded/agg_filter_expanded.sql#14:c9541d96,0.9259259259259258,0.7142857142857143,20,22,0.6614,structure
budget100@25,attr:Variations/Agg/agg_variations.sql#1:e6658259,0.6666666666666666,0.3333333333333333,3,3,0.2222,structure
budget100@25,attr:docetl_Player_v7:q0:a5bdcfba,1.0,0.0,2,2,0.0,values
budget100@25,attr:player_groupby20:q9:3e882071,0.9299781181619257,0.8839779005524863,89,92,0.8221,structure
budget100@25,attr:Splits/train.sql#39:499af76e,1.0,1.0,2,2,1.0,ok
budget100@25,attr:Expanded/agg_filter_join_expanded.sql#4:6a2d36fc,0.7142857142857142,0.4,2,3,0.2857,structure
budget100@50,attr:player_multiagg20:q4:e223d11d,0.7333333333333333,0.5679012345679013,11,16,0.4165,structure
budget100@50,attr:Splits/train.sql#4:550eb54f,0.6666666666666666,0.0,3,3,0.0,structure
budget100@50,attr:Expanded/agg_join_expanded.sql#1:c24e0cc7,0.7142857142857142,0.0,2,3,0.0,structure
budget100@50,attr:Splits/train.sql#70:58fad108,0.75,0.7027027027027026,16,21,0.527,structure
budget100@50,attr:Splits/train.sql#37:36ff2681,0.6666666666666666,0.3333333333333333,3,3,0.2222,structure
budget100@50,attr:Splits/test.sql#17:9db266f2,0.7843137254901963,0.761904761904762,11,10,0.5976,structure
budget100@50,attr:Expanded/agg_filter_expanded.sql#12:9257bded,0.5700325732899022,0.4339622641509434,39,67,0.2474,structure
budget100@50,attr:Splits/train.sql#47:d388188d,0.7142857142857142,0.8,2,3,0.5714,structure
budget100@50,attr:Splits/test.sql#14:a53facfd,0.7142857142857142,0.0,2,3,0.0,structure
budget100@50,attr:Expanded/agg_filter_expanded.sql#1:c5608ae2,1.0,1.0,1,1,1.0,ok
budget100@50,attr:Expanded/agg_filter_join_expanded.sql#1:97f4546b,0.7142857142857142,0.8,2,3,0.5714,structure
budget100@50,attr:Splits/train.sql#74:d43cbebb,1.0,1.0,10,10,1.0,ok
budget100@50,attr:Expanded/agg_join_expanded.sql#5:15c06c11,0.7142857142857142,0.4,2,3,0.2857,structure
budget100@50,attr:Splits/train.sql#47:c40d7c13,0.7142857142857142,0.0,2,3,0.0,structure
budget100@50,attr:player_multiagg20:q12:365f4815,0.7333333333333333,0.6296296296296297,11,16,0.4617,structure
budget100@50,attr:Splits/train.sql#39:2660c7eb,1.0,0.0,2,2,0.0,values
budget100@50,attr:Splits/train.sql#39:cfc6a04a,1.0,1.0,2,2,1.0,ok
budget100@50,attr:Splits/train.sql#20:610644e4,0.9210526315789473,0.8444444444444444,22,23,0.7778,structure
budget100@50,attr:Splits/train.sql#74:d1735ba6,1.0,1.0,10,10,1.0,ok
budget100@50,attr:Expanded/agg_filter_expanded.sql#1:43804a60,1.0,1.0,1,1,1.0,ok
budget100@50,attr:Splits/train.sql#4:f514a950,0.6666666666666666,0.0,3,3,0.0,structure
budget100@50,attr:docetl_Player_v7:q0:fef776e6,1.0,0.0,2,2,0.0,values
budget100@50,attr:Variations/Agg/agg_variations.sql#1:09fbc9fa,0.6666666666666666,0.0,3,3,0.0,structure
budget100@50,attr:Splits/train.sql#74:2968ff54,1.0,0.9,10,10,0.9,values
budget100@50,attr:Splits/test.sql#14:e0da7fae,0.7142857142857142,0.0,2,3,0.0,structure
budget100@50,attr:Splits/dev.sql#18:bbfca16a,1.0,1.0,1,1,1.0,ok
budget100@50,attr:Variations/Agg/agg_variations.sql#3:6d2eeac2,0.6666666666666666,0.0,3,3,0.0,structure
budget100@50,attr:Splits/train.sql#19:332da492,0.5989583333333334,0.49275362318840576,56,82,0.2951,structure
budget100@50,attr:Expanded/agg_filter_join_expanded.sql#4:17c50da4,0.7142857142857142,0.4,2,3,0.2857,structure
budget100@50,attr:Splits/dev.sql#11:99e28283,0.7142857142857142,0.4,2,3,0.2857,structure
budget100@50,attr:Expanded/agg_join_expanded.sql#5:b42bc767,0.7142857142857142,0.4,2,3,0.2857,structure
budget100@50,attr:Expanded/agg_filter_expanded.sql#14:c3259565,0.9259259259259258,0.9523809523809523,20,22,0.8818,structure
budget100@50,attr:Splits/train.sql#51:a95139b5,0.7142857142857142,0.4,2,3,0.2857,structure
budget100@50,attr:Expanded/agg_filter_expanded.sql#12:f3a1786c,0.5700325732899022,0.660377358490566,39,67,0.3764,structure
budget100@50,attr:Splits/dev.sql#18:b1241002,1.0,1.0,1,1,1.0,ok
budget100@50,attr:Splits/train.sql#44:a130f41f,0.8189655172413792,0.7727272727272727,20,24,0.6328,structure
budget100@50,attr:Expanded/agg_filter_expanded.sql#1:e3a8531c,1.0,1.0,1,1,1.0,ok
budget100@50,attr:player_multiagg20:q12:e0cde198,0.7333333333333333,0.6296296296296297,11,16,0.4617,structure
budget100@50,attr:Splits/test.sql#2:3e923052,0.5989583333333334,0.536231884057971,56,82,0.3212,structure
budget100@50,attr:player_multiagg20:q10:061dce02,0.7142857142857142,0.8,2,3,0.5714,structure
budget100@50,attr:Expanded/agg_only_expanded.sql#14:c60f4651,0.5750798722044729,0.4036697247706422,41,68,0.2321,structure
budget100@50,attr:Splits/train.sql#36:76016403,0.6666666666666666,0.0,3,3,0.0,structure
budget100@50,attr:docetl_Player_v7:q4:7175642b,1.0,0.0,2,2,0.0,values
budget100@50,attr:Expanded/agg_only_expanded.sql#10:30df06be,0.9210526315789473,0.888888888888889,22,23,0.8187,structure
budget100@50,attr:Splits/train.sql#19:5ad6058c,0.8272058823529412,0.5990783410138248,108,109,0.4956,structure
budget100@50,attr:Splits/dev.sql#11:6ef31688,0.7142857142857142,0.4,2,3,0.2857,structure
budget100@50,attr:Variations/Agg/agg_variations.sql#1:84662181,0.6666666666666666,0.0,3,3,0.0,structure
budget100@50,attr:Splits/train.sql#27:22ff56d3,0.7142857142857142,0.4,2,3,0.2857,structure
budget100@50,attr:Expanded/agg_join_expanded.sql#1:a91a664a,0.7142857142857142,0.0,2,3,0.0,structure
budget100@50,attr:Splits/train.sql#28:913c76d4,1.0,1.0,1,1,1.0,ok
budget100@50,attr:Splits/test.sql#17:be55be91,0.7843137254901963,0.47619047619047616,11,10,0.3735,structure
budget100@50,attr:Splits/train.sql#36:267aed6c,0.6666666666666666,0.3333333333333333,3,3,0.2222,structure
budget100@50,attr:Splits/train.sql#4:4f11fcad,0.6666666666666666,0.0,3,3,0.0,structure
budget100@50,attr:player_multiagg20:q10:1337ff71,0.7142857142857142,0.8,2,3,0.5714,structure
budget100@50,attr:Splits/test.sql#2:ab13f20a,0.5989583333333334,0.6521739130434783,56,82,0.3906,structure
budget100@50,attr:Splits/train.sql#27:e518235e,0.7142857142857142,0.4,2,3,0.2857,structure
budget100@50,attr:Expanded/agg_join_expanded.sql#1:ed9dfa67,0.7142857142857142,0.0,2,3,0.0,structure
budget100@50,attr:Splits/test.sql#3:5b6cb72b,0.5989583333333334,0.536231884057971,56,82,0.3212,structure
budget100@50,attr:Expanded/agg_filter_expanded.sql#14:c7e1850b,0.9259259259259258,0.8095238095238095,20,22,0.7496,structure
budget100@50,attr:Expanded/agg_filter_join_expanded.sql#5:e4adf27a,1.0,1.0,1,1,1.0,ok
budget100@50,attr:player_multiagg20:q4:8c5af8bb,0.7333333333333333,0.5679012345679013,11,16,0.4165,structure
budget100@50,attr:Splits/test.sql#3:4e167992,0.8272058823529412,0.6175115207373272,108,109,0.5108,structure
budget100@50,attr:Splits/train.sql#68:e92c391d,0.7142857142857142,0.4,2,3,0.2857,structure
budget100@50,attr:Expanded/agg_join_expanded.sql#5:65097fb9,0.7142857142857142,0.4,2,3,0.2857,structure
budget100@50,attr:docetl_Player_v7:q0:525436db,1.0,0.0,2,2,0.0,values
budget100@50,attr:Splits/train.sql#20:c3c663c9,0.9210526315789473,0.888888888888889,22,23,0.8187,structure
budget100@50,attr:Splits/train.sql#68:3aaa2fe5,0.7142857142857142,0.4,2,3,0.2857,structure
budget100@50,attr:Splits/test.sql#14:07834953,0.7142857142857142,0.0,2,3,0.0,structure
budget100@50,attr:Splits/train.sql#23:6f7d6e40,0.0,0.0,1,1,0.0,structure
budget100@50,attr:Splits/train.sql#44:f69fe7f1,0.8189655172413792,0.5454545454545454,20,24,0.4467,structure
budget100@50,attr:player_multiagg20:q4:bbe158ad,0.7333333333333333,0.4691358024691358,11,16,0.344,structure
budget100@50,attr:Splits/test.sql#2:86ec6660,0.5989583333333334,0.49275362318840576,56,82,0.2951,structure
budget100@50,attr:Splits/train.sql#70:eaedaf09,0.75,0.4324324324324324,16,21,0.3243,structure
budget100@50,attr:Splits/train.sql#37:54c21492,0.6666666666666666,0.0,3,3,0.0,structure
budget100@50,attr:player_join20:q7:ed16135e,1.0,0.6818181818181818,22,22,0.6818,values
budget100@50,attr:Splits/train.sql#23:1909ba6e,0.0,0.0,1,1,0.0,structure
budget100@50,attr:Expanded/agg_only_expanded.sql#14:1f093cf7,0.5750798722044729,0.5321100917431193,41,68,0.306,structure
budget100@50,attr:Splits/train.sql#36:fe39afb8,0.6666666666666666,0.0,3,3,0.0,structure
budget100@50,attr:Splits/train.sql#51:d89bf15c,0.7142857142857142,0.4,2,3,0.2857,structure
budget100@50,attr:Splits/train.sql#20:e326cfd2,0.9210526315789473,0.888888888888889,22,23,0.8187,structure
budget100@50,attr:Expanded/agg_only_expanded.sql#10:a23eaa3e,0.9210526315789473,0.9333333333333332,22,23,0.8596,structure
budget100@50,attr:docetl_Player_v7:q18:adf37781,1.0,0.7272727272727273,22,22,0.7273,values
budget100@50,attr:Agg/agg_queries.sql#1:58b91799,0.6666666666666666,0.6666666666666666,3,3,0.4444,structure
budget100@50,attr:Splits/train.sql#37:38657b49,0.6666666666666666,0.0,3,3,0.0,structure
budget100@50,attr:docetl_Player_v7:q4:120ccaad,1.0,0.0,2,2,0.0,values
budget100@50,attr:Splits/train.sql#68:8e4ce4b5,0.7142857142857142,0.0,2,3,0.0,structure
budget100@50,attr:Agg/agg_queries.sql#1:a82f21fb,0.6666666666666666,0.0,3,3,0.0,structure
budget100@50,attr:Variations/Agg/agg_variations.sql#3:bbacce37,0.6666666666666666,0.5,3,3,0.3333,structure
budget100@50,attr:Splits/test.sql#17:367c3153,0.7843137254901963,0.6666666666666666,11,10,0.5229,structure
budget100@50,attr:Expanded/agg_filter_join_expanded.sql#1:6dec2e2f,0.7142857142857142,0.8,2,3,0.5714,structure
budget100@50,attr:Splits/train.sql#44:dd84024c,0.8189655172413792,0.6363636363636365,20,24,0.5212,structure
budget100@50,attr:Expanded/agg_only_expanded.sql#14:95406113,0.5750798722044729,0.4220183486238533,41,68,0.2427,structure
budget100@50,attr:Splits/dev.sql#18:013eb2e8,1.0,1.0,1,1,1.0,ok
budget100@50,attr:docetl_Player_v7:q4:dd9b4ab5,1.0,0.5,2,2,0.5,values
budget100@50,attr:Splits/train.sql#70:2e3d2355,0.75,0.5945945945945946,16,21,0.4459,structure
budget100@50,attr:Agg/agg_queries.sql#1:4b97a7c3,0.6666666666666666,0.0,3,3,0.0,structure
budget100@50,attr:Splits/train.sql#47:4820ea07,0.7142857142857142,0.0,2,3,0.0,structure
budget100@50,attr:Splits/train.sql#22:05a051ca,0.7142857142857142,0.0,2,3,0.0,structure
budget100@50,attr:Splits/train.sql#19:303ef1a3,0.5989583333333334,0.5072463768115942,56,82,0.3038,structure
budget100@50,attr:Expanded/agg_filter_expanded.sql#12:338a0c96,0.5700325732899022,0.5283018867924528,39,67,0.3011,structure
budget100@50,attr:Splits/train.sql#28:51cf7ce8,1.0,1.0,1,1,1.0,ok
budget100@50,attr:Expanded/agg_filter_join_expanded.sql#1:0535a95a,0.0,0.0,1,1,0.0,structure
budget100@50,attr:Expanded/agg_only_expanded.sql#10:5c8ac6e2,0.9210526315789473,0.8,22,23,0.7368,structure
budget100@50,attr:Variations/Agg/agg_variations.sql#3:c63098a9,0.6666666666666666,0.3333333333333333,3,3,0.2222,structure
budget100@50,attr:Splits/test.sql#3:5e26d92b,0.5989583333333334,0.6521739130434783,56,82,0.3906,structure
budget100@50,attr:Splits/train.sql#51:2c3904c8,0.7142857142857142,0.4,2,3,0.2857,structure
budget100@50,attr:Splits/train.sql#27:71575b0f,0.7142857142857142,0.0,2,3,0.0,structure
budget100@50,attr:Splits/train.sql#23:5e5025ba,0.0,0.0,1,1,0.0,structure
budget100@50,attr:player_multiagg20:q12:a5be78a3,0.7333333333333333,0.5555555555555556,11,16,0.4074,structure
budget100@50,attr:Splits/train.sql#28:856ff057,1.0,1.0,1,1,1.0,ok
budget100@50,attr:Expanded/agg_filter_join_expanded.sql#4:0a31a1d6,0.7142857142857142,0.8,2,3,0.5714,structure
budget100@50,attr:Splits/dev.sql#11:8b66cd72,0.7142857142857142,0.4,2,3,0.2857,structure
budget100@50,attr:Expanded/agg_filter_expanded.sql#14:c9541d96,0.9259259259259258,0.7142857142857143,20,22,0.6614,structure
budget100@50,attr:Variations/Agg/agg_variations.sql#1:e6658259,0.6666666666666666,0.3333333333333333,3,3,0.2222,structure
budget100@50,attr:docetl_Player_v7:q0:a5bdcfba,1.0,0.0,2,2,0.0,values
budget100@50,attr:player_groupby20:q9:3e882071,0.9388646288209607,0.868131868131868,90,92,0.8151,structure
budget100@50,attr:Splits/train.sql#39:499af76e,1.0,1.0,2,2,1.0,ok
budget100@50,attr:Expanded/agg_filter_join_expanded.sql#4:6a2d36fc,0.7142857142857142,0.4,2,3,0.2857,structure
budget100@75,attr:player_multiagg20:q4:e223d11d,0.7333333333333333,0.5679012345679013,11,16,0.4165,structure
budget100@75,attr:Splits/train.sql#4:550eb54f,0.6666666666666666,0.0,3,3,0.0,structure
budget100@75,attr:Expanded/agg_join_expanded.sql#1:c24e0cc7,0.7142857142857142,0.0,2,3,0.0,structure
budget100@75,attr:Splits/train.sql#70:58fad108,0.75,0.7027027027027026,16,21,0.527,structure
budget100@75,attr:Splits/train.sql#37:36ff2681,0.6666666666666666,0.3333333333333333,3,3,0.2222,structure
budget100@75,attr:Splits/test.sql#17:9db266f2,0.7843137254901963,0.761904761904762,11,10,0.5976,structure
budget100@75,attr:Expanded/agg_filter_expanded.sql#12:9257bded,0.5700325732899022,0.4339622641509434,39,67,0.2474,structure
budget100@75,attr:Splits/train.sql#47:d388188d,0.7142857142857142,0.8,2,3,0.5714,structure
budget100@75,attr:Splits/test.sql#14:a53facfd,0.7142857142857142,0.0,2,3,0.0,structure
budget100@75,attr:Expanded/agg_filter_expanded.sql#1:c5608ae2,1.0,1.0,1,1,1.0,ok
budget100@75,attr:Expanded/agg_filter_join_expanded.sql#1:97f4546b,0.7142857142857142,0.8,2,3,0.5714,structure
budget100@75,attr:Splits/train.sql#74:d43cbebb,1.0,1.0,10,10,1.0,ok
budget100@75,attr:Expanded/agg_join_expanded.sql#5:15c06c11,0.7142857142857142,0.4,2,3,0.2857,structure
budget100@75,attr:Splits/train.sql#47:c40d7c13,0.7142857142857142,0.0,2,3,0.0,structure
budget100@75,attr:player_multiagg20:q12:365f4815,0.7333333333333333,0.6296296296296297,11,16,0.4617,structure
budget100@75,attr:Splits/train.sql#39:2660c7eb,1.0,0.0,2,2,0.0,values
budget100@75,attr:Splits/train.sql#39:cfc6a04a,1.0,1.0,2,2,1.0,ok
budget100@75,attr:Splits/train.sql#20:610644e4,0.9210526315789473,0.8444444444444444,22,23,0.7778,structure
budget100@75,attr:Splits/train.sql#74:d1735ba6,1.0,1.0,10,10,1.0,ok
budget100@75,attr:Expanded/agg_filter_expanded.sql#1:43804a60,1.0,1.0,1,1,1.0,ok
budget100@75,attr:Splits/train.sql#4:f514a950,0.6666666666666666,0.0,3,3,0.0,structure
budget100@75,attr:docetl_Player_v7:q0:fef776e6,1.0,0.0,2,2,0.0,values
budget100@75,attr:Variations/Agg/agg_variations.sql#1:09fbc9fa,0.6666666666666666,0.0,3,3,0.0,structure
budget100@75,attr:Splits/train.sql#74:2968ff54,1.0,0.9,10,10,0.9,values
budget100@75,attr:Splits/test.sql#14:e0da7fae,0.7142857142857142,0.0,2,3,0.0,structure
budget100@75,attr:Splits/dev.sql#18:bbfca16a,1.0,1.0,1,1,1.0,ok
budget100@75,attr:Variations/Agg/agg_variations.sql#3:6d2eeac2,0.6666666666666666,0.0,3,3,0.0,structure
budget100@75,attr:Splits/train.sql#19:332da492,0.5989583333333334,0.5072463768115942,56,82,0.3038,structure
budget100@75,attr:Expanded/agg_filter_join_expanded.sql#4:17c50da4,0.7142857142857142,0.4,2,3,0.2857,structure
budget100@75,attr:Splits/dev.sql#11:99e28283,0.7142857142857142,0.4,2,3,0.2857,structure
budget100@75,attr:Expanded/agg_join_expanded.sql#5:b42bc767,0.7142857142857142,0.4,2,3,0.2857,structure
budget100@75,attr:Expanded/agg_filter_expanded.sql#14:c3259565,0.9259259259259258,0.9523809523809523,20,22,0.8818,structure
budget100@75,attr:Splits/train.sql#51:a95139b5,0.7142857142857142,0.4,2,3,0.2857,structure
budget100@75,attr:Expanded/agg_filter_expanded.sql#12:f3a1786c,0.5700325732899022,0.660377358490566,39,67,0.3764,structure
budget100@75,attr:Splits/dev.sql#18:b1241002,1.0,1.0,1,1,1.0,ok
budget100@75,attr:Splits/train.sql#44:a130f41f,0.8189655172413792,0.7727272727272727,20,24,0.6328,structure
budget100@75,attr:Expanded/agg_filter_expanded.sql#1:e3a8531c,1.0,1.0,1,1,1.0,ok
budget100@75,attr:player_multiagg20:q12:e0cde198,0.7333333333333333,0.6296296296296297,11,16,0.4617,structure
budget100@75,attr:Splits/test.sql#2:3e923052,0.5989583333333334,0.4782608695652174,56,82,0.2865,structure
budget100@75,attr:player_multiagg20:q10:061dce02,0.7142857142857142,0.8,2,3,0.5714,structure
budget100@75,attr:Expanded/agg_only_expanded.sql#14:c60f4651,0.5750798722044729,0.4220183486238533,41,68,0.2427,structure
budget100@75,attr:Splits/train.sql#36:76016403,0.6666666666666666,0.0,3,3,0.0,structure
budget100@75,attr:docetl_Player_v7:q4:7175642b,1.0,0.0,2,2,0.0,values
budget100@75,attr:Expanded/agg_only_expanded.sql#10:30df06be,0.9210526315789473,0.888888888888889,22,23,0.8187,structure
budget100@75,attr:Splits/train.sql#19:5ad6058c,0.8272058823529412,0.5990783410138248,108,109,0.4956,structure
budget100@75,attr:Splits/dev.sql#11:6ef31688,0.7142857142857142,0.4,2,3,0.2857,structure
budget100@75,attr:Variations/Agg/agg_variations.sql#1:84662181,0.6666666666666666,0.0,3,3,0.0,structure
budget100@75,attr:Splits/train.sql#27:22ff56d3,0.7142857142857142,0.4,2,3,0.2857,structure
budget100@75,attr:Expanded/agg_join_expanded.sql#1:a91a664a,0.7142857142857142,0.0,2,3,0.0,structure
budget100@75,attr:Splits/train.sql#28:913c76d4,1.0,1.0,1,1,1.0,ok
budget100@75,attr:Splits/test.sql#17:be55be91,0.7843137254901963,0.47619047619047616,11,10,0.3735,structure
budget100@75,attr:Splits/train.sql#36:267aed6c,0.6666666666666666,0.3333333333333333,3,3,0.2222,structure
budget100@75,attr:Splits/train.sql#4:4f11fcad,0.6666666666666666,0.0,3,3,0.0,structure
budget100@75,attr:player_multiagg20:q10:1337ff71,0.7142857142857142,0.8,2,3,0.5714,structure
budget100@75,attr:Splits/test.sql#2:ab13f20a,0.5989583333333334,0.6521739130434783,56,82,0.3906,structure
budget100@75,attr:Splits/train.sql#27:e518235e,0.7142857142857142,0.4,2,3,0.2857,structure
budget100@75,attr:Expanded/agg_join_expanded.sql#1:ed9dfa67,0.7142857142857142,0.0,2,3,0.0,structure
budget100@75,attr:Splits/test.sql#3:5b6cb72b,0.5989583333333334,0.4782608695652174,56,82,0.2865,structure
budget100@75,attr:Expanded/agg_filter_expanded.sql#14:c7e1850b,0.9259259259259258,0.761904761904762,20,22,0.7055,structure
budget100@75,attr:Expanded/agg_filter_join_expanded.sql#5:e4adf27a,1.0,1.0,1,1,1.0,ok
budget100@75,attr:player_multiagg20:q4:8c5af8bb,0.7333333333333333,0.5679012345679013,11,16,0.4165,structure
budget100@75,attr:Splits/test.sql#3:4e167992,0.8272058823529412,0.6175115207373272,108,109,0.5108,structure
budget100@75,attr:Splits/train.sql#68:e92c391d,0.7142857142857142,0.4,2,3,0.2857,structure
budget100@75,attr:Expanded/agg_join_expanded.sql#5:65097fb9,0.7142857142857142,0.4,2,3,0.2857,structure
budget100@75,attr:docetl_Player_v7:q0:525436db,1.0,0.0,2,2,0.0,values
budget100@75,attr:Splits/train.sql#20:c3c663c9,0.9210526315789473,0.888888888888889,22,23,0.8187,structure
budget100@75,attr:Splits/train.sql#68:3aaa2fe5,0.7142857142857142,0.4,2,3,0.2857,structure
budget100@75,attr:Splits/test.sql#14:07834953,0.7142857142857142,0.0,2,3,0.0,structure
budget100@75,attr:Splits/train.sql#23:6f7d6e40,0.0,0.0,1,1,0.0,structure
budget100@75,attr:Splits/train.sql#44:f69fe7f1,0.8189655172413792,0.5454545454545454,20,24,0.4467,structure
budget100@75,attr:player_multiagg20:q4:bbe158ad,0.7333333333333333,0.4691358024691358,11,16,0.344,structure
budget100@75,attr:Splits/test.sql#2:86ec6660,0.5989583333333334,0.49275362318840576,56,82,0.2951,structure
budget100@75,attr:Splits/train.sql#70:eaedaf09,0.75,0.4324324324324324,16,21,0.3243,structure
budget100@75,attr:Splits/train.sql#37:54c21492,0.6666666666666666,0.0,3,3,0.0,structure
budget100@75,attr:player_join20:q7:ed16135e,1.0,0.6818181818181818,22,22,0.6818,values
budget100@75,attr:Splits/train.sql#23:1909ba6e,0.0,0.0,1,1,0.0,structure
budget100@75,attr:Expanded/agg_only_expanded.sql#14:1f093cf7,0.5750798722044729,0.5321100917431193,41,68,0.306,structure
budget100@75,attr:Splits/train.sql#36:fe39afb8,0.6666666666666666,0.0,3,3,0.0,structure
budget100@75,attr:Splits/train.sql#51:d89bf15c,0.7142857142857142,0.4,2,3,0.2857,structure
budget100@75,attr:Splits/train.sql#20:e326cfd2,0.9210526315789473,0.888888888888889,22,23,0.8187,structure
budget100@75,attr:Expanded/agg_only_expanded.sql#10:a23eaa3e,0.9210526315789473,0.9333333333333332,22,23,0.8596,structure
budget100@75,attr:docetl_Player_v7:q18:adf37781,1.0,0.7272727272727273,22,22,0.7273,values
budget100@75,attr:Agg/agg_queries.sql#1:58b91799,0.6666666666666666,0.6666666666666666,3,3,0.4444,structure
budget100@75,attr:Splits/train.sql#37:38657b49,0.6666666666666666,0.0,3,3,0.0,structure
budget100@75,attr:docetl_Player_v7:q4:120ccaad,1.0,0.0,2,2,0.0,values
budget100@75,attr:Splits/train.sql#68:8e4ce4b5,0.7142857142857142,0.0,2,3,0.0,structure
budget100@75,attr:Agg/agg_queries.sql#1:a82f21fb,0.6666666666666666,0.0,3,3,0.0,structure
budget100@75,attr:Variations/Agg/agg_variations.sql#3:bbacce37,0.6666666666666666,0.5,3,3,0.3333,structure
budget100@75,attr:Splits/test.sql#17:367c3153,0.7843137254901963,0.6666666666666666,11,10,0.5229,structure
budget100@75,attr:Expanded/agg_filter_join_expanded.sql#1:6dec2e2f,0.7142857142857142,0.8,2,3,0.5714,structure
budget100@75,attr:Splits/train.sql#44:dd84024c,0.8189655172413792,0.6363636363636365,20,24,0.5212,structure
budget100@75,attr:Expanded/agg_only_expanded.sql#14:95406113,0.5750798722044729,0.4220183486238533,41,68,0.2427,structure
budget100@75,attr:Splits/dev.sql#18:013eb2e8,1.0,1.0,1,1,1.0,ok
budget100@75,attr:docetl_Player_v7:q4:dd9b4ab5,1.0,0.5,2,2,0.5,values
budget100@75,attr:Splits/train.sql#70:2e3d2355,0.75,0.5945945945945946,16,21,0.4459,structure
budget100@75,attr:Agg/agg_queries.sql#1:4b97a7c3,0.6666666666666666,0.0,3,3,0.0,structure
budget100@75,attr:Splits/train.sql#47:4820ea07,0.7142857142857142,0.0,2,3,0.0,structure
budget100@75,attr:Splits/train.sql#22:05a051ca,0.7142857142857142,0.0,2,3,0.0,structure
budget100@75,attr:Splits/train.sql#19:303ef1a3,0.5989583333333334,0.5072463768115942,56,82,0.3038,structure
budget100@75,attr:Expanded/agg_filter_expanded.sql#12:338a0c96,0.5700325732899022,0.5283018867924528,39,67,0.3011,structure
budget100@75,attr:Splits/train.sql#28:51cf7ce8,1.0,1.0,1,1,1.0,ok
budget100@75,attr:Expanded/agg_filter_join_expanded.sql#1:0535a95a,0.0,0.0,1,1,0.0,structure
budget100@75,attr:Expanded/agg_only_expanded.sql#10:5c8ac6e2,0.9210526315789473,0.7555555555555555,22,23,0.6959,structure
budget100@75,attr:Variations/Agg/agg_variations.sql#3:c63098a9,0.6666666666666666,0.3333333333333333,3,3,0.2222,structure
budget100@75,attr:Splits/test.sql#3:5e26d92b,0.5989583333333334,0.6521739130434783,56,82,0.3906,structure
budget100@75,attr:Splits/train.sql#51:2c3904c8,0.7142857142857142,0.4,2,3,0.2857,structure
budget100@75,attr:Splits/train.sql#27:71575b0f,0.7142857142857142,0.0,2,3,0.0,structure
budget100@75,attr:Splits/train.sql#23:5e5025ba,0.0,0.0,1,1,0.0,structure
budget100@75,attr:player_multiagg20:q12:a5be78a3,0.7333333333333333,0.5555555555555556,11,16,0.4074,structure
budget100@75,attr:Splits/train.sql#28:856ff057,1.0,1.0,1,1,1.0,ok
budget100@75,attr:Expanded/agg_filter_join_expanded.sql#4:0a31a1d6,0.7142857142857142,0.8,2,3,0.5714,structure
budget100@75,attr:Splits/dev.sql#11:8b66cd72,0.7142857142857142,0.4,2,3,0.2857,structure
budget100@75,attr:Expanded/agg_filter_expanded.sql#14:c9541d96,0.9259259259259258,0.7142857142857143,20,22,0.6614,structure
budget100@75,attr:Variations/Agg/agg_variations.sql#1:e6658259,0.6666666666666666,0.3333333333333333,3,3,0.2222,structure
budget100@75,attr:docetl_Player_v7:q0:a5bdcfba,1.0,0.0,2,2,0.0,values
budget100@75,attr:player_groupby20:q9:3e882071,0.9388646288209607,0.868131868131868,90,92,0.8151,structure
budget100@75,attr:Splits/train.sql#39:499af76e,1.0,1.0,2,2,1.0,ok
budget100@75,attr:Expanded/agg_filter_join_expanded.sql#4:6a2d36fc,0.7142857142857142,0.4,2,3,0.2857,structure
static@100,attr:player_multiagg20:q4:e223d11d,0.7333333333333333,0.32098765432098764,11,16,0.2354,structure
static@100,attr:Splits/train.sql#4:550eb54f,0.6666666666666666,0.0,3,3,0.0,structure
static@100,attr:Expanded/agg_join_expanded.sql#1:c24e0cc7,0.7142857142857142,0.0,2,3,0.0,structure
static@100,attr:Splits/train.sql#70:58fad108,0.75,0.0,16,21,0.0,structure
static@100,attr:Splits/train.sql#37:36ff2681,0.6666666666666666,0.0,3,3,0.0,structure
static@100,attr:Splits/test.sql#17:9db266f2,0.7843137254901963,0.0,11,10,0.0,structure
static@100,attr:Expanded/agg_filter_expanded.sql#12:9257bded,0.5700325732899022,0.0,39,67,0.0,structure
static@100,attr:Splits/train.sql#47:d388188d,0.7142857142857142,0.0,2,3,0.0,structure
static@100,attr:Splits/test.sql#14:a53facfd,0.7142857142857142,0.0,2,3,0.0,structure
static@100,attr:Expanded/agg_filter_expanded.sql#1:c5608ae2,1.0,0.0,1,1,0.0,values
static@100,attr:Expanded/agg_filter_join_expanded.sql#1:97f4546b,0.7142857142857142,0.0,2,3,0.0,structure
static@100,attr:Splits/train.sql#74:d43cbebb,1.0,0.0,10,10,0.0,values
static@100,attr:Expanded/agg_join_expanded.sql#5:15c06c11,0.7142857142857142,0.0,2,3,0.0,structure
static@100,attr:Splits/train.sql#47:c40d7c13,0.7142857142857142,0.0,2,3,0.0,structure
static@100,attr:player_multiagg20:q12:365f4815,0.7333333333333333,0.4444444444444444,11,16,0.3259,structure
static@100,attr:Splits/train.sql#39:2660c7eb,1.0,0.0,2,2,0.0,values
static@100,attr:Splits/train.sql#39:cfc6a04a,1.0,0.0,2,2,0.0,values
static@100,attr:Splits/train.sql#20:610644e4,0.9210526315789473,0.888888888888889,22,23,0.8187,structure
static@100,attr:Splits/train.sql#74:d1735ba6,1.0,0.0,10,10,0.0,values
static@100,attr:Expanded/agg_filter_expanded.sql#1:43804a60,1.0,0.0,1,1,0.0,values
static@100,attr:Splits/train.sql#4:f514a950,0.6666666666666666,0.0,3,3,0.0,structure
static@100,attr:docetl_Player_v7:q0:fef776e6,1.0,0.0,2,2,0.0,values
static@100,attr:Variations/Agg/agg_variations.sql#1:09fbc9fa,0.6666666666666666,0.0,3,3,0.0,structure
static@100,attr:Splits/train.sql#74:2968ff54,1.0,0.0,10,10,0.0,values
static@100,attr:Splits/test.sql#14:e0da7fae,0.7142857142857142,0.0,2,3,0.0,structure
static@100,attr:Splits/dev.sql#18:bbfca16a,1.0,0.0,1,1,0.0,values
static@100,attr:Variations/Agg/agg_variations.sql#3:6d2eeac2,0.6666666666666666,0.0,3,3,0.0,structure
static@100,attr:Splits/train.sql#19:332da492,0.5989583333333334,0.0,56,82,0.0,structure
static@100,attr:Expanded/agg_filter_join_expanded.sql#4:17c50da4,0.7142857142857142,0.0,2,3,0.0,structure
static@100,attr:Splits/dev.sql#11:99e28283,0.7142857142857142,0.0,2,3,0.0,structure
static@100,attr:Expanded/agg_join_expanded.sql#5:b42bc767,0.7142857142857142,0.0,2,3,0.0,structure
static@100,attr:Expanded/agg_filter_expanded.sql#14:c3259565,0.9259259259259258,0.0,20,22,0.0,structure
static@100,attr:Splits/train.sql#51:a95139b5,0.7142857142857142,0.0,2,3,0.0,structure
static@100,attr:Expanded/agg_filter_expanded.sql#12:f3a1786c,0.5700325732899022,0.0,39,67,0.0,structure
static@100,attr:Splits/dev.sql#18:b1241002,1.0,0.0,1,1,0.0,values
static@100,attr:Splits/train.sql#44:a130f41f,0.8189655172413792,0.0,20,24,0.0,structure
static@100,attr:Expanded/agg_filter_expanded.sql#1:e3a8531c,1.0,0.0,1,1,0.0,values
static@100,attr:player_multiagg20:q12:e0cde198,0.7333333333333333,0.4444444444444444,11,16,0.3259,structure
static@100,attr:Splits/test.sql#2:3e923052,0.5989583333333334,0.0,56,82,0.0,structure
static@100,attr:player_multiagg20:q10:061dce02,0.0,0.0,0,3,0.0,no rows
static@100,attr:Expanded/agg_only_expanded.sql#14:c60f4651,0.5750798722044729,0.0,41,68,0.0,structure
static@100,attr:Splits/train.sql#36:76016403,0.6666666666666666,0.0,3,3,0.0,structure
static@100,attr:docetl_Player_v7:q4:7175642b,1.0,0.0,2,2,0.0,values
static@100,attr:Expanded/agg_only_expanded.sql#10:30df06be,0.9210526315789473,0.0,22,23,0.0,structure
static@100,attr:Splits/train.sql#19:5ad6058c,0.0,0.0,22,109,0.0,structure
static@100,attr:Splits/dev.sql#11:6ef31688,0.7142857142857142,0.0,2,3,0.0,structure
static@100,attr:Variations/Agg/agg_variations.sql#1:84662181,0.6666666666666666,0.0,3,3,0.0,structure
static@100,attr:Splits/train.sql#27:22ff56d3,0.7142857142857142,0.0,2,3,0.0,structure
static@100,attr:Expanded/agg_join_expanded.sql#1:a91a664a,0.7142857142857142,0.0,2,3,0.0,structure
static@100,attr:Splits/train.sql#28:913c76d4,1.0,0.0,1,1,0.0,values
static@100,attr:Splits/test.sql#17:be55be91,0.7843137254901963,0.0,11,10,0.0,structure
static@100,attr:Splits/train.sql#36:267aed6c,0.6666666666666666,0.0,3,3,0.0,structure
static@100,attr:Splits/train.sql#4:4f11fcad,0.6666666666666666,0.0,3,3,0.0,structure
static@100,attr:player_multiagg20:q10:1337ff71,0.0,0.0,0,3,0.0,no rows
static@100,attr:Splits/test.sql#2:ab13f20a,0.5989583333333334,0.0,56,82,0.0,structure
static@100,attr:Splits/train.sql#27:e518235e,0.7142857142857142,0.0,2,3,0.0,structure
static@100,attr:Expanded/agg_join_expanded.sql#1:ed9dfa67,0.7142857142857142,0.0,2,3,0.0,structure
static@100,attr:Splits/test.sql#3:5b6cb72b,0.5989583333333334,0.0,56,82,0.0,structure
static@100,attr:Expanded/agg_filter_expanded.sql#14:c7e1850b,0.9259259259259258,0.0,20,22,0.0,structure
static@100,attr:Expanded/agg_filter_join_expanded.sql#5:e4adf27a,0.0,0.0,0,1,0.0,no rows
static@100,attr:player_multiagg20:q4:8c5af8bb,0.7333333333333333,0.32098765432098764,11,16,0.2354,structure
static@100,attr:Splits/test.sql#3:4e167992,0.0,0.0,22,109,0.0,structure
static@100,attr:Splits/train.sql#68:e92c391d,0.7142857142857142,0.0,2,3,0.0,structure
static@100,attr:Expanded/agg_join_expanded.sql#5:65097fb9,0.7142857142857142,0.0,2,3,0.0,structure
static@100,attr:docetl_Player_v7:q0:525436db,1.0,0.0,2,2,0.0,values
static@100,attr:Splits/train.sql#20:c3c663c9,0.9210526315789473,0.888888888888889,22,23,0.8187,structure
static@100,attr:Splits/train.sql#68:3aaa2fe5,0.7142857142857142,0.0,2,3,0.0,structure
static@100,attr:Splits/test.sql#14:07834953,0.7142857142857142,0.0,2,3,0.0,structure
static@100,attr:Splits/train.sql#23:6f7d6e40,0.0,0.0,1,1,0.0,structure
static@100,attr:Splits/train.sql#44:f69fe7f1,0.8189655172413792,0.0,20,24,0.0,structure
static@100,attr:player_multiagg20:q4:bbe158ad,0.7333333333333333,0.32098765432098764,11,16,0.2354,structure
static@100,attr:Splits/test.sql#2:86ec6660,0.5989583333333334,0.0,56,82,0.0,structure
static@100,attr:Splits/train.sql#70:eaedaf09,0.75,0.0,16,21,0.0,structure
static@100,attr:Splits/train.sql#37:54c21492,0.6666666666666666,0.0,3,3,0.0,structure
static@100,attr:player_join20:q7:ed16135e,1.0,0.0,22,22,0.0,values
static@100,attr:Splits/train.sql#23:1909ba6e,0.0,0.0,1,1,0.0,structure
static@100,attr:Expanded/agg_only_expanded.sql#14:1f093cf7,0.5750798722044729,0.0,41,68,0.0,structure
static@100,attr:Splits/train.sql#36:fe39afb8,0.6666666666666666,0.0,3,3,0.0,structure
static@100,attr:Splits/train.sql#51:d89bf15c,0.7142857142857142,0.0,2,3,0.0,structure
static@100,attr:Splits/train.sql#20:e326cfd2,0.9210526315789473,0.888888888888889,22,23,0.8187,structure
static@100,attr:Expanded/agg_only_expanded.sql#10:a23eaa3e,0.9210526315789473,0.0,22,23,0.0,structure
static@100,attr:docetl_Player_v7:q18:adf37781,1.0,0.0,22,22,0.0,values
static@100,attr:Agg/agg_queries.sql#1:58b91799,0.6666666666666666,0.0,3,3,0.0,structure
static@100,attr:Splits/train.sql#37:38657b49,0.6666666666666666,0.0,3,3,0.0,structure
static@100,attr:docetl_Player_v7:q4:120ccaad,1.0,0.0,2,2,0.0,values
static@100,attr:Splits/train.sql#68:8e4ce4b5,0.7142857142857142,0.0,2,3,0.0,structure
static@100,attr:Agg/agg_queries.sql#1:a82f21fb,0.6666666666666666,0.0,3,3,0.0,structure
static@100,attr:Variations/Agg/agg_variations.sql#3:bbacce37,0.6666666666666666,0.0,3,3,0.0,structure
static@100,attr:Splits/test.sql#17:367c3153,0.7843137254901963,0.0,11,10,0.0,structure
static@100,attr:Expanded/agg_filter_join_expanded.sql#1:6dec2e2f,0.7142857142857142,0.0,2,3,0.0,structure
static@100,attr:Splits/train.sql#44:dd84024c,0.8189655172413792,0.0,20,24,0.0,structure
static@100,attr:Expanded/agg_only_expanded.sql#14:95406113,0.5750798722044729,0.0,41,68,0.0,structure
static@100,attr:Splits/dev.sql#18:013eb2e8,1.0,0.0,1,1,0.0,values
static@100,attr:docetl_Player_v7:q4:dd9b4ab5,1.0,0.0,2,2,0.0,values
static@100,attr:Splits/train.sql#70:2e3d2355,0.75,0.0,16,21,0.0,structure
static@100,attr:Agg/agg_queries.sql#1:4b97a7c3,0.6666666666666666,0.0,3,3,0.0,structure
static@100,attr:Splits/train.sql#47:4820ea07,0.7142857142857142,0.0,2,3,0.0,structure
static@100,attr:Splits/train.sql#22:05a051ca,0.7142857142857142,0.8,2,3,0.5714,structure
static@100,attr:Splits/train.sql#19:303ef1a3,0.5989583333333334,0.0,56,82,0.0,structure
static@100,attr:Expanded/agg_filter_expanded.sql#12:338a0c96,0.5700325732899022,0.0,39,67,0.0,structure
static@100,attr:Splits/train.sql#28:51cf7ce8,1.0,0.0,1,1,0.0,values
static@100,attr:Expanded/agg_filter_join_expanded.sql#1:0535a95a,0.0,0.0,0,1,0.0,no rows
static@100,attr:Expanded/agg_only_expanded.sql#10:5c8ac6e2,0.9210526315789473,0.0,22,23,0.0,structure
static@100,attr:Variations/Agg/agg_variations.sql#3:c63098a9,0.6666666666666666,0.0,3,3,0.0,structure
static@100,attr:Splits/test.sql#3:5e26d92b,0.5989583333333334,0.0,56,82,0.0,structure
static@100,attr:Splits/train.sql#51:2c3904c8,0.7142857142857142,0.0,2,3,0.0,structure
static@100,attr:Splits/train.sql#27:71575b0f,0.7142857142857142,0.0,2,3,0.0,structure
static@100,attr:Splits/train.sql#23:5e5025ba,0.0,0.0,1,1,0.0,structure
static@100,attr:player_multiagg20:q12:a5be78a3,0.7333333333333333,0.4444444444444444,11,16,0.3259,structure
static@100,attr:Splits/train.sql#28:856ff057,1.0,0.0,1,1,0.0,values
static@100,attr:Expanded/agg_filter_join_expanded.sql#4:0a31a1d6,0.7142857142857142,0.0,2,3,0.0,structure
static@100,attr:Splits/dev.sql#11:8b66cd72,0.7142857142857142,0.0,2,3,0.0,structure
static@100,attr:Expanded/agg_filter_expanded.sql#14:c9541d96,0.9259259259259258,0.0,20,22,0.0,structure
static@100,attr:Variations/Agg/agg_variations.sql#1:e6658259,0.6666666666666666,0.0,3,3,0.0,structure
static@100,attr:docetl_Player_v7:q0:a5bdcfba,1.0,0.0,2,2,0.0,values
static@100,attr:player_groupby20:q9:3e882071,0.0,0.0,0,92,0.0,no rows
static@100,attr:Splits/train.sql#39:499af76e,1.0,0.0,2,2,0.0,values
static@100,attr:Expanded/agg_filter_join_expanded.sql#4:6a2d36fc,0.7142857142857142,0.0,2,3,0.0,structure
