system,qid,structure_f2,cell_f1_20,pred_rows,gold_rows,product,label
unlimited@0,attr:Splits/train.sql#27:55d60fee,0.05319148936170212,0.08,2,23,0.0043,structure
unlimited@0,attr:Agg/agg_queries_Art.sql#5:f3e92fa3,0.9016393442622951,0.5599999999999999,13,12,0.5049,structure
unlimited@0,attr:Mixed/mixed_queries.sql#3:ef6d70a6,0.1364522417153996,0.04444444444444445,129,96,0.0061,structure
unlimited@0,attr:Agg/agg_queries_Art.sql#5:dcafb44f,0.9016393442622951,0.4,13,12,0.3607,structure
unlimited@0,attr:art_filter20:q13:c424f672,0.17241379310344823,0.0,2,14,0.0,structure
unlimited@0,attr:Splits/train.sql#27:c99058e1,0.0,0.0,1,20,0.0,structure
unlimited@0,attr:Agg/agg_queries_Art.sql#7:4e3cb980,0.08986520219670495,0.05237315875613748,147,464,0.0047,structure
unlimited@0,attr:Mixed/mixed_queries.sql#3:a4ee0194,0.13307984790874525,0.0611353711790393,130,99,0.0081,structure
unlimited@0,attr:Splits/test.sql#3:9eeb6beb,0.7894736842105263,0.5714285714285715,6,8,0.4511,structure
unlimited@0,attr:Splits/train.sql#5:67f357ed,0.875,0.75,8,8,0.6562,structure
unlimited@0,attr:Splits/train.sql#28:afa7f142,0.7142857142857143,0.7142857142857143,7,7,0.5102,structure
unlimited@0,attr:Splits/train.sql#21:69a8aa51,0.0,0.0,1,20,0.0,structure
unlimited@0,attr:art_agg20:q8:66165f93,0.8695652173913043,0.8421052631578948,10,9,0.7323,structure
unlimited@0,attr:Splits/train.sql#21:74ce44ea,0.14705882352941177,0.0,2,8,0.0,structure
unlimited@0,attr:Splits/test.sql#10:c595d1d2,0.38931297709923657,0.27611940298507465,139,129,0.1075,structure
unlimited@0,attr:Splits/train.sql#22:97eeb866,0.9016393442622951,0.8799999999999999,13,12,0.7934,structure
unlimited@0,attr:Mixed/mixed_queries.sql#3:cf2c2d1e,0.13182674199623348,0.10476190476190476,103,107,0.0138,structure
unlimited@0,attr:Agg/agg_queries_Art.sql#6:ab4b024e,0.7142857142857142,0.8,2,3,0.5714,structure
unlimited@0,attr:Splits/train.sql#16:08521cf9,0.7894736842105263,0.5714285714285715,6,8,0.4511,structure
unlimited@0,attr:art_agg20:q5:d9058099,0.9090909090909091,0.4,6,4,0.3636,structure
unlimited@0,attr:art_groupby20:q11:21f7123a,1.0,0.6666666666666666,12,12,0.6667,values
unlimited@0,attr:Splits/test.sql#10:954c2860,0.059880239520958084,0.06779661016949153,115,180,0.0041,structure
unlimited@0,attr:Splits/train.sql#21:e8a6e851,0.06849315068493152,0.0,1,18,0.0,structure
unlimited@0,attr:Splits/train.sql#7:0a4cc27f,0.40693293142426523,0.47767857142857145,155,293,0.1944,structure
unlimited@0,attr:Splits/train.sql#5:8e4ff051,0.7407407407407408,0.16666666666666666,7,5,0.1235,structure
unlimited@0,attr:Splits/train.sql#16:5d68ee13,0.7407407407407408,0.5,7,5,0.3704,structure
unlimited@0,attr:Splits/train.sql#5:81a928e2,0.875,0.75,8,8,0.6562,structure
unlimited@0,attr:Splits/dev.sql#9:867252a6,0.4636871508379888,0.20846905537459282,111,196,0.0967,structure
unlimited@0,attr:Splits/train.sql#27:7aa1a711,0.14705882352941177,0.0,2,8,0.0,structure
unlimited@0,attr:art_filter20:q7:1598749a,0.5555555555555556,0.3333333333333333,4,8,0.1852,structure
unlimited@0,attr:Agg/agg_queries_Art.sql#5:164b864e,0.9016393442622951,0.5599999999999999,13,12,0.5049,structure
unlimited@0,attr:Splits/train.sql#7:9c97787e,0.45652173913043476,0.5031847133757962,112,202,0.2297,structure
unlimited@0,attr:Agg/agg_queries_Art.sql#7:bd5e46d4,0.10493477027793535,0.04573170731707317,287,369,0.0048,structure
unlimited@0,attr:Splits/test.sql#10:43b4666e,0.4381443298969072,0.2725274725274725,348,107,0.1194,structure
unlimited@0,attr:Splits/train.sql#22:d786f8fe,0.9016393442622951,0.5599999999999999,13,12,0.5049,structure
unlimited@0,attr:Splits/train.sql#39:2e7405c3,0.9016393442622951,0.7199999999999999,13,12,0.6492,structure
unlimited@0,attr:Splits/train.sql#28:16bc6ec7,0.7692307692307692,0.3636363636363636,6,5,0.2797,structure
unlimited@0,attr:Splits/train.sql#39:9c6472a3,0.9016393442622951,0.4,13,12,0.3607,structure
unlimited@0,attr:Agg/agg_queries_Art.sql#9:51620e5f,0.7407407407407408,0.16666666666666666,7,5,0.1235,structure
unlimited@0,attr:Splits/test.sql#3:5c71da52,0.7407407407407408,0.16666666666666666,7,5,0.1235,structure
unlimited@0,attr:Agg/agg_queries_Art.sql#7:235452ad,0.40693293142426523,0.4285714285714286,155,293,0.1744,structure
unlimited@0,attr:Splits/train.sql#7:8c2a0c6b,0.14756944444444445,0.10335917312661498,132,255,0.0153,structure
unlimited@0,attr:Agg/agg_queries_Art.sql#9:9490bfab,0.7894736842105263,0.8571428571428571,6,8,0.6767,structure
unlimited@100,attr:Splits/train.sql#27:55d60fee,0.05319148936170212,0.08,2,23,0.0043,structure
unlimited@100,attr:Agg/agg_queries_Art.sql#5:f3e92fa3,0.9016393442622951,0.5599999999999999,13,12,0.5049,structure
unlimited@100,attr:Mixed/mixed_queries.sql#3:ef6d70a6,0.1364522417153996,0.07111111111111111,129,96,0.0097,structure
unlimited@100,attr:Agg/agg_queries_Art.sql#5:dcafb44f,0.9016393442622951,0.4,13,12,0.3607,structure
unlimited@100,attr:art_filter20:q13:c424f672,0.17241379310344823,0.0,2,14,0.0,structure
unlimited@100,attr:Splits/train.sql#27:c99058e1,0.0,0.0,1,20,0.0,structure
unlimited@100,attr:Agg/agg_queries_Art.sql#7:4e3cb980,0.09109311740890688,0.05479452054794521,120,464,0.005,structure
unlimited@100,attr:Mixed/mixed_queries.sql#3:a4ee0194,0.12019230769230767,0.06116207951070335,228,99,0.0074,structure
unlimited@100,attr:Splits/test.sql#3:9eeb6beb,0.7894736842105263,0.42857142857142855,6,8,0.3383,structure
unlimited@100,attr:Splits/train.sql#5:67f357ed,0.875,0.75,8,8,0.6562,structure
unlimited@100,attr:Splits/train.sql#28:afa7f142,0.7142857142857143,0.7142857142857143,7,7,0.5102,structure
unlimited@100,attr:Splits/train.sql#21:69a8aa51,0.0,0.0,1,20,0.0,structure
unlimited@100,attr:art_agg20:q8:66165f93,0.9375,0.761904761904762,12,9,0.7143,structure
unlimited@100,attr:Splits/train.sql#21:74ce44ea,0.14705882352941177,0.0,2,8,0.0,structure
unlimited@100,attr:Splits/test.sql#10:c595d1d2,0.38931297709923657,0.26865671641791045,139,129,0.1046,structure
unlimited@100,attr:Splits/train.sql#22:97eeb866,0.9016393442622951,0.8799999999999999,13,12,0.7934,structure
unlimited@100,attr:Mixed/mixed_queries.sql#3:cf2c2d1e,0.11650485436893204,0.0824742268041237,87,107,0.0096,structure
unlimited@100,attr:Agg/agg_queries_Art.sql#6:ab4b024e,0.7142857142857142,0.8,2,3,0.5714,structure
unlimited@100,attr:Splits/train.sql#16:08521cf9,0.7894736842105263,0.0,6,8,0.0,structure
unlimited@100,attr:art_agg20:q5:d9058099,0.9090909090909091,0.2,6,4,0.1818,structure
unlimited@100,attr:art_groupby20:q11:21f7123a,1.0,0.6666666666666666,12,12,0.6667,values
unlimited@100,attr:Splits/test.sql#10:954c2860,0.05980861244019138,0.06756756756756756,116,180,0.004,structure
unlimited@100,attr:Splits/train.sql#21:e8a6e851,0.06756756756756757,0.0,2,18,0.0,structure
unlimited@100,attr:Splits/train.sql#7:0a4cc27f,0.46221570066030815,0.5165289256198347,191,293,0.2387,structure
unlimited@100,attr:Splits/train.sql#5:8e4ff051,0.7407407407407408,0.16666666666666666,7,5,0.1235,structure
unlimited@100,attr:Splits/train.sql#16:5d68ee13,0.7407407407407408,0.5,7,5,0.3704,structure
unlimited@100,attr:Splits/train.sql#5:81a928e2,0.875,0.75,8,8,0.6562,structure
unlimited@100,attr:Splits/dev.sql#9:867252a6,0.37037037037037035,0.13043478260869565,80,196,0.0483,structure
unlimited@100,attr:Splits/train.sql#27:7aa1a711,0.14705882352941177,0.0,2,8,0.0,structure
unlimited@100,attr:art_filter20:q7:1598749a,0.5555555555555556,0.3333333333333333,4,8,0.1852,structure
unlimited@100,attr:Agg/agg_queries_Art.sql#5:164b864e,0.9016393442622951,0.5599999999999999,13,12,0.5049,structure
unlimited@100,attr:Splits/train.sql#7:9c97787e,0.36557930258717664,0.4028268551236749,81,202,0.1473,structure
unlimited@100,attr:Agg/agg_queries_Art.sql#7:bd5e46d4,0.09523809523809525,0.035759897828863345,414,369,0.0034,structure
unlimited@100,attr:Splits/test.sql#10:43b4666e,0.30476190476190473,0.28431372549019607,97,107,0.0866,structure
unlimited@100,attr:Splits/train.sql#22:d786f8fe,0.9016393442622951,0.7199999999999999,13,12,0.6492,structure
unlimited@100,attr:Splits/train.sql#39:2e7405c3,0.9016393442622951,0.7199999999999999,13,12,0.6492,structure
unlimited@100,attr:Splits/train.sql#28:16bc6ec7,0.7407407407407408,0.3333333333333333,7,5,0.2469,structure
unlimited@100,attr:Splits/train.sql#39:9c6472a3,0.9016393442622951,0.4,13,12,0.3607,structure
unlimited@100,attr:Agg/agg_queries_Art.sql#9:51620e5f,0.7407407407407408,0.3333333333333333,7,5,0.2469,structure
unlimited@100,attr:Splits/test.sql#3:5c71da52,0.7407407407407408,0.16666666666666666,7,5,0.1235,structure
unlimited@100,attr:Agg/agg_queries_Art.sql#7:235452ad,0.46221570066030815,0.47107438016528924,191,293,0.2177,structure
unlimited@100,attr:Splits/train.sql#7:8c2a0c6b,0.14756944444444445,0.10852713178294573,132,255,0.016,structure
unlimited@100,attr:Agg/agg_queries_Art.sql#9:9490bfab,0.7894736842105263,0.8571428571428571,6,8,0.6767,structure
unlimited@25,attr:Splits/train.sql#27:55d60fee,0.05319148936170212,0.08,2,23,0.0043,structure
unlimited@25,attr:Agg/agg_queries_Art.sql#5:f3e92fa3,0.9016393442622951,0.5599999999999999,13,12,0.5049,structure
unlimited@25,attr:Mixed/mixed_queries.sql#3:ef6d70a6,0.1364522417153996,0.04444444444444445,129,96,0.0061,structure
unlimited@25,attr:Agg/agg_queries_Art.sql#5:dcafb44f,0.9016393442622951,0.4,13,12,0.3607,structure
unlimited@25,attr:art_filter20:q13:c424f672,0.17241379310344823,0.0,2,14,0.0,structure
unlimited@25,attr:Splits/train.sql#27:c99058e1,0.0,0.0,1,20,0.0,structure
unlimited@25,attr:Agg/agg_queries_Art.sql#7:4e3cb980,0.08986520219670495,0.05237315875613748,147,464,0.0047,structure
unlimited@25,attr:Mixed/mixed_queries.sql#3:a4ee0194,0.12019230769230767,0.06116207951070335,228,99,0.0074,structure
unlimited@25,attr:Splits/test.sql#3:9eeb6beb,0.7894736842105263,0.5714285714285715,6,8,0.4511,structure
unlimited@25,attr:Splits/train.sql#5:67f357ed,0.875,0.75,8,8,0.6562,structure
unlimited@25,attr:Splits/train.sql#28:afa7f142,0.7142857142857143,0.7142857142857143,7,7,0.5102,structure
unlimited@25,attr:Splits/train.sql#21:69a8aa51,0.0,0.0,1,20,0.0,structure
unlimited@25,attr:art_agg20:q8:66165f93,0.9375,0.761904761904762,12,9,0.7143,structure
unlimited@25,attr:Splits/train.sql#21:74ce44ea,0.14705882352941177,0.0,2,8,0.0,structure
unlimited@25,attr:Splits/test.sql#10:c595d1d2,0.38931297709923657,0.27611940298507465,139,129,0.1075,structure
unlimited@25,attr:Splits/train.sql#22:97eeb866,0.9016393442622951,0.8799999999999999,13,12,0.7934,structure
unlimited@25,attr:Mixed/mixed_queries.sql#3:cf2c2d1e,0.13182674199623348,0.10476190476190476,103,107,0.0138,structure
unlimited@25,attr:Agg/agg_queries_Art.sql#6:ab4b024e,0.7142857142857142,0.8,2,3,0.5714,structure
unlimited@25,attr:Splits/train.sql#16:08521cf9,0.7894736842105263,0.5714285714285715,6,8,0.4511,structure
unlimited@25,attr:art_agg20:q5:d9058099,0.9090909090909091,0.4,6,4,0.3636,structure
unlimited@25,attr:art_groupby20:q11:21f7123a,1.0,0.6666666666666666,12,12,0.6667,values
unlimited@25,attr:Splits/test.sql#10:954c2860,0.059880239520958084,0.06779661016949153,115,180,0.0041,structure
unlimited@25,attr:Splits/train.sql#21:e8a6e851,0.06849315068493152,0.0,1,18,0.0,structure
unlimited@25,attr:Splits/train.sql#7:0a4cc27f,0.40693293142426523,0.47767857142857145,155,293,0.1944,structure
unlimited@25,attr:Splits/train.sql#5:8e4ff051,0.7407407407407408,0.16666666666666666,7,5,0.1235,structure
unlimited@25,attr:Splits/train.sql#16:5d68ee13,0.7407407407407408,0.5,7,5,0.3704,structure
unlimited@25,attr:Splits/train.sql#5:81a928e2,0.875,0.75,8,8,0.6562,structure
unlimited@25,attr:Splits/dev.sql#9:867252a6,0.37037037037037035,0.13043478260869565,80,196,0.0483,structure
unlimited@25,attr:Splits/train.sql#27:7aa1a711,0.14705882352941177,0.0,2,8,0.0,structure
unlimited@25,attr:art_filter20:q7:1598749a,0.5555555555555556,0.3333333333333333,4,8,0.1852,structure
unlimited@25,attr:Agg/agg_queries_Art.sql#5:164b864e,0.9016393442622951,0.5599999999999999,13,12,0.5049,structure
unlimited@25,attr:Splits/train.sql#7:9c97787e,0.36557930258717664,0.4028268551236749,81,202,0.1473,structure
unlimited@25,attr:Agg/agg_queries_Art.sql#7:bd5e46d4,0.10389610389610389,0.029339853300733496,449,369,0.003,structure
unlimited@25,attr:Splits/test.sql#10:43b4666e,0.4381443298969072,0.2725274725274725,348,107,0.1194,structure
unlimited@25,attr:Splits/train.sql#22:d786f8fe,0.9016393442622951,0.5599999999999999,13,12,0.5049,structure
unlimited@25,attr:Splits/train.sql#39:2e7405c3,0.9016393442622951,0.7199999999999999,13,12,0.6492,structure
unlimited@25,attr:Splits/train.sql#28:16bc6ec7,0.7692307692307692,0.3636363636363636,6,5,0.2797,structure
unlimited@25,attr:Splits/train.sql#39:9c6472a3,0.9016393442622951,0.4,13,12,0.3607,structure
unlimited@25,attr:Agg/agg_queries_Art.sql#9:51620e5f,0.7407407407407408,0.16666666666666666,7,5,0.1235,structure
unlimited@25,attr:Splits/test.sql#3:5c71da52,0.7407407407407408,0.16666666666666666,7,5,0.1235,structure
unlimited@25,attr:Agg/agg_queries_Art.sql#7:235452ad,0.40693293142426523,0.4285714285714286,155,293,0.1744,structure
unlimited@25,attr:Splits/train.sql#7:8c2a0c6b,0.14756944444444445,0.10335917312661498,132,255,0.0153,structure
unlimited@25,attr:Agg/agg_queries_Art.sql#9:9490bfab,0.7894736842105263,0.8571428571428571,6,8,0.6767,structure
unlimited@50,attr:Splits/train.sql#27:55d60fee,0.05319148936170212,0.08,2,23,0.0043,structure
unlimited@50,attr:Agg/agg_queries_Art.sql#5:f3e92fa3,0.9016393442622951,0.5599999999999999,13,12,0.5049,structure
unlimited@50,attr:Mixed/mixed_queries.sql#3:ef6d70a6,0.1364522417153996,0.04444444444444445,129,96,0.0061,structure
unlimited@50,attr:Agg/agg_queries_Art.sql#5:dcafb44f,0.9016393442622951,0.4,13,12,0.3607,structure
unlimited@50,attr:art_filter20:q13:c424f672,0.17241379310344823,0.0,2,14,0.0,structure
unlimited@50,attr:Splits/train.sql#27:c99058e1,0.0,0.0,1,20,0.0,structure
unlimited@50,attr:Agg/agg_queries_Art.sql#7:4e3cb980,0.08986520219670495,0.05237315875613748,147,464,0.0047,structure
unlimited@50,attr:Mixed/mixed_queries.sql#3:a4ee0194,0.12019230769230767,0.06116207951070335,228,99,0.0074,structure
unlimited@50,attr:Splits/test.sql#3:9eeb6beb,0.7894736842105263,0.5714285714285715,6,8,0.4511,structure
unlimited@50,attr:Splits/train.sql#5:67f357ed,0.875,0.75,8,8,0.6562,structure
unlimited@50,attr:Splits/train.sql#28:afa7f142,0.7142857142857143,0.7142857142857143,7,7,0.5102,structure
unlimited@50,attr:Splits/train.sql#21:69a8aa51,0.0,0.0,1,20,0.0,structure
unlimited@50,attr:art_agg20:q8:66165f93,0.9375,0.761904761904762,12,9,0.7143,structure
unlimited@50,attr:Splits/train.sql#21:74ce44ea,0.14705882352941177,0.0,2,8,0.0,structure
unlimited@50,attr:Splits/test.sql#10:c595d1d2,0.38931297709923657,0.27611940298507465,139,129,0.1075,structure
unlimited@50,attr:Splits/train.sql#22:97eeb866,0.9016393442622951,0.8799999999999999,13,12,0.7934,structure
unlimited@50,attr:Mixed/mixed_queries.sql#3:cf2c2d1e,0.13182674199623348,0.10476190476190476,103,107,0.0138,structure
unlimited@50,attr:Agg/agg_queries_Art.sql#6:ab4b024e,0.7142857142857142,0.8,2,3,0.5714,structure
unlimited@50,attr:Splits/train.sql#16:08521cf9,0.7894736842105263,0.5714285714285715,6,8,0.4511,structure
unlimited@50,attr:art_agg20:q5:d9058099,0.9090909090909091,0.2,6,4,0.1818,structure
unlimited@50,attr:art_groupby20:q11:21f7123a,1.0,0.6666666666666666,12,12,0.6667,values
unlimited@50,attr:Splits/test.sql#10:954c2860,0.059880239520958084,0.06779661016949153,115,180,0.0041,structure
unlimited@50,attr:Splits/train.sql#21:e8a6e851,0.06849315068493152,0.0,1,18,0.0,structure
unlimited@50,attr:Splits/train.sql#7:0a4cc27f,0.40693293142426523,0.47767857142857145,155,293,0.1944,structure
unlimited@50,attr:Splits/train.sql#5:8e4ff051,0.7407407407407408,0.16666666666666666,7,5,0.1235,structure
unlimited@50,attr:Splits/train.sql#16:5d68ee13,0.7407407407407408,0.5,7,5,0.3704,structure
unlimited@50,attr:Splits/train.sql#5:81a928e2,0.875,0.75,8,8,0.6562,structure
unlimited@50,attr:Splits/dev.sql#9:867252a6,0.37037037037037035,0.13043478260869565,80,196,0.0483,structure
unlimited@50,attr:Splits/train.sql#27:7aa1a711,0.14705882352941177,0.0,2,8,0.0,structure
unlimited@50,attr:art_filter20:q7:1598749a,0.5555555555555556,0.3333333333333333,4,8,0.1852,structure
unlimited@50,attr:Agg/agg_queries_Art.sql#5:164b864e,0.9016393442622951,0.5599999999999999,13,12,0.5049,structure
unlimited@50,attr:Splits/train.sql#7:9c97787e,0.36557930258717664,0.4028268551236749,81,202,0.1473,structure
unlimited@50,attr:Agg/agg_queries_Art.sql#7:bd5e46d4,0.09523809523809525,0.035759897828863345,414,369,0.0034,structure
unlimited@50,attr:Splits/test.sql#10:43b4666e,0.30476190476190473,0.28431372549019607,97,107,0.0866,structure
unlimited@50,attr:Splits/train.sql#22:d786f8fe,0.9016393442622951,0.7199999999999999,13,12,0.6492,structure
unlimited@50,attr:Splits/train.sql#39:2e7405c3,0.9016393442622951,0.7199999999999999,13,12,0.6492,structure
unlimited@50,attr:Splits/train.sql#28:16bc6ec7,0.7407407407407408,0.3333333333333333,7,5,0.2469,structure
unlimited@50,attr:Splits/train.sql#39:9c6472a3,0.9016393442622951,0.4,13,12,0.3607,structure
unlimited@50,attr:Agg/agg_queries_Art.sql#9:51620e5f,0.7407407407407408,0.3333333333333333,7,5,0.2469,structure
unlimited@50,attr:Splits/test.sql#3:5c71da52,0.7407407407407408,0.16666666666666666,7,5,0.1235,structure
unlimited@50,attr:Agg/agg_queries_Art.sql#7:235452ad,0.40693293142426523,0.4285714285714286,155,293,0.1744,structure
unlimited@50,attr:Splits/train.sql#7:8c2a0c6b,0.14756944444444445,0.10335917312661498,132,255,0.0153,structure
unlimited@50,attr:Agg/agg_queries_Art.sql#9:9490bfab,0.7894736842105263,0.8571428571428571,6,8,0.6767,structure
unlimited@75,attr:Splits/train.sql#27:55d60fee,0.05319148936170212,0.08,2,23,0.0043,structure
unlimited@75,attr:Agg/agg_queries_Art.sql#5:f3e92fa3,0.9016393442622951,0.5599999999999999,13,12,0.5049,structure
unlimited@75,attr:Mixed/mixed_queries.sql#3:ef6d70a6,0.1364522417153996,0.07111111111111111,129,96,0.0097,structure
unlimited@75,attr:Agg/agg_queries_Art.sql#5:dcafb44f,0.9016393442622951,0.4,13,12,0.3607,structure
unlimited@75,attr:art_filter20:q13:c424f672,0.17241379310344823,0.0,2,14,0.0,structure
unlimited@75,attr:Splits/train.sql#27:c99058e1,0.0,0.0,1,20,0.0,structure
unlimited@75,attr:Agg/agg_queries_Art.sql#7:4e3cb980,0.08986520219670495,0.05237315875613748,147,464,0.0047,structure
unlimited@75,attr:Mixed/mixed_queries.sql#3:a4ee0194,0.12019230769230767,0.06116207951070335,228,99,0.0074,structure
unlimited@75,attr:Splits/test.sql#3:9eeb6beb,0.7894736842105263,0.42857142857142855,6,8,0.3383,structure
unlimited@75,attr:Splits/train.sql#5:67f357ed,0.875,0.75,8,8,0.6562,structure
unlimited@75,attr:Splits/train.sql#28:afa7f142,0.7142857142857143,0.7142857142857143,7,7,0.5102,structure
unlimited@75,attr:Splits/train.sql#21:69a8aa51,0.0,0.0,1,20,0.0,structure
unlimited@75,attr:art_agg20:q8:66165f93,0.9375,0.761904761904762,12,9,0.7143,structure
unlimited@75,attr:Splits/train.sql#21:74ce44ea,0.14705882352941177,0.0,2,8,0.0,structure
unlimited@75,attr:Splits/test.sql#10:c595d1d2,0.38931297709923657,0.29850746268656714,139,129,0.1162,structure
unlimited@75,attr:Splits/train.sql#22:97eeb866,0.9016393442622951,0.8799999999999999,13,12,0.7934,structure
unlimited@75,attr:Mixed/mixed_queries.sql#3:cf2c2d1e,0.13182674199623348,0.10476190476190476,103,107,0.0138,structure
unlimited@75,attr:Agg/agg_queries_Art.sql#6:ab4b024e,0.7142857142857142,0.8,2,3,0.5714,structure
unlimited@75,attr:Splits/train.sql#16:08521cf9,0.7894736842105263,0.0,6,8,0.0,structure
unlimited@75,attr:art_agg20:q5:d9058099,0.9090909090909091,0.2,6,4,0.1818,structure
unlimited@75,attr:art_groupby20:q11:21f7123a,1.0,0.6666666666666666,12,12,0.6667,values
unlimited@75,attr:Splits/test.sql#10:954c2860,0.059880239520958084,0.06779661016949153,115,180,0.0041,structure
unlimited@75,attr:Splits/train.sql#21:e8a6e851,0.06849315068493152,0.0,1,18,0.0,structure
unlimited@75,attr:Splits/train.sql#7:0a4cc27f,0.40693293142426523,0.47767857142857145,155,293,0.1944,structure
unlimited@75,attr:Splits/train.sql#5:8e4ff051,0.7407407407407408,0.3333333333333333,7,5,0.2469,structure
unlimited@75,attr:Splits/train.sql#16:5d68ee13,0.7407407407407408,0.5,7,5,0.3704,structure
unlimited@75,attr:Splits/train.sql#5:81a928e2,0.875,0.75,8,8,0.6562,structure
unlimited@75,attr:Splits/dev.sql#9:867252a6,0.37037037037037035,0.13043478260869565,80,196,0.0483,structure
unlimited@75,attr:Splits/train.sql#27:7aa1a711,0.14705882352941177,0.0,2,8,0.0,structure
unlimited@75,attr:art_filter20:q7:1598749a,0.5555555555555556,0.3333333333333333,4,8,0.1852,structure
unlimited@75,attr:Agg/agg_queries_Art.sql#5:164b864e,0.9016393442622951,0.5599999999999999,13,12,0.5049,structure
unlimited@75,attr:Splits/train.sql#7:9c97787e,0.36557930258717664,0.4028268551236749,81,202,0.1473,structure
unlimited@75,attr:Agg/agg_queries_Art.sql#7:bd5e46d4,0.09748589020010262,0.03325415676959619,473,369,0.0032,structure
unlimited@75,attr:Splits/test.sql#10:43b4666e,0.3419593345656193,0.30000000000000004,113,107,0.1026,structure
unlimited@75,attr:Splits/train.sql#22:d786f8fe,0.9016393442622951,0.7199999999999999,13,12,0.6492,structure
unlimited@75,attr:Splits/train.sql#39:2e7405c3,0.9016393442622951,0.7199999999999999,13,12,0.6492,structure
unlimited@75,attr:Splits/train.sql#28:16bc6ec7,0.7407407407407408,0.3333333333333333,7,5,0.2469,structure
unlimited@75,attr:Splits/train.sql#39:9c6472a3,0.9016393442622951,0.4,13,12,0.3607,structure
unlimited@75,attr:Agg/agg_queries_Art.sql#9:51620e5f,0.7407407407407408,0.3333333333333333,7,5,0.2469,structure
unlimited@75,attr:Splits/test.sql#3:5c71da52,0.7407407407407408,0.3333333333333333,7,5,0.2469,structure
unlimited@75,attr:Agg/agg_queries_Art.sql#7:235452ad,0.40693293142426523,0.4285714285714286,155,293,0.1744,structure
unlimited@75,attr:Splits/train.sql#7:8c2a0c6b,0.14756944444444445,0.10852713178294573,132,255,0.016,structure
unlimited@75,attr:Agg/agg_queries_Art.sql#9:9490bfab,0.7894736842105263,0.8571428571428571,6,8,0.6767,structure
budget010@0,attr:Splits/train.sql#27:55d60fee,0.05319148936170212,0.08,2,23,0.0043,structure
budget010@0,attr:Agg/agg_queries_Art.sql#5:f3e92fa3,0.9016393442622951,0.5599999999999999,13,12,0.5049,structure
budget010@0,attr:Mixed/mixed_queries.sql#3:ef6d70a6,0.1364522417153996,0.04444444444444445,129,96,0.0061,structure
budget010@0,attr:Agg/agg_queries_Art.sql#5:dcafb44f,0.9016393442622951,0.4,13,12,0.3607,structure
budget010@0,attr:art_filter20:q13:c424f672,0.17241379310344823,0.0,2,14,0.0,structure
budget010@0,attr:Splits/train.sql#27:c99058e1,0.0,0.0,1,20,0.0,structure
budget010@0,attr:Agg/agg_queries_Art.sql#7:4e3cb980,0.08986520219670495,0.05237315875613748,147,464,0.0047,structure
budget010@0,attr:Mixed/mixed_queries.sql#3:a4ee0194,0.13307984790874525,0.0611353711790393,130,99,0.0081,structure
budget010@0,attr:Splits/test.sql#3:9eeb6beb,0.7894736842105263,0.5714285714285715,6,8,0.4511,structure
budget010@0,attr:Splits/train.sql#5:67f357ed,0.875,0.75,8,8,0.6562,structure
budget010@0,attr:Splits/train.sql#28:afa7f142,0.7142857142857143,0.7142857142857143,7,7,0.5102,structure
budget010@0,attr:Splits/train.sql#21:69a8aa51,0.0,0.0,1,20,0.0,structure
budget010@0,attr:art_agg20:q8:66165f93,0.8695652173913043,0.8421052631578948,10,9,0.7323,structure
budget010@0,attr:Splits/train.sql#21:74ce44ea,0.14705882352941177,0.0,2,8,0.0,structure
budget010@0,attr:Splits/test.sql#10:c595d1d2,0.38931297709923657,0.27611940298507465,139,129,0.1075,structure
budget010@0,attr:Splits/train.sql#22:97eeb866,0.9016393442622951,0.8799999999999999,13,12,0.7934,structure
budget010@0,attr:Mixed/mixed_queries.sql#3:cf2c2d1e,0.13182674199623348,0.10476190476190476,103,107,0.0138,structure
budget010@0,attr:Agg/agg_queries_Art.sql#6:ab4b024e,0.7142857142857142,0.8,2,3,0.5714,structure
budget010@0,attr:Splits/train.sql#16:08521cf9,0.7894736842105263,0.5714285714285715,6,8,0.4511,structure
budget010@0,attr:art_agg20:q5:d9058099,0.9090909090909091,0.4,6,4,0.3636,structure
budget010@0,attr:art_groupby20:q11:21f7123a,1.0,0.6666666666666666,12,12,0.6667,values
budget010@0,attr:Splits/test.sql#10:954c2860,0.059880239520958084,0.06779661016949153,115,180,0.0041,structure
budget010@0,attr:Splits/train.sql#21:e8a6e851,0.06849315068493152,0.0,1,18,0.0,structure
budget010@0,attr:Splits/train.sql#7:0a4cc27f,0.40693293142426523,0.47767857142857145,155,293,0.1944,structure
budget010@0,attr:Splits/train.sql#5:8e4ff051,0.7407407407407408,0.16666666666666666,7,5,0.1235,structure
budget010@0,attr:Splits/train.sql#16:5d68ee13,0.7407407407407408,0.5,7,5,0.3704,structure
budget010@0,attr:Splits/train.sql#5:81a928e2,0.875,0.75,8,8,0.6562,structure
budget010@0,attr:Splits/dev.sql#9:867252a6,0.4636871508379888,0.20846905537459282,111,196,0.0967,structure
budget010@0,attr:Splits/train.sql#27:7aa1a711,0.14705882352941177,0.0,2,8,0.0,structure
budget010@0,attr:art_filter20:q7:1598749a,0.5555555555555556,0.3333333333333333,4,8,0.1852,structure
budget010@0,attr:Agg/agg_queries_Art.sql#5:164b864e,0.9016393442622951,0.5599999999999999,13,12,0.5049,structure
budget010@0,attr:Splits/train.sql#7:9c97787e,0.45652173913043476,0.5031847133757962,112,202,0.2297,structure
budget010@0,attr:Agg/agg_queries_Art.sql#7:bd5e46d4,0.10493477027793535,0.04573170731707317,287,369,0.0048,structure
budget010@0,attr:Splits/test.sql#10:43b4666e,0.4381443298969072,0.2725274725274725,348,107,0.1194,structure
budget010@0,attr:Splits/train.sql#22:d786f8fe,0.9016393442622951,0.5599999999999999,13,12,0.5049,structure
budget010@0,attr:Splits/train.sql#39:2e7405c3,0.9016393442622951,0.7199999999999999,13,12,0.6492,structure
budget010@0,attr:Splits/train.sql#28:16bc6ec7,0.7692307692307692,0.3636363636363636,6,5,0.2797,structure
budget010@0,attr:Splits/train.sql#39:9c6472a3,0.9016393442622951,0.4,13,12,0.3607,structure
budget010@0,attr:Agg/agg_queries_Art.sql#9:51620e5f,0.7407407407407408,0.16666666666666666,7,5,0.1235,structure
budget010@0,attr:Splits/test.sql#3:5c71da52,0.7407407407407408,0.16666666666666666,7,5,0.1235,structure
budget010@0,attr:Agg/agg_queries_Art.sql#7:235452ad,0.40693293142426523,0.4285714285714286,155,293,0.1744,structure
budget010@0,attr:Splits/train.sql#7:8c2a0c6b,0.14756944444444445,0.10335917312661498,132,255,0.0153,structure
budget010@0,attr:Agg/agg_queries_Art.sql#9:9490bfab,0.7894736842105263,0.8571428571428571,6,8,0.6767,structure
budget010@100,attr:Splits/train.sql#27:55d60fee,0.05319148936170212,0.08,2,23,0.0043,structure
budget010@100,attr:Agg/agg_queries_Art.sql#5:f3e92fa3,0.9016393442622951,0.0,13,12,0.0,structure
budget010@100,attr:Mixed/mixed_queries.sql#3:ef6d70a6,0.1364522417153996,0.05333333333333333,129,96,0.0073,structure
budget010@100,attr:Agg/agg_queries_Art.sql#5:dcafb44f,0.9016393442622951,0.0,13,12,0.0,structure
budget010@100,attr:art_filter20:q13:c424f672,0.17241379310344823,0.0,2,14,0.0,structure
budget010@100,attr:Splits/train.sql#27:c99058e1,0.0,0.0,1,20,0.0,structure
budget010@100,attr:Agg/agg_queries_Art.sql#7:4e3cb980,0.0,0.0,1,464,0.0,structure
budget010@100,attr:Mixed/mixed_queries.sql#3:a4ee0194,0.0,0.0,1,99,0.0,structure
budget010@100,attr:Splits/test.sql#3:9eeb6beb,0.7894736842105263,0.42857142857142855,6,8,0.3383,structure
budget010@100,attr:Splits/train.sql#5:67f357ed,0.875,0.75,8,8,0.6562,structure
budget010@100,attr:Splits/train.sql#28:afa7f142,0.7142857142857143,0.7142857142857143,7,7,0.5102,structure
budget010@100,attr:Splits/train.sql#21:69a8aa51,0.0,0.0,1,20,0.0,structure
budget010@100,attr:art_agg20:q8:66165f93,0.4878048780487804,0.2857142857142857,5,9,0.1394,structure
budget010@100,attr:Splits/train.sql#21:74ce44ea,0.14705882352941177,0.0,2,8,0.0,structure
budget010@100,attr:Splits/test.sql#10:c595d1d2,0.38931297709923657,0.15671641791044777,139,129,0.061,structure
budget010@100,attr:Splits/train.sql#22:97eeb866,0.9016393442622951,0.8799999999999999,13,12,0.7934,structure
budget010@100,attr:Mixed/mixed_queries.sql#3:cf2c2d1e,0.0,0.0,1,107,0.0,structure
budget010@100,attr:Agg/agg_queries_Art.sql#6:ab4b024e,0.7142857142857142,0.8,2,3,0.5714,structure
budget010@100,attr:Splits/train.sql#16:08521cf9,0.7894736842105263,0.28571428571428575,6,8,0.2256,structure
budget010@100,attr:art_agg20:q5:d9058099,0.0,0.0,0,4,0.0,no rows
budget010@100,attr:art_groupby20:q11:21f7123a,1.0,0.4166666666666667,12,12,0.4167,values
budget010@100,attr:Splits/test.sql#10:954c2860,0.0,0.0,10,180,0.0,structure
budget010@100,attr:Splits/train.sql#21:e8a6e851,0.06756756756756757,0.0,2,18,0.0,structure
budget010@100,attr:Splits/train.sql#7:0a4cc27f,0.0,0.0,1,293,0.0,structure
budget010@100,attr:Splits/train.sql#5:8e4ff051,0.43478260869565216,0.0,3,5,0.0,structure
budget010@100,attr:Splits/train.sql#16:5d68ee13,0.43478260869565216,0.25,3,5,0.1087,structure
budget010@100,attr:Splits/train.sql#5:81a928e2,0.875,0.75,8,8,0.6562,structure
budget010@100,attr:Splits/dev.sql#9:867252a6,0.28994082840236685,0.08560311284046693,61,196,0.0248,structure
budget010@100,attr:Splits/train.sql#27:7aa1a711,0.14705882352941177,0.0,2,8,0.0,structure
budget010@100,attr:art_filter20:q7:1598749a,0.5555555555555556,0.3333333333333333,4,8,0.1852,structure
budget010@100,attr:Agg/agg_queries_Art.sql#5:164b864e,0.9016393442622951,0.0,13,12,0.0,structure
budget010@100,attr:Splits/train.sql#7:9c97787e,0.28160919540229884,0.3484848484848485,62,202,0.0981,structure
budget010@100,attr:Agg/agg_queries_Art.sql#7:bd5e46d4,0.003382949932341002,0.0,2,369,0.0,structure
budget010@100,attr:Splits/test.sql#10:43b4666e,0.0,0.0,0,107,0.0,no rows
budget010@100,attr:Splits/train.sql#22:d786f8fe,0.10204081632653061,0.0,1,12,0.0,structure
budget010@100,attr:Splits/train.sql#39:2e7405c3,0.9016393442622951,0.64,13,12,0.577,structure
budget010@100,attr:Splits/train.sql#28:16bc6ec7,0.0,0.0,1,5,0.0,structure
budget010@100,attr:Splits/train.sql#39:9c6472a3,0.10204081632653061,0.0,1,12,0.0,structure
budget010@100,attr:Agg/agg_queries_Art.sql#9:51620e5f,0.43478260869565216,0.0,3,5,0.0,structure
budget010@100,attr:Splits/test.sql#3:5c71da52,0.43478260869565216,0.0,3,5,0.0,structure
budget010@100,attr:Agg/agg_queries_Art.sql#7:235452ad,0.0,0.0,1,293,0.0,structure
budget010@100,attr:Splits/train.sql#7:8c2a0c6b,0.14756944444444445,0.031007751937984496,132,255,0.0046,structure
budget010@100,attr:Agg/agg_queries_Art.sql#9:9490bfab,0.7894736842105263,0.8571428571428571,6,8,0.6767,structure
budget010@25,attr:Splits/train.sql#27:55d60fee,0.05319148936170212,0.08,2,23,0.0043,structure
budget010@25,attr:Agg/agg_queries_Art.sql#5:f3e92fa3,0.9016393442622951,0.0,13,12,0.0,structure
budget010@25,attr:Mixed/mixed_queries.sql#3:ef6d70a6,0.1364522417153996,0.04444444444444445,129,96,0.0061,structure
budget010@25,attr:Agg/agg_queries_Art.sql#5:dcafb44f,0.9016393442622951,0.4,13,12,0.3607,structure
budget010@25,attr:art_filter20:q13:c424f672,0.17241379310344823,0.0,2,14,0.0,structure
budget010@25,attr:Splits/train.sql#27:c99058e1,0.0,0.0,1,20,0.0,structure
budget010@25,attr:Agg/agg_queries_Art.sql#7:4e3cb980,0.08986520219670495,0.05237315875613748,147,464,0.0047,structure
budget010@25,attr:Mixed/mixed_queries.sql#3:a4ee0194,0.1048951048951049,0.04363636363636364,176,99,0.0046,structure
budget010@25,attr:Splits/test.sql#3:9eeb6beb,0.7894736842105263,0.5714285714285715,6,8,0.4511,structure
budget010@25,attr:Splits/train.sql#5:67f357ed,0.875,0.75,8,8,0.6562,structure
budget010@25,attr:Splits/train.sql#28:afa7f142,0.7142857142857143,0.7142857142857143,7,7,0.5102,structure
budget010@25,attr:Splits/train.sql#21:69a8aa51,0.0,0.0,1,20,0.0,structure
budget010@25,attr:art_agg20:q8:66165f93,0.4878048780487804,0.2857142857142857,5,9,0.1394,structure
budget010@25,attr:Splits/train.sql#21:74ce44ea,0.14705882352941177,0.0,2,8,0.0,structure
budget010@25,attr:Splits/test.sql#10:c595d1d2,0.38931297709923657,0.27611940298507465,139,129,0.1075,structure
budget010@25,attr:Splits/train.sql#22:97eeb866,0.9016393442622951,0.8799999999999999,13,12,0.7934,structure
budget010@25,attr:Mixed/mixed_queries.sql#3:cf2c2d1e,0.13182674199623348,0.10476190476190476,103,107,0.0138,structure
budget010@25,attr:Agg/agg_queries_Art.sql#6:ab4b024e,0.7142857142857142,0.8,2,3,0.5714,structure
budget010@25,attr:Splits/train.sql#16:08521cf9,0.7894736842105263,0.5714285714285715,6,8,0.4511,structure
budget010@25,attr:art_agg20:q5:d9058099,0.9090909090909091,0.4,6,4,0.3636,structure
budget010@25,attr:art_groupby20:q11:21f7123a,1.0,0.4166666666666667,12,12,0.4167,values
budget010@25,attr:Splits/test.sql#10:954c2860,0.059880239520958084,0.06779661016949153,115,180,0.0041,structure
budget010@25,attr:Splits/train.sql#21:e8a6e851,0.06849315068493152,0.0,1,18,0.0,structure
budget010@25,attr:Splits/train.sql#7:0a4cc27f,0.40693293142426523,0.47767857142857145,155,293,0.1944,structure
budget010@25,attr:Splits/train.sql#5:8e4ff051,0.7407407407407408,0.16666666666666666,7,5,0.1235,structure
budget010@25,attr:Splits/train.sql#16:5d68ee13,0.7407407407407408,0.5,7,5,0.3704,structure
budget010@25,attr:Splits/train.sql#5:81a928e2,0.875,0.75,8,8,0.6562,structure
budget010@25,attr:Splits/dev.sql#9:867252a6,0.31103286384976525,0.09848484848484848,68,196,0.0306,structure
budget010@25,attr:Splits/train.sql#27:7aa1a711,0.14705882352941177,0.0,2,8,0.0,structure
budget010@25,attr:art_filter20:q7:1598749a,0.5555555555555556,0.3333333333333333,4,8,0.1852,structure
budget010@25,attr:Agg/agg_queries_Art.sql#5:164b864e,0.9016393442622951,0.0,13,12,0.0,structure
budget010@25,attr:Splits/train.sql#7:9c97787e,0.30216647662485746,0.36900369003690037,69,202,0.1115,structure
budget010@25,attr:Agg/agg_queries_Art.sql#7:bd5e46d4,0.06961259079903147,0.02568807339449541,176,369,0.0018,structure
budget010@25,attr:Splits/test.sql#10:43b4666e,0.4381443298969072,0.2725274725274725,348,107,0.1194,structure
budget010@25,attr:Splits/train.sql#22:d786f8fe,0.9016393442622951,0.5599999999999999,13,12,0.5049,structure
budget010@25,attr:Splits/train.sql#39:2e7405c3,0.9016393442622951,0.7199999999999999,13,12,0.6492,structure
budget010@25,attr:Splits/train.sql#28:16bc6ec7,0.7692307692307692,0.3636363636363636,6,5,0.2797,structure
budget010@25,attr:Splits/train.sql#39:9c6472a3,0.9016393442622951,0.4,13,12,0.3607,structure
budget010@25,attr:Agg/agg_queries_Art.sql#9:51620e5f,0.7407407407407408,0.16666666666666666,7,5,0.1235,structure
budget010@25,attr:Splits/test.sql#3:5c71da52,0.7407407407407408,0.16666666666666666,7,5,0.1235,structure
budget010@25,attr:Agg/agg_queries_Art.sql#7:235452ad,0.40693293142426523,0.4285714285714286,155,293,0.1744,structure
budget010@25,attr:Splits/train.sql#7:8c2a0c6b,0.14756944444444445,0.10335917312661498,132,255,0.0153,structure
budget010@25,attr:Agg/agg_queries_Art.sql#9:9490bfab,0.7894736842105263,0.8571428571428571,6,8,0.6767,structure
budget010@50,attr:Splits/train.sql#27:55d60fee,0.05319148936170212,0.08,2,23,0.0043,structure
budget010@50,attr:Agg/agg_queries_Art.sql#5:f3e92fa3,0.9016393442622951,0.0,13,12,0.0,structure
budget010@50,attr:Mixed/mixed_queries.sql#3:ef6d70a6,0.1364522417153996,0.04444444444444445,129,96,0.0061,structure
budget010@50,attr:Agg/agg_queries_Art.sql#5:dcafb44f,0.9016393442622951,0.4,13,12,0.3607,structure
budget010@50,attr:art_filter20:q13:c424f672,0.17241379310344823,0.0,2,14,0.0,structure
budget010@50,attr:Splits/train.sql#27:c99058e1,0.0,0.0,1,20,0.0,structure
budget010@50,attr:Agg/agg_queries_Art.sql#7:4e3cb980,0.08986520219670495,0.05237315875613748,147,464,0.0047,structure
budget010@50,attr:Mixed/mixed_queries.sql#3:a4ee0194,0.1048951048951049,0.04363636363636364,176,99,0.0046,structure
budget010@50,attr:Splits/test.sql#3:9eeb6beb,0.7894736842105263,0.5714285714285715,6,8,0.4511,structure
budget010@50,attr:Splits/train.sql#5:67f357ed,0.875,0.75,8,8,0.6562,structure
budget010@50,attr:Splits/train.sql#28:afa7f142,0.7142857142857143,0.7142857142857143,7,7,0.5102,structure
budget010@50,attr:Splits/train.sql#21:69a8aa51,0.0,0.0,1,20,0.0,structure
budget010@50,attr:art_agg20:q8:66165f93,0.4878048780487804,0.2857142857142857,5,9,0.1394,structure
budget010@50,attr:Splits/train.sql#21:74ce44ea,0.14705882352941177,0.0,2,8,0.0,structure
budget010@50,attr:Splits/test.sql#10:c595d1d2,0.38931297709923657,0.27611940298507465,139,129,0.1075,structure
budget010@50,attr:Splits/train.sql#22:97eeb866,0.9016393442622951,0.8799999999999999,13,12,0.7934,structure
budget010@50,attr:Mixed/mixed_queries.sql#3:cf2c2d1e,0.13182674199623348,0.10476190476190476,103,107,0.0138,structure
budget010@50,attr:Agg/agg_queries_Art.sql#6:ab4b024e,0.7142857142857142,0.8,2,3,0.5714,structure
budget010@50,attr:Splits/train.sql#16:08521cf9,0.7894736842105263,0.5714285714285715,6,8,0.4511,structure
budget010@50,attr:art_agg20:q5:d9058099,0.0,0.0,0,4,0.0,no rows
budget010@50,attr:art_groupby20:q11:21f7123a,1.0,0.4166666666666667,12,12,0.4167,values
budget010@50,attr:Splits/test.sql#10:954c2860,0.059880239520958084,0.06779661016949153,115,180,0.0041,structure
budget010@50,attr:Splits/train.sql#21:e8a6e851,0.06849315068493152,0.0,1,18,0.0,structure
budget010@50,attr:Splits/train.sql#7:0a4cc27f,0.40693293142426523,0.47767857142857145,155,293,0.1944,structure
budget010@50,attr:Splits/train.sql#5:8e4ff051,0.0,0.0,1,5,0.0,structure
budget010@50,attr:Splits/train.sql#16:5d68ee13,0.0,0.0,1,5,0.0,structure
budget010@50,attr:Splits/train.sql#5:81a928e2,0.875,0.75,8,8,0.6562,structure
budget010@50,attr:Splits/dev.sql#9:867252a6,0.31103286384976525,0.09848484848484848,68,196,0.0306,structure
budget010@50,attr:Splits/train.sql#27:7aa1a711,0.14705882352941177,0.0,2,8,0.0,structure
budget010@50,attr:art_filter20:q7:1598749a,0.5555555555555556,0.3333333333333333,4,8,0.1852,structure
budget010@50,attr:Agg/agg_queries_Art.sql#5:164b864e,0.9016393442622951,0.0,13,12,0.0,structure
budget010@50,attr:Splits/train.sql#7:9c97787e,0.30216647662485746,0.36900369003690037,69,202,0.1115,structure
budget010@50,attr:Agg/agg_queries_Art.sql#7:bd5e46d4,0.06961259079903147,0.02568807339449541,176,369,0.0018,structure
budget010@50,attr:Splits/test.sql#10:43b4666e,0.0,0.0,0,107,0.0,no rows
budget010@50,attr:Splits/train.sql#22:d786f8fe,0.0,0.0,0,12,0.0,no rows
budget010@50,attr:Splits/train.sql#39:2e7405c3,0.9016393442622951,0.7199999999999999,13,12,0.6492,structure
budget010@50,attr:Splits/train.sql#28:16bc6ec7,0.0,0.0,1,5,0.0,structure
budget010@50,attr:Splits/train.sql#39:9c6472a3,0.0,0.0,0,12,0.0,no rows
budget010@50,attr:Agg/agg_queries_Art.sql#9:51620e5f,0.0,0.0,1,5,0.0,structure
budget010@50,attr:Splits/test.sql#3:5c71da52,0.0,0.0,1,5,0.0,structure
budget010@50,attr:Agg/agg_queries_Art.sql#7:235452ad,0.40693293142426523,0.4285714285714286,155,293,0.1744,structure
budget010@50,attr:Splits/train.sql#7:8c2a0c6b,0.14756944444444445,0.10335917312661498,132,255,0.0153,structure
budget010@50,attr:Agg/agg_queries_Art.sql#9:9490bfab,0.7894736842105263,0.8571428571428571,6,8,0.6767,structure
budget010@75,attr:Splits/train.sql#27:55d60fee,0.05319148936170212,0.08,2,23,0.0043,structure
budget010@75,attr:Agg/agg_queries_Art.sql#5:f3e92fa3,0.9016393442622951,0.0,13,12,0.0,structure
budget010@75,attr:Mixed/mixed_queries.sql#3:ef6d70a6,0.1364522417153996,0.05333333333333333,129,96,0.0073,structure
budget010@75,attr:Agg/agg_queries_Art.sql#5:dcafb44f,0.9016393442622951,0.4,13,12,0.3607,structure
budget010@75,attr:art_filter20:q13:c424f672,0.17241379310344823,0.0,2,14,0.0,structure
budget010@75,attr:Splits/train.sql#27:c99058e1,0.0,0.0,1,20,0.0,structure
budget010@75,attr:Agg/agg_queries_Art.sql#7:4e3cb980,0.08986520219670495,0.05237315875613748,147,464,0.0047,structure
budget010@75,attr:Mixed/mixed_queries.sql#3:a4ee0194,0.0,0.0,1,99,0.0,structure
budget010@75,attr:Splits/test.sql#3:9eeb6beb,0.7894736842105263,0.42857142857142855,6,8,0.3383,structure
budget010@75,attr:Splits/train.sql#5:67f357ed,0.875,0.75,8,8,0.6562,structure
budget010@75,attr:Splits/train.sql#28:afa7f142,0.7142857142857143,0.7142857142857143,7,7,0.5102,structure
budget010@75,attr:Splits/train.sql#21:69a8aa51,0.0,0.0,1,20,0.0,structure
budget010@75,attr:art_agg20:q8:66165f93,0.4878048780487804,0.2857142857142857,5,9,0.1394,structure
budget010@75,attr:Splits/train.sql#21:74ce44ea,0.14705882352941177,0.0,2,8,0.0,structure
budget010@75,attr:Splits/test.sql#10:c595d1d2,0.38931297709923657,0.15671641791044777,139,129,0.061,structure
budget010@75,attr:Splits/train.sql#22:97eeb866,0.9016393442622951,0.8799999999999999,13,12,0.7934,structure
budget010@75,attr:Mixed/mixed_queries.sql#3:cf2c2d1e,0.13182674199623348,0.10476190476190476,103,107,0.0138,structure
budget010@75,attr:Agg/agg_queries_Art.sql#6:ab4b024e,0.7142857142857142,0.8,2,3,0.5714,structure
budget010@75,attr:Splits/train.sql#16:08521cf9,0.7894736842105263,0.28571428571428575,6,8,0.2256,structure
budget010@75,attr:art_agg20:q5:d9058099,0.29411764705882354,0.0,1,4,0.0,structure
budget010@75,attr:art_groupby20:q11:21f7123a,1.0,0.4166666666666667,12,12,0.4167,values
budget010@75,attr:Splits/test.sql#10:954c2860,0.059880239520958084,0.06779661016949153,115,180,0.0041,structure
budget010@75,attr:Splits/train.sql#21:e8a6e851,0.06849315068493152,0.0,1,18,0.0,structure
budget010@75,attr:Splits/train.sql#7:0a4cc27f,0.40693293142426523,0.47767857142857145,155,293,0.1944,structure
budget010@75,attr:Splits/train.sql#5:8e4ff051,0.22727272727272727,0.0,2,5,0.0,structure
budget010@75,attr:Splits/train.sql#16:5d68ee13,0.22727272727272727,0.0,2,5,0.0,structure
budget010@75,attr:Splits/train.sql#5:81a928e2,0.875,0.75,8,8,0.6562,structure
budget010@75,attr:Splits/dev.sql#9:867252a6,0.28994082840236685,0.08560311284046693,61,196,0.0248,structure
budget010@75,attr:Splits/train.sql#27:7aa1a711,0.14705882352941177,0.0,2,8,0.0,structure
budget010@75,attr:art_filter20:q7:1598749a,0.5555555555555556,0.3333333333333333,4,8,0.1852,structure
budget010@75,attr:Agg/agg_queries_Art.sql#5:164b864e,0.9016393442622951,0.0,13,12,0.0,structure
budget010@75,attr:Splits/train.sql#7:9c97787e,0.28160919540229884,0.3484848484848485,62,202,0.0981,structure
budget010@75,attr:Agg/agg_queries_Art.sql#7:bd5e46d4,0.003382949932341002,0.0,2,369,0.0,structure
budget010@75,attr:Splits/test.sql#10:43b4666e,0.0,0.0,0,107,0.0,no rows
budget010@75,attr:Splits/train.sql#22:d786f8fe,0.0,0.0,0,12,0.0,no rows
budget010@75,attr:Splits/train.sql#39:2e7405c3,0.9016393442622951,0.64,13,12,0.577,structure
budget010@75,attr:Splits/train.sql#28:16bc6ec7,0.0,0.0,1,5,0.0,structure
budget010@75,attr:Splits/train.sql#39:9c6472a3,0.0,0.0,0,12,0.0,no rows
budget010@75,attr:Agg/agg_queries_Art.sql#9:51620e5f,0.22727272727272727,0.0,2,5,0.0,structure
budget010@75,attr:Splits/test.sql#3:5c71da52,0.22727272727272727,0.0,2,5,0.0,structure
budget010@75,attr:Agg/agg_queries_Art.sql#7:235452ad,0.40693293142426523,0.4285714285714286,155,293,0.1744,structure
budget010@75,attr:Splits/train.sql#7:8c2a0c6b,0.14756944444444445,0.031007751937984496,132,255,0.0046,structure
budget010@75,attr:Agg/agg_queries_Art.sql#9:9490bfab,0.7894736842105263,0.8571428571428571,6,8,0.6767,structure
budget025@0,attr:Splits/train.sql#27:55d60fee,0.05319148936170212,0.08,2,23,0.0043,structure
budget025@0,attr:Agg/agg_queries_Art.sql#5:f3e92fa3,0.9016393442622951,0.5599999999999999,13,12,0.5049,structure
budget025@0,attr:Mixed/mixed_queries.sql#3:ef6d70a6,0.1364522417153996,0.04444444444444445,129,96,0.0061,structure
budget025@0,attr:Agg/agg_queries_Art.sql#5:dcafb44f,0.9016393442622951,0.4,13,12,0.3607,structure
budget025@0,attr:art_filter20:q13:c424f672,0.17241379310344823,0.0,2,14,0.0,structure
budget025@0,attr:Splits/train.sql#27:c99058e1,0.0,0.0,1,20,0.0,structure
budget025@0,attr:Agg/agg_queries_Art.sql#7:4e3cb980,0.08986520219670495,0.05237315875613748,147,464,0.0047,structure
budget025@0,attr:Mixed/mixed_queries.sql#3:a4ee0194,0.13307984790874525,0.0611353711790393,130,99,0.0081,structure
budget025@0,attr:Splits/test.sql#3:9eeb6beb,0.7894736842105263,0.5714285714285715,6,8,0.4511,structure
budget025@0,attr:Splits/train.sql#5:67f357ed,0.875,0.75,8,8,0.6562,structure
budget025@0,attr:Splits/train.sql#28:afa7f142,0.7142857142857143,0.7142857142857143,7,7,0.5102,structure
budget025@0,attr:Splits/train.sql#21:69a8aa51,0.0,0.0,1,20,0.0,structure
budget025@0,attr:art_agg20:q8:66165f93,0.8695652173913043,0.8421052631578948,10,9,0.7323,structure
budget025@0,attr:Splits/train.sql#21:74ce44ea,0.14705882352941177,0.0,2,8,0.0,structure
budget025@0,attr:Splits/test.sql#10:c595d1d2,0.38931297709923657,0.27611940298507465,139,129,0.1075,structure
budget025@0,attr:Splits/train.sql#22:97eeb866,0.9016393442622951,0.8799999999999999,13,12,0.7934,structure
budget025@0,attr:Mixed/mixed_queries.sql#3:cf2c2d1e,0.13182674199623348,0.10476190476190476,103,107,0.0138,structure
budget025@0,attr:Agg/agg_queries_Art.sql#6:ab4b024e,0.7142857142857142,0.8,2,3,0.5714,structure
budget025@0,attr:Splits/train.sql#16:08521cf9,0.7894736842105263,0.5714285714285715,6,8,0.4511,structure
budget025@0,attr:art_agg20:q5:d9058099,0.9090909090909091,0.4,6,4,0.3636,structure
budget025@0,attr:art_groupby20:q11:21f7123a,1.0,0.6666666666666666,12,12,0.6667,values
budget025@0,attr:Splits/test.sql#10:954c2860,0.059880239520958084,0.06779661016949153,115,180,0.0041,structure
budget025@0,attr:Splits/train.sql#21:e8a6e851,0.06849315068493152,0.0,1,18,0.0,structure
budget025@0,attr:Splits/train.sql#7:0a4cc27f,0.40693293142426523,0.47767857142857145,155,293,0.1944,structure
budget025@0,attr:Splits/train.sql#5:8e4ff051,0.7407407407407408,0.16666666666666666,7,5,0.1235,structure
budget025@0,attr:Splits/train.sql#16:5d68ee13,0.7407407407407408,0.5,7,5,0.3704,structure
budget025@0,attr:Splits/train.sql#5:81a928e2,0.875,0.75,8,8,0.6562,structure
budget025@0,attr:Splits/dev.sql#9:867252a6,0.4636871508379888,0.20846905537459282,111,196,0.0967,structure
budget025@0,attr:Splits/train.sql#27:7aa1a711,0.14705882352941177,0.0,2,8,0.0,structure
budget025@0,attr:art_filter20:q7:1598749a,0.5555555555555556,0.3333333333333333,4,8,0.1852,structure
budget025@0,attr:Agg/agg_queries_Art.sql#5:164b864e,0.9016393442622951,0.5599999999999999,13,12,0.5049,structure
budget025@0,attr:Splits/train.sql#7:9c97787e,0.45652173913043476,0.5031847133757962,112,202,0.2297,structure
budget025@0,attr:Agg/agg_queries_Art.sql#7:bd5e46d4,0.10493477027793535,0.04573170731707317,287,369,0.0048,structure
budget025@0,attr:Splits/test.sql#10:43b4666e,0.4381443298969072,0.2725274725274725,348,107,0.1194,structure
budget025@0,attr:Splits/train.sql#22:d786f8fe,0.9016393442622951,0.5599999999999999,13,12,0.5049,structure
budget025@0,attr:Splits/train.sql#39:2e7405c3,0.9016393442622951,0.7199999999999999,13,12,0.6492,structure
budget025@0,attr:Splits/train.sql#28:16bc6ec7,0.7692307692307692,0.3636363636363636,6,5,0.2797,structure
budget025@0,attr:Splits/train.sql#39:9c6472a3,0.9016393442622951,0.4,13,12,0.3607,structure
budget025@0,attr:Agg/agg_queries_Art.sql#9:51620e5f,0.7407407407407408,0.16666666666666666,7,5,0.1235,structure
budget025@0,attr:Splits/test.sql#3:5c71da52,0.7407407407407408,0.16666666666666666,7,5,0.1235,structure
budget025@0,attr:Agg/agg_queries_Art.sql#7:235452ad,0.40693293142426523,0.4285714285714286,155,293,0.1744,structure
budget025@0,attr:Splits/train.sql#7:8c2a0c6b,0.14756944444444445,0.10335917312661498,132,255,0.0153,structure
budget025@0,attr:Agg/agg_queries_Art.sql#9:9490bfab,0.7894736842105263,0.8571428571428571,6,8,0.6767,structure
budget025@100,attr:Splits/train.sql#27:55d60fee,0.05319148936170212,0.08,2,23,0.0043,structure
budget025@100,attr:Agg/agg_queries_Art.sql#5:f3e92fa3,0.9016393442622951,0.5599999999999999,13,12,0.5049,structure
budget025@100,attr:Mixed/mixed_queries.sql#3:ef6d70a6,0.1364522417153996,0.07111111111111111,129,96,0.0097,structure
budget025@100,attr:Agg/agg_queries_Art.sql#5:dcafb44f,0.9016393442622951,0.0,13,12,0.0,structure
budget025@100,attr:art_filter20:q13:c424f672,0.17241379310344823,0.0,2,14,0.0,structure
budget025@100,attr:Splits/train.sql#27:c99058e1,0.06097560975609757,0.09090909090909091,2,20,0.0055,structure
budget025@100,attr:Agg/agg_queries_Art.sql#7:4e3cb980,0.0,0.0,1,464,0.0,structure
budget025@100,attr:Mixed/mixed_queries.sql#3:a4ee0194,0.0,0.0,1,99,0.0,structure
budget025@100,attr:Splits/test.sql#3:9eeb6beb,0.7894736842105263,0.5714285714285715,6,8,0.4511,structure
budget025@100,attr:Splits/train.sql#5:67f357ed,0.875,0.75,8,8,0.6562,structure
budget025@100,attr:Splits/train.sql#28:afa7f142,0.7142857142857143,0.7142857142857143,7,7,0.5102,structure
budget025@100,attr:Splits/train.sql#21:69a8aa51,0.06097560975609757,0.0,2,20,0.0,structure
budget025@100,attr:art_agg20:q8:66165f93,0.9375,0.761904761904762,12,9,0.7143,structure
budget025@100,attr:Splits/train.sql#21:74ce44ea,0.14705882352941177,0.0,2,8,0.0,structure
budget025@100,attr:Splits/test.sql#10:c595d1d2,0.38931297709923657,0.14179104477611942,139,129,0.0552,structure
budget025@100,attr:Splits/train.sql#22:97eeb866,0.9016393442622951,0.8799999999999999,13,12,0.7934,structure
budget025@100,attr:Mixed/mixed_queries.sql#3:cf2c2d1e,0.0,0.0,1,107,0.0,structure
budget025@100,attr:Agg/agg_queries_Art.sql#6:ab4b024e,0.7142857142857142,0.8,2,3,0.5714,structure
budget025@100,attr:Splits/train.sql#16:08521cf9,0.7894736842105263,0.0,6,8,0.0,structure
budget025@100,attr:art_agg20:q5:d9058099,0.0,0.0,0,4,0.0,no rows
budget025@100,attr:art_groupby20:q11:21f7123a,1.0,0.6666666666666666,12,12,0.6667,values
budget025@100,attr:Splits/test.sql#10:954c2860,0.0,0.0,2,180,0.0,structure
budget025@100,attr:Splits/train.sql#21:e8a6e851,0.06756756756756757,0.0,2,18,0.0,structure
budget025@100,attr:Splits/train.sql#7:0a4cc27f,0.00425531914893617,0.0,3,293,0.0,structure
budget025@100,attr:Splits/train.sql#5:8e4ff051,0.43478260869565216,0.0,3,5,0.0,structure
budget025@100,attr:Splits/train.sql#16:5d68ee13,0.43478260869565216,0.25,3,5,0.1087,structure
budget025@100,attr:Splits/train.sql#5:81a928e2,0.875,0.75,8,8,0.6562,structure
budget025@100,attr:Splits/dev.sql#9:867252a6,0.37037037037037035,0.13043478260869565,80,196,0.0483,structure
budget025@100,attr:Splits/train.sql#27:7aa1a711,0.14705882352941177,0.0,2,8,0.0,structure
budget025@100,attr:art_filter20:q7:1598749a,0.5555555555555556,0.3333333333333333,4,8,0.1852,structure
budget025@100,attr:Agg/agg_queries_Art.sql#5:164b864e,0.9016393442622951,0.5599999999999999,13,12,0.5049,structure
budget025@100,attr:Splits/train.sql#7:9c97787e,0.36557930258717664,0.4028268551236749,81,202,0.1473,structure
budget025@100,attr:Agg/agg_queries_Art.sql#7:bd5e46d4,0.003382949932341002,0.0,2,369,0.0,structure
budget025@100,attr:Splits/test.sql#10:43b4666e,0.0,0.0,0,107,0.0,no rows
budget025@100,attr:Splits/train.sql#22:d786f8fe,0.10204081632653061,0.0,1,12,0.0,structure
budget025@100,attr:Splits/train.sql#39:2e7405c3,0.9016393442622951,0.48000000000000004,13,12,0.4328,structure
budget025@100,attr:Splits/train.sql#28:16bc6ec7,0.0,0.0,1,5,0.0,structure
budget025@100,attr:Splits/train.sql#39:9c6472a3,0.10204081632653061,0.0,1,12,0.0,structure
budget025@100,attr:Agg/agg_queries_Art.sql#9:51620e5f,0.43478260869565216,0.0,3,5,0.0,structure
budget025@100,attr:Splits/test.sql#3:5c71da52,0.43478260869565216,0.0,3,5,0.0,structure
budget025@100,attr:Agg/agg_queries_Art.sql#7:235452ad,0.00425531914893617,0.0,3,293,0.0,structure
budget025@100,attr:Splits/train.sql#7:8c2a0c6b,0.14756944444444445,0.041343669250646,132,255,0.0061,structure
budget025@100,attr:Agg/agg_queries_Art.sql#9:9490bfab,0.7894736842105263,0.8571428571428571,6,8,0.6767,structure
budget025@25,attr:Splits/train.sql#27:55d60fee,0.05319148936170212,0.08,2,23,0.0043,structure
budget025@25,attr:Agg/agg_queries_Art.sql#5:f3e92fa3,0.9016393442622951,0.5599999999999999,13,12,0.5049,structure
budget025@25,attr:Mixed/mixed_queries.sql#3:ef6d70a6,0.1364522417153996,0.04444444444444445,129,96,0.0061,structure
budget025@25,attr:Agg/agg_queries_Art.sql#5:dcafb44f,0.9016393442622951,0.4,13,12,0.3607,structure
budget025@25,attr:art_filter20:q13:c424f672,0.17241379310344823,0.0,2,14,0.0,structure
budget025@25,attr:Splits/train.sql#27:c99058e1,0.0,0.0,1,20,0.0,structure
budget025@25,attr:Agg/agg_queries_Art.sql#7:4e3cb980,0.08986520219670495,0.05237315875613748,147,464,0.0047,structure
budget025@25,attr:Mixed/mixed_queries.sql#3:a4ee0194,0.12019230769230767,0.06116207951070335,228,99,0.0074,structure
budget025@25,attr:Splits/test.sql#3:9eeb6beb,0.7894736842105263,0.5714285714285715,6,8,0.4511,structure
budget025@25,attr:Splits/train.sql#5:67f357ed,0.875,0.75,8,8,0.6562,structure
budget025@25,attr:Splits/train.sql#28:afa7f142,0.7142857142857143,0.7142857142857143,7,7,0.5102,structure
budget025@25,attr:Splits/train.sql#21:69a8aa51,0.0,0.0,1,20,0.0,structure
budget025@25,attr:art_agg20:q8:66165f93,0.9375,0.761904761904762,12,9,0.7143,structure
budget025@25,attr:Splits/train.sql#21:74ce44ea,0.14705882352941177,0.0,2,8,0.0,structure
budget025@25,attr:Splits/test.sql#10:c595d1d2,0.38931297709923657,0.27611940298507465,139,129,0.1075,structure
budget025@25,attr:Splits/train.sql#22:97eeb866,0.9016393442622951,0.8799999999999999,13,12,0.7934,structure
budget025@25,attr:Mixed/mixed_queries.sql#3:cf2c2d1e,0.13182674199623348,0.10476190476190476,103,107,0.0138,structure
budget025@25,attr:Agg/agg_queries_Art.sql#6:ab4b024e,0.7142857142857142,0.8,2,3,0.5714,structure
budget025@25,attr:Splits/train.sql#16:08521cf9,0.7894736842105263,0.5714285714285715,6,8,0.4511,structure
budget025@25,attr:art_agg20:q5:d9058099,0.9090909090909091,0.4,6,4,0.3636,structure
budget025@25,attr:art_groupby20:q11:21f7123a,1.0,0.6666666666666666,12,12,0.6667,values
budget025@25,attr:Splits/test.sql#10:954c2860,0.059880239520958084,0.06779661016949153,115,180,0.0041,structure
budget025@25,attr:Splits/train.sql#21:e8a6e851,0.06849315068493152,0.0,1,18,0.0,structure
budget025@25,attr:Splits/train.sql#7:0a4cc27f,0.40693293142426523,0.47767857142857145,155,293,0.1944,structure
budget025@25,attr:Splits/train.sql#5:8e4ff051,0.7407407407407408,0.16666666666666666,7,5,0.1235,structure
budget025@25,attr:Splits/train.sql#16:5d68ee13,0.7407407407407408,0.5,7,5,0.3704,structure
budget025@25,attr:Splits/train.sql#5:81a928e2,0.875,0.75,8,8,0.6562,structure
budget025@25,attr:Splits/dev.sql#9:867252a6,0.37037037037037035,0.13043478260869565,80,196,0.0483,structure
budget025@25,attr:Splits/train.sql#27:7aa1a711,0.14705882352941177,0.0,2,8,0.0,structure
budget025@25,attr:art_filter20:q7:1598749a,0.5555555555555556,0.3333333333333333,4,8,0.1852,structure
budget025@25,attr:Agg/agg_queries_Art.sql#5:164b864e,0.9016393442622951,0.5599999999999999,13,12,0.5049,structure
budget025@25,attr:Splits/train.sql#7:9c97787e,0.36557930258717664,0.4028268551236749,81,202,0.1473,structure
budget025@25,attr:Agg/agg_queries_Art.sql#7:bd5e46d4,0.08215962441314553,0.03685092127303183,228,369,0.003,structure
budget025@25,attr:Splits/test.sql#10:43b4666e,0.4381443298969072,0.2725274725274725,348,107,0.1194,structure
budget025@25,attr:Splits/train.sql#22:d786f8fe,0.9016393442622951,0.5599999999999999,13,12,0.5049,structure
budget025@25,attr:Splits/train.sql#39:2e7405c3,0.9016393442622951,0.7199999999999999,13,12,0.6492,structure
budget025@25,attr:Splits/train.sql#28:16bc6ec7,0.7692307692307692,0.3636363636363636,6,5,0.2797,structure
budget025@25,attr:Splits/train.sql#39:9c6472a3,0.9016393442622951,0.4,13,12,0.3607,structure
budget025@25,attr:Agg/agg_queries_Art.sql#9:51620e5f,0.7407407407407408,0.16666666666666666,7,5,0.1235,structure
budget025@25,attr:Splits/test.sql#3:5c71da52,0.7407407407407408,0.16666666666666666,7,5,0.1235,structure
budget025@25,attr:Agg/agg_queries_Art.sql#7:235452ad,0.40693293142426523,0.4285714285714286,155,293,0.1744,structure
budget025@25,attr:Splits/train.sql#7:8c2a0c6b,0.14756944444444445,0.10335917312661498,132,255,0.0153,structure
budget025@25,attr:Agg/agg_queries_Art.sql#9:9490bfab,0.7894736842105263,0.8571428571428571,6,8,0.6767,structure
budget025@50,attr:Splits/train.sql#27:55d60fee,0.05319148936170212,0.08,2,23,0.0043,structure
budget025@50,attr:Agg/agg_queries_Art.sql#5:f3e92fa3,0.9016393442622951,0.5599999999999999,13,12,0.5049,structure
budget025@50,attr:Mixed/mixed_queries.sql#3:ef6d70a6,0.1364522417153996,0.04444444444444445,129,96,0.0061,structure
budget025@50,attr:Agg/agg_queries_Art.sql#5:dcafb44f,0.9016393442622951,0.4,13,12,0.3607,structure
budget025@50,attr:art_filter20:q13:c424f672,0.17241379310344823,0.0,2,14,0.0,structure
budget025@50,attr:Splits/train.sql#27:c99058e1,0.0,0.0,1,20,0.0,structure
budget025@50,attr:Agg/agg_queries_Art.sql#7:4e3cb980,0.08986520219670495,0.05237315875613748,147,464,0.0047,structure
budget025@50,attr:Mixed/mixed_queries.sql#3:a4ee0194,0.12019230769230767,0.06116207951070335,228,99,0.0074,structure
budget025@50,attr:Splits/test.sql#3:9eeb6beb,0.7894736842105263,0.5714285714285715,6,8,0.4511,structure
budget025@50,attr:Splits/train.sql#5:67f357ed,0.875,0.75,8,8,0.6562,structure
budget025@50,attr:Splits/train.sql#28:afa7f142,0.7142857142857143,0.7142857142857143,7,7,0.5102,structure
budget025@50,attr:Splits/train.sql#21:69a8aa51,0.0,0.0,1,20,0.0,structure
budget025@50,attr:art_agg20:q8:66165f93,0.9375,0.761904761904762,12,9,0.7143,structure
budget025@50,attr:Splits/train.sql#21:74ce44ea,0.14705882352941177,0.0,2,8,0.0,structure
budget025@50,attr:Splits/test.sql#10:c595d1d2,0.38931297709923657,0.27611940298507465,139,129,0.1075,structure
budget025@50,attr:Splits/train.sql#22:97eeb866,0.9016393442622951,0.8799999999999999,13,12,0.7934,structure
budget025@50,attr:Mixed/mixed_queries.sql#3:cf2c2d1e,0.13182674199623348,0.10476190476190476,103,107,0.0138,structure
budget025@50,attr:Agg/agg_queries_Art.sql#6:ab4b024e,0.7142857142857142,0.8,2,3,0.5714,structure
budget025@50,attr:Splits/train.sql#16:08521cf9,0.7894736842105263,0.5714285714285715,6,8,0.4511,structure
budget025@50,attr:art_agg20:q5:d9058099,0.0,0.0,0,4,0.0,no rows
budget025@50,attr:art_groupby20:q11:21f7123a,1.0,0.6666666666666666,12,12,0.6667,values
budget025@50,attr:Splits/test.sql#10:954c2860,0.059880239520958084,0.06779661016949153,115,180,0.0041,structure
budget025@50,attr:Splits/train.sql#21:e8a6e851,0.06849315068493152,0.0,1,18,0.0,structure
budget025@50,attr:Splits/train.sql#7:0a4cc27f,0.40693293142426523,0.47767857142857145,155,293,0.1944,structure
budget025@50,attr:Splits/train.sql#5:8e4ff051,0.0,0.0,1,5,0.0,structure
budget025@50,attr:Splits/train.sql#16:5d68ee13,0.0,0.0,1,5,0.0,structure
budget025@50,attr:Splits/train.sql#5:81a928e2,0.875,0.75,8,8,0.6562,structure
budget025@50,attr:Splits/dev.sql#9:867252a6,0.37037037037037035,0.13043478260869565,80,196,0.0483,structure
budget025@50,attr:Splits/train.sql#27:7aa1a711,0.14705882352941177,0.0,2,8,0.0,structure
budget025@50,attr:art_filter20:q7:1598749a,0.5555555555555556,0.3333333333333333,4,8,0.1852,structure
budget025@50,attr:Agg/agg_queries_Art.sql#5:164b864e,0.9016393442622951,0.5599999999999999,13,12,0.5049,structure
budget025@50,attr:Splits/train.sql#7:9c97787e,0.36557930258717664,0.4028268551236749,81,202,0.1473,structure
budget025@50,attr:Agg/agg_queries_Art.sql#7:bd5e46d4,0.08215962441314553,0.03685092127303183,228,369,0.003,structure
budget025@50,attr:Splits/test.sql#10:43b4666e,0.0,0.0,0,107,0.0,no rows
budget025@50,attr:Splits/train.sql#22:d786f8fe,0.0,0.0,0,12,0.0,no rows
budget025@50,attr:Splits/train.sql#39:2e7405c3,0.9016393442622951,0.7199999999999999,13,12,0.6492,structure
budget025@50,attr:Splits/train.sql#28:16bc6ec7,0.0,0.0,1,5,0.0,structure
budget025@50,attr:Splits/train.sql#39:9c6472a3,0.0,0.0,0,12,0.0,no rows
budget025@50,attr:Agg/agg_queries_Art.sql#9:51620e5f,0.0,0.0,1,5,0.0,structure
budget025@50,attr:Splits/test.sql#3:5c71da52,0.0,0.0,1,5,0.0,structure
budget025@50,attr:Agg/agg_queries_Art.sql#7:235452ad,0.40693293142426523,0.4285714285714286,155,293,0.1744,structure
budget025@50,attr:Splits/train.sql#7:8c2a0c6b,0.14756944444444445,0.10335917312661498,132,255,0.0153,structure
budget025@50,attr:Agg/agg_queries_Art.sql#9:9490bfab,0.7894736842105263,0.8571428571428571,6,8,0.6767,structure
budget025@75,attr:Splits/train.sql#27:55d60fee,0.05319148936170212,0.08,2,23,0.0043,structure
budget025@75,attr:Agg/agg_queries_Art.sql#5:f3e92fa3,0.9016393442622951,0.5599999999999999,13,12,0.5049,structure
budget025@75,attr:Mixed/mixed_queries.sql#3:ef6d70a6,0.1364522417153996,0.07111111111111111,129,96,0.0097,structure
budget025@75,attr:Agg/agg_queries_Art.sql#5:dcafb44f,0.9016393442622951,0.4,13,12,0.3607,structure
budget025@75,attr:art_filter20:q13:c424f672,0.17241379310344823,0.0,2,14,0.0,structure
budget025@75,attr:Splits/train.sql#27:c99058e1,0.0,0.0,1,20,0.0,structure
budget025@75,attr:Agg/agg_queries_Art.sql#7:4e3cb980,0.08986520219670495,0.05237315875613748,147,464,0.0047,structure
budget025@75,attr:Mixed/mixed_queries.sql#3:a4ee0194,0.0,0.0,1,99,0.0,structure
budget025@75,attr:Splits/test.sql#3:9eeb6beb,0.7894736842105263,0.5714285714285715,6,8,0.4511,structure
budget025@75,attr:Splits/train.sql#5:67f357ed,0.875,0.75,8,8,0.6562,structure
budget025@75,attr:Splits/train.sql#28:afa7f142,0.7142857142857143,0.7142857142857143,7,7,0.5102,structure
budget025@75,attr:Splits/train.sql#21:69a8aa51,0.0,0.0,1,20,0.0,structure
budget025@75,attr:art_agg20:q8:66165f93,0.9375,0.761904761904762,12,9,0.7143,structure
budget025@75,attr:Splits/train.sql#21:74ce44ea,0.14705882352941177,0.0,2,8,0.0,structure
budget025@75,attr:Splits/test.sql#10:c595d1d2,0.38931297709923657,0.14179104477611942,139,129,0.0552,structure
budget025@75,attr:Splits/train.sql#22:97eeb866,0.9016393442622951,0.8799999999999999,13,12,0.7934,structure
budget025@75,attr:Mixed/mixed_queries.sql#3:cf2c2d1e,0.13182674199623348,0.10476190476190476,103,107,0.0138,structure
budget025@75,attr:Agg/agg_queries_Art.sql#6:ab4b024e,0.7142857142857142,0.8,2,3,0.5714,structure
budget025@75,attr:Splits/train.sql#16:08521cf9,0.7894736842105263,0.0,6,8,0.0,structure
budget025@75,attr:art_agg20:q5:d9058099,0.29411764705882354,0.0,1,4,0.0,structure
budget025@75,attr:art_groupby20:q11:21f7123a,1.0,0.6666666666666666,12,12,0.6667,values
budget025@75,attr:Splits/test.sql#10:954c2860,0.059880239520958084,0.06779661016949153,115,180,0.0041,structure
budget025@75,attr:Splits/train.sql#21:e8a6e851,0.06849315068493152,0.0,1,18,0.0,structure
budget025@75,attr:Splits/train.sql#7:0a4cc27f,0.40693293142426523,0.47767857142857145,155,293,0.1944,structure
budget025@75,attr:Splits/train.sql#5:8e4ff051,0.22727272727272727,0.0,2,5,0.0,structure
budget025@75,attr:Splits/train.sql#16:5d68ee13,0.22727272727272727,0.0,2,5,0.0,structure
budget025@75,attr:Splits/train.sql#5:81a928e2,0.875,0.75,8,8,0.6562,structure
budget025@75,attr:Splits/dev.sql#9:867252a6,0.37037037037037035,0.13043478260869565,80,196,0.0483,structure
budget025@75,attr:Splits/train.sql#27:7aa1a711,0.14705882352941177,0.0,2,8,0.0,structure
budget025@75,attr:art_filter20:q7:1598749a,0.5555555555555556,0.3333333333333333,4,8,0.1852,structure
budget025@75,attr:Agg/agg_queries_Art.sql#5:164b864e,0.9016393442622951,0.5599999999999999,13,12,0.5049,structure
budget025@75,attr:Splits/train.sql#7:9c97787e,0.36557930258717664,0.4028268551236749,81,202,0.1473,structure
budget025@75,attr:Agg/agg_queries_Art.sql#7:bd5e46d4,0.0,0.0,2,369,0.0,structure
budget025@75,attr:Splits/test.sql#10:43b4666e,0.0,0.0,0,107,0.0,no rows
budget025@75,attr:Splits/train.sql#22:d786f8fe,0.0,0.0,0,12,0.0,no rows
budget025@75,attr:Splits/train.sql#39:2e7405c3,0.9016393442622951,0.48000000000000004,13,12,0.4328,structure
budget025@75,attr:Splits/train.sql#28:16bc6ec7,0.0,0.0,1,5,0.0,structure
budget025@75,attr:Splits/train.sql#39:9c6472a3,0.0,0.0,0,12,0.0,no rows
budget025@75,attr:Agg/agg_queries_Art.sql#9:51620e5f,0.22727272727272727,0.0,2,5,0.0,structure
budget025@75,attr:Splits/test.sql#3:5c71da52,0.22727272727272727,0.0,2,5,0.0,structure
budget025@75,attr:Agg/agg_queries_Art.sql#7:235452ad,0.40693293142426523,0.4285714285714286,155,293,0.1744,structure
budget025@75,attr:Splits/train.sql#7:8c2a0c6b,0.14756944444444445,0.041343669250646,132,255,0.0061,structure
budget025@75,attr:Agg/agg_queries_Art.sql#9:9490bfab,0.7894736842105263,0.8571428571428571,6,8,0.6767,structure
budget050@0,attr:Splits/train.sql#27:55d60fee,0.05319148936170212,0.08,2,23,0.0043,structure
budget050@0,attr:Agg/agg_queries_Art.sql#5:f3e92fa3,0.9016393442622951,0.5599999999999999,13,12,0.5049,structure
budget050@0,attr:Mixed/mixed_queries.sql#3:ef6d70a6,0.1364522417153996,0.04444444444444445,129,96,0.0061,structure
budget050@0,attr:Agg/agg_queries_Art.sql#5:dcafb44f,0.9016393442622951,0.4,13,12,0.3607,structure
budget050@0,attr:art_filter20:q13:c424f672,0.17241379310344823,0.0,2,14,0.0,structure
budget050@0,attr:Splits/train.sql#27:c99058e1,0.0,0.0,1,20,0.0,structure
budget050@0,attr:Agg/agg_queries_Art.sql#7:4e3cb980,0.08986520219670495,0.05237315875613748,147,464,0.0047,structure
budget050@0,attr:Mixed/mixed_queries.sql#3:a4ee0194,0.13307984790874525,0.0611353711790393,130,99,0.0081,structure
budget050@0,attr:Splits/test.sql#3:9eeb6beb,0.7894736842105263,0.5714285714285715,6,8,0.4511,structure
budget050@0,attr:Splits/train.sql#5:67f357ed,0.875,0.75,8,8,0.6562,structure
budget050@0,attr:Splits/train.sql#28:afa7f142,0.7142857142857143,0.7142857142857143,7,7,0.5102,structure
budget050@0,attr:Splits/train.sql#21:69a8aa51,0.0,0.0,1,20,0.0,structure
budget050@0,attr:art_agg20:q8:66165f93,0.8695652173913043,0.8421052631578948,10,9,0.7323,structure
budget050@0,attr:Splits/train.sql#21:74ce44ea,0.14705882352941177,0.0,2,8,0.0,structure
budget050@0,attr:Splits/test.sql#10:c595d1d2,0.38931297709923657,0.27611940298507465,139,129,0.1075,structure
budget050@0,attr:Splits/train.sql#22:97eeb866,0.9016393442622951,0.8799999999999999,13,12,0.7934,structure
budget050@0,attr:Mixed/mixed_queries.sql#3:cf2c2d1e,0.13182674199623348,0.10476190476190476,103,107,0.0138,structure
budget050@0,attr:Agg/agg_queries_Art.sql#6:ab4b024e,0.7142857142857142,0.8,2,3,0.5714,structure
budget050@0,attr:Splits/train.sql#16:08521cf9,0.7894736842105263,0.5714285714285715,6,8,0.4511,structure
budget050@0,attr:art_agg20:q5:d9058099,0.9090909090909091,0.4,6,4,0.3636,structure
budget050@0,attr:art_groupby20:q11:21f7123a,1.0,0.6666666666666666,12,12,0.6667,values
budget050@0,attr:Splits/test.sql#10:954c2860,0.059880239520958084,0.06779661016949153,115,180,0.0041,structure
budget050@0,attr:Splits/train.sql#21:e8a6e851,0.06849315068493152,0.0,1,18,0.0,structure
budget050@0,attr:Splits/train.sql#7:0a4cc27f,0.40693293142426523,0.47767857142857145,155,293,0.1944,structure
budget050@0,attr:Splits/train.sql#5:8e4ff051,0.7407407407407408,0.16666666666666666,7,5,0.1235,structure
budget050@0,attr:Splits/train.sql#16:5d68ee13,0.7407407407407408,0.5,7,5,0.3704,structure
budget050@0,attr:Splits/train.sql#5:81a928e2,0.875,0.75,8,8,0.6562,structure
budget050@0,attr:Splits/dev.sql#9:867252a6,0.4636871508379888,0.20846905537459282,111,196,0.0967,structure
budget050@0,attr:Splits/train.sql#27:7aa1a711,0.14705882352941177,0.0,2,8,0.0,structure
budget050@0,attr:art_filter20:q7:1598749a,0.5555555555555556,0.3333333333333333,4,8,0.1852,structure
budget050@0,attr:Agg/agg_queries_Art.sql#5:164b864e,0.9016393442622951,0.5599999999999999,13,12,0.5049,structure
budget050@0,attr:Splits/train.sql#7:9c97787e,0.45652173913043476,0.5031847133757962,112,202,0.2297,structure
budget050@0,attr:Agg/agg_queries_Art.sql#7:bd5e46d4,0.10493477027793535,0.04573170731707317,287,369,0.0048,structure
budget050@0,attr:Splits/test.sql#10:43b4666e,0.4381443298969072,0.2725274725274725,348,107,0.1194,structure
budget050@0,attr:Splits/train.sql#22:d786f8fe,0.9016393442622951,0.5599999999999999,13,12,0.5049,structure
budget050@0,attr:Splits/train.sql#39:2e7405c3,0.9016393442622951,0.7199999999999999,13,12,0.6492,structure
budget050@0,attr:Splits/train.sql#28:16bc6ec7,0.7692307692307692,0.3636363636363636,6,5,0.2797,structure
budget050@0,attr:Splits/train.sql#39:9c6472a3,0.9016393442622951,0.4,13,12,0.3607,structure
budget050@0,attr:Agg/agg_queries_Art.sql#9:51620e5f,0.7407407407407408,0.16666666666666666,7,5,0.1235,structure
budget050@0,attr:Splits/test.sql#3:5c71da52,0.7407407407407408,0.16666666666666666,7,5,0.1235,structure
budget050@0,attr:Agg/agg_queries_Art.sql#7:235452ad,0.40693293142426523,0.4285714285714286,155,293,0.1744,structure
budget050@0,attr:Splits/train.sql#7:8c2a0c6b,0.14756944444444445,0.10335917312661498,132,255,0.0153,structure
budget050@0,attr:Agg/agg_queries_Art.sql#9:9490bfab,0.7894736842105263,0.8571428571428571,6,8,0.6767,structure
budget050@100,attr:Splits/train.sql#27:55d60fee,0.05319148936170212,0.08,2,23,0.0043,structure
budget050@100,attr:Agg/agg_queries_Art.sql#5:f3e92fa3,0.9016393442622951,0.5599999999999999,13,12,0.5049,structure
budget050@100,attr:Mixed/mixed_queries.sql#3:ef6d70a6,0.1364522417153996,0.07111111111111111,129,96,0.0097,structure
budget050@100,attr:Agg/agg_queries_Art.sql#5:dcafb44f,0.9016393442622951,0.4,13,12,0.3607,structure
budget050@100,attr:art_filter20:q13:c424f672,0.17241379310344823,0.0,2,14,0.0,structure
budget050@100,attr:Splits/train.sql#27:c99058e1,0.0,0.0,1,20,0.0,structure
budget050@100,attr:Agg/agg_queries_Art.sql#7:4e3cb980,0.0,0.0,1,464,0.0,structure
budget050@100,attr:Mixed/mixed_queries.sql#3:a4ee0194,0.0,0.0,1,99,0.0,structure
budget050@100,attr:Splits/test.sql#3:9eeb6beb,0.7894736842105263,0.42857142857142855,6,8,0.3383,structure
budget050@100,attr:Splits/train.sql#5:67f357ed,0.875,0.75,8,8,0.6562,structure
budget050@100,attr:Splits/train.sql#28:afa7f142,0.7142857142857143,0.7142857142857143,7,7,0.5102,structure
budget050@100,attr:Splits/train.sql#21:69a8aa51,0.0,0.0,1,20,0.0,structure
budget050@100,attr:art_agg20:q8:66165f93,0.9375,0.761904761904762,12,9,0.7143,structure
budget050@100,attr:Splits/train.sql#21:74ce44ea,0.14705882352941177,0.0,2,8,0.0,structure
budget050@100,attr:Splits/test.sql#10:c595d1d2,0.38931297709923657,0.26865671641791045,139,129,0.1046,structure
budget050@100,attr:Splits/train.sql#22:97eeb866,0.9016393442622951,0.8799999999999999,13,12,0.7934,structure
budget050@100,attr:Mixed/mixed_queries.sql#3:cf2c2d1e,0.0,0.0,1,107,0.0,structure
budget050@100,attr:Agg/agg_queries_Art.sql#6:ab4b024e,0.7142857142857142,0.8,2,3,0.5714,structure
budget050@100,attr:Splits/train.sql#16:08521cf9,0.7894736842105263,0.0,6,8,0.0,structure
budget050@100,attr:art_agg20:q5:d9058099,0.0,0.0,0,4,0.0,no rows
budget050@100,attr:art_groupby20:q11:21f7123a,1.0,0.6666666666666666,12,12,0.6667,values
budget050@100,attr:Splits/test.sql#10:954c2860,0.05980861244019138,0.06756756756756756,116,180,0.004,structure
budget050@100,attr:Splits/train.sql#21:e8a6e851,0.06756756756756757,0.0,2,18,0.0,structure
budget050@100,attr:Splits/train.sql#7:0a4cc27f,0.0,0.0,1,293,0.0,structure
budget050@100,attr:Splits/train.sql#5:8e4ff051,0.43478260869565216,0.0,3,5,0.0,structure
budget050@100,attr:Splits/train.sql#16:5d68ee13,0.43478260869565216,0.25,3,5,0.1087,structure
budget050@100,attr:Splits/train.sql#5:81a928e2,0.875,0.75,8,8,0.6562,structure
budget050@100,attr:Splits/dev.sql#9:867252a6,0.37037037037037035,0.13043478260869565,80,196,0.0483,structure
budget050@100,attr:Splits/train.sql#27:7aa1a711,0.14705882352941177,0.0,2,8,0.0,structure
budget050@100,attr:art_filter20:q7:1598749a,0.5555555555555556,0.3333333333333333,4,8,0.1852,structure
budget050@100,attr:Agg/agg_queries_Art.sql#5:164b864e,0.9016393442622951,0.5599999999999999,13,12,0.5049,structure
budget050@100,attr:Splits/train.sql#7:9c97787e,0.36557930258717664,0.4028268551236749,81,202,0.1473,structure
budget050@100,attr:Agg/agg_queries_Art.sql#7:bd5e46d4,0.003382949932341002,0.0,2,369,0.0,structure
budget050@100,attr:Splits/test.sql#10:43b4666e,0.0,0.0,0,107,0.0,no rows
budget050@100,attr:Splits/train.sql#22:d786f8fe,0.10204081632653061,0.0,1,12,0.0,structure
budget050@100,attr:Splits/train.sql#39:2e7405c3,0.9016393442622951,0.7199999999999999,13,12,0.6492,structure
budget050@100,attr:Splits/train.sql#28:16bc6ec7,0.0,0.0,1,5,0.0,structure
budget050@100,attr:Splits/train.sql#39:9c6472a3,0.10204081632653061,0.0,1,12,0.0,structure
budget050@100,attr:Agg/agg_queries_Art.sql#9:51620e5f,0.43478260869565216,0.0,3,5,0.0,structure
budget050@100,attr:Splits/test.sql#3:5c71da52,0.43478260869565216,0.0,3,5,0.0,structure
budget050@100,attr:Agg/agg_queries_Art.sql#7:235452ad,0.0,0.0,1,293,0.0,structure
budget050@100,attr:Splits/train.sql#7:8c2a0c6b,0.14756944444444445,0.10852713178294573,132,255,0.016,structure
budget050@100,attr:Agg/agg_queries_Art.sql#9:9490bfab,0.7894736842105263,0.8571428571428571,6,8,0.6767,structure
budget050@25,attr:Splits/train.sql#27:55d60fee,0.05319148936170212,0.08,2,23,0.0043,structure
budget050@25,attr:Agg/agg_queries_Art.sql#5:f3e92fa3,0.9016393442622951,0.5599999999999999,13,12,0.5049,structure
budget050@25,attr:Mixed/mixed_queries.sql#3:ef6d70a6,0.1364522417153996,0.04444444444444445,129,96,0.0061,structure
budget050@25,attr:Agg/agg_queries_Art.sql#5:dcafb44f,0.9016393442622951,0.4,13,12,0.3607,structure
budget050@25,attr:art_filter20:q13:c424f672,0.17241379310344823,0.0,2,14,0.0,structure
budget050@25,attr:Splits/train.sql#27:c99058e1,0.0,0.0,1,20,0.0,structure
budget050@25,attr:Agg/agg_queries_Art.sql#7:4e3cb980,0.08986520219670495,0.05237315875613748,147,464,0.0047,structure
budget050@25,attr:Mixed/mixed_queries.sql#3:a4ee0194,0.12019230769230767,0.06116207951070335,228,99,0.0074,structure
budget050@25,attr:Splits/test.sql#3:9eeb6beb,0.7894736842105263,0.5714285714285715,6,8,0.4511,structure
budget050@25,attr:Splits/train.sql#5:67f357ed,0.875,0.75,8,8,0.6562,structure
budget050@25,attr:Splits/train.sql#28:afa7f142,0.7142857142857143,0.7142857142857143,7,7,0.5102,structure
budget050@25,attr:Splits/train.sql#21:69a8aa51,0.0,0.0,1,20,0.0,structure
budget050@25,attr:art_agg20:q8:66165f93,0.9375,0.761904761904762,12,9,0.7143,structure
budget050@25,attr:Splits/train.sql#21:74ce44ea,0.14705882352941177,0.0,2,8,0.0,structure
budget050@25,attr:Splits/test.sql#10:c595d1d2,0.38931297709923657,0.27611940298507465,139,129,0.1075,structure
budget050@25,attr:Splits/train.sql#22:97eeb866,0.9016393442622951,0.8799999999999999,13,12,0.7934,structure
budget050@25,attr:Mixed/mixed_queries.sql#3:cf2c2d1e,0.13182674199623348,0.10476190476190476,103,107,0.0138,structure
budget050@25,attr:Agg/agg_queries_Art.sql#6:ab4b024e,0.7142857142857142,0.8,2,3,0.5714,structure
budget050@25,attr:Splits/train.sql#16:08521cf9,0.7894736842105263,0.5714285714285715,6,8,0.4511,structure
budget050@25,attr:art_agg20:q5:d9058099,0.9090909090909091,0.4,6,4,0.3636,structure
budget050@25,attr:art_groupby20:q11:21f7123a,1.0,0.6666666666666666,12,12,0.6667,values
budget050@25,attr:Splits/test.sql#10:954c2860,0.059880239520958084,0.06779661016949153,115,180,0.0041,structure
budget050@25,attr:Splits/train.sql#21:e8a6e851,0.06849315068493152,0.0,1,18,0.0,structure
budget050@25,attr:Splits/train.sql#7:0a4cc27f,0.40693293142426523,0.47767857142857145,155,293,0.1944,structure
budget050@25,attr:Splits/train.sql#5:8e4ff051,0.7407407407407408,0.16666666666666666,7,5,0.1235,structure
budget050@25,attr:Splits/train.sql#16:5d68ee13,0.7407407407407408,0.5,7,5,0.3704,structure
budget050@25,attr:Splits/train.sql#5:81a928e2,0.875,0.75,8,8,0.6562,structure
budget050@25,attr:Splits/dev.sql#9:867252a6,0.37037037037037035,0.13043478260869565,80,196,0.0483,structure
budget050@25,attr:Splits/train.sql#27:7aa1a711,0.14705882352941177,0.0,2,8,0.0,structure
budget050@25,attr:art_filter20:q7:1598749a,0.5555555555555556,0.3333333333333333,4,8,0.1852,structure
budget050@25,attr:Agg/agg_queries_Art.sql#5:164b864e,0.9016393442622951,0.5599999999999999,13,12,0.5049,structure
budget050@25,attr:Splits/train.sql#7:9c97787e,0.36557930258717664,0.4028268551236749,81,202,0.1473,structure
budget050@25,attr:Agg/agg_queries_Art.sql#7:bd5e46d4,0.10389610389610389,0.029339853300733496,449,369,0.003,structure
budget050@25,attr:Splits/test.sql#10:43b4666e,0.4381443298969072,0.2725274725274725,348,107,0.1194,structure
budget050@25,attr:Splits/train.sql#22:d786f8fe,0.9016393442622951,0.5599999999999999,13,12,0.5049,structure
budget050@25,attr:Splits/train.sql#39:2e7405c3,0.9016393442622951,0.7199999999999999,13,12,0.6492,structure
budget050@25,attr:Splits/train.sql#28:16bc6ec7,0.7692307692307692,0.3636363636363636,6,5,0.2797,structure
budget050@25,attr:Splits/train.sql#39:9c6472a3,0.9016393442622951,0.4,13,12,0.3607,structure
budget050@25,attr:Agg/agg_queries_Art.sql#9:51620e5f,0.7407407407407408,0.16666666666666666,7,5,0.1235,structure
budget050@25,attr:Splits/test.sql#3:5c71da52,0.7407407407407408,0.16666666666666666,7,5,0.1235,structure
budget050@25,attr:Agg/agg_queries_Art.sql#7:235452ad,0.40693293142426523,0.4285714285714286,155,293,0.1744,structure
budget050@25,attr:Splits/train.sql#7:8c2a0c6b,0.14756944444444445,0.10335917312661498,132,255,0.0153,structure
budget050@25,attr:Agg/agg_queries_Art.sql#9:9490bfab,0.7894736842105263,0.8571428571428571,6,8,0.6767,structure
budget050@50,attr:Splits/train.sql#27:55d60fee,0.05319148936170212,0.08,2,23,0.0043,structure
budget050@50,attr:Agg/agg_queries_Art.sql#5:f3e92fa3,0.9016393442622951,0.5599999999999999,13,12,0.5049,structure
budget050@50,attr:Mixed/mixed_queries.sql#3:ef6d70a6,0.1364522417153996,0.04444444444444445,129,96,0.0061,structure
budget050@50,attr:Agg/agg_queries_Art.sql#5:dcafb44f,0.9016393442622951,0.4,13,12,0.3607,structure
budget050@50,attr:art_filter20:q13:c424f672,0.17241379310344823,0.0,2,14,0.0,structure
budget050@50,attr:Splits/train.sql#27:c99058e1,0.0,0.0,1,20,0.0,structure
budget050@50,attr:Agg/agg_queries_Art.sql#7:4e3cb980,0.08986520219670495,0.05237315875613748,147,464,0.0047,structure
budget050@50,attr:Mixed/mixed_queries.sql#3:a4ee0194,0.12019230769230767,0.06116207951070335,228,99,0.0074,structure
budget050@50,attr:Splits/test.sql#3:9eeb6beb,0.7894736842105263,0.5714285714285715,6,8,0.4511,structure
budget050@50,attr:Splits/train.sql#5:67f357ed,0.875,0.75,8,8,0.6562,structure
budget050@50,attr:Splits/train.sql#28:afa7f142,0.7142857142857143,0.7142857142857143,7,7,0.5102,structure
budget050@50,attr:Splits/train.sql#21:69a8aa51,0.0,0.0,1,20,0.0,structure
budget050@50,attr:art_agg20:q8:66165f93,0.9375,0.761904761904762,12,9,0.7143,structure
budget050@50,attr:Splits/train.sql#21:74ce44ea,0.14705882352941177,0.0,2,8,0.0,structure
budget050@50,attr:Splits/test.sql#10:c595d1d2,0.38931297709923657,0.27611940298507465,139,129,0.1075,structure
budget050@50,attr:Splits/train.sql#22:97eeb866,0.9016393442622951,0.8799999999999999,13,12,0.7934,structure
budget050@50,attr:Mixed/mixed_queries.sql#3:cf2c2d1e,0.13182674199623348,0.10476190476190476,103,107,0.0138,structure
budget050@50,attr:Agg/agg_queries_Art.sql#6:ab4b024e,0.7142857142857142,0.8,2,3,0.5714,structure
budget050@50,attr:Splits/train.sql#16:08521cf9,0.7894736842105263,0.5714285714285715,6,8,0.4511,structure
budget050@50,attr:art_agg20:q5:d9058099,0.9090909090909091,0.2,6,4,0.1818,structure
budget050@50,attr:art_groupby20:q11:21f7123a,1.0,0.6666666666666666,12,12,0.6667,values
budget050@50,attr:Splits/test.sql#10:954c2860,0.059880239520958084,0.06779661016949153,115,180,0.0041,structure
budget050@50,attr:Splits/train.sql#21:e8a6e851,0.06849315068493152,0.0,1,18,0.0,structure
budget050@50,attr:Splits/train.sql#7:0a4cc27f,0.40693293142426523,0.47767857142857145,155,293,0.1944,structure
budget050@50,attr:Splits/train.sql#5:8e4ff051,0.7407407407407408,0.16666666666666666,7,5,0.1235,structure
budget050@50,attr:Splits/train.sql#16:5d68ee13,0.7407407407407408,0.5,7,5,0.3704,structure
budget050@50,attr:Splits/train.sql#5:81a928e2,0.875,0.75,8,8,0.6562,structure
budget050@50,attr:Splits/dev.sql#9:867252a6,0.37037037037037035,0.13043478260869565,80,196,0.0483,structure
budget050@50,attr:Splits/train.sql#27:7aa1a711,0.14705882352941177,0.0,2,8,0.0,structure
budget050@50,attr:art_filter20:q7:1598749a,0.5555555555555556,0.3333333333333333,4,8,0.1852,structure
budget050@50,attr:Agg/agg_queries_Art.sql#5:164b864e,0.9016393442622951,0.5599999999999999,13,12,0.5049,structure
budget050@50,attr:Splits/train.sql#7:9c97787e,0.36557930258717664,0.4028268551236749,81,202,0.1473,structure
budget050@50,attr:Agg/agg_queries_Art.sql#7:bd5e46d4,0.09523809523809525,0.035759897828863345,414,369,0.0034,structure
budget050@50,attr:Splits/test.sql#10:43b4666e,0.30476190476190473,0.28431372549019607,97,107,0.0866,structure
budget050@50,attr:Splits/train.sql#22:d786f8fe,0.9016393442622951,0.7199999999999999,13,12,0.6492,structure
budget050@50,attr:Splits/train.sql#39:2e7405c3,0.9016393442622951,0.7199999999999999,13,12,0.6492,structure
budget050@50,attr:Splits/train.sql#28:16bc6ec7,0.7407407407407408,0.3333333333333333,7,5,0.2469,structure
budget050@50,attr:Splits/train.sql#39:9c6472a3,0.9016393442622951,0.4,13,12,0.3607,structure
budget050@50,attr:Agg/agg_queries_Art.sql#9:51620e5f,0.7407407407407408,0.3333333333333333,7,5,0.2469,structure
budget050@50,attr:Splits/test.sql#3:5c71da52,0.7407407407407408,0.16666666666666666,7,5,0.1235,structure
budget050@50,attr:Agg/agg_queries_Art.sql#7:235452ad,0.40693293142426523,0.4285714285714286,155,293,0.1744,structure
budget050@50,attr:Splits/train.sql#7:8c2a0c6b,0.14756944444444445,0.10335917312661498,132,255,0.0153,structure
budget050@50,attr:Agg/agg_queries_Art.sql#9:9490bfab,0.7894736842105263,0.8571428571428571,6,8,0.6767,structure
budget050@75,attr:Splits/train.sql#27:55d60fee,0.05319148936170212,0.08,2,23,0.0043,structure
budget050@75,attr:Agg/agg_queries_Art.sql#5:f3e92fa3,0.9016393442622951,0.5599999999999999,13,12,0.5049,structure
budget050@75,attr:Mixed/mixed_queries.sql#3:ef6d70a6,0.1364522417153996,0.07111111111111111,129,96,0.0097,structure
budget050@75,attr:Agg/agg_queries_Art.sql#5:dcafb44f,0.9016393442622951,0.4,13,12,0.3607,structure
budget050@75,attr:art_filter20:q13:c424f672,0.17241379310344823,0.0,2,14,0.0,structure
budget050@75,attr:Splits/train.sql#27:c99058e1,0.0,0.0,1,20,0.0,structure
budget050@75,attr:Agg/agg_queries_Art.sql#7:4e3cb980,0.08986520219670495,0.05237315875613748,147,464,0.0047,structure
budget050@75,attr:Mixed/mixed_queries.sql#3:a4ee0194,0.12019230769230767,0.06116207951070335,228,99,0.0074,structure
budget050@75,attr:Splits/test.sql#3:9eeb6beb,0.7894736842105263,0.42857142857142855,6,8,0.3383,structure
budget050@75,attr:Splits/train.sql#5:67f357ed,0.875,0.75,8,8,0.6562,structure
budget050@75,attr:Splits/train.sql#28:afa7f142,0.7142857142857143,0.7142857142857143,7,7,0.5102,structure
budget050@75,attr:Splits/train.sql#21:69a8aa51,0.0,0.0,1,20,0.0,structure
budget050@75,attr:art_agg20:q8:66165f93,0.9375,0.761904761904762,12,9,0.7143,structure
budget050@75,attr:Splits/train.sql#21:74ce44ea,0.14705882352941177,0.0,2,8,0.0,structure
budget050@75,attr:Splits/test.sql#10:c595d1d2,0.38931297709923657,0.29850746268656714,139,129,0.1162,structure
budget050@75,attr:Splits/train.sql#22:97eeb866,0.9016393442622951,0.8799999999999999,13,12,0.7934,structure
budget050@75,attr:Mixed/mixed_queries.sql#3:cf2c2d1e,0.13182674199623348,0.10476190476190476,103,107,0.0138,structure
budget050@75,attr:Agg/agg_queries_Art.sql#6:ab4b024e,0.7142857142857142,0.8,2,3,0.5714,structure
budget050@75,attr:Splits/train.sql#16:08521cf9,0.7894736842105263,0.0,6,8,0.0,structure
budget050@75,attr:art_agg20:q5:d9058099,0.0,0.0,0,4,0.0,no rows
budget050@75,attr:art_groupby20:q11:21f7123a,1.0,0.6666666666666666,12,12,0.6667,values
budget050@75,attr:Splits/test.sql#10:954c2860,0.059880239520958084,0.06779661016949153,115,180,0.0041,structure
budget050@75,attr:Splits/train.sql#21:e8a6e851,0.06849315068493152,0.0,1,18,0.0,structure
budget050@75,attr:Splits/train.sql#7:0a4cc27f,0.40693293142426523,0.47767857142857145,155,293,0.1944,structure
budget050@75,attr:Splits/train.sql#5:8e4ff051,0.0,0.0,1,5,0.0,structure
budget050@75,attr:Splits/train.sql#16:5d68ee13,0.0,0.0,1,5,0.0,structure
budget050@75,attr:Splits/train.sql#5:81a928e2,0.875,0.75,8,8,0.6562,structure
budget050@75,attr:Splits/dev.sql#9:867252a6,0.37037037037037035,0.13043478260869565,80,196,0.0483,structure
budget050@75,attr:Splits/train.sql#27:7aa1a711,0.14705882352941177,0.0,2,8,0.0,structure
budget050@75,attr:art_filter20:q7:1598749a,0.5555555555555556,0.3333333333333333,4,8,0.1852,structure
budget050@75,attr:Agg/agg_queries_Art.sql#5:164b864e,0.9016393442622951,0.5599999999999999,13,12,0.5049,structure
budget050@75,attr:Splits/train.sql#7:9c97787e,0.36557930258717664,0.4028268551236749,81,202,0.1473,structure
budget050@75,attr:Agg/agg_queries_Art.sql#7:bd5e46d4,0.09748589020010262,0.03325415676959619,473,369,0.0032,structure
budget050@75,attr:Splits/test.sql#10:43b4666e,0.0,0.0,0,107,0.0,no rows
budget050@75,attr:Splits/train.sql#22:d786f8fe,0.0,0.0,0,12,0.0,no rows
budget050@75,attr:Splits/train.sql#39:2e7405c3,0.9016393442622951,0.7199999999999999,13,12,0.6492,structure
budget050@75,attr:Splits/train.sql#28:16bc6ec7,0.7692307692307692,0.3636363636363636,6,5,0.2797,structure
budget050@75,attr:Splits/train.sql#39:9c6472a3,0.8333333333333334,0.25,12,12,0.2083,structure
budget050@75,attr:Agg/agg_queries_Art.sql#9:51620e5f,0.7407407407407408,0.16666666666666666,7,5,0.1235,structure
budget050@75,attr:Splits/test.sql#3:5c71da52,0.7407407407407408,0.5,7,5,0.3704,structure
budget050@75,attr:Agg/agg_queries_Art.sql#7:235452ad,0.40693293142426523,0.4285714285714286,155,293,0.1744,structure
budget050@75,attr:Splits/train.sql#7:8c2a0c6b,0.14756944444444445,0.10852713178294573,132,255,0.016,structure
budget050@75,attr:Agg/agg_queries_Art.sql#9:9490bfab,0.7894736842105263,0.8571428571428571,6,8,0.6767,structure
budget075@0,attr:Splits/train.sql#27:55d60fee,0.05319148936170212,0.08,2,23,0.0043,structure
budget075@0,attr:Agg/agg_queries_Art.sql#5:f3e92fa3,0.9016393442622951,0.5599999999999999,13,12,0.5049,structure
budget075@0,attr:Mixed/mixed_queries.sql#3:ef6d70a6,0.1364522417153996,0.04444444444444445,129,96,0.0061,structure
budget075@0,attr:Agg/agg_queries_Art.sql#5:dcafb44f,0.9016393442622951,0.4,13,12,0.3607,structure
budget075@0,attr:art_filter20:q13:c424f672,0.17241379310344823,0.0,2,14,0.0,structure
budget075@0,attr:Splits/train.sql#27:c99058e1,0.0,0.0,1,20,0.0,structure
budget075@0,attr:Agg/agg_queries_Art.sql#7:4e3cb980,0.08986520219670495,0.05237315875613748,147,464,0.0047,structure
budget075@0,attr:Mixed/mixed_queries.sql#3:a4ee0194,0.13307984790874525,0.0611353711790393,130,99,0.0081,structure
budget075@0,attr:Splits/test.sql#3:9eeb6beb,0.7894736842105263,0.5714285714285715,6,8,0.4511,structure
budget075@0,attr:Splits/train.sql#5:67f357ed,0.875,0.75,8,8,0.6562,structure
budget075@0,attr:Splits/train.sql#28:afa7f142,0.7142857142857143,0.7142857142857143,7,7,0.5102,structure
budget075@0,attr:Splits/train.sql#21:69a8aa51,0.0,0.0,1,20,0.0,structure
budget075@0,attr:art_agg20:q8:66165f93,0.8695652173913043,0.8421052631578948,10,9,0.7323,structure
budget075@0,attr:Splits/train.sql#21:74ce44ea,0.14705882352941177,0.0,2,8,0.0,structure
budget075@0,attr:Splits/test.sql#10:c595d1d2,0.38931297709923657,0.27611940298507465,139,129,0.1075,structure
budget075@0,attr:Splits/train.sql#22:97eeb866,0.9016393442622951,0.8799999999999999,13,12,0.7934,structure
budget075@0,attr:Mixed/mixed_queries.sql#3:cf2c2d1e,0.13182674199623348,0.10476190476190476,103,107,0.0138,structure
budget075@0,attr:Agg/agg_queries_Art.sql#6:ab4b024e,0.7142857142857142,0.8,2,3,0.5714,structure
budget075@0,attr:Splits/train.sql#16:08521cf9,0.7894736842105263,0.5714285714285715,6,8,0.4511,structure
budget075@0,attr:art_agg20:q5:d9058099,0.9090909090909091,0.4,6,4,0.3636,structure
budget075@0,attr:art_groupby20:q11:21f7123a,1.0,0.6666666666666666,12,12,0.6667,values
budget075@0,attr:Splits/test.sql#10:954c2860,0.059880239520958084,0.06779661016949153,115,180,0.0041,structure
budget075@0,attr:Splits/train.sql#21:e8a6e851,0.06849315068493152,0.0,1,18,0.0,structure
budget075@0,attr:Splits/train.sql#7:0a4cc27f,0.40693293142426523,0.47767857142857145,155,293,0.1944,structure
budget075@0,attr:Splits/train.sql#5:8e4ff051,0.7407407407407408,0.16666666666666666,7,5,0.1235,structure
budget075@0,attr:Splits/train.sql#16:5d68ee13,0.7407407407407408,0.5,7,5,0.3704,structure
budget075@0,attr:Splits/train.sql#5:81a928e2,0.875,0.75,8,8,0.6562,structure
budget075@0,attr:Splits/dev.sql#9:867252a6,0.4636871508379888,0.20846905537459282,111,196,0.0967,structure
budget075@0,attr:Splits/train.sql#27:7aa1a711,0.14705882352941177,0.0,2,8,0.0,structure
budget075@0,attr:art_filter20:q7:1598749a,0.5555555555555556,0.3333333333333333,4,8,0.1852,structure
budget075@0,attr:Agg/agg_queries_Art.sql#5:164b864e,0.9016393442622951,0.5599999999999999,13,12,0.5049,structure
budget075@0,attr:Splits/train.sql#7:9c97787e,0.45652173913043476,0.5031847133757962,112,202,0.2297,structure
budget075@0,attr:Agg/agg_queries_Art.sql#7:bd5e46d4,0.10493477027793535,0.04573170731707317,287,369,0.0048,structure
budget075@0,attr:Splits/test.sql#10:43b4666e,0.4381443298969072,0.2725274725274725,348,107,0.1194,structure
budget075@0,attr:Splits/train.sql#22:d786f8fe,0.9016393442622951,0.5599999999999999,13,12,0.5049,structure
budget075@0,attr:Splits/train.sql#39:2e7405c3,0.9016393442622951,0.7199999999999999,13,12,0.6492,structure
budget075@0,attr:Splits/train.sql#28:16bc6ec7,0.7692307692307692,0.3636363636363636,6,5,0.2797,structure
budget075@0,attr:Splits/train.sql#39:9c6472a3,0.9016393442622951,0.4,13,12,0.3607,structure
budget075@0,attr:Agg/agg_queries_Art.sql#9:51620e5f,0.7407407407407408,0.16666666666666666,7,5,0.1235,structure
budget075@0,attr:Splits/test.sql#3:5c71da52,0.7407407407407408,0.16666666666666666,7,5,0.1235,structure
budget075@0,attr:Agg/agg_queries_Art.sql#7:235452ad,0.40693293142426523,0.4285714285714286,155,293,0.1744,structure
budget075@0,attr:Splits/train.sql#7:8c2a0c6b,0.14756944444444445,0.10335917312661498,132,255,0.0153,structure
budget075@0,attr:Agg/agg_queries_Art.sql#9:9490bfab,0.7894736842105263,0.8571428571428571,6,8,0.6767,structure
budget075@100,attr:Splits/train.sql#27:55d60fee,0.05319148936170212,0.08,2,23,0.0043,structure
budget075@100,attr:Agg/agg_queries_Art.sql#5:f3e92fa3,0.9016393442622951,0.5599999999999999,13,12,0.5049,structure
budget075@100,attr:Mixed/mixed_queries.sql#3:ef6d70a6,0.1364522417153996,0.07111111111111111,129,96,0.0097,structure
budget075@100,attr:Agg/agg_queries_Art.sql#5:dcafb44f,0.9016393442622951,0.4,13,12,0.3607,structure
budget075@100,attr:art_filter20:q13:c424f672,0.17241379310344823,0.0,2,14,0.0,structure
budget075@100,attr:Splits/train.sql#27:c99058e1,0.0,0.0,1,20,0.0,structure
budget075@100,attr:Agg/agg_queries_Art.sql#7:4e3cb980,0.09109311740890688,0.05479452054794521,120,464,0.005,structure
budget075@100,attr:Mixed/mixed_queries.sql#3:a4ee0194,0.12019230769230767,0.06116207951070335,228,99,0.0074,structure
budget075@100,attr:Splits/test.sql#3:9eeb6beb,0.7894736842105263,0.42857142857142855,6,8,0.3383,structure
budget075@100,attr:Splits/train.sql#5:67f357ed,0.875,0.75,8,8,0.6562,structure
budget075@100,attr:Splits/train.sql#28:afa7f142,0.7142857142857143,0.7142857142857143,7,7,0.5102,structure
budget075@100,attr:Splits/train.sql#21:69a8aa51,0.0,0.0,1,20,0.0,structure
budget075@100,attr:art_agg20:q8:66165f93,0.9375,0.761904761904762,12,9,0.7143,structure
budget075@100,attr:Splits/train.sql#21:74ce44ea,0.14705882352941177,0.0,2,8,0.0,structure
budget075@100,attr:Splits/test.sql#10:c595d1d2,0.38931297709923657,0.26865671641791045,139,129,0.1046,structure
budget075@100,attr:Splits/train.sql#22:97eeb866,0.9016393442622951,0.8799999999999999,13,12,0.7934,structure
budget075@100,attr:Mixed/mixed_queries.sql#3:cf2c2d1e,0.11650485436893204,0.0824742268041237,87,107,0.0096,structure
budget075@100,attr:Agg/agg_queries_Art.sql#6:ab4b024e,0.7142857142857142,0.8,2,3,0.5714,structure
budget075@100,attr:Splits/train.sql#16:08521cf9,0.7894736842105263,0.0,6,8,0.0,structure
budget075@100,attr:art_agg20:q5:d9058099,0.0,0.0,0,4,0.0,no rows
budget075@100,attr:art_groupby20:q11:21f7123a,1.0,0.6666666666666666,12,12,0.6667,values
budget075@100,attr:Splits/test.sql#10:954c2860,0.05980861244019138,0.06756756756756756,116,180,0.004,structure
budget075@100,attr:Splits/train.sql#21:e8a6e851,0.06756756756756757,0.0,2,18,0.0,structure
budget075@100,attr:Splits/train.sql#7:0a4cc27f,0.46221570066030815,0.5165289256198347,191,293,0.2387,structure
budget075@100,attr:Splits/train.sql#5:8e4ff051,0.0,0.0,1,5,0.0,structure
budget075@100,attr:Splits/train.sql#16:5d68ee13,0.0,0.0,1,5,0.0,structure
budget075@100,attr:Splits/train.sql#5:81a928e2,0.875,0.75,8,8,0.6562,structure
budget075@100,attr:Splits/dev.sql#9:867252a6,0.37037037037037035,0.13043478260869565,80,196,0.0483,structure
budget075@100,attr:Splits/train.sql#27:7aa1a711,0.14705882352941177,0.0,2,8,0.0,structure
budget075@100,attr:art_filter20:q7:1598749a,0.5555555555555556,0.3333333333333333,4,8,0.1852,structure
budget075@100,attr:Agg/agg_queries_Art.sql#5:164b864e,0.9016393442622951,0.5599999999999999,13,12,0.5049,structure
budget075@100,attr:Splits/train.sql#7:9c97787e,0.36557930258717664,0.4028268551236749,81,202,0.1473,structure
budget075@100,attr:Agg/agg_queries_Art.sql#7:bd5e46d4,0.08215962441314553,0.03685092127303183,228,369,0.003,structure
budget075@100,attr:Splits/test.sql#10:43b4666e,0.0,0.0,0,107,0.0,no rows
budget075@100,attr:Splits/train.sql#22:d786f8fe,0.0,0.0,0,12,0.0,no rows
budget075@100,attr:Splits/train.sql#39:2e7405c3,0.9016393442622951,0.7199999999999999,13,12,0.6492,structure
budget075@100,attr:Splits/train.sql#28:16bc6ec7,0.7407407407407408,0.3333333333333333,7,5,0.2469,structure
budget075@100,attr:Splits/train.sql#39:9c6472a3,0.847457627118644,0.08695652173913043,11,12,0.0737,structure
budget075@100,attr:Agg/agg_queries_Art.sql#9:51620e5f,0.7142857142857143,0.15384615384615385,8,5,0.1099,structure
budget075@100,attr:Splits/test.sql#3:5c71da52,0.7142857142857143,0.3076923076923077,8,5,0.2198,structure
budget075@100,attr:Agg/agg_queries_Art.sql#7:235452ad,0.46221570066030815,0.47107438016528924,191,293,0.2177,structure
budget075@100,attr:Splits/train.sql#7:8c2a0c6b,0.14756944444444445,0.10852713178294573,132,255,0.016,structure
budget075@100,attr:Agg/agg_queries_Art.sql#9:9490bfab,0.7894736842105263,0.8571428571428571,6,8,0.6767,structure
budget075@25,attr:Splits/train.sql#27:55d60fee,0.05319148936170212,0.08,2,23,0.0043,structure
budget075@25,attr:Agg/agg_queries_Art.sql#5:f3e92fa3,0.9016393442622951,0.5599999999999999,13,12,0.5049,structure
budget075@25,attr:Mixed/mixed_queries.sql#3:ef6d70a6,0.1364522417153996,0.04444444444444445,129,96,0.0061,structure
budget075@25,attr:Agg/agg_queries_Art.sql#5:dcafb44f,0.9016393442622951,0.4,13,12,0.3607,structure
budget075@25,attr:art_filter20:q13:c424f672,0.17241379310344823,0.0,2,14,0.0,structure
budget075@25,attr:Splits/train.sql#27:c99058e1,0.0,0.0,1,20,0.0,structure
budget075@25,attr:Agg/agg_queries_Art.sql#7:4e3cb980,0.08986520219670495,0.05237315875613748,147,464,0.0047,structure
budget075@25,attr:Mixed/mixed_queries.sql#3:a4ee0194,0.12019230769230767,0.06116207951070335,228,99,0.0074,structure
budget075@25,attr:Splits/test.sql#3:9eeb6beb,0.7894736842105263,0.5714285714285715,6,8,0.4511,structure
budget075@25,attr:Splits/train.sql#5:67f357ed,0.875,0.75,8,8,0.6562,structure
budget075@25,attr:Splits/train.sql#28:afa7f142,0.7142857142857143,0.7142857142857143,7,7,0.5102,structure
budget075@25,attr:Splits/train.sql#21:69a8aa51,0.0,0.0,1,20,0.0,structure
budget075@25,attr:art_agg20:q8:66165f93,0.9375,0.761904761904762,12,9,0.7143,structure
budget075@25,attr:Splits/train.sql#21:74ce44ea,0.14705882352941177,0.0,2,8,0.0,structure
budget075@25,attr:Splits/test.sql#10:c595d1d2,0.38931297709923657,0.27611940298507465,139,129,0.1075,structure
budget075@25,attr:Splits/train.sql#22:97eeb866,0.9016393442622951,0.8799999999999999,13,12,0.7934,structure
budget075@25,attr:Mixed/mixed_queries.sql#3:cf2c2d1e,0.13182674199623348,0.10476190476190476,103,107,0.0138,structure
budget075@25,attr:Agg/agg_queries_Art.sql#6:ab4b024e,0.7142857142857142,0.8,2,3,0.5714,structure
budget075@25,attr:Splits/train.sql#16:08521cf9,0.7894736842105263,0.5714285714285715,6,8,0.4511,structure
budget075@25,attr:art_agg20:q5:d9058099,0.9090909090909091,0.4,6,4,0.3636,structure
budget075@25,attr:art_groupby20:q11:21f7123a,1.0,0.6666666666666666,12,12,0.6667,values
budget075@25,attr:Splits/test.sql#10:954c2860,0.059880239520958084,0.06779661016949153,115,180,0.0041,structure
budget075@25,attr:Splits/train.sql#21:e8a6e851,0.06849315068493152,0.0,1,18,0.0,structure
budget075@25,attr:Splits/train.sql#7:0a4cc27f,0.40693293142426523,0.47767857142857145,155,293,0.1944,structure
budget075@25,attr:Splits/train.sql#5:8e4ff051,0.7407407407407408,0.16666666666666666,7,5,0.1235,structure
budget075@25,attr:Splits/train.sql#16:5d68ee13,0.7407407407407408,0.5,7,5,0.3704,structure
budget075@25,attr:Splits/train.sql#5:81a928e2,0.875,0.75,8,8,0.6562,structure
budget075@25,attr:Splits/dev.sql#9:867252a6,0.37037037037037035,0.13043478260869565,80,196,0.0483,structure
budget075@25,attr:Splits/train.sql#27:7aa1a711,0.14705882352941177,0.0,2,8,0.0,structure
budget075@25,attr:art_filter20:q7:1598749a,0.5555555555555556,0.3333333333333333,4,8,0.1852,structure
budget075@25,attr:Agg/agg_queries_Art.sql#5:164b864e,0.9016393442622951,0.5599999999999999,13,12,0.5049,structure
budget075@25,attr:Splits/train.sql#7:9c97787e,0.36557930258717664,0.4028268551236749,81,202,0.1473,structure
budget075@25,attr:Agg/agg_queries_Art.sql#7:bd5e46d4,0.10389610389610389,0.029339853300733496,449,369,0.003,structure
budget075@25,attr:Splits/test.sql#10:43b4666e,0.4381443298969072,0.2725274725274725,348,107,0.1194,structure
budget075@25,attr:Splits/train.sql#22:d786f8fe,0.9016393442622951,0.5599999999999999,13,12,0.5049,structure
budget075@25,attr:Splits/train.sql#39:2e7405c3,0.9016393442622951,0.7199999999999999,13,12,0.6492,structure
budget075@25,attr:Splits/train.sql#28:16bc6ec7,0.7692307692307692,0.3636363636363636,6,5,0.2797,structure
budget075@25,attr:Splits/train.sql#39:9c6472a3,0.9016393442622951,0.4,13,12,0.3607,structure
budget075@25,attr:Agg/agg_queries_Art.sql#9:51620e5f,0.7407407407407408,0.16666666666666666,7,5,0.1235,structure
budget075@25,attr:Splits/test.sql#3:5c71da52,0.7407407407407408,0.16666666666666666,7,5,0.1235,structure
budget075@25,attr:Agg/agg_queries_Art.sql#7:235452ad,0.40693293142426523,0.4285714285714286,155,293,0.1744,structure
budget075@25,attr:Splits/train.sql#7:8c2a0c6b,0.14756944444444445,0.10335917312661498,132,255,0.0153,structure
budget075@25,attr:Agg/agg_queries_Art.sql#9:9490bfab,0.7894736842105263,0.8571428571428571,6,8,0.6767,structure
budget075@50,attr:Splits/train.sql#27:55d60fee,0.05319148936170212,0.08,2,23,0.0043,structure
budget075@50,attr:Agg/agg_queries_Art.sql#5:f3e92fa3,0.9016393442622951,0.5599999999999999,13,12,0.5049,structure
budget075@50,attr:Mixed/mixed_queries.sql#3:ef6d70a6,0.1364522417153996,0.04444444444444445,129,96,0.0061,structure
budget075@50,attr:Agg/agg_queries_Art.sql#5:dcafb44f,0.9016393442622951,0.4,13,12,0.3607,structure
budget075@50,attr:art_filter20:q13:c424f672,0.17241379310344823,0.0,2,14,0.0,structure
budget075@50,attr:Splits/train.sql#27:c99058e1,0.0,0.0,1,20,0.0,structure
budget075@50,attr:Agg/agg_queries_Art.sql#7:4e3cb980,0.08986520219670495,0.05237315875613748,147,464,0.0047,structure
budget075@50,attr:Mixed/mixed_queries.sql#3:a4ee0194,0.12019230769230767,0.06116207951070335,228,99,0.0074,structure
budget075@50,attr:Splits/test.sql#3:9eeb6beb,0.7894736842105263,0.5714285714285715,6,8,0.4511,structure
budget075@50,attr:Splits/train.sql#5:67f357ed,0.875,0.75,8,8,0.6562,structure
budget075@50,attr:Splits/train.sql#28:afa7f142,0.7142857142857143,0.7142857142857143,7,7,0.5102,structure
budget075@50,attr:Splits/train.sql#21:69a8aa51,0.0,0.0,1,20,0.0,structure
budget075@50,attr:art_agg20:q8:66165f93,0.9375,0.761904761904762,12,9,0.7143,structure
budget075@50,attr:Splits/train.sql#21:74ce44ea,0.14705882352941177,0.0,2,8,0.0,structure
budget075@50,attr:Splits/test.sql#10:c595d1d2,0.38931297709923657,0.27611940298507465,139,129,0.1075,structure
budget075@50,attr:Splits/train.sql#22:97eeb866,0.9016393442622951,0.8799999999999999,13,12,0.7934,structure
budget075@50,attr:Mixed/mixed_queries.sql#3:cf2c2d1e,0.13182674199623348,0.10476190476190476,103,107,0.0138,structure
budget075@50,attr:Agg/agg_queries_Art.sql#6:ab4b024e,0.7142857142857142,0.8,2,3,0.5714,structure
budget075@50,attr:Splits/train.sql#16:08521cf9,0.7894736842105263,0.5714285714285715,6,8,0.4511,structure
budget075@50,attr:art_agg20:q5:d9058099,0.9090909090909091,0.2,6,4,0.1818,structure
budget075@50,attr:art_groupby20:q11:21f7123a,1.0,0.6666666666666666,12,12,0.6667,values
budget075@50,attr:Splits/test.sql#10:954c2860,0.059880239520958084,0.06779661016949153,115,180,0.0041,structure
budget075@50,attr:Splits/train.sql#21:e8a6e851,0.06849315068493152,0.0,1,18,0.0,structure
budget075@50,attr:Splits/train.sql#7:0a4cc27f,0.40693293142426523,0.47767857142857145,155,293,0.1944,structure
budget075@50,attr:Splits/train.sql#5:8e4ff051,0.7407407407407408,0.16666666666666666,7,5,0.1235,structure
budget075@50,attr:Splits/train.sql#16:5d68ee13,0.7407407407407408,0.5,7,5,0.3704,structure
budget075@50,attr:Splits/train.sql#5:81a928e2,0.875,0.75,8,8,0.6562,structure
budget075@50,attr:Splits/dev.sql#9:867252a6,0.37037037037037035,0.13043478260869565,80,196,0.0483,structure
budget075@50,attr:Splits/train.sql#27:7aa1a711,0.14705882352941177,0.0,2,8,0.0,structure
budget075@50,attr:art_filter20:q7:1598749a,0.5555555555555556,0.3333333333333333,4,8,0.1852,structure
budget075@50,attr:Agg/agg_queries_Art.sql#5:164b864e,0.9016393442622951,0.5599999999999999,13,12,0.5049,structure
budget075@50,attr:Splits/train.sql#7:9c97787e,0.36557930258717664,0.4028268551236749,81,202,0.1473,structure
budget075@50,attr:Agg/agg_queries_Art.sql#7:bd5e46d4,0.09523809523809525,0.035759897828863345,414,369,0.0034,structure
budget075@50,attr:Splits/test.sql#10:43b4666e,0.30476190476190473,0.28431372549019607,97,107,0.0866,structure
budget075@50,attr:Splits/train.sql#22:d786f8fe,0.9016393442622951,0.7199999999999999,13,12,0.6492,structure
budget075@50,attr:Splits/train.sql#39:2e7405c3,0.9016393442622951,0.7199999999999999,13,12,0.6492,structure
budget075@50,attr:Splits/train.sql#28:16bc6ec7,0.7407407407407408,0.3333333333333333,7,5,0.2469,structure
budget075@50,attr:Splits/train.sql#39:9c6472a3,0.9016393442622951,0.4,13,12,0.3607,structure
budget075@50,attr:Agg/agg_queries_Art.sql#9:51620e5f,0.7407407407407408,0.3333333333333333,7,5,0.2469,structure
budget075@50,attr:Splits/test.sql#3:5c71da52,0.7407407407407408,0.16666666666666666,7,5,0.1235,structure
budget075@50,attr:Agg/agg_queries_Art.sql#7:235452ad,0.40693293142426523,0.4285714285714286,155,293,0.1744,structure
budget075@50,attr:Splits/train.sql#7:8c2a0c6b,0.14756944444444445,0.10335917312661498,132,255,0.0153,structure
budget075@50,attr:Agg/agg_queries_Art.sql#9:9490bfab,0.7894736842105263,0.8571428571428571,6,8,0.6767,structure
budget075@75,attr:Splits/train.sql#27:55d60fee,0.05319148936170212,0.08,2,23,0.0043,structure
budget075@75,attr:Agg/agg_queries_Art.sql#5:f3e92fa3,0.9016393442622951,0.5599999999999999,13,12,0.5049,structure
budget075@75,attr:Mixed/mixed_queries.sql#3:ef6d70a6,0.1364522417153996,0.07111111111111111,129,96,0.0097,structure
budget075@75,attr:Agg/agg_queries_Art.sql#5:dcafb44f,0.9016393442622951,0.4,13,12,0.3607,structure
budget075@75,attr:art_filter20:q13:c424f672,0.17241379310344823,0.0,2,14,0.0,structure
budget075@75,attr:Splits/train.sql#27:c99058e1,0.0,0.0,1,20,0.0,structure
budget075@75,attr:Agg/agg_queries_Art.sql#7:4e3cb980,0.08986520219670495,0.05237315875613748,147,464,0.0047,structure
budget075@75,attr:Mixed/mixed_queries.sql#3:a4ee0194,0.12019230769230767,0.06116207951070335,228,99,0.0074,structure
budget075@75,attr:Splits/test.sql#3:9eeb6beb,0.7894736842105263,0.42857142857142855,6,8,0.3383,structure
budget075@75,attr:Splits/train.sql#5:67f357ed,0.875,0.75,8,8,0.6562,structure
budget075@75,attr:Splits/train.sql#28:afa7f142,0.7142857142857143,0.7142857142857143,7,7,0.5102,structure
budget075@75,attr:Splits/train.sql#21:69a8aa51,0.0,0.0,1,20,0.0,structure
budget075@75,attr:art_agg20:q8:66165f93,0.9375,0.761904761904762,12,9,0.7143,structure
budget075@75,attr:Splits/train.sql#21:74ce44ea,0.14705882352941177,0.0,2,8,0.0,structure
budget075@75,attr:Splits/test.sql#10:c595d1d2,0.38931297709923657,0.29850746268656714,139,129,0.1162,structure
budget075@75,attr:Splits/train.sql#22:97eeb866,0.9016393442622951,0.8799999999999999,13,12,0.7934,structure
budget075@75,attr:Mixed/mixed_queries.sql#3:cf2c2d1e,0.13182674199623348,0.10476190476190476,103,107,0.0138,structure
budget075@75,attr:Agg/agg_queries_Art.sql#6:ab4b024e,0.7142857142857142,0.8,2,3,0.5714,structure
budget075@75,attr:Splits/train.sql#16:08521cf9,0.7894736842105263,0.0,6,8,0.0,structure
budget075@75,attr:art_agg20:q5:d9058099,0.9090909090909091,0.2,6,4,0.1818,structure
budget075@75,attr:art_groupby20:q11:21f7123a,1.0,0.6666666666666666,12,12,0.6667,values
budget075@75,attr:Splits/test.sql#10:954c2860,0.059880239520958084,0.06779661016949153,115,180,0.0041,structure
budget075@75,attr:Splits/train.sql#21:e8a6e851,0.06849315068493152,0.0,1,18,0.0,structure
budget075@75,attr:Splits/train.sql#7:0a4cc27f,0.40693293142426523,0.47767857142857145,155,293,0.1944,structure
budget075@75,attr:Splits/train.sql#5:8e4ff051,0.7407407407407408,0.3333333333333333,7,5,0.2469,structure
budget075@75,attr:Splits/train.sql#16:5d68ee13,0.7407407407407408,0.5,7,5,0.3704,structure
budget075@75,attr:Splits/train.sql#5:81a928e2,0.875,0.75,8,8,0.6562,structure
budget075@75,attr:Splits/dev.sql#9:867252a6,0.37037037037037035,0.13043478260869565,80,196,0.0483,structure
budget075@75,attr:Splits/train.sql#27:7aa1a711,0.14705882352941177,0.0,2,8,0.0,structure
budget075@75,attr:art_filter20:q7:1598749a,0.5555555555555556,0.3333333333333333,4,8,0.1852,structure
budget075@75,attr:Agg/agg_queries_Art.sql#5:164b864e,0.9016393442622951,0.5599999999999999,13,12,0.5049,structure
budget075@75,attr:Splits/train.sql#7:9c97787e,0.36557930258717664,0.4028268551236749,81,202,0.1473,structure
budget075@75,attr:Agg/agg_queries_Art.sql#7:bd5e46d4,0.09748589020010262,0.03325415676959619,473,369,0.0032,structure
budget075@75,attr:Splits/test.sql#10:43b4666e,0.3419593345656193,0.30000000000000004,113,107,0.1026,structure
budget075@75,attr:Splits/train.sql#22:d786f8fe,0.9016393442622951,0.7199999999999999,13,12,0.6492,structure
budget075@75,attr:Splits/train.sql#39:2e7405c3,0.9016393442622951,0.7199999999999999,13,12,0.6492,structure
budget075@75,attr:Splits/train.sql#28:16bc6ec7,0.7407407407407408,0.3333333333333333,7,5,0.2469,structure
budget075@75,attr:Splits/train.sql#39:9c6472a3,0.9016393442622951,0.4,13,12,0.3607,structure
budget075@75,attr:Agg/agg_queries_Art.sql#9:51620e5f,0.7407407407407408,0.3333333333333333,7,5,0.2469,structure
budget075@75,attr:Splits/test.sql#3:5c71da52,0.7407407407407408,0.3333333333333333,7,5,0.2469,structure
budget075@75,attr:Agg/agg_queries_Art.sql#7:235452ad,0.40693293142426523,0.4285714285714286,155,293,0.1744,structure
budget075@75,attr:Splits/train.sql#7:8c2a0c6b,0.14756944444444445,0.10852713178294573,132,255,0.016,structure
budget075@75,attr:Agg/agg_queries_Art.sql#9:9490bfab,0.7894736842105263,0.8571428571428571,6,8,0.6767,structure
budget100@0,attr:Splits/train.sql#27:55d60fee,0.05319148936170212,0.08,2,23,0.0043,structure
budget100@0,attr:Agg/agg_queries_Art.sql#5:f3e92fa3,0.9016393442622951,0.5599999999999999,13,12,0.5049,structure
budget100@0,attr:Mixed/mixed_queries.sql#3:ef6d70a6,0.1364522417153996,0.04444444444444445,129,96,0.0061,structure
budget100@0,attr:Agg/agg_queries_Art.sql#5:dcafb44f,0.9016393442622951,0.4,13,12,0.3607,structure
budget100@0,attr:art_filter20:q13:c424f672,0.17241379310344823,0.0,2,14,0.0,structure
budget100@0,attr:Splits/train.sql#27:c99058e1,0.0,0.0,1,20,0.0,structure
budget100@0,attr:Agg/agg_queries_Art.sql#7:4e3cb980,0.08986520219670495,0.05237315875613748,147,464,0.0047,structure
budget100@0,attr:Mixed/mixed_queries.sql#3:a4ee0194,0.13307984790874525,0.0611353711790393,130,99,0.0081,structure
budget100@0,attr:Splits/test.sql#3:9eeb6beb,0.7894736842105263,0.5714285714285715,6,8,0.4511,structure
budget100@0,attr:Splits/train.sql#5:67f357ed,0.875,0.75,8,8,0.6562,structure
budget100@0,attr:Splits/train.sql#28:afa7f142,0.7142857142857143,0.7142857142857143,7,7,0.5102,structure
budget100@0,attr:Splits/train.sql#21:69a8aa51,0.0,0.0,1,20,0.0,structure
budget100@0,attr:art_agg20:q8:66165f93,0.8695652173913043,0.8421052631578948,10,9,0.7323,structure
budget100@0,attr:Splits/train.sql#21:74ce44ea,0.14705882352941177,0.0,2,8,0.0,structure
budget100@0,attr:Splits/test.sql#10:c595d1d2,0.38931297709923657,0.27611940298507465,139,129,0.1075,structure
budget100@0,attr:Splits/train.sql#22:97eeb866,0.9016393442622951,0.8799999999999999,13,12,0.7934,structure
budget100@0,attr:Mixed/mixed_queries.sql#3:cf2c2d1e,0.13182674199623348,0.10476190476190476,103,107,0.0138,structure
budget100@0,attr:Agg/agg_queries_Art.sql#6:ab4b024e,0.7142857142857142,0.8,2,3,0.5714,structure
budget100@0,attr:Splits/train.sql#16:08521cf9,0.7894736842105263,0.5714285714285715,6,8,0.4511,structure
budget100@0,attr:art_agg20:q5:d9058099,0.9090909090909091,0.4,6,4,0.3636,structure
budget100@0,attr:art_groupby20:q11:21f7123a,1.0,0.6666666666666666,12,12,0.6667,values
budget100@0,attr:Splits/test.sql#10:954c2860,0.059880239520958084,0.06779661016949153,115,180,0.0041,structure
budget100@0,attr:Splits/train.sql#21:e8a6e851,0.06849315068493152,0.0,1,18,0.0,structure
budget100@0,attr:Splits/train.sql#7:0a4cc27f,0.40693293142426523,0.47767857142857145,155,293,0.1944,structure
budget100@0,attr:Splits/train.sql#5:8e4ff051,0.7407407407407408,0.16666666666666666,7,5,0.1235,structure
budget100@0,attr:Splits/train.sql#16:5d68ee13,0.7407407407407408,0.5,7,5,0.3704,structure
budget100@0,attr:Splits/train.sql#5:81a928e2,0.875,0.75,8,8,0.6562,structure
budget100@0,attr:Splits/dev.sql#9:867252a6,0.4636871508379888,0.20846905537459282,111,196,0.0967,structure
budget100@0,attr:Splits/train.sql#27:7aa1a711,0.14705882352941177,0.0,2,8,0.0,structure
budget100@0,attr:art_filter20:q7:1598749a,0.5555555555555556,0.3333333333333333,4,8,0.1852,structure
budget100@0,attr:Agg/agg_queries_Art.sql#5:164b864e,0.9016393442622951,0.5599999999999999,13,12,0.5049,structure
budget100@0,attr:Splits/train.sql#7:9c97787e,0.45652173913043476,0.5031847133757962,112,202,0.2297,structure
budget100@0,attr:Agg/agg_queries_Art.sql#7:bd5e46d4,0.10493477027793535,0.04573170731707317,287,369,0.0048,structure
budget100@0,attr:Splits/test.sql#10:43b4666e,0.4381443298969072,0.2725274725274725,348,107,0.1194,structure
budget100@0,attr:Splits/train.sql#22:d786f8fe,0.9016393442622951,0.5599999999999999,13,12,0.5049,structure
budget100@0,attr:Splits/train.sql#39:2e7405c3,0.9016393442622951,0.7199999999999999,13,12,0.6492,structure
budget100@0,attr:Splits/train.sql#28:16bc6ec7,0.7692307692307692,0.3636363636363636,6,5,0.2797,structure
budget100@0,attr:Splits/train.sql#39:9c6472a3,0.9016393442622951,0.4,13,12,0.3607,structure
budget100@0,attr:Agg/agg_queries_Art.sql#9:51620e5f,0.7407407407407408,0.16666666666666666,7,5,0.1235,structure
budget100@0,attr:Splits/test.sql#3:5c71da52,0.7407407407407408,0.16666666666666666,7,5,0.1235,structure
budget100@0,attr:Agg/agg_queries_Art.sql#7:235452ad,0.40693293142426523,0.4285714285714286,155,293,0.1744,structure
budget100@0,attr:Splits/train.sql#7:8c2a0c6b,0.14756944444444445,0.10335917312661498,132,255,0.0153,structure
budget100@0,attr:Agg/agg_queries_Art.sql#9:9490bfab,0.7894736842105263,0.8571428571428571,6,8,0.6767,structure
budget100@100,attr:Splits/train.sql#27:55d60fee,0.05319148936170212,0.08,2,23,0.0043,structure
budget100@100,attr:Agg/agg_queries_Art.sql#5:f3e92fa3,0.9016393442622951,0.5599999999999999,13,12,0.5049,structure
budget100@100,attr:Mixed/mixed_queries.sql#3:ef6d70a6,0.1364522417153996,0.07111111111111111,129,96,0.0097,structure
budget100@100,attr:Agg/agg_queries_Art.sql#5:dcafb44f,0.9016393442622951,0.4,13,12,0.3607,structure
budget100@100,attr:art_filter20:q13:c424f672,0.17241379310344823,0.0,2,14,0.0,structure
budget100@100,attr:Splits/train.sql#27:c99058e1,0.0,0.0,1,20,0.0,structure
budget100@100,attr:Agg/agg_queries_Art.sql#7:4e3cb980,0.09109311740890688,0.05479452054794521,120,464,0.005,structure
budget100@100,attr:Mixed/mixed_queries.sql#3:a4ee0194,0.12019230769230767,0.06116207951070335,228,99,0.0074,structure
budget100@100,attr:Splits/test.sql#3:9eeb6beb,0.7894736842105263,0.42857142857142855,6,8,0.3383,structure
budget100@100,attr:Splits/train.sql#5:67f357ed,0.875,0.75,8,8,0.6562,structure
budget100@100,attr:Splits/train.sql#28:afa7f142,0.7142857142857143,0.7142857142857143,7,7,0.5102,structure
budget100@100,attr:Splits/train.sql#21:69a8aa51,0.0,0.0,1,20,0.0,structure
budget100@100,attr:art_agg20:q8:66165f93,0.9375,0.761904761904762,12,9,0.7143,structure
budget100@100,attr:Splits/train.sql#21:74ce44ea,0.14705882352941177,0.0,2,8,0.0,structure
budget100@100,attr:Splits/test.sql#10:c595d1d2,0.38931297709923657,0.26865671641791045,139,129,0.1046,structure
budget100@100,attr:Splits/train.sql#22:97eeb866,0.9016393442622951,0.8799999999999999,13,12,0.7934,structure
budget100@100,attr:Mixed/mixed_queries.sql#3:cf2c2d1e,0.11650485436893204,0.0824742268041237,87,107,0.0096,structure
budget100@100,attr:Agg/agg_queries_Art.sql#6:ab4b024e,0.7142857142857142,0.8,2,3,0.5714,structure
budget100@100,attr:Splits/train.sql#16:08521cf9,0.7894736842105263,0.0,6,8,0.0,structure
budget100@100,attr:art_agg20:q5:d9058099,0.9090909090909091,0.2,6,4,0.1818,structure
budget100@100,attr:art_groupby20:q11:21f7123a,1.0,0.6666666666666666,12,12,0.6667,values
budget100@100,attr:Splits/test.sql#10:954c2860,0.05980861244019138,0.06756756756756756,116,180,0.004,structure
budget100@100,attr:Splits/train.sql#21:e8a6e851,0.06756756756756757,0.0,2,18,0.0,structure
budget100@100,attr:Splits/train.sql#7:0a4cc27f,0.46221570066030815,0.5165289256198347,191,293,0.2387,structure
budget100@100,attr:Splits/train.sql#5:8e4ff051,0.7407407407407408,0.16666666666666666,7,5,0.1235,structure
budget100@100,attr:Splits/train.sql#16:5d68ee13,0.7407407407407408,0.5,7,5,0.3704,structure
budget100@100,attr:Splits/train.sql#5:81a928e2,0.875,0.75,8,8,0.6562,structure
budget100@100,attr:Splits/dev.sql#9:867252a6,0.37037037037037035,0.13043478260869565,80,196,0.0483,structure
budget100@100,attr:Splits/train.sql#27:7aa1a711,0.14705882352941177,0.0,2,8,0.0,structure
budget100@100,attr:art_filter20:q7:1598749a,0.5555555555555556,0.3333333333333333,4,8,0.1852,structure
budget100@100,attr:Agg/agg_queries_Art.sql#5:164b864e,0.9016393442622951,0.5599999999999999,13,12,0.5049,structure
budget100@100,attr:Splits/train.sql#7:9c97787e,0.36557930258717664,0.4028268551236749,81,202,0.1473,structure
budget100@100,attr:Agg/agg_queries_Art.sql#7:bd5e46d4,0.09523809523809525,0.035759897828863345,414,369,0.0034,structure
budget100@100,attr:Splits/test.sql#10:43b4666e,0.30476190476190473,0.28431372549019607,97,107,0.0866,structure
budget100@100,attr:Splits/train.sql#22:d786f8fe,0.9016393442622951,0.7199999999999999,13,12,0.6492,structure
budget100@100,attr:Splits/train.sql#39:2e7405c3,0.9016393442622951,0.7199999999999999,13,12,0.6492,structure
budget100@100,attr:Splits/train.sql#28:16bc6ec7,0.7407407407407408,0.3333333333333333,7,5,0.2469,structure
budget100@100,attr:Splits/train.sql#39:9c6472a3,0.9016393442622951,0.4,13,12,0.3607,structure
budget100@100,attr:Agg/agg_queries_Art.sql#9:51620e5f,0.7407407407407408,0.3333333333333333,7,5,0.2469,structure
budget100@100,attr:Splits/test.sql#3:5c71da52,0.7407407407407408,0.16666666666666666,7,5,0.1235,structure
budget100@100,attr:Agg/agg_queries_Art.sql#7:235452ad,0.46221570066030815,0.47107438016528924,191,293,0.2177,structure
budget100@100,attr:Splits/train.sql#7:8c2a0c6b,0.14756944444444445,0.10852713178294573,132,255,0.016,structure
budget100@100,attr:Agg/agg_queries_Art.sql#9:9490bfab,0.7894736842105263,0.8571428571428571,6,8,0.6767,structure
budget100@25,attr:Splits/train.sql#27:55d60fee,0.05319148936170212,0.08,2,23,0.0043,structure
budget100@25,attr:Agg/agg_queries_Art.sql#5:f3e92fa3,0.9016393442622951,0.5599999999999999,13,12,0.5049,structure
budget100@25,attr:Mixed/mixed_queries.sql#3:ef6d70a6,0.1364522417153996,0.04444444444444445,129,96,0.0061,structure
budget100@25,attr:Agg/agg_queries_Art.sql#5:dcafb44f,0.9016393442622951,0.4,13,12,0.3607,structure
budget100@25,attr:art_filter20:q13:c424f672,0.17241379310344823,0.0,2,14,0.0,structure
budget100@25,attr:Splits/train.sql#27:c99058e1,0.0,0.0,1,20,0.0,structure
budget100@25,attr:Agg/agg_queries_Art.sql#7:4e3cb980,0.08986520219670495,0.05237315875613748,147,464,0.0047,structure
budget100@25,attr:Mixed/mixed_queries.sql#3:a4ee0194,0.12019230769230767,0.06116207951070335,228,99,0.0074,structure
budget100@25,attr:Splits/test.sql#3:9eeb6beb,0.7894736842105263,0.5714285714285715,6,8,0.4511,structure
budget100@25,attr:Splits/train.sql#5:67f357ed,0.875,0.75,8,8,0.6562,structure
budget100@25,attr:Splits/train.sql#28:afa7f142,0.7142857142857143,0.7142857142857143,7,7,0.5102,structure
budget100@25,attr:Splits/train.sql#21:69a8aa51,0.0,0.0,1,20,0.0,structure
budget100@25,attr:art_agg20:q8:66165f93,0.9375,0.761904761904762,12,9,0.7143,structure
budget100@25,attr:Splits/train.sql#21:74ce44ea,0.14705882352941177,0.0,2,8,0.0,structure
budget100@25,attr:Splits/test.sql#10:c595d1d2,0.38931297709923657,0.27611940298507465,139,129,0.1075,structure
budget100@25,attr:Splits/train.sql#22:97eeb866,0.9016393442622951,0.8799999999999999,13,12,0.7934,structure
budget100@25,attr:Mixed/mixed_queries.sql#3:cf2c2d1e,0.13182674199623348,0.10476190476190476,103,107,0.0138,structure
budget100@25,attr:Agg/agg_queries_Art.sql#6:ab4b024e,0.7142857142857142,0.8,2,3,0.5714,structure
budget100@25,attr:Splits/train.sql#16:08521cf9,0.7894736842105263,0.5714285714285715,6,8,0.4511,structure
budget100@25,attr:art_agg20:q5:d9058099,0.9090909090909091,0.4,6,4,0.3636,structure
budget100@25,attr:art_groupby20:q11:21f7123a,1.0,0.6666666666666666,12,12,0.6667,values
budget100@25,attr:Splits/test.sql#10:954c2860,0.059880239520958084,0.06779661016949153,115,180,0.0041,structure
budget100@25,attr:Splits/train.sql#21:e8a6e851,0.06849315068493152,0.0,1,18,0.0,structure
budget100@25,attr:Splits/train.sql#7:0a4cc27f,0.40693293142426523,0.47767857142857145,155,293,0.1944,structure
budget100@25,attr:Splits/train.sql#5:8e4ff051,0.7407407407407408,0.16666666666666666,7,5,0.1235,structure
budget100@25,attr:Splits/train.sql#16:5d68ee13,0.7407407407407408,0.5,7,5,0.3704,structure
budget100@25,attr:Splits/train.sql#5:81a928e2,0.875,0.75,8,8,0.6562,structure
budget100@25,attr:Splits/dev.sql#9:867252a6,0.37037037037037035,0.13043478260869565,80,196,0.0483,structure
budget100@25,attr:Splits/train.sql#27:7aa1a711,0.14705882352941177,0.0,2,8,0.0,structure
budget100@25,attr:art_filter20:q7:1598749a,0.5555555555555556,0.3333333333333333,4,8,0.1852,structure
budget100@25,attr:Agg/agg_queries_Art.sql#5:164b864e,0.9016393442622951,0.5599999999999999,13,12,0.5049,structure
budget100@25,attr:Splits/train.sql#7:9c97787e,0.36557930258717664,0.4028268551236749,81,202,0.1473,structure
budget100@25,attr:Agg/agg_queries_Art.sql#7:bd5e46d4,0.10389610389610389,0.029339853300733496,449,369,0.003,structure
budget100@25,attr:Splits/test.sql#10:43b4666e,0.4381443298969072,0.2725274725274725,348,107,0.1194,structure
budget100@25,attr:Splits/train.sql#22:d786f8fe,0.9016393442622951,0.5599999999999999,13,12,0.5049,structure
budget100@25,attr:Splits/train.sql#39:2e7405c3,0.9016393442622951,0.7199999999999999,13,12,0.6492,structure
budget100@25,attr:Splits/train.sql#28:16bc6ec7,0.7692307692307692,0.3636363636363636,6,5,0.2797,structure
budget100@25,attr:Splits/train.sql#39:9c6472a3,0.9016393442622951,0.4,13,12,0.3607,structure
budget100@25,attr:Agg/agg_queries_Art.sql#9:51620e5f,0.7407407407407408,0.16666666666666666,7,5,0.1235,structure
budget100@25,attr:Splits/test.sql#3:5c71da52,0.7407407407407408,0.16666666666666666,7,5,0.1235,structure
budget100@25,attr:Agg/agg_queries_Art.sql#7:235452ad,0.40693293142426523,0.4285714285714286,155,293,0.1744,structure
budget100@25,attr:Splits/train.sql#7:8c2a0c6b,0.14756944444444445,0.10335917312661498,132,255,0.0153,structure
budget100@25,attr:Agg/agg_queries_Art.sql#9:9490bfab,0.7894736842105263,0.8571428571428571,6,8,0.6767,structure
budget100@50,attr:Splits/train.sql#27:55d60fee,0.05319148936170212,0.08,2,23,0.0043,structure
budget100@50,attr:Agg/agg_queries_Art.sql#5:f3e92fa3,0.9016393442622951,0.5599999999999999,13,12,0.5049,structure
budget100@50,attr:Mixed/mixed_queries.sql#3:ef6d70a6,0.1364522417153996,0.04444444444444445,129,96,0.0061,structure
budget100@50,attr:Agg/agg_queries_Art.sql#5:dcafb44f,0.9016393442622951,0.4,13,12,0.3607,structure
budget100@50,attr:art_filter20:q13:c424f672,0.17241379310344823,0.0,2,14,0.0,structure
budget100@50,attr:Splits/train.sql#27:c99058e1,0.0,0.0,1,20,0.0,structure
budget100@50,attr:Agg/agg_queries_Art.sql#7:4e3cb980,0.08986520219670495,0.05237315875613748,147,464,0.0047,structure
budget100@50,attr:Mixed/mixed_queries.sql#3:a4ee0194,0.12019230769230767,0.06116207951070335,228,99,0.0074,structure
budget100@50,attr:Splits/test.sql#3:9eeb6beb,0.7894736842105263,0.5714285714285715,6,8,0.4511,structure
budget100@50,attr:Splits/train.sql#5:67f357ed,0.875,0.75,8,8,0.6562,structure
budget100@50,attr:Splits/train.sql#28:afa7f142,0.7142857142857143,0.7142857142857143,7,7,0.5102,structure
budget100@50,attr:Splits/train.sql#21:69a8aa51,0.0,0.0,1,20,0.0,structure
budget100@50,attr:art_agg20:q8:66165f93,0.9375,0.761904761904762,12,9,0.7143,structure
budget100@50,attr:Splits/train.sql#21:74ce44ea,0.14705882352941177,0.0,2,8,0.0,structure
budget100@50,attr:Splits/test.sql#10:c595d1d2,0.38931297709923657,0.27611940298507465,139,129,0.1075,structure
budget100@50,attr:Splits/train.sql#22:97eeb866,0.9016393442622951,0.8799999999999999,13,12,0.7934,structure
budget100@50,attr:Mixed/mixed_queries.sql#3:cf2c2d1e,0.13182674199623348,0.10476190476190476,103,107,0.0138,structure
budget100@50,attr:Agg/agg_queries_Art.sql#6:ab4b024e,0.7142857142857142,0.8,2,3,0.5714,structure
budget100@50,attr:Splits/train.sql#16:08521cf9,0.7894736842105263,0.5714285714285715,6,8,0.4511,structure
budget100@50,attr:art_agg20:q5:d9058099,0.9090909090909091,0.2,6,4,0.1818,structure
budget100@50,attr:art_groupby20:q11:21f7123a,1.0,0.6666666666666666,12,12,0.6667,values
budget100@50,attr:Splits/test.sql#10:954c2860,0.059880239520958084,0.06779661016949153,115,180,0.0041,structure
budget100@50,attr:Splits/train.sql#21:e8a6e851,0.06849315068493152,0.0,1,18,0.0,structure
budget100@50,attr:Splits/train.sql#7:0a4cc27f,0.40693293142426523,0.47767857142857145,155,293,0.1944,structure
budget100@50,attr:Splits/train.sql#5:8e4ff051,0.7407407407407408,0.16666666666666666,7,5,0.1235,structure
budget100@50,attr:Splits/train.sql#16:5d68ee13,0.7407407407407408,0.5,7,5,0.3704,structure
budget100@50,attr:Splits/train.sql#5:81a928e2,0.875,0.75,8,8,0.6562,structure
budget100@50,attr:Splits/dev.sql#9:867252a6,0.37037037037037035,0.13043478260869565,80,196,0.0483,structure
budget100@50,attr:Splits/train.sql#27:7aa1a711,0.14705882352941177,0.0,2,8,0.0,structure
budget100@50,attr:art_filter20:q7:1598749a,0.5555555555555556,0.3333333333333333,4,8,0.1852,structure
budget100@50,attr:Agg/agg_queries_Art.sql#5:164b864e,0.9016393442622951,0.5599999999999999,13,12,0.5049,structure
budget100@50,attr:Splits/train.sql#7:9c97787e,0.36557930258717664,0.4028268551236749,81,202,0.1473,structure
budget100@50,attr:Agg/agg_queries_Art.sql#7:bd5e46d4,0.09523809523809525,0.035759897828863345,414,369,0.0034,structure
budget100@50,attr:Splits/test.sql#10:43b4666e,0.30476190476190473,0.28431372549019607,97,107,0.0866,structure
budget100@50,attr:Splits/train.sql#22:d786f8fe,0.9016393442622951,0.7199999999999999,13,12,0.6492,structure
budget100@50,attr:Splits/train.sql#39:2e7405c3,0.9016393442622951,0.7199999999999999,13,12,0.6492,structure
budget100@50,attr:Splits/train.sql#28:16bc6ec7,0.7407407407407408,0.3333333333333333,7,5,0.2469,structure
budget100@50,attr:Splits/train.sql#39:9c6472a3,0.9016393442622951,0.4,13,12,0.3607,structure
budget100@50,attr:Agg/agg_queries_Art.sql#9:51620e5f,0.7407407407407408,0.3333333333333333,7,5,0.2469,structure
budget100@50,attr:Splits/test.sql#3:5c71da52,0.7407407407407408,0.16666666666666666,7,5,0.1235,structure
budget100@50,attr:Agg/agg_queries_Art.sql#7:235452ad,0.40693293142426523,0.4285714285714286,155,293,0.1744,structure
budget100@50,attr:Splits/train.sql#7:8c2a0c6b,0.14756944444444445,0.10335917312661498,132,255,0.0153,structure
budget100@50,attr:Agg/agg_queries_Art.sql#9:9490bfab,0.7894736842105263,0.8571428571428571,6,8,0.6767,structure
budget100@75,attr:Splits/train.sql#27:55d60fee,0.05319148936170212,0.08,2,23,0.0043,structure
budget100@75,attr:Agg/agg_queries_Art.sql#5:f3e92fa3,0.9016393442622951,0.5599999999999999,13,12,0.5049,structure
budget100@75,attr:Mixed/mixed_queries.sql#3:ef6d70a6,0.1364522417153996,0.07111111111111111,129,96,0.0097,structure
budget100@75,attr:Agg/agg_queries_Art.sql#5:dcafb44f,0.9016393442622951,0.4,13,12,0.3607,structure
budget100@75,attr:art_filter20:q13:c424f672,0.17241379310344823,0.0,2,14,0.0,structure
budget100@75,attr:Splits/train.sql#27:c99058e1,0.0,0.0,1,20,0.0,structure
budget100@75,attr:Agg/agg_queries_Art.sql#7:4e3cb980,0.08986520219670495,0.05237315875613748,147,464,0.0047,structure
budget100@75,attr:Mixed/mixed_queries.sql#3:a4ee0194,0.12019230769230767,0.06116207951070335,228,99,0.0074,structure
budget100@75,attr:Splits/test.sql#3:9eeb6beb,0.7894736842105263,0.42857142857142855,6,8,0.3383,structure
budget100@75,attr:Splits/train.sql#5:67f357ed,0.875,0.75,8,8,0.6562,structure
budget100@75,attr:Splits/train.sql#28:afa7f142,0.7142857142857143,0.7142857142857143,7,7,0.5102,structure
budget100@75,attr:Splits/train.sql#21:69a8aa51,0.0,0.0,1,20,0.0,structure
budget100@75,attr:art_agg20:q8:66165f93,0.9375,0.761904761904762,12,9,0.7143,structure
budget100@75,attr:Splits/train.sql#21:74ce44ea,0.14705882352941177,0.0,2,8,0.0,structure
budget100@75,attr:Splits/test.sql#10:c595d1d2,0.38931297709923657,0.29850746268656714,139,129,0.1162,structure
budget100@75,attr:Splits/train.sql#22:97eeb866,0.9016393442622951,0.8799999999999999,13,12,0.7934,structure
budget100@75,attr:Mixed/mixed_queries.sql#3:cf2c2d1e,0.13182674199623348,0.10476190476190476,103,107,0.0138,structure
budget100@75,attr:Agg/agg_queries_Art.sql#6:ab4b024e,0.7142857142857142,0.8,2,3,0.5714,structure
budget100@75,attr:Splits/train.sql#16:08521cf9,0.7894736842105263,0.0,6,8,0.0,structure
budget100@75,attr:art_agg20:q5:d9058099,0.9090909090909091,0.2,6,4,0.1818,structure
budget100@75,attr:art_groupby20:q11:21f7123a,1.0,0.6666666666666666,12,12,0.6667,values
budget100@75,attr:Splits/test.sql#10:954c2860,0.059880239520958084,0.06779661016949153,115,180,0.0041,structure
budget100@75,attr:Splits/train.sql#21:e8a6e851,0.06849315068493152,0.0,1,18,0.0,structure
budget100@75,attr:Splits/train.sql#7:0a4cc27f,0.40693293142426523,0.47767857142857145,155,293,0.1944,structure
budget100@75,attr:Splits/train.sql#5:8e4ff051,0.7407407407407408,0.3333333333333333,7,5,0.2469,structure
budget100@75,attr:Splits/train.sql#16:5d68ee13,0.7407407407407408,0.5,7,5,0.3704,structure
budget100@75,attr:Splits/train.sql#5:81a928e2,0.875,0.75,8,8,0.6562,structure
budget100@75,attr:Splits/dev.sql#9:867252a6,0.37037037037037035,0.13043478260869565,80,196,0.0483,structure
budget100@75,attr:Splits/train.sql#27:7aa1a711,0.14705882352941177,0.0,2,8,0.0,structure
budget100@75,attr:art_filter20:q7:1598749a,0.5555555555555556,0.3333333333333333,4,8,0.1852,structure
budget100@75,attr:Agg/agg_queries_Art.sql#5:164b864e,0.9016393442622951,0.5599999999999999,13,12,0.5049,structure
budget100@75,attr:Splits/train.sql#7:9c97787e,0.36557930258717664,0.4028268551236749,81,202,0.1473,structure
budget100@75,attr:Agg/agg_queries_Art.sql#7:bd5e46d4,0.09748589020010262,0.03325415676959619,473,369,0.0032,structure
budget100@75,attr:Splits/test.sql#10:43b4666e,0.3419593345656193,0.30000000000000004,113,107,0.1026,structure
budget100@75,attr:Splits/train.sql#22:d786f8fe,0.9016393442622951,0.7199999999999999,13,12,0.6492,structure
budget100@75,attr:Splits/train.sql#39:2e7405c3,0.9016393442622951,0.7199999999999999,13,12,0.6492,structure
budget100@75,attr:Splits/train.sql#28:16bc6ec7,0.7407407407407408,0.3333333333333333,7,5,0.2469,structure
budget100@75,attr:Splits/train.sql#39:9c6472a3,0.9016393442622951,0.4,13,12,0.3607,structure
budget100@75,attr:Agg/agg_queries_Art.sql#9:51620e5f,0.7407407407407408,0.3333333333333333,7,5,0.2469,structure
budget100@75,attr:Splits/test.sql#3:5c71da52,0.7407407407407408,0.3333333333333333,7,5,0.2469,structure
budget100@75,attr:Agg/agg_queries_Art.sql#7:235452ad,0.40693293142426523,0.4285714285714286,155,293,0.1744,structure
budget100@75,attr:Splits/train.sql#7:8c2a0c6b,0.14756944444444445,0.10852713178294573,132,255,0.016,structure
budget100@75,attr:Agg/agg_queries_Art.sql#9:9490bfab,0.7894736842105263,0.8571428571428571,6,8,0.6767,structure
static@100,attr:Splits/train.sql#27:55d60fee,0.0,0.0,1,23,0.0,structure
static@100,attr:Agg/agg_queries_Art.sql#5:f3e92fa3,0.9016393442622951,0.0,13,12,0.0,structure
static@100,attr:Mixed/mixed_queries.sql#3:ef6d70a6,0.1364522417153996,0.0,129,96,0.0,structure
static@100,attr:Agg/agg_queries_Art.sql#5:dcafb44f,0.9016393442622951,0.0,13,12,0.0,structure
static@100,attr:art_filter20:q13:c424f672,0.0,0.0,0,14,0.0,no rows
static@100,attr:Splits/train.sql#27:c99058e1,0.0,0.0,1,20,0.0,structure
static@100,attr:Agg/agg_queries_Art.sql#7:4e3cb980,0.0,0.0,1,464,0.0,structure
static@100,attr:Mixed/mixed_queries.sql#3:a4ee0194,0.0,0.0,1,99,0.0,structure
static@100,attr:Splits/test.sql#3:9eeb6beb,0.7894736842105263,0.0,6,8,0.0,structure
static@100,attr:Splits/train.sql#5:67f357ed,0.875,0.75,8,8,0.6562,structure
static@100,attr:Splits/train.sql#28:afa7f142,0.7142857142857143,0.0,7,7,0.0,structure
static@100,attr:Splits/train.sql#21:69a8aa51,0.0,0.0,1,20,0.0,structure
static@100,attr:art_agg20:q8:66165f93,0.0,0.0,0,9,0.0,no rows
static@100,attr:Splits/train.sql#21:74ce44ea,0.14705882352941177,0.0,2,8,0.0,structure
static@100,attr:Splits/test.sql#10:c595d1d2,0.38931297709923657,0.0,139,129,0.0,structure
static@100,attr:Splits/train.sql#22:97eeb866,0.9016393442622951,0.0,13,12,0.0,structure
static@100,attr:Mixed/mixed_queries.sql#3:cf2c2d1e,0.0,0.0,1,107,0.0,structure
static@100,attr:Agg/agg_queries_Art.sql#6:ab4b024e,0.7142857142857142,0.0,2,3,0.0,structure
static@100,attr:Splits/train.sql#16:08521cf9,0.7894736842105263,0.0,6,8,0.0,structure
static@100,attr:art_agg20:q5:d9058099,0.0,0.0,0,4,0.0,no rows
static@100,attr:art_groupby20:q11:21f7123a,0.0,0.0,0,12,0.0,no rows
static@100,attr:Splits/test.sql#10:954c2860,0.0,0.0,1,180,0.0,structure
static@100,attr:Splits/train.sql#21:e8a6e851,0.0,0.0,1,18,0.0,structure
static@100,attr:Splits/train.sql#7:0a4cc27f,0.0,0.0,1,293,0.0,structure
static@100,attr:Splits/train.sql#5:8e4ff051,0.0,0.0,1,5,0.0,structure
static@100,attr:Splits/train.sql#16:5d68ee13,0.0,0.0,1,5,0.0,structure
static@100,attr:Splits/train.sql#5:81a928e2,0.875,0.75,8,8,0.6562,structure
static@100,attr:Splits/dev.sql#9:867252a6,0.0,0.0,1,196,0.0,structure
static@100,attr:Splits/train.sql#27:7aa1a711,0.14705882352941177,0.0,2,8,0.0,structure
static@100,attr:art_filter20:q7:1598749a,0.0,0.0,0,8,0.0,no rows
static@100,attr:Agg/agg_queries_Art.sql#5:164b864e,0.9016393442622951,0.0,13,12,0.0,structure
static@100,attr:Splits/train.sql#7:9c97787e,0.0,0.0,1,202,0.0,structure
static@100,attr:Agg/agg_queries_Art.sql#7:bd5e46d4,0.0,0.0,1,369,0.0,structure
static@100,attr:Splits/test.sql#10:43b4666e,0.0,0.0,0,107,0.0,no rows
static@100,attr:Splits/train.sql#22:d786f8fe,0.0,0.0,0,12,0.0,no rows
static@100,attr:Splits/train.sql#39:2e7405c3,0.9016393442622951,0.0,13,12,0.0,structure
static@100,attr:Splits/train.sql#28:16bc6ec7,0.0,0.0,1,5,0.0,structure
static@100,attr:Splits/train.sql#39:9c6472a3,0.0,0.0,0,12,0.0,no rows
static@100,attr:Agg/agg_queries_Art.sql#9:51620e5f,0.0,0.0,1,5,0.0,structure
static@100,attr:Splits/test.sql#3:5c71da52,0.0,0.0,1,5,0.0,structure
static@100,attr:Agg/agg_queries_Art.sql#7:235452ad,0.0,0.0,1,293,0.0,structure
static@100,attr:Splits/train.sql#7:8c2a0c6b,0.14322916666666669,0.0,132,255,0.0,structure
static@100,attr:Agg/agg_queries_Art.sql#9:9490bfab,0.7894736842105263,0.0,6,8,0.0,structure
