100.txt,105.txt,107.txt,111.txt,115.txt,117.txt,118.txt,129.txt,130.txt,134.txt,136.txt,139.txt,140.txt,21.txt,26.txt,32.txt,54.txt,69.txt,81.txt,84.txt,98.txt
"
Buddy Hield

Chavano Rainer ""Buddy"" Hield (/hiːld/ HEELD; born December 17, 1992) is a Bahamian professional basketball player for the Golden State Warriors of the National Basketball Association (NBA). He played college basketball for the Oklahoma Sooners and was named the Big 12 Conference Men's Basketball Player of the Year in 2015 and 2016. In 2016, he received four major national player of the year awards: the John R. Wooden Award, the Naismith Award, Sporting News Player of the Year, and the Oscar Robertson Trophy. Hield was selected with the sixth overall pick in the 2016 NBA draft by the New Orleans Pelicans and was traded to the Sacramento Kings for DeMarcus Cousins in 2017. He was dealt to the Indiana Pacers in a package for Domantas Sabonis in 2022. In February 2024, he was traded to the Philadelphia 76ers. In July 2024, Hield was involved in a 6-team trade that involved him getting traded to the Golden State Warriors.
Hield grew up in Eight Mile Rock, a coastal region west of Freeport, in the West Grand Bahama district in the Bahamas. He was fifth of seven children of his mother Jackie Braynen. Hield received his nickname from his mother after Bud Bundy of the sitcom Married... with Children.
Hield attended Jack Hayward High School in Freeport. He was first featured in high school by The All Bahamian Brand, a basketball magazine from the Bahamas. Hield, as a young eighth-grader, was rated by the All Bahamian Brand as the best eighth-grader in the Bahamas and one to watch. Hield showed his early ability to lead his team from a young age by taking his Jack Hayward basketball team to the championship of the Providence Holiday Tournament on a buzzer-beater and also leading his team to win the Grand Bahamas High School Championships. For his exploits, Hield was named an All Bahamian Brand All Bahamian Selection.
After his performances in The Bahamas, Hield was recruited to attend Sunrise Christian Academy in Bel Aire, a basketball prep school in a suburb of Wichita, Kansas. Former Wichita State assistant and then-Sunrise coach Kyle Lindsted recruited the 6-foot 4-inch (1.93 m) guard. In 2011, during Hield's junior year at Sunrise Christian he led the team to the National Association of Christian Athletes national championship, getting named the MVP of the tourney. In the 2011–2012 season, his senior year, Hield averaged 22.7 points on .491 shooting in 21.0 minutes per game.
He was highly recruited and selected the Oklahoma Sooners over the Kansas Jayhawks.
Hield playing for the Oklahoma Sooners at the Lloyd Noble Center in January 2016 As a freshman at Oklahoma, Hield scored 7.8 points per game, and was the recipient of the team's Most Inspirational Award. He was a second-team All-Big 12 selection as a sophomore as he averaged 16.5 points, 4.4 rebounds and 1.4 steals per game. He worked on his defense prior to his junior year and expanded his offensive game to more of a high-volume three-point shooter.
Hield averaged 17.4 points and 5.4 rebounds per game as a junior at Oklahoma and shot 41 percent from the field. He led Oklahoma to a 24–11 record and Sweet 16 berth. Despite being a potential 2015 NBA draft selection, he decided to return for his senior season. He was a First Team All-Big 12 selection and was named Big 12 Conference Men's Basketball Player of the Year.
Hield was listed on the Oscar Robertson Award preseason watchlist as well as the Naismith College Player of the Year preseason watchlist. Hield recorded a career high of 46 points in a triple overtime loss to Kansas on January 4, 2016, receiving a standing ovation from the opposing crowd after a postgame interview with Scott Van Pelt. His 46 points tied the record for most points scored by an opponent at Allen Fieldhouse. He was named to the 35-man midseason watchlist for the Naismith Trophy on February 11.
Following his senior year at Oklahoma, Hield won the John R. Wooden Award on April 7, 2016, as the best college basketball player for the 2015–16 season, in which he averaged 25 points, 5.7 rebounds, two assists per game, and led the nation in three-point shots.
On June 23, 2016, Hield was selected by the New Orleans Pelicans with the sixth overall pick in the 2016 NBA draft. On July 22, 2016, he signed with the Pelicans. On December 15, 2016, he had his best outing as a Pelican with 21 points and five three-pointers in a 102–95 win over the Indiana Pacers. On January 3, 2017, he was named Western Conference Rookie of the Month for December.
On February 20, 2017, Hield was traded, along with Tyreke Evans, Langston Galloway and 2017 first-round and second-round draft picks, to the Sacramento Kings for DeMarcus Cousins and Omri Casspi. He made his debut for the Kings three days later, scoring 16 points off the bench in a 116–100 win over the Denver Nuggets. He was named Western Conference Rookie of the Month for March. On April 11, he set a new career high with 30 points in a 129–104 win over the Phoenix Suns. At the season's end, he was named to the NBA All-Rookie First Team.
Hield began the 2017–18 season as a starter before switching to a bench role and becoming the team's sixth man after seven games. On November 25, 2017, Hield scored a season-high 27 points off the bench with a career-high seven 3-pointers in a 97–95 loss to the Los Angeles Clippers. Hield shot 43.1 percent from 3-point range in 2017–18, which placed him ninth in the NBA among qualified players.
In December 2018, Hield had a seven-game streak with 20 points or more. On January 5, he scored 32 points and had a career-high eight 3-pointers in a 127–123 loss to the Warriors. On January 19, 2019, Hield made an off-balance, fadeaway 3-pointer just before time expired and scored 35 points in a 103–101 win over the Detroit Pistons. On March 23, he had 25 points and the franchise season record for 3-pointers in a 112–103 win over the Suns. He made 7 of 14 shots from beyond the arc, giving him 245 3-pointers for the season and surpassing the mark of 240 set by Peja Stojaković in 2003–04. In April, he broke Damian Lillard's NBA record (599) for most 3-pointers made in a player's first three seasons.
On October 21, 2019, Hield signed a four-year contract extension. On December 26, Hield accused coaches and teammates of having ""trust issues"" after he was benched late in regulation of a game that the Kings eventually lost in double overtime to the Minnesota Timberwolves. He apologized to the entire team the next day for his remarks. Hield eventually lost his starting spot to Bogdan Bogdanović, but the switch produced a boost in his production and efficiency; in only his second game off the bench, on January 27, 2020, and again against the Timberwolves, Hield scored a career-high 42 points to lead the Kings to a 133–129 overtime victory. Afterwards, Hield dedicated the game to his idol Kobe Bryant, who died in a helicopter accident the day prior. On February 15, Hield won the Three-Point Contest at NBA All-Star Weekend in Chicago, topping Devin Booker 27–26 in the final round.
On December 23, 2020, Hield recorded 22 points, four rebounds, and three assists, alongside a game-winning, buzzer-beating tip-in, in a 124–122 overtime win against the Denver Nuggets. On February 28, 2021, Hield became the fastest player in history to make 1,000 3-pointers, needing 350 games only to reach the mark.
On July 29, 2021, it was reported that the Kings were moving towards a deal sending Hield to the Los Angeles Lakers in exchange for forwards Kyle Kuzma and Montrezl Harrell. The deal fell through as the Lakers ended up trading Kuzma and Harrell in a package to the Washington Wizards for Russell Westbrook.
On February 8, 2022, Hield, Tyrese Haliburton, and Tristan Thompson were traded to the Indiana Pacers in exchange for Justin Holiday, Jeremy Lamb, Domantas Sabonis, and a 2023 second-round pick. On February 11, Hield made his debut for the Pacers, starting alongside Haliburton in a 120–113 loss to the Cleveland Cavaliers, recording a near triple double with 16 points, eight assists and nine rebounds. On February 15, Hield scored a season-high 36 points on 8–12 three-point shooting, while dishing out four assists in a 128–119 loss to the Milwaukee Bucks.
On December 5, Hield became the second-fastest player in NBA history to reach 1,500 career three-pointers, only behind Steph Curry. On December 27, Hield tied a then season-high 28 points on 6–7 three-point shooting, along with 9 rebounds in a 129–114 win over the Atlanta Hawks. On December 29, with a three–pointer against the Cleveland Cavaliers just three seconds into the game, Hield scored the fastest field–goal recorded in NBA history since the 1996–97 NBA season, passing Hall of Fame Pacer Reggie Miller.
On January 11, 2023, Hield posted a new season-high 31 points, 8 rebounds, and 7–15 three-point shooting in a loss to the New York Knicks. On February 15, Hield put up 27 points in a 117–113 win over the Chicago Bulls. He also made his 230th three-pointer of the season, surpassing Reggie Miller for the most three-pointers made in a season in Pacers history. Hield and All–Star teammate Tyrese Haliburton were selected to participate in the 2023 NBA Three-Point Contest, where they both lost in the finals to Damian Lillard.
Before the start of the 2023–24 season, Hield changed his jersey number for the first time in his career, switching from 24 to 7, formerly worn by Pacers Jermaine O'Neal, Al Jefferson, Malcolm Brogdon, and George Hill. In back–to–back games coming off the bench, Hield scored 19 points, once in a one–point loss to the Charlotte Hornets on November 4, and again in a 41–point win against rookie Victor Wembanyama and the San Antonio Spurs on November 6, giving head coach Rick Carlisle his 900th career win.
On February 8, 2024, Hield was traded to the Philadelphia 76ers in a three-team deal involving the San Antonio Spurs. On February 9, he made his 76ers debut, putting up 20 points and six assists in a 127–121 loss to the Atlanta Hawks. Hield played in a league–high total of 84 games in the 2023–24 season, averaging 12.1 points, 3.2 rebounds, and 2.8 assists.
On July 6, 2024, Hield was traded to the Golden State Warriors in a six-team trade also including the Minnesota Timberwolves, Dallas Mavericks, Denver Nuggets and Charlotte Hornets, which became the NBA's first six-team transaction.
Hield traveled to the city of Tepic in Nayarit, Mexico from August 1 to 7, 2014 to represent the Bahamas national team in the 2014 Centrobasket, which is the regional basketball championship of FIBA Americas for the Central American and Caribbean subzone. Hield's coach in the tournament was Larry Eustachy. He averaged a tournament-leading 19.8 points per game and a team-high 6.0 rebounds.
In the days after Hurricane Dorian struck the Bahamas, Hield donated $105,000 to the Hurricane Dorian Relief fund and created a GoFundMe page to help raise an extra $1,000,000 to help families devastated by the hurricane there.
""2023-24 start of season NBA pronunciation guide"". NBA.com (Press release). October 24, 2023. Retrieved May 17, 2024.
Ham, James (December 20, 2018). ""Buddy Hield is 26, not 25, as Kings guard reveals age incorrectly listed"". NBCSports.com. Retrieved December 21, 2018.
Tracy, Marc (March 14, 2016). ""For Buddy Hield and Other Bahamians, Talent Is Cultivated on the Great Plains"". New York Times. New York. Retrieved April 12, 2016.
Vecenie, Sam (August 13, 2015). ""Oklahoma's Buddy Hield fueled by his roots of growing up in Bahamas"". CBS Sports.
Gordon, Aaron (March 18, 2016). ""Buddy Hield's Home Court"". Vice. Retrieved March 18, 2024.
SportsMEDIAoNe1 (August 26, 2010), SportsMEDIAoNe2009-2010allBahamianTeamVideo.mov, retrieved February 6, 2016{{citation}}:  CS1 maint: numeric names: authors list (link)
Robinett, Kellis (February 4, 2016). ""High school stop in Wichita gave OU's Buddy Hield a path to success"". Kansas City Star. Kansas City, Missouri. Retrieved April 8, 2016.
King, Jason (November 19, 2015). ""Bahamas' Best: Buddy Hield's Relentless Journey to Oklahoma and Hoops Stardom"". Bleacher Report. San Francisco. Retrieved April 6, 2016. As the 86th-ranked player in the 2012 class by Rivals.com, Hield had been offered a scholarship by tradition-rich Kansas prior to his senior season. But he canceled his official visit and committed to Oklahoma following a trip to Norman, where Kruger had been hired to resurrect a dormant program.
Young, RJ (January 18, 2013). ""OU's Buddy Hield won't back down from challenge"". Rivals.com. Sunnyvale, California. Retrieved April 7, 2016. Of those three, Kansas seems the obvious choice for a basketball player -- especially one who played high school ball in the Sunflower State. Jayhawk basketball is as rich in tradition and committed to winning championships as any program in the country. So why turn down Kansas men's basketball coach Bill Self if he offers you a scholarship?
Rexrode, Joe (March 25, 2015). ""MSU's Nairn, OU's Hield represent Bahamas, friendship"". Detroit Free Press. Retrieved June 24, 2015.
Olson, Eric (March 25, 2015). ""Oklahoma's Buddy Hield thrives in the clutch"". The Detroit News. Associated Press. Retrieved June 24, 2015.
""Big 12 Player of Year Hield returning to Oklahoma for senior season"". Fox Sports. Associated Press. April 24, 2015. Retrieved April 25, 2015.
""Sooners' Hield Leads All-Big 12 Men's Basketball Honors"". Big 12 Conference. March 8, 2015. Retrieved May 17, 2015.
""USBWA Unveils Award Watchlists"". U.S. Basketball Writers Association. Retrieved December 22, 2015.
Johnson, Raphielle (December 2, 2015). ""Naismith Trophy early season watch list released"". NBC Sports. Retrieved December 3, 2015.
Mattioli, Kami (January 5, 2016). ""Kansas fans stick around to show love for Oklahoma's Buddy Hield"". The Sporting News. Retrieved January 6, 2016.
Payne, Terrence (February 11, 2016). ""Naismith Trophy midseason list announced"". Fox Sports. Retrieved February 19, 2016.
O'Donnell, Ricky (April 8, 2016). ""Oklahoma's Buddy Hield named 2016 Wooden Award winner"". SB Nation. New York City. Retrieved April 13, 2016.
Reid, John (June 23, 2016). ""New Orleans Pelicans select Buddy Hield with 6th overall pick in 2016 NBA Draft"". NOLA.com. Retrieved June 23, 2016.
""Pelicans Sign 2016 First Round Draft Pick Buddy Hield"". NBA.com. July 22, 2016. Retrieved July 22, 2016.
""Davis, Hield lift Pelicans past Pacers, 102-95"". ESPN.com. December 15, 2016. Retrieved December 15, 2016.
""Joel Embiid, Buddy Hield named Kia Rookies of the Month"". NBA.com. January 3, 2017. Retrieved January 4, 2017.
""Kings Acquire Hield, Evans, Galloway, and 2017 Draft Selections"". NBA.com. February 20, 2017. Retrieved February 20, 2017.
""Cauley-Stein scores 29, Kings beat Nuggets 116-100"". ESPN.com. February 23, 2017. Retrieved February 24, 2017.
""Dario Saric, Buddy Hield named Kia NBA Rookies of the Month"". NBA.com. April 3, 2017. Retrieved April 4, 2017.
""Hield, Lawson lead Kings past Suns, 129-104"". ESPN.com. April 11, 2017. Retrieved April 12, 2017.
""Buddy Hield Named to 2016-17 NBA All-Rookie First Team"". NBA.com. June 26, 2017. Retrieved June 27, 2017.
Avila, Nick (April 27, 2018). ""Player Review: Buddy Hield became one with his bench role"". hoop-ball.com. Retrieved November 2, 2018.
Jones, Jason (November 25, 2017). ""Kings get hard lesson in 'fool's gold' offense. Then Hield's career night falls short"". sacbee.com. Retrieved December 8, 2017.
Jeter, Christopher (June 11, 2018). ""Sacramento Kings: 2017-18 player grades for Buddy Hield"". hoopshabit.com. Retrieved November 2, 2018.
""Bench helps Clippers hang on for 127-118 win over Kings"". ESPN.com. December 26, 2018. Retrieved December 27, 2018. Buddy Hield scored 11, ending his seven-game streak with 20 or more.
""Curry scores 42 points, Warriors hold off Kings 127-123"". ESPN.com. January 5, 2019. Retrieved January 6, 2019.
""Hield beats buzzer, lifts Kings to 103-101 win over Pistons"". ESPN.com. January 19, 2019. Retrieved January 19, 2019.
""Hield sets franchise season record for 3s, Kings beat Suns"". ESPN.com. March 23, 2019. Retrieved March 24, 2019.
""Kings bounce back from 25-point loss to beat Cavs 117-104"". ESPN.com. April 4, 2019. Retrieved April 11, 2019.
Ham, James (April 10, 2019). ""Buddy Hield breaks Damian Lillard's NBA 3-point record in Kings' finale"". nbcsports.com. Retrieved April 11, 2019.
""Kings Sign Buddy Hield to Contract Extension"". NBA.com. October 21, 2019. Retrieved March 1, 2021.
""Buddy Hield, Kings agree to 4-year extension"". NBA.com. October 21, 2019. Retrieved March 1, 2021.
""Buddy Hield bemoans 'trust issues' after Kings' 2OT loss to Timberwolves"". NBA.com. December 27, 2019. Retrieved March 1, 2021.
Anderson, Jason (January 27, 2020). ""'Do it for Kobe': Buddy Hield scores 42 as Kings rally to beat Timberwolves in OT"". The Sacramento Bee. Retrieved March 1, 2021.
Zucker, Joseph (February 16, 2020). ""Buddy Hield Wins 2020 NBA 3-Point Contest: Scores, Highlights and Reaction"". Bleacher Report. Retrieved December 23, 2020.
Salao, Renzo (December 23, 2020). ""VIDEO: Buddy Hield's insane buzzer-beater tip-in sinks Nuggets in OT"". ClutchPoints. Retrieved December 23, 2020.
""Monk's three-point play helps Hornets stun Kings 127-126"". ESPN.com. February 28, 2021. Retrieved March 1, 2021.
""Buddy Hield fastest in NBA history to make 1,000 career 3-pointers"". NBA.com. March 1, 2021. Retrieved March 1, 2021.
""Buddy Hield traded to Lakers"". twitter.com. July 29, 2021. Retrieved July 29, 2021.
""Lakers Acquire Russell Westbrook"". NBA.com. August 6, 2021. Retrieved August 6, 2021.
""Pacers Acquire Tyrese Haliburton, Buddy Hield, and Tristan Thompson from Kings"". NBA.com. February 8, 2022.
Boyd, James (February 11, 2022). ""Tyrese Haliburton shines in Pacers debut, but Caris LeVert leads Cavs to win in his return"". indystar.com. Retrieved February 21, 2022.
""Pacers' Buddy Hield: Goes off for season-high 36 points"". CBS Sports. February 15, 2022. Retrieved March 4, 2022.
""Hield Hits Three No. 1500"". NBA.com. December 5, 2022. Retrieved December 6, 2022.
Hotchkiss, Wheat (December 28, 2022). ""Hield Shooting His Way Into the Record Books"". NBA.com. Retrieved March 2, 2023.
""@Pacers status update"". Twitter. December 5, 2022. Retrieved March 2, 2023.
""Hield, Haliburton carry Pacers to 129-114 victory over Hawks"". BallySports.com. December 27, 2022. Retrieved December 28, 2022.
""Buddy Hield recorded the quickest 3PM in a game since tracking began in 1997"". StatMuse.com. December 29, 2022. Retrieved December 29, 2022.
""Buddy Hield 31 Points & 8 Rebounds"". NBA.com. January 11, 2023. Retrieved January 11, 2023.
Pagaduan, Jedd (February 15, 2023). ""Pacers sharpshooter Buddy Hield demolishes Reggie Miller 3PT record in 21 less games"". ClutchPoints. Retrieved February 15, 2023.
""Indiana Pacers guard Buddy Hield changing jersey number from 24 to 7"". SI.com. Retrieved September 14, 2023.
Wilson, Philip B. (November 6, 2023). ""THaliburton, Pacers get Carlisle his 900th win with 152-111 rout of Spurs"". ABCNews.go.com. Retrieved November 6, 2023.
Staff, RotoWire (November 7, 2023). ""Pacers' Buddy Hield: Scores easy 19 points"". CBSSports.com. Retrieved November 7, 2023.
""Buddy Hield Acquired by 76ers in Three-Team Trade"". NBA.com. February 8, 2024. Retrieved February 8, 2024.
DiGiovanni, Sam (February 9, 2024). ""Buddy Hield, Cam Payne react to first game with 76ers"". ClutchPoints.com. Retrieved February 9, 2024.
""Philadelphia 76ers' Buddy Hield logs 86 games before playoffs"". ESPN. Retrieved April 26, 2024.
""Warriors Acquire Kyle Anderson & Buddy Hield in Six-Team Trade"". NBA.com. July 6, 2024. Retrieved July 7, 2024.
Rohde, John (August 28, 2014). ""The Summer of Buddy Love"". SoonerSports.com. Norman, Oklahoma. Retrieved April 8, 2016. Playing four games in the city of Tepic in the western part of the country for former Iowa State and current Colorado State head coach Larry Eustachy, Hield averaged a tournament-leading 19.8 points per game and a team-high 6.0 rebounds.
""Sacramento Kings Buddy Hield's Adorable Daughter ""Tickles the Soul"""". 2paragraphs.com. Retrieved March 10, 2022.
""Deandre Ayton, Buddy Hield making donations, raising awareness for Bahamas after Dorian"". nbcsports.com. September 7, 2019. Retrieved September 10, 2019.
","
Jayson Tatum

Jayson Christopher Tatum (/ˈteɪtəm/ TAY-təm; born March 3, 1998) is an American professional basketball player for the Boston Celtics of the National Basketball Association (NBA). He was a McDonald's All-American in high school in Missouri and played college basketball for the Duke Blue Devils. Tatum was selected by the Boston Celtics with the third overall pick in the 2017 NBA draft and was voted to the NBA All-Rookie First Team in the 2018 season.  Tatum won the inaugural NBA Eastern Conference Finals MVP in 2022, and won his first title in the 2024 NBA Finals.
Tatum is a five-time NBA All-Star and four-time All-NBA selection. In 2024, he led the team to a league-best 64 wins and a championship in the NBA Finals. Tatum also won a gold medal with the 2020 and 2024 U.S. Olympic teams. He holds the records for most points scored in an NBA All-Star Game (55) and most points scored in a Game 7 of any NBA playoffs series (51).
Tatum attended Chaminade College Preparatory School in Creve Coeur, Missouri. He was inspired by Bradley Beal, a senior at Chaminade, while Tatum was in his first year there as a seventh grader. Tatum struggled with the school's college preparatory curriculum, and his classmates were substantially more privileged than he was. Tatum played alongside Tyler Cook and was in gym class with classmate Matthew Tkachuk. Tatum wanted to play under his father, the head basketball coach at nearby Christian Brothers College High School, but his mother preferred Chaminade so Tatum would still work hard on academics.
As a freshman, Tatum averaged 13.3 points and 6.4 rebounds per game and was named 2013 Metro Catholic Conference (MCC) Co-Player of the Year, leading the Red Devils to both MCC and Missouri District 2 crowns.
As a sophomore in 2014, Tatum averaged 26.0 points and 11.0 rebounds per game.
As a junior, Tatum averaged 25.9 points, 11.7 rebounds, and 3.4 assists per game, while earning Second-team Naismith Trophy All-American honors. In the summer of 2015, he joined the St. Louis Eagles Amateur Athletic Union (AAU) team on the highly competitive Nike Elite Youth Basketball League (EYBL) Circuit. On July 11, the Eagles narrowly defeated future Duke teammate Harry Giles and Team CP3 74–73 in the Nike Peach Jam Semi-Finals with a game-winning buzzer-beater to advance to the championship game, where Tatum finished the game with 28 points and five rebounds. The next day, he had 24 points, seven rebounds, and four blocks in a 104–77 loss to the Georgia Stars and future Duke one-and-done Wendell Carter Jr. in the 2015 Nike Peach Jam championship game. During the Circuit, Tatum led the EYBL in scoring with 26.5 points to go along with 9.5 rebounds per game.
Before his senior year, Tatum made a verbal commitment to Duke University over North Carolina, Kentucky, and Saint Louis University.
As a senior in 2015–16, Tatum averaged 29.6 points and 9.1 rebounds and posted six 40-point games while leading Chaminade to its second Missouri Class 5A state championship. Among his senior year highlights were a 40-point, 17-rebound game in a 76–57 victory over Bentonville High School and its star Malik Monk, a 46-point game against Huntington Prep and Miles Bridges at the Cancer Research Classic, and a final 40-point game against DeMatha Catholic High School and future #1 NBA draft pick Markelle Fultz at the 2016 HoopHall Classic.
Tatum was selected to the 2016 McDonald's All-American Game on March 30, 2016, at the United Center in Chicago, leading the East Team in scoring with 18 points and grabbing eight rebounds in a 114–107 loss. In April, Tatum played in the Jordan Brand Classic, where he scored 18 points in a 131–117 victory over the West team. Tatum was named the 2016 Gatorade National Player of the Year.
Tatum was rated a five-star recruit and was ranked as the No. 3 overall recruit behind Harry Giles and Josh Jackson and No. 2 small forward in the 2016 high school class.
Tatum missed the first eight games of the 2016–17 season due to a foot injury. On December 3, 2016, in his Duke debut, Tatum recorded 10 points in a 94–55 blowout victory over Maine. Three days later, he had 22 points and eight rebounds in an 84–74 victory over Florida at the Jimmy V Classic. On December 12, he was named ACC freshman of the week. On December 21, Tatum had 18 points, eight rebounds, and four blocks in a 72–61 victory over Elon. On January 4, 2017, he scored 19 points in a 110–57 blowout victory over Georgia Tech. Three days later, Tatum recorded 22 points and six rebounds in a 93–82 victory over Boston College. On January 21, he scored 14 points in a 70–58 victory over Miami. On February 13, Tatum earned his second ACC freshman of the week honor. Two days later, Tatum recorded a season-high 28 points and eight rebounds in a 65–55 victory over Virginia. On February 18, Tatum scored 19 points in a 99–94 victory over Wake Forest. As the fifth seed in the ACC tournament, Duke defeated Clemson in the second round and Louisville in the quarterfinals. On March 10, Tatum scored 24 points in a 93–83 victory over rival North Carolina in the semifinals. The next day, he tallied 19 points and eight rebounds in a 75–69 victory over Notre Dame, earning the Blue Devils the ACC tournament championship.
Tatum was named to the All-ACC Tournament team after averaging 22.0 points, 7.5 rebounds, and 1.5 steals per game for the Blue Devils. As the #2-seed entering the NCAA tournament, Duke defeated Troy in the first round but exited early in a second-round loss against South Carolina. Tatum averaged 16.5 points and 7.5 rebounds per game in the tournament. In his freshman season for Duke in 2016–17, Tatum played 29 games and averaged 16.8 points, 7.3 rebounds, 2.1 assists, and 1.3 steals per game. He was named to the ACC All-Freshman team and a third-team All-ACC selection. Tatum had a successful freshman season at Duke, ranking fourth in made free throws (118), fifth in rebounds, and fourth in free throw percentage (.849).
At the end of his freshman season, Tatum opted to enter the 2017 NBA draft as a one-and-done, where he was projected as a first-round selection.
Tatum (left) attempting a shot against the Washington Wizards in April 2018 Boston Celtics general manager Danny Ainge traded the team's No. 1 overall pick in the 2017 NBA draft to the Philadelphia 76ers for the third overall pick, which the Celtics used to select Jayson Tatum. Tatum was the Celtics' second consecutive No. 3 pick for a small forward, following Jaylen Brown in 2016, whom Tatum formed a duo with. During the 2017 NBA Summer League event in Utah, Tatum averaged 18.7 points, 9.7 rebounds, 2.3 steals, and 2.0 assists in nearly 33 minutes of action. Later, in Las Vegas, Tatum produced similar results, averaging 17.7 points, 8.0 rebounds, 1.0 assists, and 0.8 blocks in nearly 32 minutes of action in three games. Tatum was named to the All-Summer League Second Team alongside Bryn Forbes, Cheick Diallo, Wayne Selden Jr., and Kyle Kuzma.
In his NBA debut on October 17, 2017, Tatum recorded a double-double with 14 points and 10 rebounds as the team's starting power forward during the season-opening 102–99 loss to the Cleveland Cavaliers. He then recorded a season-high 24 points in a 110–89 victory over the New York Knicks on October 24. Tatum was named the Eastern Conference's Rookie of the Month for December 2017.
The Celtics finished the season with a 55–27 record, entering the 2018 NBA playoffs as the #2-seed in the Eastern Conference. On April 15, 2018, in Game 1 of the first-round series against the #7-seed Milwaukee Bucks, Tatum recorded a double-double with 19 points and 10 rebounds in a 113–107 overtime victory. Exactly a week later in Game 4, he broke his playoff-high with 21 points, and then broke it again on April 26 in Game 6 with 22. Two days later, the Celtics defeated the Bucks in Game 7 by a score of 112–96, with Tatum scoring 20 points.
On April 30, in Game 1 of the second-round series against the #3-seed Philadelphia 76ers, Tatum had a then career-high 28 points during a 117–101 victory, becoming the first Celtics rookie to score 25 or more points in a playoff game since Larry Bird during the 1980 NBA playoffs, also against the 76ers. Three days later, after posting 21 points in a Game 2 108–103 victory, Tatum became the youngest player ever to score at least 20 points in four straight playoff games at the age of 20 years, 61 days, surpassing Kobe Bryant who accomplished that feat during the 1999 NBA playoffs at the age of 20 years, 272 days. After leading the Celtics with 24 points in a Game 3 101–98 overtime victory in Philadelphia on May 5, Tatum became the first Celtics rookie to score 20 points in five straight playoff games. Bird held the previous record of four. At the end of his playoff run, Tatum joined Kareem Abdul-Jabbar as the only rookies in playoff history to record 10 games of 20 or more points scored during their first playoff runs; LeBron James praised Tatum's work, stating: ""He's built for stardom.""
On May 22, 2018, Tatum was named to the NBA All-Rookie Team (First Team).
On October 16, 2018, during the season-opening 105–87 victory over the Philadelphia 76ers, Tatum recorded 23 points, nine rebounds, and three assists. Four days later, he had 24 points and 14 rebounds in a narrow 103–101 victory over the New York Knicks. On October 25, Tatum tallied 24 points and six rebounds in a 101–95 victory over the Oklahoma City Thunder. On November 16, he recorded 21 points and seven rebounds in a 123–116 overtime victory over the Toronto Raptors. On December 25, Tatum had 23 points and 10 rebounds in a 121–114 overtime victory over the Philadelphia 76ers. On February 5, 2019, he recorded 25 points and seven rebounds in a 103–96 victory over the Cleveland Cavaliers. On March 6, Tatum recorded 24 points, three rebounds, and two assists in a 126–120 victory over the Sacramento Kings. During NBA All-Star Weekend, he won the Skills Challenge competition.
On December 22, 2019, Tatum recorded a then career-high 39 points, along with 12 rebounds, in a 119–93 victory over the Charlotte Hornets. He would exceed that with a then career-high 41 points against the New Orleans Pelicans in a 140–105 victory on January 11, 2020. On January 30, Tatum was named an NBA All-Star for the first time in his career, being selected as an Eastern Conference reserve. On February 13, Tatum would again score 39 points, while playing 47 minutes and leading the Celtics to a 141–133 double-overtime victory over the Los Angeles Clippers. On February 23, he matched his then career-high 41 points in a narrow 114–112 loss to the Los Angeles Lakers. As the season was halted by the COVID-19 pandemic, Tatum shot 2-of-18 in a 119–112 loss to the Milwaukee Bucks on July 31, but he bounced back the next game scoring 34 points on 11-of-22 shooting in a 128–124 victory over the Portland Trail Blazers on August 2. Tatum was named to the All-NBA Third Team and his first selection of his career.
In the 2020 NBA playoffs, the Celtics were able to advance to the Eastern Conference Finals for the second time in Tatum's three years in the NBA following series victories over the Philadelphia 76ers and Toronto Raptors in four and seven games, respectively. However, Boston was eliminated in the Conference Finals by the Miami Heat in six games. In Game 1, with the Celtics trailing by two in the closing seconds, Tatum's game-tying dunk attempt was blocked by Heat center Bam Adebayo with 4.8 seconds left and propelled Miami to a 117–114 victory.
On November 22, 2020, Tatum and the Celtics agreed to a rookie maximum extension of five years, worth $195 million.
During the narrow season-opening 122–121 victory over the Milwaukee Bucks on December 23, 2020, Tatum totaled 30 points and seven rebounds, alongside a game-winning three-pointer. On January 3, 2021, he had 24 points and a career-high 12 assists and made another game-winning shot in a narrow 122–120 victory over the Detroit Pistons. The next day, Tatum scored a season-high 40 points in a 126–114 victory over the Toronto Raptors. On January 9, it was confirmed that he had tested positive for COVID-19 and missed multiple games. On February 23, Tatum was named an Eastern Conference reserve for the 2021 NBA All-Star Game, marking his second All-Star game in a row.
On April 9, Tatum had a then-career-high 53 points, 16 made field goals, and 15 made free throws in a 145–136 victory over the Minnesota Timberwolves. With his career night, Tatum was the youngest Celtics player to score 50+ points; he also scored the third-highest number of points in a Celtics uniform, behind Larry Bird and Kevin McHale, and became the second player in Celtics history to score 50+ points and grab 10+ rebounds since Bird did so back in November 1989. Tatum and Zach LaVine of the Chicago Bulls became the second pair of players in the 2020–21 season to score 50+ points on the same day. On April 19, Tatum recorded his first career triple-double with 14 points, 13 rebounds, and 10 assists in a 102–96 loss to the Bulls.
On May 4, Tatum brought the Celtics back from a 32-point deficit against the San Antonio Spurs, a performance that produced the third-largest comeback in NBA history and gave Tatum a career-high of 60 points, tying him with Larry Bird for the highest points total by a Celtics player. Tatum was one of three players to score 60+ points without a single turnover and was named Eastern Conference Player of the Week after averaging 42.7 points per game, 6.0 assists per game, and 6.0 rebounds per game.
In the first game of the play-in tournament on May 18, Tatum scored 50 points, guiding the Celtics to a 118–100 victory over the Washington Wizards and cementing the team as the #7-seed in the Eastern Conference into the 2021 NBA playoffs; Kemba Walker, Tatum's teammate, had 29 points while only one other player (Tristan Thompson) had 10 or more points. Tatum set the record for most points in a single play-in tournament game, became one of an elite list of players who scored 50+ points in play-ins/playoffs, and singlehandedly outscored the Wizards in the third quarter and part of the fourth, and was a perfect 17/17 from the free throw line.
On May 28, in Game 3 of the first-round series against the Brooklyn Nets and their ""Big Three"" (Kevin Durant, James Harden, and Kyrie Irving), Tatum scored 50 points on 50% shooting (16/30), and put up six rebounds, seven assists, and two steals in the 125–119 victory. With the feat, he achieved a variety of records, becoming the first player in NBA playoff history to score 50 points after scoring single digits the previous game; Tatum also passed 1,000 points in the playoffs and became the fifth-highest postseason point scorer at age 23 or younger in NBA history as well as the first Celtics player since Isaiah Thomas to score 50+ points in the NBA playoffs and the third youngest player in NBA playoff history to reach that mark in a single game. In terms of franchise records, Tatum became just the sixth player in Celtics history to score 50+ points in a playoff game; he also became the only player in NBA history to score 50+ points more than once in the regular season, 50+ points in a play-in game, and 50+ points in the playoffs. Despite losing to the Nets in five games, Tatum set a Celtics franchise record for most points scored in a three-game span in the playoffs, with a combined total of 122 points.

2021–22 season: All-NBA First Team selection and first NBA Finals

Tatum led the league in plus-minus for the first time in his fifth season, cementing his status as one of the most valuable players in the NBA. On October 25, 2021, in a 140–129 overtime victory over the Charlotte Hornets, Tatum recorded 41 points, seven rebounds, and eight assists to lead the Celtics to their first win of the season. On January 23, 2022, he scored a then season-high 51 points along with 10 rebounds, seven assists, and a career-high nine three-pointers in a blowout 116–87 victory over the Washington Wizards. On February 3, Tatum was selected for his third consecutive All-Star appearance. On March 3, Tatum scored 21 of his 37 points in the fourth quarter to go along with six rebounds and five assists in a 120–107 victory over the Memphis Grizzlies. Three days later against the Brooklyn Nets, Tatum topped his season-high with 54 points, scoring 34 of them in the second half of the 126–120 victory. This was the fourth time Tatum had netted 50+ points in a game in his career, tying Larry Bird for the most 50-point games in Celtics history. On March 7, Tatum was named Eastern Conference Player of the Week after averaging 41.3 points per game, 6.3 rebounds per game, and 5.0 assists per game. Two days later against the Hornets, Tatum scored 16 of his 44 points in the fourth quarter of a 115–101 victory. On March 18, in a 126–97 victory over the Sacramento Kings, Tatum and Jaylen Brown each scored at least 30 points in the same game for the fourth time in the season and eighth time overall; this tied the record of most such games with fellow Celtics Larry Bird and Kevin McHale, who also recorded four such games in the 1986–87 NBA season. In the next game, a 124–104 victory over the Denver Nuggets, Tatum and Brown broke the record by both scoring 30 points with over 60% shooting from the field. On March 28, Tatum became the first player in franchise history to be named Player of the Week in back-to-back weeks.
On April 17, during Game 1 of the first round of the playoffs against the Nets, Tatum had 31 points and eight assists. He hit the game-winning layup to narrowly win 115–114. Six days later in Game 3, Tatum posted 39 points, five rebounds, six assists, and a playoff career-high six steals in the 109–103 victory. On April 25, the Celtics swept the Nets 116–112 to advance to the second round of the playoffs. On May 9, in Game 4 of the Eastern Conference Semifinals, Tatum recorded 30 points, 13 rebounds, and five assists during a 116–108 victory over the reigning champion Milwaukee Bucks to tie the series at 2–2. Six days later in Game 6, he tallied 46 points, nine rebounds, and four assists to lead the Celtics to a 108–95 victory and force a Game 7 in Boston. On May 15, in Game 7, Tatum posted 23 points, six rebounds, and eight assists in a 109–81 victory, thus securing the Celtics a place in the Eastern Conference Finals. On May 23, in Game 4 of the Eastern Conference Finals, Tatum recorded 31 points, eight rebounds, and five assists in a 102–82 blowout victory over the Miami Heat to tie the series at 2–2. During the decisive Game 7 of the series six days later, he had 26 points, 10 rebounds, and six assists in a 100–96 victory to lead the Celtics to their first NBA Finals appearance since 2010. Tatum was named the inaugural Eastern Conference Finals MVP after averaging 25.0 points, 8.0 rebounds and 5.5 assists per game in the series. During Game 1 of the Finals on June 2, he led the Celtics to a 120–108 comeback victory over the Golden State Warriors with 13 assists, the most assists recorded by a player in his Finals debut. The Celtics lost the series in six games despite a 2–1 lead. Tatum set the all-time NBA record with 100 turnovers in a single postseason.
On November 30, 2022, Tatum recorded 49 points and 11 rebounds while making eight three-pointers in a 134–121 victory over the Miami Heat. He became the youngest player in NBA history to make 900 three-pointers, doing so at 24 years old and surpassing the previous record set by Bradley Beal at 25 years old. Tatum became the first NBA player to record multiple games of at least 45 points, 10 rebounds, and eight three-pointers. He also became the sixth NBA player to have multiple games with 45 points or more with 10 or more rebounds while committing at most one turnover, joining Anthony Davis (six games), Michael Jordan, Giannis Antetokounmpo (three each), Kobe Bryant and Carmelo Anthony (two each). Tatum was named Eastern Conference Player of the Month, averaging 31.6 points per game, 7.8 rebounds per game, and 4.5 assists per game in October and November. On December 13, Tatum recorded 44 points, nine rebounds, and six assists in a 122–118 overtime victory over the Los Angeles Lakers. On December 25, Tatum scored 20 of his 41 points in the third quarter to go along with seven rebounds, five assists, and three steals in a 139–118 blowout victory over the Milwaukee Bucks. He and Jaylen Brown (29 points) combined for 70 points in a game for the eighth time in their careers.
On January 5, 2023, Tatum put up his second career triple-double with 29 points, 14 rebounds, and 10 assists in a 124–95 victory over the Dallas Mavericks. Six days later against the New Orleans Pelicans, Tatum had 31 points, 10 rebounds, and four assists in a 125–114 victory. It was the tenth time that he and Brown (41 points) combined to score 70+ points. The Celtics were undefeated in those games. On January 16, Tatum scored a season-high 51 points, along with nine rebounds and five assists on 15-of-23 shooting, 7-of-12 from three, and 14-of-14 from the free throw line during a 130–118 victory over the Charlotte Hornets. He also surpassed Larry Bird for the most 50-point regular season games in Celtics history. Three days later against the Golden State Warriors, in a rematch of the 2022 NBA Finals, Tatum recorded 34 points alongside a career-high 19 rebounds, six assists, and three steals during the 121–118 overtime victory. He became the first Celtic to record 30+ points, 15+ rebounds, and 5+ assists in a game since Paul Pierce did so in 2002. Tatum also became the tenth player in NBA history to reach 9,000 career points before the age of 25. On January 26, Tatum was named an Eastern Conference starter for the 2023 NBA All-Star Game, marking his fourth overall selection and first as a starter. On February 10, he scored 41 points on 5-of-10 shooting from three-point range in a 127–116 victory over the Hornets, becoming the youngest player at 24 years and 244 days old to reach 1,000 career three-pointers. On February 19, playing for the NBA All-Star Game, Tatum tallied 55 points, 10 rebounds, and six assists, breaking Anthony Davis's previous All-Star record high of 52 points, and also won the game's Most Valuable Player award. Tatum also became the first player in NBA history to score at least 50 points in the regular season, the playoffs, and the All-Star Game. On February 25, he had 18 points, 13 rebounds, and six assists while also making the game-winning three-pointer in a 110–107 victory over the Philadelphia 76ers. On March 18, Tatum became the first player of the season to score at least 2,000 points in a 118–117 loss to the Utah Jazz. Three days later, he scored 36 points in a 132–109 victory over the Sacramento Kings. It was Tatum's 39th 30-point game of the season, tying Larry Bird's record for the most 30-point games in a season in Celtics history. On March 24, Tatum scored 34 points, setting a franchise record with his 40th 30-point game of the season, and the Celtics rolled to a 120–95 victory over the Indiana Pacers. Six days later, Tatum put up 40 points on 12-of-18 shooting from the field (8-of-10 from deep) in a 140–99 blowout victory over the Milwaukee Bucks. He also surpassed Paul Pierce for the second-most 40-point games in Celtics history with 22. Tatum finished the season with a 30.1 points per game average, becoming the only player in Celtics history to average at least 30 points per game in a season. His 2,225 total points scored throughout the season was also a league-best mark.
On April 27, in Game 6 of the first-round playoff series against the Atlanta Hawks, Tatum recorded 30 points, 14 rebounds, and six assists during the 128–120 close-out victory. On May 14, in Game 7 of the Eastern Conference Semifinals, he set a new record for the most points scored in a Game 7 with 51 points in a 112–88 victory over the Philadelphia 76ers, surpassing a previous record that was set by Stephen Curry (50 points) earlier that year. Tatum also became the first player in Celtics history to put up multiple 50-point playoff games. He also became the first player to score 50+ points without any turnovers, the first to log 50+ points, 10+ rebounds, and 5+ assists in a series-clinching victory, and the first to have scored 50+ points in a regular season game, the NBA All-Star game, and a playoff game, all in the same year.
On May 23, Game 4 of the Eastern Conference Finals, Tatum posted 33 points, 11 rebounds, and seven assists in a 116–99 victory over the Heat. He also surpassed Paul Pierce for the most playoff three-pointers made in Celtics history. Four days later in Game 6, Tatum posted 31 points, 12 rebounds, and five assists. The Celtics won the game 104–103, behind Derrick White's game-winning buzzer-beater. On May 29, Tatum injured his ankle after a layup attempt less than a minute into Game 7 but managed to play for the rest of the 103–84 loss; however, Tatum's body language and unusual lack of explosiveness made it clear that he was playing through pain. During the post-game interview, Tatum addressed his ankle injury: “It was just frustrating that I was … a shell of myself. It was tough to move. Just frustrating; it happening on the first play.”
On November 4, 2023, Tatum recorded 32 points and 11 rebounds in a 124–114 victory over the Brooklyn Nets and became the youngest Celtic to reach 10,000 career points at 25 years and 246 days of age. On November 20, he scored a season-high 45 points to go along with 13 rebounds and six assists in a 121–118 overtime loss to the Charlotte Hornets. On January 25, 2024, Tatum was named an Eastern Conference starter for the 2024 NBA All-Star Game, marking his fifth consecutive selection and his second selection in a row as a starter.
On February 13, 2024, Tatum put up 41 points, 31 of them in the first half—tying his career high for points scored in a first half—14 rebounds, five assists, and five three-pointers in a 118–110 victory over the Brooklyn Nets. He also joined Larry Bird as the only players in Celtics franchise history to put up at least 25 40-point games. On March 9, Tatum and Brown combined for 56 points in a 117–107 victory over the Phoenix Suns; Tatum became the third Celtic to record 1,000 three-pointers, joining Paul Pierce and teammate Brown. The Celtics finished the regular season with the NBA's top seed and home-court advantage throughout the postseason for the first time since 2007–08.
On April 21, in Game 1 of the Celtics' first round playoff series against the Miami Heat, Tatum notched his first career playoff triple-double with 23 points, 10 rebounds, and 10 assists in a 114–94 victory. In Game 1 of the Eastern Conference Finals against the Indiana Pacers on May 21, Tatum scored 36 points, including 10 in overtime, along with 12 rebounds, four assists, and three steals in a 133–128 victory. Four days later in Game 3, he had 36 points again during a 114–111 comeback victory. The Celtics won the series in four games and advanced to the 2024 NBA Finals. Tatum became the sixth player in NBA history after Tim Duncan, Jason Kidd, LeBron James, Nikola Jokić, and Luka Dončić to lead their team in points, rebounds, and assists while reaching the NBA Finals.
In Game 2 of the 2024 NBA Finals against the Dallas Mavericks on June 9, Tatum recorded a near triple-double with 18 points, 12 assists, and nine rebounds in a 105–98 victory. Three days later in Game 3, he had 31 points, six rebounds, and five assists in 106–99 victory. Tatum and Jaylen Brown became the first Celtics duo to each post at least 30/5/5 in an NBA Finals game. In doing so, they also surpassed Larry Bird and Kevin McHale for the most 25-point games as a Celtics duo in playoff history. The Celtics went on to win the series in five games, with Tatum recording 31 points, 11 assists, and eight rebounds during the 106–88 close-out victory in Game 5 on June 17. Tatum became the sixth player to lead his team in points, rebounds and assists during a championship run. The only other players to do this were Nikola Jokić, LeBron James, Tim Duncan, Hakeem Olajuwon and Larry Bird. Tatum also led the Celtics in all three categories during the NBA Finals.
On July 1, 2024, Tatum signed a five-year contract extension worth up to $314 million, surpassing his superstar teammate Jaylen Brown's $304 million extension as the richest deal in NBA history.
Tatum played in the 2014 FIBA Under-17 World Championship and 2015 FIBA Under-19 World Championship, making the Eurobasket.com All-World Championship U19 Second Team.
Representing Team USA at the 2016 Nike Hoop Summit, Tatum saw 16 minutes, 57 seconds of action, recording 14 points, four rebounds, two assists, two steals, and a block.
Tatum was named to the 2020 Olympic team, which did not play in Tokyo until 2021 due to the COVID-19 pandemic. He helped Team USA win the gold medal, averaging 15.2 points, 3.3 rebounds, 1.2 assists, 0.5 steals, and 1.2 blocks while shooting 49.3% from the field in six games. Tatum was the second highest scorer on the team to Kevin Durant. He was also named to the 2024 Olympic team. Team USA would go on to win the gold medal in a rematch against France.
Tatum is the son of Justin Tatum and Brandy Cole-Barnes. His father is a former professional basketball player and the current head coach of the Illawarra Hawks in the Australian NBL. His mother was an 18-year-old freshman in college on a volleyball scholarship when Tatum was born. Cole-Barnes raised Tatum as a single mother. She earned degrees in communications and political science and graduated from law school. Cole-Barnes also earned her Master of Business Administration.
Tatum's son, Jayson Jr. (commonly nicknamed ""Deuce""), was born in 2017. Tatum resides in Newton, Massachusetts, where he purchased a mansion in 2019.  In 2024, Tatum and singer-songwriter Ella Mai had their first child together.
Tatum is the godson of former NBA player Larry Hughes, who was his father's high school and college teammate. Tatum is also a cousin of former NBA player and current Los Angeles Clippers head coach Tyronn Lue.
While in high school at Chaminade College Preparatory School, Tatum was friends with future NHL forward Matthew Tkachuk of the Florida Panthers, as the two were placed in the same gym class. Both Tatum and Tkachuk won their respective championship series (the 2024 NBA Finals and 2024 Stanley Cup Finals, respectively) within a week of each other. Tatum is also friends with former Duke teammate and current NBA player Harry Giles.
Tatum is a Christian, crediting Jesus for his career success. Tatum has several tattoos showcasing his Christian faith. Tatum runs the Jayson Tatum Foundation, which aims to help low-income families build ""generational wealth.""
As of 2017[update], Tatum is a spokesperson for Imo's Pizza. On June 21, 2019, he signed with the Jordan Brand, and in 2023, Tatum received his own signature silhouette, the Jordan Tatum 1. Tatum is also endorsed by Subway and Gatorade.
In February 2024, Tatum partnered with the financial services company SoFi to help people buy homes in his hometown of St. Louis. The company donated $1 million to the Jayson Tatum Foundation for the initiative. That same month, Tatum appeared on CBS News to discuss their efforts to boost home ownership and financial literacy. He claims that growing up in a ""single-parent household"" made him more passionate about personal finance. In July 2024, Tatum was named the cover athlete for the popular sports game, NBA 2K for its 2024–2025 version.
""It's not hype if you can do it, and Chaminade's Jayson Tatum can"". FOX Sports. January 15, 2015. Retrieved June 20, 2024.
Hochman, Benjamin (November 19, 2015). ""Hochman: Like godfather, like godson — Jayson Tatum is on track for NBA"". STLtoday.com. Retrieved June 20, 2024.
Niesen, Joan (April 21, 2015). ""Jayson Tatum, 2016's top recruit, faces a tough choice"". Sports Illustrated. Retrieved June 20, 2024.
Smith, Cam (July 12, 2015). ""Nike EYBL Peach Jam: Before picking Duke, Jayson Tatum sparked the end of Team CP3's run"". USA Today High School Sports. Archived from the original on July 14, 2015. Retrieved July 11, 2015.
Smith, Cam (July 12, 2015). ""Nike EYBL Peach Jam: Wendell Carter's Georgia Stars rout Jayson Tatum's St. Louis Eagles to claim tourney EYBL title"". USA Today High School Sports. Archived from the original on January 6, 2016. Retrieved January 5, 2016.
Biancardi, Paul (July 12, 2015). ""Jayson Tatum commits to Duke"". ESPN. Archived from the original on February 22, 2018. Retrieved July 12, 2015.
Keeley, Laura (July 12, 2015). ""Five-star forward Jayson Tatum commits to Duke"". The Charlotte Observer. Archived from the original on December 8, 2018. Retrieved July 12, 2015.
Burger, Rance (March 19, 2016). ""Jayson Tatum scores 40, Chaminade beats Kickapoo for state title"". Springfield News-Leader. Archived from the original on January 26, 2021. Retrieved June 20, 2024.
Kvidahl, David (December 12, 2015). ""Capacity crowd at Chaminade gets a show from Tatum, Monk"". STLToday.com. Archived from the original on October 2, 2018. Retrieved June 20, 2024.
Jordan, Jason (January 3, 2016). ""Jayson Tatum, No. 10 Chaminade knock off No. 18 Huntington Prep at CRC"". USA Today High School Sports. Archived from the original on January 5, 2016. Retrieved June 20, 2024.
Halley, Jim (January 18, 2016). ""No. 8 DeMatha Catholic overtakes No. 14 Chaminade in overtime at HoopHall"". USA Today High School Sports. Archived from the original on August 20, 2019. Retrieved January 18, 2016.
Smith, Cam (March 28, 2016). ""Mcdonald's All-American diary: Jayson Tatum"". Www.usatodayhss.com. Archived from the original on April 9, 2017. Retrieved April 8, 2017.
""East takes a bruising victory in Jordan Brand Classic boys game"". www.usatodayhss.com. Archived from the original on September 30, 2020. Retrieved April 15, 2016.
""Jayson Tatum wins Gatorade National Player of the Year"". www.usatodayhss.com. Archived from the original on April 3, 2016. Retrieved March 31, 2016.
""Class of 2016 ESPN 100"". ESPN.com. Retrieved August 30, 2023.
""USA Today High School Sports Class of 2016 Composite Basketball Rankings"". USATodayhss.com. November 9, 2015. Retrieved August 30, 2023.
""Jayson Tatum – Basketball Recruiting – player – profiles"". ESPN. Archived from the original on August 20, 2016. Retrieved May 31, 2016.
""Jayson Tatum, 2016 Small forward – Rivals.com"". n.rivals.com. Archived from the original on October 26, 2019. Retrieved May 31, 2016.
""Jayson Tatum, Chaminade, Small forward"". 247sports.com. Retrieved August 30, 2023.
Goodman, Jeff (October 25, 2016). ""Prized frosh F Jayson Tatum suffers foot injury at Duke pro day"". ESPN.com. Retrieved February 10, 2024.
Parrish, Gary (October 25, 2016). ""Duke star freshman Jayson Tatum to be sidelined two weeks with foot sprain"". CBS Sports. Retrieved February 10, 2024.
""Duke freshmen Jayson Tatum, Marques Bolden debut vs Maine"". ESPN.com. Archived from the original on January 5, 2018. Retrieved December 3, 2016.
""No.5 Duke beats No.21 Florida 84–74 in Jimmy V Classic"". www.orlandosentinel.com. Archived from the original on March 22, 2019. Retrieved December 6, 2016.
""Atlantic Coast Conference Announces Basketball Players of the Week"". Atlantic Coast Conference. December 12, 2016. Archived from the original on June 7, 2020. Retrieved December 12, 2016.
""No.5 Duke beats Elon 72–61 in final game before ACC play"". ESPN.com. Archived from the original on December 22, 2016. Retrieved December 21, 2016.
""Allen returns, Duke tops Ga Tech 110–57 in Coach K's sendoff"". ESPN. Archived from the original on January 5, 2017. Retrieved January 4, 2017.
""Tatum, Allen lead Duke Past Boston College 93–82"". www.goduke.com. Archived from the original on January 8, 2017. Retrieved January 7, 2017.
""Duke's second-half surge beats Miami 70–58"". www.newsobserver.com. Archived from the original on January 24, 2017. Retrieved January 21, 2017.
""Tatum Named ACC Freshman of the Week"". Duke Athletics. February 13, 2017. Archived from the original on June 8, 2020. Retrieved February 13, 2017.
""Tatum leads No.12 Duke past No.14 Virginia, 65–55"". ESPN.com. ESPN. February 15, 2017. Archived from the original on February 19, 2017. Retrieved February 15, 2017.
""No.12 Duke holds on for 99–94 win over Wake Forest"". ESPN.com. Associated Press. Archived from the original on February 18, 2017. Retrieved February 18, 2017.
""No.14 Duke races past No.6 UNC in ACC semifinals"". ESPN. Archived from the original on May 18, 2018. Retrieved March 10, 2017.
""Duke downs Notre Dame to become first 4-in-4 ACC champion"". ESPN. Archived from the original on August 4, 2017. Retrieved March 11, 2017.
""ACC Champs! Duke Tops Notre Dame 75–69 for 20th Title"". GoDuke.com. Duke Blue Devils. Archived from the original on April 23, 2021. Retrieved March 11, 2017.
Wiseman, Steve (March 15, 2017). ""Duke's Jayson Tatum playing his best ball at the right time"". News & Observer. Archived from the original on March 19, 2017. Retrieved March 15, 2017.
Schonbrun, Zach; Glier, Ray (March 20, 2017). ""South Carolina upsets second-seeded Duke"". www.nytimes.com. Archived from the original on March 20, 2017. Retrieved March 20, 2017.
""ACC Announces All-Conference Team, Postseason Awards"". TheACC.com. Atlantic Coast Conference. March 5, 2017. Archived from the original on September 18, 2018. Retrieved March 5, 2017.
Feder, Ben (March 26, 2017). ""Duke men's basketball 2016-17 player review: Jayson Tatum"". Duke Chronicle. Retrieved February 10, 2024.
Jeff Goodman (March 22, 2017). ""Jayson Tatum decides to enter NBA draft after one season at Duke"". ESPN.com. Archived from the original on March 27, 2017. Retrieved March 22, 2017.
Forsberg, Chris (June 22, 2017). ""Duke's Jayson Tatum selected No. 3 overall by Celtics"". ESPN.com. Archived from the original on November 11, 2020. Retrieved April 28, 2018.
""Celtics' Jayson Tatum Earns All-NBA Summer League Second Team Honors"". boston.cbslocal.com. July 18, 2017. Archived from the original on May 26, 2018. Retrieved May 25, 2018.
""Hayward breaks ankle, Cavs hold off Celtics 102-99 in opener"". ESPN.com. October 17, 2017. Archived from the original on April 29, 2018. Retrieved October 20, 2017.
""Tatum, Brown lead rested Celtics past Knicks 110-89"". ESPN.com. October 24, 2017. Archived from the original on April 29, 2018. Retrieved October 25, 2017.
Snow, Taylor (January 4, 2018). ""Tatum Named Rookie of the Month for December"". NBA.com. Archived from the original on May 26, 2018. Retrieved May 25, 2018.
Hightower, Kyle (April 15, 2018). ""Celtics survive wild finish, hold off Bucks 113–107 in OT"". AP News. Archived from the original on May 1, 2018. Retrieved May 1, 2018.
Armas, Genaro (April 22, 2018). ""Tied up: Giannis' tip-in lifts Bucks over Celtics in Game 4"". AP News. Archived from the original on October 29, 2020. Retrieved February 25, 2022.
Golen, Jimmy (April 28, 2018). ""Celtics beat Bucks 112–96 in Game 7, advance to play 76ers"". Boston.com. Archived from the original on May 1, 2018. Retrieved May 1, 2018.
Golen, Jimmy (May 1, 2018). ""Rozier (29 pts), Tatum (28) help Celtics beat 76ers 117–101"". AP News. Archived from the original on May 1, 2018. Retrieved May 1, 2018.
""Bird and Celtics soar over Sixers"". The Central New Jersey Home News. New Brunswick, New Jersey. April 21, 1980. p. 9. Archived from the original on May 1, 2018. Retrieved May 1, 2018 – via Newspapers.com.
@nbastats (May 3, 2018). ""Jayson Tatum (20 years, 61 days) is now the youngest player to ever score 20+ PTS in 4 straight playoff games. The previous youngest was Kobe Bryant (20 years, 272 days) who accomplished that feat in 1999. @EliasSports"" (Tweet) – via Twitter.
""Celtics take 3–0 series lead with OT win over 76ers"". ESPN. May 5, 2018. Archived from the original on May 6, 2018. Retrieved May 6, 2018.
@nbastats (May 5, 2018). ""Jayson Tatum is the only player in NBA History to score 20+ points in five consecutive playoff games at 20 years old or younger. @EliasSports"" (Tweet) – via Twitter.
Forsberg, Chris (May 27, 2018). ""LeBron James tips cap to Jayson Tatum: 'He's built for stardom'"". ESPN.com. Archived from the original on May 28, 2018. Retrieved May 28, 2018.
""Donovan Mitchell, Ben Simmons lead 2017–18 NBA All-Rookie first team"". NBA.com. May 22, 2018. Archived from the original on May 27, 2018. Retrieved May 22, 2018.
""Celtics beat 76ers 105–87 as Hayward, Irving make returns"". ESPN. Archived from the original on October 17, 2018. Retrieved October 17, 2018.
""Jayson Tatum scores 24 points, Celtics edge Knicks 103–101"". ESPN. Archived from the original on October 21, 2018. Retrieved October 20, 2018.
""Tatum scores 24, Celtics rally to top winless Thunder 101–95"". ESPN. Archived from the original on November 29, 2020. Retrieved October 25, 2018.
""Kyrie scores 43, Celtics beat Raptors 123–116 in OT"". ESPN. Archived from the original on November 17, 2018. Retrieved November 16, 2018.
""Irving scores 40, leads Celtics to 121–114 win over 76ers"". ESPN. Archived from the original on December 26, 2018. Retrieved December 25, 2018.
""Tatum scores 25, Irving-less Celtics down Cavaliers 103–96"". ESPN. Retrieved February 5, 2019.
""Irving's triple-double leads Celtics past Kings 126–120"". ESPN. Archived from the original on March 20, 2019. Retrieved March 6, 2019.
""Celtics' Tatum wins 2019 Taco Bell Skills Challenge on halfcourt shot"". NBA.com. February 16, 2019. Archived from the original on May 14, 2019. Retrieved February 17, 2019.
""Hornets vs. Celtics - Game Summary - December 22, 2019 - ESPN"". ESPN. December 22, 2019. Archived from the original on February 16, 2020. Retrieved April 3, 2021.
""Pelicans vs. Celtics - Game Summary - January 11, 2020 - ESPN"". Archived from the original on February 16, 2020. Retrieved February 23, 2020.
""Oklahoma City's Paul and Houston's Westbrook headline reserves for 2020 NBA All-Star Game"". NBA. January 30, 2020. Archived from the original on January 31, 2020. Retrieved April 3, 2021.
""Clippers vs. Celtics - Game Summary - February 13, 2020 - ESPN"". Archived from the original on February 18, 2020. Retrieved February 23, 2020.
""Celtics vs. Lakers - Game Summary - February 23, 2020 - ESPN"". Archived from the original on February 23, 2020. Retrieved February 23, 2020.
""Antetokounmpo, Bucks return with 119-112 win over Celtics"". ESPN. July 31, 2020. Retrieved August 1, 2020.[dead link]
""Tatum has 34 as Celtics beat Trail Blazers 128-124"". ESPN. August 2, 2020. Retrieved August 3, 2020.[dead link]
""Jayson Tatum Named to 2019-20 All-NBA Third Team"". Boston Celtics. NBA. September 16, 2020. Retrieved December 7, 2022.
""NBA playoffs: Boston Celtics sweep Philadelphia 76ers"". Los Angeles Times. August 23, 2020. Archived from the original on August 25, 2020. Retrieved November 19, 2020.
Nadkarni, Rohan (September 12, 2020). ""Three Thoughts: Celtics Advance to East Finals After Game 7 Thriller"". Sports Illustrated. Archived from the original on November 26, 2020. Retrieved November 19, 2020.
""Celtics vs. Heat - Game Summary - September 27, 2020 - ESPN"". Archived from the original on December 5, 2020. Retrieved November 19, 2020.
""Watch Bam Adebayo's insane block of Jayson Tatum one more time"". ProBasketballTalk | NBC Sports. September 16, 2020. Archived from the original on November 25, 2020. Retrieved November 19, 2020.
""Source: Tatum agrees to deal worth up to $195M"". ESPN.com. November 22, 2020. Archived from the original on November 23, 2020. Retrieved November 22, 2020.
Goldsmith, Reid (December 23, 2020). ""VIDEO: Celtics star Jayson Tatum banks home game-winning 3-pointer over Giannis Antetokounmpo, Bucks"". ClutchPoints. Archived from the original on December 24, 2020. Retrieved December 23, 2020.
Bernal, David (January 3, 2021). ""VIDEO: Jayson Tatum's clutch shot and block seals Celtics' win over Pistons"". Archived from the original on January 3, 2021. Retrieved January 7, 2021.
Songco, Dijo (January 4, 2021). ""Jayson Tatum makes history with record no other Celtics player has done"". ClutchPoints. Archived from the original on January 5, 2021. Retrieved January 7, 2021.
Washburn, Gary (January 9, 2021). ""Celtics star Jayson Tatum tests positive for COVID-19"". BostonGlobe.com. Archived from the original on April 17, 2021. Retrieved May 19, 2021.
""Harden, Lillard headline 2021 NBA All-Star reserves"". NBA.com. Retrieved February 24, 2021.
""Tatum's career-high 53 help Celtics top T-Wolves 145-136"". ESPN. April 9, 2021. Retrieved April 17, 2021.
""Celtics' Jayson Tatum Joins Larry Bird In Fantastic Franchise Record During Win Over Timberwolves"". EssentiallySports. April 10, 2021. Archived from the original on April 10, 2021. Retrieved April 11, 2021.
Washburn, Gary (April 9, 2021). ""Career night for Jayson Tatum, and other observations from a battling Celtics victory against NBA-worst Minnesota"". BostonGlobe.com. Archived from the original on April 10, 2021. Retrieved April 11, 2021.
""Jayson Tatum | Boston Celtics | NBA.com"". NBA.com. Archived from the original on April 11, 2021. Retrieved April 11, 2021.
""Jayson Tatum Stats"". Basketball-Reference.com. Archived from the original on April 17, 2021. Retrieved April 11, 2021.
""Jayson Tatum, Zach LaVine become second pair of players to score 50 points on the same day this season"". CBSSports.com. April 10, 2021. Archived from the original on April 10, 2021. Retrieved April 11, 2021.
Bontemps, Tim (April 20, 2021). ""Boston Celtics' winning streak ends despite Jayson Tatum's first triple-double"". ESPN. Retrieved January 6, 2023.
""Celtics' Jayson Tatum ties Larry Bird with 60-point game; key plays, reactions"". www.sportingnews.com. May 2021. Archived from the original on May 4, 2021. Retrieved May 4, 2021.
""Tatum lifts Celts to 7th seed with 50-point night"". ESPN.com. May 19, 2021. Archived from the original on May 19, 2021. Retrieved May 19, 2021.
""Tatum's 50 points carry Celtics over Nets 125-119"". ESPN. May 28, 2021. Retrieved May 31, 2021.
Bontemps, Tim (May 29, 2021). ""Tatum's latest 50 takes focus off Kyrie, lifts Celts"". ESPN. Archived from the original on May 29, 2021. Retrieved May 29, 2021.
Braziller, Zach (May 29, 2021). ""Jayson Tatum's brings Celtics back to life with 50-point gem"". The New York Post. Archived from the original on May 29, 2021. Retrieved May 29, 2021.
Ciccotelli, Jenna. ""James Harden Triple-Doubles as Nets Eliminate Jayson Tatum, Celtics with Game 5 Win"". Bleacher Report. Archived from the original on June 2, 2021. Retrieved June 2, 2021.
""Jayson Tatum Scores 41 Points As Celtics Beat Hornets 140-129 In OT"". CBS Boston. October 25, 2021. Archived from the original on November 4, 2021. Retrieved November 4, 2021.
""Jayson Tatum scores 51 points in Boston Celtics' blowout of Washington Wizards"". ESPN. January 24, 2022. Archived from the original on January 24, 2022. Retrieved January 24, 2022.
""2022 NBA All-Star reserves revealed!"". NBA.com. February 3, 2022. Retrieved February 4, 2022.
""Tatum, Celtics lock down Grizzlies"". NBA.com. March 4, 2022. Retrieved March 4, 2022.
""Tatum drops season-high 54 points to drop Nets in Boston"". NBA.com. March 6, 2022.
""Jayson Tatum scores 54 points to fuel Celtics past Nets, ties Larry Bird's team record for most 50-point games"". CBSSports.com. March 6, 2022.
""Jayson Tatum, Karl-Anthony Towns named NBA Players of the Week"". NBA.com. March 7, 2022.
""Tatum's 44 points lead Celtics to 4th straight win"". NBA.com. March 4, 2022. Retrieved March 10, 2022.
Levin, Jake (January 26, 2022). ""Jayson Tatum, Jaylen Brown continue perfect mark when scoring 30 in same game"". Yahoo! Sports. Archived from the original on January 30, 2022. Retrieved January 30, 2022.
""Brown, Tatum combine for 62 as Celtics cruise past Kings"". NBA.com. March 19, 2022.
""Brown, Tatum score 30 each as Celtics crush Nuggets"". NBA.com. March 21, 2022.
""Devin Booker, Jayson Tatum named NBA Players of the Week"". NBA.com. March 28, 2022.
""Jayson Tatum plays hero to Kyrie Irving's villain, as Celtics beat Nets at buzzer"". Yahoo Sports. April 17, 2022. Retrieved April 17, 2022.
""Tatum, Celtics again lock down Nets, taking 3-0 series lead"". NBA.com. Retrieved April 24, 2022.
""Tatum leads Celtics to Game 4 win, sweep of Nets"". NBA.com. April 26, 2022. Retrieved April 26, 2022.
""Horford, Tatum lead rally as Celtics take Game 4, even series"". NBA.com. May 10, 2022. Retrieved May 10, 2022.
""Celtics force Game 7 behind Tatum's 46-point masterpiece"". NBA.com. May 14, 2022. Retrieved May 14, 2022.
""Celtics dominate Bucks in Game 7 to reach East finals"". NBA.com. May 15, 2022. Retrieved May 15, 2022.
""Celtics torch Heat early, even series with 102-82 blowout"". ESPN.com. May 24, 2022. Retrieved May 24, 2022.
Friedell, Nick (May 30, 2022). ""Tatum claims Larry Bird East finals MVP award"". ESPN.com. Retrieved May 30, 2022.
Goss, Nick (June 3, 2022). ""Tatum broke this NBA Finals record in Celtics' Game 1 win vs. Warriors"". NBC Sports. Retrieved June 8, 2022.
""Warriors beat Celtics 103-90 to win 4th NBA title in 8 years"". ESPN.com. Associated Press. June 17, 2022. Retrieved June 17, 2022.
Baer, Jack (June 17, 2022). ""Jayson Tatum finishes NBA Finals with unprecedented 100 playoff turnovers"". Yahoo! Sports. Retrieved June 17, 2022.
""Royal night: Tatum scores 49, Celtics hold off Heat 134–121"". ESPN.com. Associated Press. November 30, 2022. Retrieved November 30, 2022.
Donabedian, Daniel (November 30, 2022). ""Jayson Tatum just broke a three-point record not even Stephen Curry reached"". ClutchPoints. Retrieved November 30, 2022.
Wright, Michael C. ""Kia MVP Ladder: Jayson Tatum seizes top spot in latest rankings"". NBA.com. Retrieved December 3, 2022.
""Devin Booker, Jayson Tatum named Kia Players of the Month"". NBA.com. December 1, 2022. Retrieved December 3, 2022.
""Celtics blow big lead, rally back, beat Lakers 122–118 in OT"". ESPN.com. Retrieved December 14, 2022.
""Tatum has 41, Celtics push back on Giannis, Bucks 139–118"". ESPN.com. Retrieved December 26, 2022.
""NBA: Jayson Tatum, Jaylen Brown help Celtics dismantle Bucks"". The Straits Times. December 26, 2022. Retrieved December 26, 2022.
Villas, Rexwell (January 5, 2023). ""Jayson Tatum's latest stat line hasn't been seen since Larry Bird"". ClutchPoints. Retrieved January 5, 2023.
Warren, Brooks (January 12, 2023). ""Jaylen Brown Believes He Has 'Other Limits to Reach in the Future' with Jayson Tatum"". Slam. Retrieved January 12, 2023.
""Tatum scores 51, Celtics beat Hornets for 7th straight win"". ESPN.com. Retrieved January 16, 2023.
Patt, Jason (January 16, 2023). ""Jayson Tatum passes Larry Bird in Celtics history with 51-point barrage vs. Hornets"". ClutchPoints. Retrieved January 16, 2023.
Salao, R.P. (January 19, 2023). ""Jayson Tatum's honest admission on avenging Finals after win over Warriors"". ClutchPoints. Retrieved January 19, 2023.
Weinstein, Arthur (January 19, 2023). ""NBA world reacts as Jayson Tatum joins legendary club"". The Comeback. Retrieved January 21, 2023.
""2023 NBA All-Star starters announced"". NBA.com. Retrieved January 29, 2023.
Guinhawa, Angelo (February 10, 2023). ""Celtics star Jayson Tatum sounds off on beating Bradley Beal's NBA record"". ClutchPoints. Retrieved February 10, 2023.
Capps, Kendall (February 19, 2023). ""Jayson Tatum wins All-Star Game MVP with record-breaking performance"". ClutchPoints. Retrieved February 19, 2023.
Villas, Rexwell (February 19, 2023). ""Celtics news: Jayson Tatum clinches 50-point triple crown with wild record never seen in NBA history"". ClutchPoints. Retrieved February 20, 2023.
Salao, R.P. (February 25, 2023). ""Jayson Tatum hits game-winner as Joel Embiid's full-court heave waved off to end Sixers-Celtics"". ClutchPoints. Retrieved February 25, 2023.
Songco, Paolo (March 18, 2023). ""Celtics star Jayson Tatum notches epic scoring milestone that not even LeBron James could touch"". ClutchPoints. Retrieved March 18, 2023.
House, Alex (March 21, 2023). ""Celtics star Jayson Tatum matches wild Larry Bird scoring record set 35 years ago"". ClutchPoints. Retrieved March 21, 2023.
""NBA Roundup: Tatum sets Celtics record in win with 40th 30-point game"". Sportsnet. March 24, 2023. Retrieved March 27, 2023.
Pagaduan, Jedd (March 30, 2023). ""Jayson Tatum passes Paul Pierce for epic Celtics scoring feat in 666 less games"". ClutchPoints. Retrieved March 30, 2023.
Donabedian, Daniel (April 9, 2023). ""Jayson Tatum pulls off Celtics feat never even done by Larry Bird"". ClutchPoints. Retrieved April 9, 2023.
""Celtics pull away, beat Hawks 128-120 for 4-2 series win"". ESPN.com. April 27, 2023. Retrieved May 15, 2023.
Hartwell, Darren (May 14, 2023). ""Jayson Tatum sets NBA record with Game 7 masterpiece vs. Sixers"". NBC Sports Boston. Retrieved May 15, 2023.
""Jayson Tatum sets Game 7 record with 51 points as Celtics overpower Sixers"". NBA.com. May 15, 2023. Retrieved May 15, 2023.
""NBA stars react to Jayson Tatum's 51-point masterpiece in Game 7"". NBA.com. May 15, 2023. Retrieved May 15, 2023.
Silverman, Steve (May 14, 2023). ""Jayson Tatum joins John Havlicek in Boston lore with 50-plus point effort in blowout of Sixers"". ClutchPoints. Retrieved May 14, 2023.
Goss, Nick (May 15, 2023). ""Tatum became first player ever to achieve these playoff feats in Game 7 win"". NBC Sports Boston. Retrieved August 1, 2023.
Guinhawa, Angelo (May 23, 2023). ""Jayson Tatum passes Paul Pierce in Celtics lore with huge playoffs feat vs. Heat"". ClutchPoints. Retrieved May 23, 2023.
""Celtics' Jayson Tatum: Scores game-high 31 points"". CBS Sports. May 28, 2023. Retrieved November 20, 2023.
""Derrick White hits tip-in at buzzer, Celtics force Game 7 against Heat with unbelievable win"". CBS News. May 27, 2023. Archived from the original on May 28, 2023. Retrieved May 28, 2023.
""Jimmy Butler, Caleb Martin lead Heat past Celtics in Game 7"". NBA.com. May 30, 2023. Retrieved May 30, 2023.
""Jayson Tatum Says He Was 'Shell of Myself' After Ankle Injury"". Sports Illustrated. May 30, 2023. Retrieved May 30, 2023.
Yapkowitz, David (November 4, 2023). ""Jayson Tatum resets sacred Celtics record with epic career milestone vs. Nets"". ClutchPoints. Retrieved November 4, 2023.
Gorman, Denis (November 5, 2023). ""Jayson Tatum becomes youngest to 10,000 career points with Celtics"". NBA.com. Associated Press. Retrieved November 5, 2023.
""Miles Bridges' 3-pointer with 6.6 seconds left in OT helps Hornets beat Celtics; Tatum scores 45"". ESPN.com. Associated Press. November 20, 2023. Retrieved December 23, 2023.
""2024 NBA All-Star starters announced"". NBA.com. Retrieved January 27, 2024.
Yapkowitz, David (February 13, 2024). ""Jayson Tatum emphatically ends Larry Bird's 1-man reign with outburst vs. Nets"". ClutchPoints. Retrieved February 13, 2024.
Yapkowitz, David (February 13, 2024). ""Jayson Tatum matches record with bonkers first half vs. Nets"". ClutchPoints. Retrieved February 13, 2024.
Krivitsky, Bobby (March 9, 2024). ""Celtics' Identity Reinforced in Bounce Back Win vs. Suns"". Sports Illustrated. Retrieved March 10, 2024.
""Jayson Tatum triple-double, 3s lead Celtics past Butler-less Heat 114-94 in playoff opener"". ESPN.com. April 21, 2024. Retrieved April 21, 2024.
""Tatum scores 36, Brown hits 3 to force OT and Celtics edge Pacers 133-128 in Game 1 of East finals"". ESPN.com. May 21, 2024. Retrieved May 22, 2024.
Marot, Michael (May 26, 2024). ""Celtics stun Pacers with late surge, seize 3-0 lead in Eastern Conference Finals"". National Basketball Association. Associated Press. Retrieved May 26, 2024.
Bontemps, Tim (May 27, 2024). ""C's return to Finals 'a different team,' says Brown"". ESPN.com. Retrieved May 29, 2024.
Macasero, Michael (May 31, 2024). ""Luka Doncic joins Jayson Tatum in pantheon of greats ahead of 2024 NBA Finals matchup"". Sportskeeda. Retrieved June 4, 2024.
""Celtics beat Mavericks 105-98, take 2-0 lead in NBA Finals as series heads to Dallas"". ESPN.com. June 10, 2024. Retrieved June 12, 2024.
""Starting 5, June 13: Boston one win away; Remembering Jerry West"". NBA.com. Retrieved June 12, 2024.
Bontemps, Tim (June 17, 2024). ""Celtics stomp Mavs, clinch record 18th NBA title"". ESPN.com. Retrieved June 18, 2024.
Esnaashari, Farbod (June 18, 2024). ""Jayson Tatum Joins LeBron James, Nikola Jokic on Historic NBA Finals List"". Sports Illustrated. Retrieved June 18, 2024.
""Sources: Celtics' Jayson Tatum agrees to 5-year, $314M deal"". ESPN.com. July 1, 2024. Retrieved July 1, 2024.
""Jayson TATUM at the Players of the 2014 FIBA U17 World Championship for Men - FIBA.com"". FIBA.com. Archived from the original on April 9, 2016. Retrieved April 10, 2016.
""Jayson TATUM at the Players of the 2015 FIBA U19 World Championship - FIBA.com"". FIBA.com. Archived from the original on April 20, 2016. Retrieved April 10, 2016.
""World Championships U19 Basketball, Teams, Scores, Stats, News, Standings - eurobasket.com"". www.eurobasket.com. Archived from the original on April 14, 2016. Retrieved April 10, 2016.
""USA Wins Nike Hoop Summit 101–67"". USA Basketball. April 9, 2016. Archived from the original on April 11, 2016. Retrieved April 10, 2016.
""Jayson TATUM at the Players of the Tokyo 2020 - Olympic Basketball Tournament (Men) 2020 - FIBA.com"". fiba.com. Retrieved September 20, 2022.
Golliver, Ben (July 10, 2024). ""USA Basketball's gold medal formula: Big stars, bigger centers"". The Washington Post. Retrieved August 9, 2024.
""Fewest Turnovers 60 Point Game"". StatMuse. Retrieved July 21, 2024.
""NBA Most Points in 2020s"". StatMuse. Retrieved July 21, 2024.
""NBA Most Wins in 2020s"". StatMuse. Retrieved July 21, 2024.
""Most points in NBA Game 7"". StatMuse. Retrieved July 21, 2024.
Weiss, Jared. ""Most Assists in Finals Debut"". The New York Times. Retrieved July 21, 2024.
""NBA Most Playoff Points Before Turning 27"". StatMuse. Retrieved July 21, 2024.
""NBA Most Playoff Rebounds Before Turning 27"". X. Retrieved July 21, 2024.
""Players to lead NBA champion in points, rebounds, and assists"". X. Retrieved July 21, 2024.
""Bball Ref 2024 Finals Stats"". BBall Ref. Retrieved July 21, 2024.
""NBA Most 50 Point Playoff Games"". StatMuse. Retrieved July 21, 2024.
""Most 25 point playoff half since 1997"". X. Retrieved July 21, 2024.
""Fewest turnovers in 50 point playoff game"". StatMuse. Retrieved July 21, 2024.
""Youngest Player to Score 25+ Points in a Playoff Game"". StatMuse. Retrieved July 21, 2024.
""Most Playoff Points Rookie Year"". StatMuse. Retrieved July 21, 2024.
""Tatum Explodes for 50"". ESPN. May 19, 2021. Retrieved July 21, 2024.
Fenton, Jim (June 23, 2017). ""Celtics' pick Tatum has mom bursting with pride"". The Enterprise. Archived from the original on December 23, 2023.
Spears, Marc J. (June 2, 2022). ""Jayson Tatum has always had Larry Hughes' support in his journey to the NBA"". Andscape.com. Archived from the original on December 21, 2023.
McAvoy, Patrick (November 17, 2022). ""Brandy Cole-Barnes Reveals When she Knew Son Jayson Tatum Would be a Star"". Sports Illustrated. Archived from the original on December 21, 2023.
""Jayson Tatum's dad promoted to interim head coach of Australian NBL team"". CBS News - Boston. Associated Press. November 14, 2023. Retrieved November 15, 2023.
""All About Jayson Tatum's Parents, Justin Tatum and Brandy Cole-Barnes"". Peoplemag. Retrieved April 12, 2024.
""Rising Celtics Star Jayson Tatum Continues To Find Inspiration From His Mother"". WBZ-TV. May 23, 2018. Archived from the original on December 21, 2023.
""Jayson Tatum's son Deuce is becoming a TD Garden rock star"". RSN. February 21, 2020. Archived from the original on December 6, 2020. Retrieved November 24, 2020.
Krol, Jacklyn (February 20, 2023). ""All About Jayson Tatum's Son Deuce Tatum"". People. Retrieved March 23, 2023.
Spencer See (April 27, 2023). ""Inside Jayson Tatum's $4 million home, with photos"". Clutch Points. Retrieved July 12, 2023.
""Jayson Tatum celebrates the birth of his second child, continuing an exceptional 2024"". Marca. August 11, 2024. Retrieved September 24, 2024.
McMenamin, Dave (May 10, 2018). ""Proud of cousin Tatum's rookie success, says Lue"". ESPN.com. Archived from the original on November 9, 2020. Retrieved May 13, 2018.
Dator, James (June 24, 2024). ""Jason Tatum and Matthew Tkachuk were high school friends, now they're both champions"". sbnation.com. Retrieved June 24, 2024.
Yang, Nicole (March 7, 2019). ""Jayson Tatum, Harry Giles reunite on the court once again – this time in the NBA"". Boston.com. Archived from the original on March 8, 2019. Retrieved March 7, 2019.
Ramano, Jason (October 25, 2017). ""Celtics rookie forward Jayson Tatum says he plays for Jesus – Sports Spectrum Magazine"". Sports Spectrum Magazine. Archived from the original on June 23, 2018. Retrieved June 23, 2018.
""Inside Jayson Tatum's Christian faith from giant tattoos to powerful life motto about Jesus"". Sport and Faith. May 1, 2023. Retrieved April 12, 2024.
McGuire, Sean T. (February 13, 2024). ""Jayson Tatum Foundation Gets $1 Million Gift To Help St. Louis Community"". NESN.com. Retrieved April 12, 2024.
Holleman, Joe (August 21, 2017). ""Imo's inks hoops hotshot Tatum for pizza plugs"". St. Louis Post-Dispatch. Archived from the original on November 5, 2019. Retrieved June 3, 2018.
Wells, Adam (June 21, 2019). ""Celtics' Jayson Tatum Agrees to Multiyear Shoe Contract with Jordan Brand"". Bleacher Report. Archived from the original on July 25, 2019. Retrieved June 20, 2024.
Vlahos, Nicholas (February 19, 2023). ""Jordan Brand Officially Unveils The Jordan Tatum 1"". Sole Retriever. Retrieved May 28, 2024.
Hartwell, Darren (February 24, 2021). ""Watch: Tatum, Draymond trade barbs in funny Subway commercial"". NBC Sports. Retrieved June 16, 2022. Boston Celtics forward Jayson Tatum appeared in an advertisement for Subway this week in which he and Golden State Warriors big man Draymond Green rib each other while holding footlong subs.
Badenhausen, Kurt (September 26, 2019). ""Gatorade Signs Zion Williamson To Its Endorsement Roster"". Forbes. Retrieved June 16, 2022. Despite its close ties to basketball, Williamson marks only the fourth current NBA player under contract with Gatorade, joining Paul George, Jayson Tatum and Karl-Anthony Towns.
Beaty, Thalia (February 13, 2024). ""Celtics star Jayson Tatum gets $1 million gift from SoFi to help people buy homes in St. Louis"". AP News. Retrieved April 12, 2024.
""Celtics Star Jayson Tatum Gets $1 Million Gift From SoFi to Help People Buy Homes in St. Louis"". U.S. News & World Report. Associated Press. February 13, 2024. Retrieved June 20, 2024.
""Jayson Tatum and SoFi launch initiative to boost financial literacy, home ownership"". Yahoo News. February 13, 2024. Retrieved April 12, 2024.
Dye, Natasha (February 26, 2024). ""Jayson Tatum Shares How Growing Up in a 'Single-Parent Household' Inspired His SoFi Partnership (Exclusive)"". People. Retrieved April 25, 2024.
Conway, Tyler. ""NBA 2K25 Reveals Jayson Tatum, A'ja Wilson, Vince Carter Covers and New Features"". Bleacher Report. Retrieved July 10, 2024.
","
Andrew Wiggins

This is the latest accepted revision, reviewed on 29 August 2024.
For other people with similar names, see Andrew Wiggin (disambiguation) and Andrew Higgins (disambiguation).
Andrew Christian Wiggins (born February 23, 1995) is a Canadian professional basketball player for the Golden State Warriors of the National Basketball Association (NBA). He was selected with the first overall pick in the 2014 NBA draft by the Cleveland Cavaliers after one year of college basketball with the Kansas Jayhawks.
Wiggins grew up in Canada before attending his last two years of high school in the United States, where he was named a McDonald's All-American. At Kansas, he was named a second-team consensus All-American before becoming the second Canadian to be selected No. 1 overall in an NBA draft. After a preseason trade to the Minnesota Timberwolves, Wiggins earned NBA Rookie of the Year honors for the 2014–15 season. After five and a half seasons with Minnesota, he was traded to Golden State in 2020. In 2022, Wiggins won his first NBA championship and was selected for his first NBA All-Star game, and was named a Western Conference starter. He has also been a member of the Canadian national team.
Wiggins was born in Toronto, Ontario and raised in the nearby Vaughan portion of Thornhill, Ontario. He is the son of former NBA player Mitchell Wiggins, an American, and former Olympic track and field sprinter Marita Payne-Wiggins, a Canadian who is originally from Barbados. His parents met as student athletes at Florida State University. He attended elementary school at Glen Shields Public School, and high school at Vaughan Secondary School.
Wiggins began playing organized basketball when he was nine, joining an under-10 team in Toronto. At the time, he was 5 ft 7 in (1.70 m). He dunked a basketball for the first time when he was 13, and a year later, he grew to 6 ft 6 in (1.98 m) and shattered a glass backboard after dunking on a rim at the Dufferin Clark Community Centre in Vaughan.
Wiggins attended Vaughan Secondary School in Vaughan for his first two years of high school. In his 2010–11 sophomore year, he led the school's AAAA basketball team to a 44–1 record, en route to winning the Ontario provincial championship. In the championship game, he scored 25 points and grabbed 13 rebounds, amid chants of ""Over-rated!"" from the crowd.
In 2011, he transferred to Huntington Prep School in Huntington, West Virginia. During his junior season, he averaged 24.2 points, 8.5 rebounds, 4.1 assists and 2.7 blocks per game. As a senior, he averaged 23.4 points, 11.2 rebounds, 2.6 blocks, and 2.5 assists per game.
Wiggins had been rated as the top prospect for 2014, but announced in October 2012 that he would officially reclassify into his original high school class of 2013, after having repeated a grade in middle school. He needed just one remaining credit in English to graduate from Huntington Prep. He was immediately placed ahead of the previous number one prospect, Jabari Parker, by ESPN.
On February 7, 2013, after an article in Sports Illustrated criticized Canadian basketball and Wiggins' work ethic, he responded later that day, scoring 57 points in a 111–59 win over Marietta College.
Wiggins was named the 2013 Naismith Prep Player of the Year on February 25. He was named the 2013 Gatorade National Player of the Year on March 28 as the nation's top high school player. He was the first Canadian player to be so named. In May 2013, he was named Mr. Basketball USA. He was ranked number one high school basketball player by SLAM magazine.
In April 2013, Wiggins played in the Jordan Brand Classic All-American game in Brooklyn. He scored 19 points and tied Julius Randle for lead scorer for the East team.
Wiggins committed to Kansas on May 14, 2013. Before the announcement, he had narrowed his choices to Florida State, Kentucky, Kansas and North Carolina. Wiggins joined the Kansas team on June 19, 2013.
On January 13, 2014, Wiggins scored 17 points and collected 19 rebounds in a 77–70 victory over Iowa State, becoming only the second freshman in the last 15 years (along with Michael Kidd-Gilchrist) to amass those numbers in a win against a ranked opponent.
Wiggins averaged 17.1 points per game (ppg), 5.9 rebounds per game (rpg), and made 34.1% of his three-point field goals in his freshman year at Kansas. On January 22, 2014, Wiggins was named a Top 25 Finalist for the John R. Wooden Men's Player of the Year award by the Los Angeles Athletic Club. On February 28, he was named one of the 10 semi-finalists for Naismith College Player of the Year.
On March 8, 2014, Wiggins scored 41 points against West Virginia, the most for a Big 12 Conference freshman since Michael Beasley scored 44 points against Baylor in 2008.
Wiggins declared for the 2014 NBA draft on March 31, 2014. He was selected first overall in the draft by the Cleveland Cavaliers on June 26, 2014, becoming just the second Canadian picked number one in the draft, after Anthony Bennett, who had been selected first overall one year prior in the 2013 NBA draft, also by Cleveland. On August 23, a three-team trade was completed involving the Cavaliers, the Minnesota Timberwolves, and the Philadelphia 76ers. As part of the deal, Wiggins and Bennett were traded to the Wolves, along with Thaddeus Young, then of the Sixers. The Cavaliers received Kevin Love from Minnesota, while the Sixers received Luc Mbah a Moute and Alexey Shved from Minnesota and a 2015 first-round draft pick from Cleveland. Wiggins became just the second player since the ABA–NBA merger to be drafted as the number one pick, only to be traded afterwards without playing a single game for the team he was originally selected for; Chris Webber was the first following the 1993 draft.
LeBron James guarding Wiggins in his rookie season with the Timberwolves, December 2014 In his NBA debut on October 29, 2014, Wiggins scored six points in a 105–101 season-opening loss to the Memphis Grizzlies. He went on to earn Rookie of the Month honours in the Western Conference for the first two months of the season. On January 31, he scored 33 points in a loss to the Cavaliers. On February 13, Wiggins won the Rising Stars Challenge MVP after scoring 22 points for Team World in a 121–112 win over Team USA. On April 30, he was named the NBA Rookie of the Year for the 2014–15 season.
On November 7, 2015, Wiggins scored a game-high 31 points in a 102–93 overtime win over the Chicago Bulls. Two days later, he tied his career high with 33 points in a 117–107 win over the Atlanta Hawks, thus recording consecutive 30-point games for the first time in his career. On December 18, he recorded 32 points, 10 rebounds and six assists in a 99–95 win over the Sacramento Kings, joining LeBron James, Kevin Durant and Tobias Harris as the only players 20 or younger to record at least 30 points, 10 boards and five assists in a game since 2000. On January 8, 2016, he scored a then career-high 35 points in a loss to the Cleveland Cavaliers. Wiggins guarding Aaron Gordon during a game in November 2016 On November 8, 2016, Wiggins scored a career-high 36 points and hit a career-best six three-pointers in a 119–110 loss to the Brooklyn Nets. Five days later, he set a new career high with 47 points in a 125–99 win over the Los Angeles Lakers, becoming the first Canadian-born player to score 40-plus points in an NBA game. On February 14, he had a 41-point effort in a 116–108 loss to the Cleveland Cavaliers. The following day, he scored 40 points in a 112–99 win over the Denver Nuggets, becoming just the second Minnesota player to record back-to-back 40-point games. On February 24, he scored 27 points in a 97–84 win over the Dallas Mavericks, topping 20 points for the 16th straight game, tying a franchise record.
On October 11, 2017, Wiggins signed a five-year, $148 million contract extension with the Timberwolves. On October 22, he scored 27 points and hit the game-winning, buzzer-beating three-pointer to lift the Timberwolves to a 115–113 win over the Oklahoma City Thunder. On January 20, 2018, he scored 22 of his season-high 29 points in the first half of the Timberwolves' 115–109 win over the Toronto Raptors. Two days later, he set a new season high with 40 points in a 126–118 win over the Los Angeles Clippers. On February 7, 2018, in a 140–138 overtime loss to the Cleveland Cavaliers, Wiggins reached 6,000 career points. At 22 years, 349 days, he became the sixth-youngest player to reach the plateau. By the end of the season, Wiggins finished with a scoring average of 17.7 PPG, his lowest since his rookie year. On October 24, 2018, Wiggins was inactive for only the second time in his career, sitting out the Timberwolves' loss to the Toronto Raptors because of a bruised right quadriceps. The last time Wiggins was inactive was November 10, 2015, when he sat out a loss to the Charlotte Hornets because of a sore right knee. Wiggins returned to action on October 31 against the Utah Jazz after missing three games. He struggled early in the season, culminating in an 0-for-12 shooting night on November 24 against the Chicago Bulls. It was the first time in his career he finished a game scoreless. On December 23, he scored 30 points and hit the go-ahead layup with 14 seconds remaining to help the Timberwolves defeat the Oklahoma City Thunder 114–112. He topped that total with 31 points on January 2 against the Boston Celtics. On January 6, he scored 25 of his 28 points in the first half of the Timberwolves' 108–86 win over the Los Angeles Lakers. Two days later, he had a season-high 40 points and 10 rebounds in a 119–117 win over the Thunder. On January 18 against the San Antonio Spurs, Wiggins passed Sam Mitchell (7,161) for second place on the franchise's career scoring list. On January 27, he scored a game-high 35 points in a 125–111 loss to the Jazz.
On January 18, 2020, Wiggins achieved his first career triple-double with 18 points, 10 rebounds, and a career-high 11 assists.
On February 6, 2020, Wiggins and two draft picks were traded to the Golden State Warriors in exchange for Jacob Evans, D'Angelo Russell and Omari Spellman. Wiggins scored 24 points and had five steals in his debut for the Warriors, in a 125–120 loss to the Los Angeles Lakers. The Warriors failed to qualify for the playoffs and finished with a 15–50 record, the worst in the league.
On March 19, 2021, Wiggins scored a season-high 40 points, alongside eight rebounds, four assists and four steals, in a 116–103 win over the Memphis Grizzlies. The Warriors qualified for the newly implemented play-in tournament; however, they suffered two straight losses to the Los Angeles Lakers and Memphis Grizzlies, failing to reach the postseason for the second straight season despite a 22-point, 10-rebound double-double from Wiggins in their loss to the Grizzlies.
On December 6, 2021, Wiggins scored 28 points on a career-high eight threes made, in a 126–95 win over the Orlando Magic. On January 27, 2022, he was named a Western Conference starter for the 2022 NBA All-Star Game, his first All-Star selection. He received criticism that he received fan voting points from K-pop star, BamBam, with a strategic social media boost. He was the third first-time All-Star to be voted a starter in his eighth season or later.[a] Wiggins also became the first No. 1 overall draft pick in the modern draft era (since 1966) to earn his first All-Star selection in his eighth season or later. On May 22, during Game 3 of the Western Conference Finals, Wiggins scored a playoff career-high 27 points and tied his then playoff career-high with 11 rebounds in a 109–100 Game 3 win over the Dallas Mavericks.
In Game 4 of the NBA Finals, Wiggins posted a 17-point, 16-rebound (playoff career-high) double-double in a 107–97 win over the Boston Celtics. In Game 5, he logged a 26-point, 13-rebound double-double in a 104–94 win. Wiggins won his first NBA championship after the Warriors defeated the Celtics in six games. He finished the NBA Finals as the leading rebounder, blocker and second highest scorer for the Warriors after averaging 18.3 points, 8.8 rebounds and 1.5 blocks per game, along with playing stifling defense on Boston All-NBA forward Jayson Tatum.
On October 15, 2022, Wiggins signed a four-year contract extension worth $109 million with the Warriors. On November 20, Wiggins scored 22 points on 6-of-11 shooting from three-point range. Wiggins, Stephen Curry, and Klay Thompson combined for 23 made three-pointers, the most three-pointers made in a game by a trio in NBA history. On December 3, Wiggins scored a season-best 36 points and matched his career high with 8-of-10 shooting from three-point range in a 120–103 win over the Houston Rockets. On March 24, 2024, Wiggins became the first NBA player born in Canada to reach 1,000 career threes made.
Wiggins participated in the 2010 FIBA Under-17 World Championship and 2012 FIBA Americas Under-18 Championship, helping the Canadian junior national team win a bronze medal in each tournament. During the 2010 tournament, Wiggins was a teammate of Anthony Bennett, the number one overall pick in the 2013 NBA draft and his former teammate on the Timberwolves. In the 2012 tournament, he led the team in scoring with 15.2 ppg, along with 7.6 rpg.
On August 20, 2015, Wiggins was named to the Canadian national team roster for the 2015 FIBA Americas Championship, a qualifying tournament for the 2016 Summer Olympics. Wiggins helped Canada win the bronze medal; he led the team in scoring, with 15.1 points per game, and he was named to the All-Tournament Team.
Wiggins rejoined the team for the 2020 FIBA Men's Olympic Qualifying Tournament, averaging 21.7 points, 6.0 rebounds, and 2.3 assists per game in three contests.
Wiggins has five siblings: sisters Stephanie, Angelica, and Taya; and brothers Nick and Mitchell Jr. His middle brother, Nick, played college basketball at Vincennes University, Wabash Valley College, and Wichita State University, and his oldest brother, Mitchell Jr., played at Hillsborough Community College and Southeastern University.
""2012 FIBA Americas U18 Championship For Men"". FIBA. Archived from the original on March 10, 2014. Retrieved March 10, 2014.
Blair, Jeff (June 28, 2013). ""Blair: Time for Raptors to go all in for Wiggins"". The Globe and Mail. Retrieved March 12, 2014.
""Toronto-born basketball prospect Wiggins to play at Kansas"". Citynews.ca. May 14, 2013. Retrieved March 12, 2014.
""Will LeBron James' return mean Canadian Andrew Wiggins gets traded – canada.com"". canada.com.
""Thornhill's Andrew Wiggins picked No. 1 by the Cleveland Cavaliers"". thespec.com.
Rogers Digital Media. ""Caboclo in the spotlight in Vegas Summer League"". Sportsnet.ca.
MIKE GANTER (December 8, 2010). ""Andrew Wiggins: Canada's great basketball hope"". Torontosun.com. Archived from the original on March 4, 2016. Retrieved September 21, 2012.
Anthony Lopopolo (August 11, 2014). ""Andrew Wiggins Knows Exactly Where he Wants to Play in the NBA"". National Post. Retrieved February 17, 2015.
""Canada's quest for elite basketball status begins in Toronto"". The Globe and Mail. Retrieved May 31, 2016.
""Andrew Wiggins - 2013-14 Men's Basketball"". University of Kansas Athletics. July 9, 2013. Retrieved July 11, 2015.
Telep, Dave (October 25, 2012). ""Andrew Wiggins in Class of 2013"". ESPN.com. Retrieved March 26, 2020.
Galuszka, Garrett (July 11, 2013). ""Top prep recruits seeking edge by holding themselves back: Recruiting roundup"". The Times-Picayune. Retrieved March 10, 2023.
Prisbell, Eric (October 26, 2012). ""Top recruit Wiggins will reclassify"". Battle Creek Enquirer. p. B7. Retrieved March 10, 2023 – via Newspapers.com.
Pete Thamel. ""Can Andrew Wiggins deliver Canada its biggest hoops star in history?"".
Sager, Neate (February 8, 2013). ""Hoops phenom Andrew Wiggins scores 57 points hours after scathing Sports Illustrated article"". Yahoo! Sports. Retrieved March 12, 2014.
""Canada's Wiggins wins Naismith award as top high school basketball player in US"". Yahoo! Sports. February 25, 2013. Archived from the original on February 28, 2013. Retrieved February 26, 2013.
Schwadron, Abe (March 28, 2013). ""Andrew Wiggins, Alonzo Mourning Speak About Gatorade POY Award"". SLAM Magazine. Retrieved March 28, 2013.
Flores, Ronnie (May 8, 2013). ""Andrew Wiggins Named Mr. Basketball USA"". HighSchoolHardwood.com. Archived from the original on September 21, 2013. Retrieved June 30, 2013.
""SLAM Fresh 75 - 2013 - SLAMonline"". SLAMonline. May 24, 2013.
Norlander, Matt (January 14, 2014). ""Embiid, Wiggins wow, make big statement in win at Iowa State"". CBS Sports. Retrieved March 12, 2014.
""University of Kansas Men's Basketball: #22 Andrew Wiggins"". KUAthletics.com. Kansas University Athletics Department. July 9, 2013. Retrieved February 19, 2014.
""Player Profile: Andrew Wiggins"". ESPN.com. ESPN. Retrieved March 26, 2020.
""Top 10 National Semifinalists Named for 2014 Men's Naismith Trophy presented by AT&T"". Naismith Awards. February 28, 2014. Archived from the original on October 6, 2014. Retrieved February 18, 2014.
Eric Prisbell and Scott Gleeson (March 31, 2014). ""Kansas star Andrew Wiggins declares for NBA draft"". USA Today. Retrieved March 31, 2014.
""Cavs take Wiggins with No. 1 pick in NBA draft"". NBA.com. June 27, 2014. Archived from the original on February 17, 2015. Retrieved June 27, 2014.
""Timberwolves Acquire Andrew Wiggins, Anthony Bennett and Thaddeus Young in Three-Team Trade"". NBA.com. Turner Sports Interactive, Inc. August 23, 2014. Retrieved August 23, 2014.
""Andrew Wiggins-Kevin Love trade set for takeoff"". thestar.com. August 22, 2014.
""Timberwolves at Grizzlies"". NBA.com. Archived from the original on December 21, 2014. Retrieved October 30, 2014.
""Timberwolves Forward Andrew Wiggins Named Kia NBA Western Conference Rookie of the Month"". Minnesota Timberwolves.
Official release (January 6, 2015). ""Mirotic, Wiggins named Kia rookies of the month"". NBA.com.
""Cavaliers at Timberwolves"". NBA.com. Archived from the original on August 24, 2018. Retrieved December 11, 2015.
""Andrew Wiggins leads World team past U.S. in Rising Stars Challenge"". ESPN. February 14, 2015.
""Timberwolves' Andrew Wiggins wins 2014-15 Kia NBA Rookie of the Year Award"". NBA.com. Turner Sports Interactive, Inc. April 30, 2015. Archived from the original on May 4, 2015. Retrieved April 30, 2015.
Bedore, Gary (May 1, 2015). ""Self 'proud' of Rookie of the Year Wiggins"". Lawrence Journal-World. Lawrence, Kansas. Retrieved May 1, 2015. Minnesota Timberwolves guard Andrew Wiggins on Thursday became the second player out of Kansas University to be named NBA Rookie of the Year Award. Wilt Chamberlain earned the accolade with the Philadelphia Warriors in 1959–60.
""Wiggins, Timberwolves beat Bulls 102-93 in overtime"". NBA.com. Turner Sports Interactive, Inc. November 7, 2015. Retrieved November 7, 2015.
""Timberwolves blow 34-point lead, recover to beat Hawks"". NBA.com. Turner Sports Interactive, Inc. November 9, 2015. Archived from the original on November 14, 2016. Retrieved November 10, 2015.
""Wiggins lifts struggling Wolves over Kings, 99-95"". NBA.com. Turner Sports Interactive, Inc. December 18, 2015. Retrieved December 18, 2015.
""Wiggins Scores Career-High 35 Points In Loss To Cavs"". NBA.com. Turner Sports Interactive, Inc. January 8, 2016. Retrieved January 8, 2016.
""Nets keep Wolves winless on the road with 119-110 win"". ESPN.com. November 8, 2016. Retrieved November 9, 2016.
""Wiggins sets Canadian single-game points record with 47 vs. Lakers"". SportsNet.ca. November 13, 2016. Retrieved November 14, 2016.
""James, Cavs hold off Wiggins, Wolves, 116-108"". ESPN.com. February 14, 2017. Retrieved February 14, 2017.
""Wiggins' 40 points leads T-Wolves over Nuggets 112-99"". ESPN.com. February 15, 2017. Retrieved February 16, 2017.
""Towns, Wiggins help Wolves beat Mavericks 97-84"". ESPN.com. February 24, 2017. Retrieved February 25, 2017.
""Timberwolves Sign Forward Andrew Wiggins to Multi-Year Contract Extension"". NBA.com. October 11, 2017. Retrieved October 11, 2017.
""Minnesota Timberwolves agree to contract extension with Andrew Wiggins"". USA Today. October 11, 2017. Retrieved October 11, 2017.
""Wiggins' heave banks in, leads Timberwolves past Thunder"". ESPN.com. October 22, 2017. Retrieved October 22, 2017.
""Wiggins scores 29 as Wolves rally past Raptors 115-109"". ESPN.com. January 20, 2018. Retrieved January 20, 2018.
""Wiggins carries Timberwolves to 126-118 win over Clippers"". ESPN.com. January 22, 2018. Retrieved January 23, 2018.
""LeBron's last-second shot gives Cavs 140-138 OT win"". ESPN.com. February 7, 2018. Retrieved February 7, 2018.
""Leonard scores 35, Raptors beat Wolves 112-105 to reach 5-0"". ESPN.com. October 24, 2018. Retrieved October 24, 2018.
""Rose scores career-high 50 as Timberwolves top Jazz 128-125"". ESPN.com. October 31, 2018. Retrieved October 31, 2018.
""Karl-Anthony Towns picks up slack, carries Wolves past Bulls"". ESPN.com. November 24, 2018. Retrieved December 5, 2018. Wiggins was scoreless on 0-for-12 shooting.
""Towns has 35 points, Timberwolves beat Hornets 121-104"". ESPN.com. December 5, 2018. Retrieved December 5, 2018.
""Wiggins scores 30, leads Timberwolves past Thunder 114-112"". ESPN.com. December 23, 2018. Retrieved December 24, 2018.
""Hayward (35 pts) leads Celtics past Timberwolves 115-102"". ESPN.com. January 2, 2019. Retrieved January 9, 2019.
""Wiggins, Towns lead Timberwolves past Lakers, 108-86"". ESPN.com. January 6, 2019. Retrieved January 6, 2019.
""Saunders wins 1st game, T'Wolves top Thunder 119-117"". ESPN.com. January 8, 2019. Retrieved January 9, 2019.
""Popovich ties Riley for road wins; Spurs beat Wolves 116-113"". ESPN.com. January 18, 2019. Retrieved January 18, 2019.
""Mitchell scores 29 to lead Jazz past Timberwolves 125-111"". ESPN.com. January 27, 2019. Retrieved June 20, 2019.
Youngblood, Kent (January 19, 2020). ""Wiggins' first triple-double not enough for Wolves vs. Toronto"". StarTribune. Retrieved December 8, 2021.
""Warriors Acquire Andrew Wiggins & 2021 First and Second Round Draft Picks From Minnesota"". NBA.com. February 6, 2020.
Friedell, Nick (February 9, 2020). ""Andrew Wiggins scores 24 points in debut with Warriors"". ESPN.com. Retrieved December 8, 2021.
""Wiggins scores 40 as short-handed Warriors beat Grizzlies"". NBA.com. Retrieved June 14, 2022.
""Morant, Grizzlies beat Warriors in OT, advance to face Jazz"". NBA.com. Retrieved June 14, 2022.
Guinhawa, Angelo (December 6, 2021). ""Andrew Wiggins' epic transformation with Warriors will make Stephen Curry proud"". ClutchPoints. Retrieved December 8, 2021.
""Steph joined by Wiggins as NBA All-Star Game starters"". NBC Sports. Retrieved January 27, 2022.
""Wiggins owes assist to K-pop star Bam Bam for All-Star selection"". NBC Sports. January 29, 2022.
Bontemps, Tim (January 28, 2022). ""LeBron James, Kevin Durant named captains again for All-Star Game as starter pool announced"". ESPN.com. Retrieved January 29, 2022.
""Warriors overcome Luka's 40, seize 3-0 series lead"". NBA.com. May 23, 2022. Retrieved May 23, 2022.
""Curry scores 43 to beat Boston, Warriors tie NBA Finals 2-2"". ESPN.com. Retrieved June 14, 2022.
""Wiggins delivers on both ends, Warriors lead NBA Finals 3-2"". ESPN.com. Retrieved June 14, 2022.
""Jayson Tatum's Old Tweet About Andrew Wiggins Goes Viral After Game 5"". Sports Illustrated. Retrieved June 14, 2022.
""Poole, Wiggins come to hilarious realization after Finals win"". RSN. Retrieved June 17, 2022.
""Wiggins, Warriors agree to 4-year, $109M deal"". ESPN.com. October 15, 2022. Retrieved October 15, 2022.
Yapkowitz, David (November 20, 2022). ""Stephen Curry, Klay Thompson, Andrew Wiggins set unreal 3pt record never seen before"". ClutchPoints. Retrieved November 20, 2022.
""Andrew Wiggins scores 36 points, leads Warriors past Rockets"". ESPN.com. Retrieved December 4, 2022.
""Andrew Wiggins is the first Canadian NBA player to reach 1000 career 3-pointers made"". goldenstateofmind.com. Retrieved March 28, 2024.
""Canada Captures Bronze Medal at FIBA Americas U18 Championship!"". NorthPoleHoops.com. June 21, 2012. Retrieved May 22, 2013.
""Andrew Wiggins"". Canada Basketball. Archived from the original on January 4, 2014. Retrieved July 5, 2013.
Bedore, Gary (August 20, 2015). ""Andrew Wiggins on Canadian national team"". Lawrence Journal-World. Lawrence, Kansas. Retrieved August 21, 2015. Former KU guard Andrew Wiggins of the Minnesota Timberwolves on Thursday was one of 13 players named to the Canadian national team's roster n for the Tuto Marchland Continental Cup, Aug. 23-26 in Puerto Rico.
""2015 FIBA Americas Championship For Men/Olympic Qualifying Tournament"". FIBA. Archived from the original on October 2, 2015. Retrieved September 19, 2015.
""Venezuela win 2015 FIBA Americas Championship for first-ever continental title"". FIBA. September 13, 2015. Archived from the original on January 18, 2019. Retrieved September 14, 2015.
Wayne Sterling and Ben Morse (October 5, 2021). ""Basketball star on getting vaccinated: 'Not something I wanted to do, but kind of forced to'"". CNN. Retrieved October 5, 2021.
""Nick Wiggins Bio"". Wichita State University. Retrieved November 7, 2015.
","
Victor Wembanyama

Victor Wembanyama (/ˌwɛmbənˈjɑːmə/ WEM-bən-YAH-mə; French: [viktɔʁ wɛmbanjama]; born 4 January 2004), nicknamed ""Wemby"" or ""the Alien"", is a French professional basketball player for the San Antonio Spurs of the National Basketball Association (NBA). Considered one of the best basketball prospects of his generation, he was selected first overall by the Spurs in the 2023 NBA draft. With a listed height of 7 feet 4 inches (2.24 metres), Wembanyama is tied with Zach Edey as the tallest active NBA player.
Wembanyama began his professional career with Nanterre 92 of the LNB Pro A in 2019. Two years later, he moved to ASVEL and won the Pro A title in his only season with the team. In the 2022–23 season, Wembanyama signed with Metropolitans 92 and became the youngest player to win the Pro A MVP award, while earning Pro A Best Defender honors and leading the league in scoring, rebounds and blocks. He was unanimously named an LNB All-Star twice, winning the All-Star Game MVP once, and was a three-time Pro A Best Young Player.
Wembanyama also plays for the French national team, with whom he won a silver medal at the 2024 Olympics. At the youth level, he  led his team to two silver medals, including at the 2021 FIBA Under-19 World Cup, where he set the FIBA record for blocks per game in a single tournament.
Following a historic rookie season in the NBA, Wembanyama was unanimously named the 2024 NBA Rookie of the Year, finished second in the 2024 Defensive Player of the Year voting to compatriot Rudy Gobert, and became the first rookie to be ever named to the All-Defensive First Team.
Wembanyama was born on 4 January 2004, in Le Chesnay, in the Paris region. His father, Félix, is of Congolese origin and was a track and field athlete who competed in the high jump, long jump and triple jump. Born in Belgium, Félix acquired French nationality by naturalization on 10 February 2003.  Victor's mother, Élodie de Fautereau, is a French basketball coach and former player. Wembanyama's father and mother are 1.98 metres (6 ft 6 in) and 1.91 metres (6 ft 3 in) tall, respectively. His older sister, Ève, plays basketball professionally, and his younger brother, Oscar, has played basketball and handball at the youth level. His maternal grandfather, Michel de Fautereau, played professional basketball, and his grandmother, Marie-Christine, also played the sport.
Wembanyama played football as a goalkeeper and practised judo before focusing on basketball. He learned to play basketball from his mother, who was coaching youth teams. At age seven, Wembanyama began playing for Entente Le Chesnay Versailles, before joining the youth system of Nanterre 92 at age 10. He drew the attention of Nanterre in 2013 after Michaël Allard, a youth coach for the club, noticed him on the bench at an under-11 game due to his exceptional height, at 1.80 m (5 ft 11 in), initially mistaking him for a coach. In February 2018, Wembanyama was loaned to FC Barcelona for the Minicopa del Rey, an under-14 tournament in Spain, leading his team to third place. He declined an offer to continue his career with Barcelona, citing that the coaches were not willing to challenge him.
In the 2019–20 season, Wembanyama gained his first professional experience with the Nanterre 92 senior team under head coach Pascal Donnadieu, receiving limited playing time in two games. He primarily competed in LNB Espoirs, the French under-21 league, and also played for the under-18 team. Wembanyama made his professional debut on 29 October 2019, playing 31 seconds against Brescia in the EuroCup. At 15 years, nine months and 25 days old, he was the second-youngest player after Stefan Petković to play in the EuroCup. In February 2020, Wembanyama played for Nanterre's under-18 team at the Kaunas qualifying tournament for the Adidas Next Generation Tournament (ANGT). On 8 February, he posted 22 points, 15 rebounds and an ANGT-record nine blocks in a win over the under-18 team of Zaragoza. Wembanyama averaged 15.8 points, 12 rebounds, 2.8 steals, and six blocks per game in Kaunas, leading the tournament in blocks and earning all-tournament team honours. He finished the Espoirs season averaging 10.2 points, 4.9 rebounds and 3.3 blocks per game, mostly coming off the bench.
In the 2020–21 season, Wembanyama split time between Nanterre's senior and under-21 teams and signed an agreement to also play for Centre Fédéral in the Nationale Masculine 1 (NM1). On 23 September 2020, he made his LNB Pro A debut, grabbing one rebound in four minutes against JL Bourg. In October, Wembanyama featured in a viral video where he showcased his skills in a two-on-two pick-up game against Rudy Gobert and Vincent Poirier. On 12 December, he suffered a stress fracture in his fibula during an Espoirs game against BCM Gravelines-Dunkerque, with an estimated recovery time of eight weeks. Wembanyama was sidelined from the Valencia qualifying tournament for the ANGT. After missing two and a half months with injury, he began receiving more playing time with the senior team. On 25 May 2021, Wembanyama recorded season-highs of 14 points and 10 rebounds in a 99–87 win over Orléans Loiret. He started in 10 of 18 Pro A appearances, averaging 6.8 points and 4.7 rebounds per game, and was named Pro A Best Young Player. In Espoirs, Wembanyama averaged 13.4 points, 8.6 rebounds and 3.2 blocks, starting in all five of his games. He played four games for Centre Fédéral, averaging 11.8 points, 6.8 rebounds and three blocks per game. Following the season, he opted to leave Nanterre.
On 29 June 2021, Wembanyama signed a three-year contract with ASVEL of the Pro A and the EuroLeague. He was unable to play for one month at the start of the season because of an illness. On 1 October, Wembanyama made his EuroLeague debut, recording one block in three minutes in an 88–76 win over Žalgiris. On 10 November, ASVEL announced that he would miss two to three weeks with a fractured finger. He returned on 2 December, but was sidelined again on 20 December, after suffering a bone bruise in his right shoulder against Zenit Saint Petersburg, with an estimated recovery time of four to six weeks. Wembanyama was selected to the LNB All-Star Game, held on 29 December, but was unable to play due to the injury. He made his return on 11 February. On 3 April, Wembanyama recorded a season-high 25 points, seven rebounds and three blocks in an 85–65 win over Le Portel. He scored 18 points, his career high in the EuroLeague, in an 81–80 loss to Olimpia Milano on 7 April. On 3 June, Wembanyama was ruled out for the remainder of the season with a psoas muscle injury he sustained during a Pro A semifinal game against JDA Dijon. In his absence, ASVEL won its third consecutive Pro A championship. Wembanyama repeated as Pro A Best Young Player, averaging 9.4 points and 5.1 rebounds per game in the league. He averaged 6.5 points and 3.8 rebounds per game in the EuroLeague and finished second to Rokas Jokubaitis in voting for the EuroLeague Rising Star award. After the season, he opted out of his contract with ASVEL, despite promises from club president Tony Parker to build the team around him for the next season.
On 4 July 2022, Wembanyama signed a two-year contract with Metropolitans 92 of the LNB Pro A. He was drawn to the team due to head coach Vincent Collet's reputation for developing and providing opportunities for young players. In October 2022, Wembanyama gained recognition from American media after two exhibition games against the NBA G League Ignite, featuring projected second overall pick Scoot Henderson, in Las Vegas. The games, which marked Wembanyama's U.S. debut, were nationally televised and attended by over 200 scouts and NBA executives. In the first game, on 4 October, he recorded 37 points, five blocks and four rebounds in a 122–115 loss. Wembanyama led his team to a 112–106 win over the Ignite in their second game, scoring 36 points and grabbing 11 rebounds. On 27 October, the NBA announced that it would stream all Metropolitans 92 regular-season and playoff games on its app.
In the 2022–23 Pro A season, Wembanyama emerged as one of the most dominant players in the league. On 4 November 2022, he posted a career-high 33 points, 12 rebounds, four assists and three blocks in a 78–69 win over Limoges CSP. On 2 December, Wembanyama recorded his fourth straight 30-point game, with 32 points, 10 rebounds, four blocks and three assists in a 96–85 victory over Fos Provence, leading his team to its ninth consecutive win. He was named captain of the France team at the LNB All-Star Game on 29 December. At the All-Star Game, he recorded 27 points, 12 rebounds and four assists, leading his team to 136–128 win over the World team, and became the game's youngest MVP. On 9 January 2023, Wembanyama made a game-winning putback dunk with 3.5 seconds left in regulation and recorded 15 points, nine rebounds and five blocks in an 84–83 win over ASVEL. On 27 January, he recorded 31 points, 14 rebounds and five blocks in a 102–84 loss to Chorale Roanne. On 21 April, he declared for the 2023 NBA draft. At the end of the regular season, Wembanyama became the youngest player to win the LNB Pro A MVP Award. He was selected to the All-Pro A First Team and named Best Defender, Best Scorer, Best Young Player and Best Blocker. In the playoffs, Wembanyama led Metropolitans 92 to the Finals, where they were eliminated by AS Monaco in a 3–0 sweep. He finished the season averaging 21.6 points, 10.4 rebounds and 3.1 blocks per game, leading the Pro A in each category.
On 22 June 2023, Wembanyama was selected by the San Antonio Spurs with the first overall pick in the 2023 NBA draft. He became the first French player to be drafted first overall, and only the second European player to achieve this distinction (following Andrea Bargnani in 2006). He became the third #1 overall pick by San Antonio in its history, after David Robinson and Tim Duncan.
Wembanyama made his NBA Summer League debut on 7 July against the Charlotte Hornets in front of a sold out crowd. He recorded nine points and eight rebounds but made only two of 13 shots in a 76–68 win. In his second Summer League game on 9 July, he put up 27 points and 12 rebounds in a 85–80 loss to the Portland Trail Blazers. The next day, the Spurs announced that he would sit out for the remainder of the 2023 Summer League.
On 25 October, Wembanyama made his NBA regular-season debut putting up 15 points, five rebounds, two assists, and two blocks in a 126–119 loss to the Dallas Mavericks. His three three-pointers made set a Spurs' single-game team record for a rookie in his debut. On 2 November, Wembanyama put up a then career-high 38 points alongside 10 rebounds, and two blocks in a 132–121 win over the Phoenix Suns. He joined LeBron James and Kevin Durant as the only teenagers in NBA history to put up at least 35 points, 10 rebounds, and two blocks in a game. On 5 November, he put up 20 points, nine rebounds, and five blocks in a 123–116 overtime loss to the Toronto Raptors. He became the first Spurs rookie since Tim Duncan to put up 20 points and five blocks in a game. On 18 November, he put up 19 points, 13 rebounds, four assists, and eight blocks in a 120–108 loss to the Memphis Grizzlies. He joined Tim Duncan and David Robinson as the only players in Spurs history to put up at least eight blocks in a game as a rookie.
On 8 December, Wembanyama put up 21 points and 20 rebounds in a 121–112 loss to the Chicago Bulls. He became the youngest player in NBA history to put up at least 20 points and 20 rebounds in a game at 19 years and 338 days old, surpassing the previous record set by Dwight Howard. On 13 December, he put up 30 points, 12 rebounds, and six blocks in a 122–119 loss to the Los Angeles Lakers. On 17 December, he put up 17 points and 13 rebounds in a 146–110 loss to the New Orleans Pelicans. He also surpassed Dwight Howard's record for the most consecutive games with a double-double by a teenager in NBA history with his eighth double-double. On 28 December, he put up 30 points, six rebounds, six assists, and seven blocks in a 118–105 win over the Portland Trail Blazers. He also became the first teenager in NBA history to put up at least 20 points, five rebounds, five assists, and five blocks in a game.
On 10 January 2024, Wembanyama put up his first career triple-double with 16 points, 12 rebounds, and 10 assists in a 130–108 win over the Detroit Pistons. On 12 February, he had his second career triple-double with 27 points, 14 rebounds, and 10 blocks in a 122–99 win over the Toronto Raptors. He became the first player to achieve a triple-double via points, rebounds, and blocks since Clint Capela in 2021. He also became the first player in NBA history to put up a 20-point, 10-block triple-double in fewer than 30 minutes played. On 23 February, Wembanyama put up a five-by-five with 27 points, 10 rebounds, eight assists, five steals, and five blocks in a 123–118 loss to the Los Angeles Lakers. He became the youngest player in NBA history to record a five-by-five and did so in 30 minutes, the fewest minutes played in NBA history to achieve such a feat. On 3 March, he put up 31 points, 12 rebounds, six assists, six blocks, and one steal in a 117–105 win over the Indiana Pacers. He became the first rookie in NBA history to have back-to-back games of at least 25 points, 10 rebounds, five assists, and five blocks. He also joined Tim Duncan and David Robinson as the only rookies in NBA history to put up at least 30 points, 10 rebounds, five assists, and five blocks in a game. On 15 March, he put up 17 points, nine rebounds, two assists, two steals, and three blocks in a 117–106 loss to the Denver Nuggets. He joined Raef LaFrentz as the only players in NBA history to put up 200+ blocks and make 100+ three-pointers in a season. He also became the first rookie since Tim Duncan to put up at least 200 blocks in a season. On 29 March, he put up a career-high 40 points along with 20 rebounds and seven assists in a 130–126 overtime win over the New York Knicks. He finished the season as the first player in NBA history to put up at least 1,500 points, 250 blocks, and 100 made three-pointers in a season. At 3.6 blocks per game, he also became the youngest player to lead the NBA in blocks for a season at 20 years, 101 days (on April 14, 2024).
On 6 May 2024, Wembanyama was named the 2024 NBA Rookie of the Year, becoming the sixth rookie to ever win the award by a unanimous vote. He also joined Manute Bol as the only rookies in NBA history to lead the league in blocks per game and total blocks in a season. Wembanyama also finished second place in voting for the 2024 NBA Defensive Player of the Year Award, behind Rudy Gobert. Wembanyama was named to the NBA All-Defensive First Team, becoming the first rookie and youngest player in NBA history to achieve this feat.
Wembanyama represented France at the 2019 FIBA U16 European Championship in Udine, Italy. In an 80–78 quarterfinal win over Croatia, he recorded 12 points, 21 rebounds and eight blocks. He averaged nine points, 9.6 rebounds and a tournament-leading 5.3 blocks per game, leading France to a silver medal and earning all-tournament team honours.
He then competed at the 2021 FIBA Under-19 Basketball World Cup in Latvia. Wembanyama averaged 14 points, 7.4 rebounds and 5.7 blocks per game, and was named to the all-tournament team after leading France to the silver medal. He recorded 22 points, eight rebounds and eight blocks in an 83–81 loss to the United States in the final. Wembanyama set the FIBA record for blocks per game in a single tournament.
Wembanyama was on the preliminary 17-player roster of the French national team for EuroBasket 2022, but was ruled out a month ahead, due to an injury he suffered at the end of the 2021–22 season. He was selected again for the World Cup qualifiers in November. In his debut with the senior team, on 11 November 2022, he scored 20 points and grabbed nine rebounds in a 90–65 win over Lithuania.
Wembanyama was selected for France to play at the 2024 Summer Olympics, which were held in his native Paris. He had 19 points and 9 rebounds in his Olympic debut in a win against Brazil. Wembanyama helped France reach its second consecutive final, following a quarterfinal win over Canada and semifinal win over Germany, in which they faced the United States. In the final, Wembanyama scored a team-high 26 points, however, the United States pulled away late in the fourth quarter which left France with a silver medal. After the final, Wembanyama was named the tournament's Rising Star, as well as a member of the All-Star Five, following his averages of 15.8 points, 9.7 rebounds, 3.3 assists, 2 blocks and 1.7 steals per game.
""Everybody has been a unicorn over the last few years, but he's more like an alien. No one has ever seen anyone as tall as he is but as fluid and as graceful as he is out on the floor. At (his size), his ability to put the ball on the floor, shoot step-back jumpers out of the post, step-back threes, catch-and-shoot threes and block shots. He's for sure a generational talent.""
Wembanyama is widely regarded as one of the greatest NBA prospects in a generation; many publications called him the most anticipated newcomer to the league since LeBron James in 2003. He emerged as one of Europe's top prospects at age 14 and was viewed by analysts as a potential first overall pick in his draft class by age 16. During his final season before becoming eligible for the 2023 NBA draft, he was the consensus number-one pick in draft projections. NBA commissioner Adam Silver said the league would pay ""particular attention"" to tanking for the 2023 draft, due to the possibility of acquiring a ""once-in-a-generation player"" in the draft. Measured at 7 feet 3+1⁄2 inches (2.22 m) bare foot, with an estimated 8-foot (2.4 m) wingspan, Wembanyama entered the NBA as one of the league's tallest players, although his height has raised questions about his durability. He often plays on the perimeter and has exceptional mobility and skills for his size, with the ability to handle and shoot the ball like a guard. Wembanyama is a capable three-point shooter and his jump shot is difficult to block because of his length. He is a productive scorer in the paint, with soft touch, a variety of post moves, and excels in the pick and roll. Defensively, he is an outstanding shot-blocker due to his length and anticipation, and his fluidity allows him to guard smaller players. His thin frame and lack of strength have been labelled as weaknesses and encourage opponents to use a physical style of play against him. For this reason, he can struggle to box out while rebounding and to defend post-ups.
Although some analysts have noted the unprecedented nature of his game, others have compared Wembanyama to Wilt Chamberlain and Kareem Abdul-Jabbar. ESPN draft analyst Mike Schmitz compared his defensive impact to Rudy Gobert and his shooting potential to Kristaps Porziņģis, albeit with better ball-handling and passing skills. John Hollinger of The Athletic described his game as a combination of Ralph Sampson, Porziņģis and Dirk Nowitzki. Wembanyama models parts of his game after Kevin Durant and Giannis Antetokounmpo.
Wembanyama sitting courtside at an NBA game in Paris in 2023 Wembanyama is represented by agent Bouna Ndiaye of Comsport. His family has a longtime relationship with Ndiaye, whose son was coached by Wembanyama's mother from an early age. Ndiaye advised Wembanyama by the time he was 15 years old and signed him as a client in 2022.
Wembanyama was a year ahead for his age in school and attended lycée in agreement with Nanterre 92. He earned his baccalauréat with honours, specialising in earth and life sciences and social and economic sciences. Besides his native French, he speaks English fluently, having learned it himself beginning in middle school by watching videos from American accounts on Instagram and English-language television shows. His hobbies include indulging in science fiction such as Star Wars, art, and literature. His favorite musical artist is the rapper Alpha Wann.
While in Las Vegas for the NBA Summer League, Wembanyama and his personal security team were involved in an 'incident' with pop singer Britney Spears. Spears had approached Wembanyama in Vegas and tapped him on the back, leading to Wembanyama's security striking Spears in the face; no charges were filed after the incident.
The jersey that Wembanyama wore in his debut game was sold at Sotheby's for a record price for newcomers of $762,000.
Wembanyama has secured several high-profile sponsorship deals including partnerships with Nike, 2K, Fanatics, Barcode, and Louis Vuitton. In July 2023, he became a brand ambassador for the sports drink brand Barcode. While Wembanyama doesn't have his own signature sneaker yet, he helped design his own player exclusive version of the Nike GT Hustle 2, called ""The Alien"", inspired by his nickname.
""2023-24 start of season NBA pronunciation guide"" (Press release). National Basketball Association. 24 October 2023. Retrieved 17 May 2024.
Williams, Randall (5 January 2024). ""Victor Wembanyama Sets Course to Become a Basketball Billionaire Unlike Any Other"". Bloomberg News. Archived from the original on 5 January 2024. Retrieved 5 January 2024.
""Victor Wembanyama and tallest players in the NBA right now"". NBC 5 Dallas-Fort Worth. 24 October 2023. Archived from the original on 24 October 2023. Retrieved 26 October 2023.
Lopez, Andrew (6 May 2024). ""Spurs' Victor Wembanyama voted unanimous Rookie of Year"". ESPN.com. Retrieved 7 May 2024.
""Rudy Gobert wins record-tying 4th Defensive Player of the Year award. Victor Wembanyama finishes 2nd"". AP News. 7 May 2024. Retrieved 10 May 2024.
Merrell, Chloe (17 October 2022). ""Top things you should know about Victor Wembanyama"". International Olympic Committee. Archived from the original on 16 January 2023. Retrieved 8 January 2023.
Ngabo, Gilbert (4 January 2023). ""'He is more like an alien.' Why some NBA fans are urging their team to tank for Victor Wembanyama"". Toronto Star. Archived from the original on 8 January 2023. Retrieved 8 January 2023.
""Victor Wembanyama, 'Wembamania' sweep France with two years until Paris Olympics"". NBC Sports. 26 October 2022. Archived from the original on 8 January 2023. Retrieved 8 January 2023.
Hein, David (5 May 2022). ""Wembanyama's limits? The sky's not high enough!"". FIBA | FIBA.basketball. Archived from the original on 8 January 2023. Retrieved 8 January 2023.
""JORF n° 0035 du 11 février 2003"". legifrance.gouv.fr. Légifrance. Archived from the original on 28 December 2023. Retrieved 28 December 2023.
Baldi, Ryan (6 October 2022). ""Victor Wembanyama: the 7ft 4in 'once-in-a-millennium' prodigy coming to the NBA"". The Guardian. Archived from the original on 28 June 2023. Retrieved 4 January 2023.
Pugmire, Jerome (21 October 2022). ""French teen prodigy Victor Wembanyama thrills Paris crowd"". apnews.com. Associated Press. Archived from the original on 8 January 2023. Retrieved 8 January 2023.
""Victor Wembanyama, ASVEL: 'I'm trying to have fun'"". euroleaguebasketball.net. EuroLeague. 31 January 2022. Archived from the original on 31 January 2022. Retrieved 15 January 2023.
Giberné, Pascal (3 October 2022). ""Victor Wembanyama is the French Cheat Code Coming to Shake Up the NBA"". Slam. Archived from the original on 3 October 2022. Retrieved 8 January 2023.
Spears, Marc J. (4 October 2022). ""Inside the rise of Victor Wembanyama: 'When I saw him, I knew he was just special'"". Andscape.com. Archived from the original on 4 October 2022. Retrieved 8 January 2023.
Jaquin, Alexandre (20 November 2019). ""15 ans, 2m18, des mains en or: Wembanyama, la promesse du basket français"". rmcsport.bfmtv.com (in French). RMC Sport. Archived from the original on 4 March 2021. Retrieved 8 January 2023.
""El pívot francés de 2.08 m. y 14 años que probó con el Barça en la Minicopa se queda en el Nanterre"". kiaenzona.com (in Spanish). KIA en Zona. 25 February 2018. Archived from the original on 19 October 2020. Retrieved 17 October 2020.
""Victor Wembanyama explains why he rejected FC Barcelona offer"". Basketnews.com. 28 December 2022. Archived from the original on 8 January 2023. Retrieved 8 January 2023.
""Victor Wembanyama Player Profile, Boulogne-Levallois"". RealGM. Archived from the original on 28 June 2023. Retrieved 11 January 2023.
""Nanterre : Victor Wembanyama dans le groupe professionnel contre Orléans"" (in French). BeBasket. 26 October 2019. Archived from the original on 8 January 2023. Retrieved 8 January 2023.
Lupo, Nicola (29 October 2019). ""Nanterre: il 15enne Victor Wembanyama fa il suo debutto in EuroCup contro Brescia"". Sportando (in Italian). Archived from the original on 11 January 2023. Retrieved 11 January 2023.
""Victor Wembanyama, 16, has historic ANGT performance"". Eurohoops. 8 February 2020. Archived from the original on 22 June 2023. Retrieved 8 February 2020.
Hein, David (9 February 2020). ""Tubelis takes home MVP as Rytas takes first place"". Euroleague Basketball Next Generation Tournament. Archived from the original on 18 October 2020. Retrieved 18 October 2020.
""Victor Wembanyama"" (in French). Ligue nationale de basket. Archived from the original on 6 December 2022. Retrieved 4 January 2023.
Bosi, Kévin (10 September 2020). ""Victor Wembanyama évoluera aussi au Pôle France"" (in French). French Federation of Basketball. Archived from the original on 10 January 2023. Retrieved 10 January 2023.
Rutard, Sacha (24 September 2020). ""Le chiffre: Victor Wembanyama, 16 ans, 8 mois et 20 jours"" (in French). Basket Europe. Archived from the original on 3 October 2020. Retrieved 18 October 2020.
Faucha, Fernando (22 October 2020). ""Victor Wembanyama, el gigante francés que tiene loca a la NBA"". Diario AS (in Spanish). Archived from the original on 12 January 2023. Retrieved 12 January 2023.
""Victor Wembanyama (Nanterre), blessé au péroné, sera absent huit semaines"". L'Équipe (in French). 16 December 2020. Archived from the original on 14 January 2023. Retrieved 12 January 2023.
Carton, Clément (30 April 2021). ""Victor Wembanyama, le prospect le plus intrigant du monde selon ESPN"" (in French). Basket Europe. Archived from the original on 13 January 2023. Retrieved 13 January 2023.
Brouet, Christophe (25 May 2021). ""Victor Wembanyama sort un très gros match : premier double-double"" (in French). Basket-Infos. Archived from the original on 26 May 2021. Retrieved 5 July 2021.
Rutard, Sacha (14 June 2021). ""Jeep Elite : Victor Wembanyama (Nanterre) élu Meilleur Jeune"" (in French). Basket Europe. Archived from the original on 14 January 2023. Retrieved 13 January 2023.
Pruneta, Laurent (18 June 2021). ""Basket : le phénomène Victor Wembanyama quitte Nanterre"". Le Parisien (in French). Archived from the original on 18 June 2021. Retrieved 18 June 2021.
""Victor Wembanyama chose LDLC ASVEL !!!"" (in French). ASVEL Basket. 29 June 2021. Archived from the original on 29 June 2021. Retrieved 5 July 2021.
""ASVEL signs potential 2023 No. 1 pick Victor Wembanyama"". Eurohoops. 29 June 2021. Archived from the original on 24 March 2023. Retrieved 24 March 2023.
Rutard, Sacha (11 February 2022). ""Victor Wembanyama (ASVEL) : "" Je veux être sûr, à chaque fois, de revenir meilleur """" (in French). Basket Europe. Archived from the original on 20 March 2023. Retrieved 15 January 2023.
Askounis, Johnny (1 October 2021). ""Elie Okobo lights up Zalgiris, sends ASVEL to a convincing win"". Eurohoops. Archived from the original on 14 January 2023. Retrieved 14 January 2023.
Pantel-Jouve, Gabriel (10 November 2021). ""ASVEL : Victor Wembanyama arrêté pour 2 à 3 semaines, un poste 3 attendu"" (in French). BeBasket. Archived from the original on 14 January 2023. Retrieved 14 January 2023.
O'Donnell, Ricky (3 August 2022). ""Victor Wembanyama's injury history is the only thing that can stop him as a top NBA Draft prospect"". SB Nation. Archived from the original on 28 June 2023. Retrieved 14 January 2023.
""ASVEL lose another player to injury: Victor Wembanyama at least one month out"". Basketnews. 20 December 2021. Archived from the original on 14 March 2023. Retrieved 14 January 2023.
Carton, Clément (20 December 2021). ""Blessé à l'épaule, Victor Wembanyama va manquer le All-Star Game LNB"" (in French). Basket Europe. Archived from the original on 15 March 2023. Retrieved 14 January 2023.
""Victor Wembanyama delivers career-best 25 points in ASVEL's win"". Eurohoops. 3 April 2022. Archived from the original on 15 January 2023. Retrieved 15 January 2023.
""Milan survives ASVEL in a thriller, 80-81"". EuroLeague. 7 April 2022. Archived from the original on 15 January 2023. Retrieved 15 January 2023.
""Victor Wembanyama done for the season"". Eurohoops. 3 June 2022. Archived from the original on 1 July 2022. Retrieved 15 January 2023.
Lecomte, Arnaud (27 June 2022). ""Après la finale de Betclic Élite, l'été sera mouvementé pour l'Asvel et Monaco"". L'Équipe (in French). Archived from the original on 15 January 2023. Retrieved 15 January 2023.
Ohnona, Yann (28 June 2022). ""Victor Wembanyama va quitter l'Asvel"". L'Équipe (in French). Archived from the original on 28 June 2023. Retrieved 15 January 2023.
Philippe, Jeremy (19 May 2022). ""Victor Wembanyama named best young player in Betclic Elite regular season"". Basket Europe. Archived from the original on 15 January 2023. Retrieved 15 January 2023.
""Rokas Jokubaitis wins the Rising Star Trophy"". Eurohoops. 11 May 2022. Archived from the original on 14 January 2023. Retrieved 14 January 2023.
Givony, Jonathan (30 June 2022). ""Victor Wembanyama, No. 1 NBA draft prospect in 2023, changing teams in France, sources say"". ESPN. Archived from the original on 16 January 2023. Retrieved 15 January 2023.
""Victor Wembanyama reportedly leaving ASVEL"". Eurohoops. 28 June 2022. Archived from the original on 15 January 2023. Retrieved 15 January 2023.
""Victor Wembanya signe avec les Metropolitans 92 !"" (in French). Metropolitans 92. 4 July 2022. Archived from the original on 31 December 2022. Retrieved 27 November 2022.
Zachari, Antigoni (4 July 2022). ""Victor Wembanyama joins Metropolitans 92 with a two-year deal"". Eurohoops. Archived from the original on 4 July 2022. Retrieved 24 March 2023.
Golliver, Ben (5 October 2022). ""Victor Wembanyama, basketball's next big thing, knows no bounds"". The Washington Post. Archived from the original on 6 December 2022. Retrieved 27 November 2022.
Aldridge, David (19 October 2022). ""Season of Wembanyama begins, and the hype hasn't stopped: What NBA execs are saying"". The Athletic. Archived from the original on 17 May 2023. Retrieved 27 November 2022.
Zilgitt, Jeff (5 October 2022). ""Victor Wembanyama, top 2023 NBA draft prospect, scores 37 points in exhibition loss to G League Ignite"". USA Today. Archived from the original on 30 March 2023. Retrieved 27 November 2022.
Helin, Kurt (6 October 2022). ""Wembanyama encore: 36 points, 11 rebounds, 4 blocks against Ignite"". NBC Sports. Archived from the original on 2 December 2022. Retrieved 27 November 2022.
Herbert, James (27 October 2022). ""How to watch Victor Wembanyama: NBA announces it will stream Metropolitans 92 games on app"". CBS Sports. Archived from the original on 15 March 2023. Retrieved 27 November 2022.
Peek, Krysten (7 December 2022). ""Victor Wembanyama continues to dominate French league Betclic Élite ahead of 2023 NBA draft"". Yahoo! Sports. Archived from the original on 6 February 2023. Retrieved 31 December 2022.
""Wembanyama scored a career-high 33 points in sixth straight win"". Eurohoops. 4 November 2022. Archived from the original on 10 January 2023. Retrieved 1 January 2023.
Ricks, William E. (2 December 2022). ""Victor Wembanyama notches fourth-straight 30-point game"". ESPN. Archived from the original on 26 December 2022. Retrieved 1 January 2023.
""Victor Wembanyama wins MVP in French league All-Star game"". ESPN. Associated Press. 30 December 2022. Archived from the original on 30 December 2022. Retrieved 31 December 2022.
""NBA draft prospect Wembanyama throws down game-winning putback dunk in latest win"". ESPN. 9 January 2023. Archived from the original on 10 January 2023. Retrieved 9 January 2023.
""Roanne spoils Wembanyama's 31-point effort"". Eurohoops. 27 January 2023. Archived from the original on 21 June 2023. Retrieved 21 June 2023.
Givony, Jonathan (21 April 2023). ""Projected top pick Victor Wembanyama officially declares for NBA draft"". ESPN. Archived from the original on 28 June 2023. Retrieved 21 June 2023.
""Victor Wembanyama becomes the youngest LNB MVP ever"". Eurohoops. 17 May 2023. Archived from the original on 18 May 2023. Retrieved 21 June 2023.
Owens, Jason (15 June 2023). ""Victor Wembanyama's French career with Metropolitans 92 concludes with 3-0 LNB Finals loss to Monaco"". Yahoo! Sports. Archived from the original on 29 June 2023. Retrieved 21 June 2023.
Peek, Krysten (20 June 2023). ""NBA Draft: Here's what's next for Victor Wembanyama now that his French pro career is over"". Yahoo! Sports. Archived from the original on 29 June 2023. Retrieved 21 June 2023.
Mahoney, Brian (22 June 2023). ""Victor Wembanyama is the No. 1 pick in NBA Draft"". NBA.com. Associated Press. Archived from the original on 30 June 2023. Retrieved 22 June 2023.
Ganguli, Tania; Nerkar, Santul (23 June 2023). ""Victor Wembanyama Drafted No. 1 Overall by San Antonio Spurs"". The New York Times. ISSN 0362-4331. Archived from the original on 23 June 2023. Retrieved 23 June 2023.
""Victor Wembanyama sélectionné par les San Antonio Spurs avec le 1er choix de la draft NBA"". L'Équipe (in French). 22 June 2023. Archived from the original on 3 July 2023. Retrieved 23 June 2023.
Fumagalli, Davide (23 June 2023). ""Wembanyama n.1 del Draft 2023 per gli Spurs, Charlotte alla 2 preferisce Miller a Henderson. Le 30 scelte del primo giro"". Eurosport (in Italian). Archived from the original on 13 July 2023. Retrieved 23 June 2023.
""Wemby admits to learning curve in 9-point debut"". ESPN.com. 8 July 2023. Archived from the original on 27 October 2023. Retrieved 14 December 2023.
""Victor Wembanyama NBA Summer League debut: A must-see event with a forgettable start"". FOX Sports. Archived from the original on 14 December 2023. Retrieved 14 December 2023.
""Victor Wembanyama's Summer League debut was not amazing, but great origin stories rarely are"". CBSSports.com. 8 July 2023. Archived from the original on 14 December 2023. Retrieved 14 December 2023.
Bontemps, Tim (10 July 2023). ""Spurs' Victor Wembanyama to sit remainder of summer league"". ESPN. Archived from the original on 27 October 2023. Retrieved 27 October 2023.
Villas, Rexwell (25 October 2023). ""'F**king amazing': Luka Doncic F-bomb slips after Dereck Lively II's epic Mavs debut vs. Spurs"". ClutchPoints. Archived from the original on 26 October 2023. Retrieved 25 October 2023.
Pagaduan, Jedd (25 October 2023). ""Victor Wembanyama's eye-popping debut sets new NBA, Spurs records"". ClutchPoints. Archived from the original on 26 October 2023. Retrieved 25 October 2023.
Guzman, Matt (3 November 2023). ""Victor Wembanyama Scores Career-High, San Antonio Spurs Sweep Phoenix Suns On Road"". Sports Illustrated. Archived from the original on 3 November 2023. Retrieved 3 November 2023.
Pagaduan, Jedd (2 November 2023). ""Spurs' Victor Wembanyama joins LeBron, KD in elite company with historic feat"". ClutchPoints. Archived from the original on 3 November 2023. Retrieved 2 November 2023.
Stone, Jackson (5 November 2023). ""Spurs: Victor Wembanyama replicates Tim Duncan rookie feat in shock loss vs. Raptors"". ClutchPoints. Archived from the original on 6 November 2023. Retrieved 5 November 2023.
Sampson, Peter (18 November 2023). ""Spurs' Victor Wembanyama's block party vs. Grizzlies puts him in Tim Duncan, David Robinson club"". ClutchPoints. Archived from the original on 19 November 2023. Retrieved 18 November 2023.
Ledesma, Hector (8 December 2023). ""Spurs: 3 takeaways from franchise-record tying 16th straight loss"". ClutchPoints. Archived from the original on 9 December 2023. Retrieved 8 December 2023.
Guzman, Matt (13 December 2023). ""Anthony Davis, Victor Wembanyama Duke It Out As Los Angeles Lakers Survive San Antonio Spurs' Late Comeback Bid"". Sports Illustrated. Archived from the original on 14 December 2023. Retrieved 14 December 2023.
Ledesma, Hector (17 December 2023). ""Victor Wembanyama continues to set records despite Spurs' 19th loss in last 20 games"". ClutchPoints. Archived from the original on 18 December 2023. Retrieved 17 December 2023.
Ledesma, Hector (30 December 2023). ""Spurs' Victor Wembanyama reveals what was so 'important' about win over Scoot Henderson, Blazers"". ClutchPoints. Archived from the original on 29 December 2023. Retrieved 30 December 2023.
Pagaduan, Jedd (10 January 2024). ""Spurs' Victor Wembanyama avoids Giannis-like drama after historic triple-double"". ClutchPoints. Archived from the original on 11 January 2024. Retrieved 11 January 2024.
""Spurs rookie Victor Wembanyama posts rare triple-double with blocked shots"". Associated Press. 12 February 2024. Retrieved 12 February 2024 – via NBA.com.
Smith, Christopher (12 February 2024). ""Spurs' Victor Wembanyama rearranges NBA history with mind-blowing feat vs Raptors"". ClutchPoints. Retrieved 12 February 2024.
Corvo, Michael (24 February 2024). ""Lakers' LeBron James heaps praise on Gregg Popovich after historic Victor Wembanyama outing"". ClutchPoints. Retrieved 24 February 2024.
Villas, Rexwell (3 March 2024). ""Spurs' Victor Wembanyama becomes 1st ever to complete feat with unreal stats vs Pacers"". ClutchPoints. Retrieved 3 March 2024.
Yasis, Nathan (15 March 2024). ""Spurs' Victor Wembanyama reaches two epic feats only done once in NBA history"". ClutchPoints. Retrieved 15 March 2024.
Barnes, Randall (29 March 2024). ""Victor Wembanyama, Jalen Brunson's insane 101 combined points has fans in disbelief"". ClutchPoints. Retrieved 29 March 2024.
Casselberry, Ian (14 April 2024). ""How Victor Wembanyama's rookie season ranks in NBA history"". Yahoo Sports. Retrieved 25 April 2024.
Fritts, Eric (6 January 2024). ""Victor Wembanyama could become youngest player to lead NBA in blocks"". San Antonio Express-News. Retrieved 26 April 2024.
Kalland, Robby (22 April 2024). ""NBA Players Voted Victor Wembanyama As The Best Defender In The League"". Dime Magazine. Retrieved 26 April 2024.
""Spurs' Victor Wembanyama voted unanimous Rookie of Year"". espn.com. 6 May 2024. Retrieved 7 May 2024.
""Wembanyama named unanimous NBA rookie of the year after stunning debut season"". 7 May 2024.
Ledesma, Hector (7 May 2024). ""Inside Victor Wembanyama's historic Rookie of the Year numbers, feats"". ClutchPoints. Retrieved 7 May 2024.
""Gobert ties NBA record with fourth DPOY award"". ESPN.com. 7 May 2024. Retrieved 8 May 2024.
Ledesma, Hector (21 May 2024). ""Victor Wembanyama extends Spurs' All-Defensive Team dominance with historic honor"". ClutchPoints. Retrieved 22 May 2024.
Rutard, Sacha (14 August 2019). ""Euro U16: Propulsée par un phénoménal Victor Wembanyama (37 d'évaluation), la France se hisse en demi-finale"" (in French). Basket Europe. Archived from the original on 22 April 2023. Retrieved 9 February 2020.
""France at the FIBA U16 European Championship 2019"". FIBA. Archived from the original on 2 November 2019. Retrieved 30 October 2019.
""Chet Holmgren takes home TISSOT MVP award after helping USA to U19 World Cup title"". FIBA. 11 July 2021. Archived from the original on 19 May 2022. Retrieved 12 July 2021.
Rutard, Sacha (17 July 2021). ""Victor Wembanyama a battu, à la Coupe du Monde U19, le record de contres pour un évènement FIBA !"" (in French). Basket Europe. Archived from the original on 23 April 2023. Retrieved 23 August 2021.
Taylor, Cody (30 July 2022). ""France's Victor Wembanyama ruled out of EuroBasket 2022 due to injury"". The Rookie Wire. Archived from the original on 30 July 2022. Retrieved 15 January 2023.
""Victor Wembanyama to join France for World Cup qualifiers"". ESPN. Associated Press. 7 October 2022. Archived from the original on 19 October 2022. Retrieved 15 January 2023.
""Victor Wembanyama debut: 20-point near double-double against Lithuania"". Basketnews. 11 November 2022. Archived from the original on 26 February 2023. Retrieved 15 January 2023.
""Victor Wembanyama, sur les JO de Paris : "" La médaille d'or est très atteignable """". 21 March 2024.
""Wemby showed Alien-like nature in Olympic debut"". www.fiba.basketball. 27 July 2024. Retrieved 11 August 2024.
""It's Steph's world: Curry's hot shooting gets USA another gold"". www.fiba.basketball. 10 August 2024. Retrieved 11 August 2024.
""Victor Wembanyama is the Paris 2024 Rising Star"". www.fiba.basketball. 10 August 2024. Retrieved 11 August 2024.
""LeBron James MVP of the Paris 2024 headlines the All-Star Five"". www.fiba.basketball. 10 August 2024. Retrieved 11 August 2024.
Taylor, Cody (6 October 2022). ""LeBron James praises Victor Wembanyama: 'He is more like an alien'"". Rookie Wire. Archived from the original on 7 January 2023. Retrieved 7 January 2023.
Boone, Kyle (16 November 2022). ""Wemby Watch: Victor Wembanyama reaches new heights, but just how tall is the top prospect in the NBA Draft?"". CBS Sports. Archived from the original on 15 March 2023. Retrieved 5 January 2023.
Zagoria, Adam (6 October 2022). ""18-Year-Old Frenchman Victor Wembanyama Being Hailed As The 'Single Greatest Prospect In NBA History'"". Forbes. Archived from the original on 25 March 2023. Retrieved 4 January 2023.
Greer, Jordan; Irving, Kyle; McGregor, Gilbert (3 October 2022). ""Fact or fiction: Victor Wembanyama is the best NBA Draft prospect since LeBron James"". Sporting News. Archived from the original on 14 March 2023. Retrieved 4 January 2023.
Ganguli, Tania (16 October 2022). ""Victor Wembanyama Has Always Done Things Differently"". The New York Times. Archived from the original on 19 June 2023. Retrieved 4 January 2023.
Schmitz, Mike (8 April 2018). ""NBA draft: Scouting Doncic and a potential young unicorn prospect"". ESPN. Archived from the original on 19 October 2022. Retrieved 5 November 2022.
Schmitz, Mike (12 February 2020). ""Victor Wembanyama is one of the best long-term NBA prospects in the world"". ESPN. Archived from the original on 11 April 2023. Retrieved 5 November 2022.
Helin, Kurt (6 October 2022). ""LeBron says Wembanyama is an 'alien' and a 'generational talent'"". NBC Sports. Archived from the original on 7 January 2023. Retrieved 7 January 2023.
Holmes, Baxter (22 October 2022). ""Adam Silver says NBA monitoring 'serious' tanking issue, sources say"". ESPN. Archived from the original on 4 November 2022. Retrieved 5 January 2023.
""How tall is Victor Wembanyama? A mystery solved"". San Antonio Express-News. 27 June 2023. Archived from the original on 2 July 2023. Retrieved 28 June 2023.
Grabar, Henry (24 October 2022). ""I Watched the NBA's Best Prospect Since LeBron James Play Live in France. Wow"". Slate. Archived from the original on 6 June 2023. Retrieved 4 January 2023.
Deeks, Mark (31 October 2022). ""The Diminishing Returns Of Victor Wembanyama's Height"". Forbes. Archived from the original on 1 February 2023. Retrieved 6 January 2023.
Daniels, Tim (7 October 2022). ""Victor Wembanyama Praised as 'League-Altering Talent' After Showcase, NBA Exec Says"". Bleacher Report. Archived from the original on 7 January 2023. Retrieved 7 January 2023.
""The Fourteen Percent: Chasing Wembanyama"". Sports Illustrated. 15 October 2022. Archived from the original on 3 July 2023. Retrieved 7 January 2023.
O'Connor, Kevin (7 October 2022). ""Is the NBA Ready for Victor Wembanyama?"". The Ringer. Archived from the original on 2 June 2023. Retrieved 7 January 2023.
Rissotto, Ignacio (7 December 2022). ""The Map of Victor Wembanyama: Rim Protection"". Sports Illustrated. Archived from the original on 7 January 2023. Retrieved 3 January 2023.
Jensen, Morten Stig (31 July 2022). ""France's Victor Wembanyama Is An All-Time NBA Draft Prospect"". Forbes. Archived from the original on 7 January 2023. Retrieved 3 January 2023.
Kline, Christopher (19 December 2022). ""2023 NBA Draft scouting report: Victor Wembanyama"". FanSided. Archived from the original on 28 June 2023. Retrieved 6 January 2023.
Rissotto, Ignacio (31 December 2022). ""The Map of Victor Wembanyama: Catch-and-Finish Scoring"". Sports Illustrated. Archived from the original on 7 January 2023. Retrieved 6 January 2023.
Aldridge, David (24 January 2024). ""Aldridge: Spurs are far from contending, but Wemby's defense is on a rapid ascent"". The Athletic. Archived from the original on 29 January 2024. Retrieved 29 January 2024.
Smith, Corbin (22 June 2023). ""Why the NBA Is Losing Its Mind Over Victor Wembanyama"". Rolling Stone. Archived from the original on 2 July 2023. Retrieved 23 June 2023.
Crain, Nick (19 October 2020). ""2023 NBA Draft Prospect Victor Wembanyama Impresses Against Rudy Gobert"". Slam. Archived from the original on 9 October 2022. Retrieved 7 January 2023.
Hollinger, John (7 October 2022). ""The Wembanyama Effect: How the buzz about Victor will influence NBA tanking and front office thinking this season"". The Athletic. Archived from the original on 29 May 2023. Retrieved 7 January 2023.
Chavkin, Daniel (11 November 2022). ""Victor Wembanyama Addresses Durant, Giannis Comparisons"". Sports Illustrated. Archived from the original on 28 June 2023. Retrieved 7 January 2023.
""Victor Wembanyama"". EuroLeague. Archived from the original on 7 October 2022. Retrieved 16 January 2023.
Mullen, Liz (9 January 2023). ""Labor and Agents: French Connection: How agent for projected top NBA Draft pick built his practice"". Sports Business Journal. Archived from the original on 14 March 2023. Retrieved 16 January 2023.
Bertrande, Arnaud (22 October 2021). ""Victor Wembanyama (ASVEL) : "" Je dois devenir un joueur dominant """". Le Quotidien du Sport (in French). Archived from the original on 11 May 2023. Retrieved 8 January 2023.
""7 Interesting Facts about Top NBA Draft Prospect Victor Wembanyama"". Biography. 21 June 2023. Archived from the original on 10 July 2023. Retrieved 10 July 2023.
Guzman, Matt (10 June 2023). ""'A Renaissance Man': Victor Wembanyama Is More Than Just a Basketball Star"". Sports Illustrated Inside The Spurs, Analysis and More. Archived from the original on 2 September 2023. Retrieved 2 September 2023.
Mangot, Benjamin (22 June 2023). ""Victor Wembanyama fait découvrir Alpha Wann aux Américains"". Konbini - Musique, cinéma, sport, food, news : le meilleur de la pop culture (in French). Retrieved 12 February 2024.
Sadd, Nardine (7 July 2023). ""No charges will be filed in Britney Spears-Victor Wembanyama incident in Las Vegas"". Los Angeles Times. Archived from the original on 11 July 2023. Retrieved 11 July 2023.
""Footage of Britney Spears' altercation with Victor Wembanyama's security emerges"". The Independent. 9 July 2023. Archived from the original on 11 July 2023. Retrieved 11 July 2023.
""No charges to be filed after Victor Wembanyama-Britney Spears incident in Las Vegas hotel"". CBSSports.com. 7 July 2023. Archived from the original on 11 July 2023. Retrieved 11 July 2023.
Hajducky, Dan (21 November 2023). ""Victor Wembanyama's NBA debut jersey sells for record price"". ESPN. Archived from the original on 28 November 2023. Retrieved 28 November 2023.
""Victor Wembanyama, Brandon Miller Among NBA Rookies to Sign Nike Endorsement Contract"". Bleacher Report. 23 October 2023.
""Victor Wembanyama Is Louis Vuitton's Newest Ambassador"". 20 February 2024.
Williams, Randall (13 July 2023). ""Wembanyama Invests in Plant-Based Performance Drink Barcode"". Bloomberg News. Retrieved 24 June 2024.
Vlahos, Nicholas (1 May 2024). ""The Nike GT Hustle 2 Victor Wembanyama Alien PE Releases in May 2024"". Sole Retriever. p. 1. Retrieved 28 May 2024.{{cite news}}:  CS1 maint: url-status (link)
","
Giannis Antetokounmpo

Giannis Sina Ugo Antetokounmpo[a] (born Adetokunbo;[b] December 6, 1994) is a Greek and Nigerian professional basketball player for the Milwaukee Bucks of the National Basketball Association (NBA). His size, speed, strength, and country of origin have earned him the nickname ""Greek Freak"". He is widely regarded as one of the greatest power forwards of all time as well as one of the greatest players of all time.
Born and raised in Athens to Nigerian parents, Antetokounmpo began playing basketball for the youth teams of Filathlitikos in Athens. In 2011, he began playing for the club's senior team before entering the 2013 NBA draft, where he was selected 15th overall by the Bucks. In 2016–17, he led the Bucks in all five major statistical categories and became the first player in NBA history to finish a regular season in the top 20 in all five statistics: total points, rebounds, assists, steals, and blocks. He received the Most Improved Player award in 2017. Antetokounmpo has received eight All-Star selections, including being selected as an All-Star captain in 2019, 2020, 2023 and 2024 as he led the Eastern Conference in voting in these four years.
One of the most decorated players in NBA history, Antetokounmpo won consecutive NBA Most Valuable Player Awards in 2019 and 2020, joining Kareem Abdul-Jabbar and LeBron James as the only players in NBA history to win two MVPs before turning 26. Along with his MVP award, he was named the NBA Defensive Player of the Year in 2020, becoming only the third player, after Michael Jordan (1988) and Hakeem Olajuwon (1994), to win both awards in the same season. In 2021, Antetokounmpo led the Bucks to their first NBA championship since 1971 and was named Finals MVP. The same year, he was honored as one of the league's greatest players of all time by being named to the NBA 75th Anniversary Team. The film Rise, based on the life of Antetokounmpo and his family, was released in 2022.
For his sporting achievements in his discipline, on July 10, 2024, the Greek Olympic Committee designated him as the flag bearer for the Paris 2024 Olympic Games, along with the Greek race walker Antigoni Drisbioti.
As the son of immigrants from Nigeria, Giannis Sina Ugo Adetokunbo was born in Athens, Greece, on December 6, 1994. His father was a soccer player and his mother was a high jumper in Nigeria. Three years earlier, they had moved from Lagos, leaving their firstborn son, Francis, under the care of his grandparents. Adetokunbo grew up in the Athens neighborhood of Sepolia in a primarily Nigerian household. His parents, as immigrants without work permits, could not easily find work, so Giannis and his older brother Thanasis helped by hawking watches, handbags, and sunglasses in the streets. In 2007, Adetokunbo started playing basketball.
Although Adetokunbo and three of his four brothers were born in Greece, they did not automatically receive Greek citizenship as Greek nationality law follows jus sanguinis. Growing up, he sometimes felt like an outsider to both the Greek and Nigerian communities in Athens due to his parents' heritage and different skin color in the former, and due to his lack of understanding of the Yoruba or Igbo languages in the latter. For the first 18 years of his life, Adetokunbo could not travel outside the country and was effectively stateless, having no papers from Greece or Nigeria. He was eventually issued Greek citizenship on May 9, 2013, less than two months before the NBA draft.
After gaining Greek citizenship, his official surname became Αντετοκούνμπο, the Greek transcription of Adetokunbo, which was then transliterated letter-for-letter and officially spelled on his Greek passport as Antetokounmpo. Giannis is a Modern Greek variant of Ioannes (John). Because many NBA fans could not pronounce his surname, he quickly became known as the ""Greek Freak"". Antetokounmpo also holds Nigerian citizenship, having received his Nigerian passport in 2015, and as such possesses dual citizenship. He has stated that he feels both Greek and Nigerian and that he embraces both his Greek, as well as his African/Nigerian identity.
Antetokounmpo played with the senior men's team of Filathlitikos in the semi-pro Greek B Basket League (Third Division) during the 2011–12 season.
In December 2012, a few days after turning 18, Antetokounmpo signed a four-year deal with Spanish club CAI Zaragoza, reportedly including NBA buyouts after each season. Several other major European clubs had been interested in adding him, including Barcelona and Anadolu Efes.
During the 2012–13 Greek A2 League season, Antetokounmpo shot 46.4% from the field (62.1% on two-point field goals), 31.3% from three-point range, and 72.0% from the free throw line, while averaging 22.5 minutes per game. Over 26 games, he averaged 9.5 points, 5.0 rebounds, 1.4 assists, and 1.0 blocks per game. He was also selected by the coaches as a special participant in the 2013 Greek League All-Star Game. Even though he was not selected as an all-star, the coaches let him play in the game as a treat for the fans, since he was in attendance at the game. However, he did not get officially counted as an all-star selection, since only players that play in Greece's first division are even eligible to actually be voted to play in the game, and Antetokounmpo was playing in Greece's second division at the time.
On April 28, 2013, Antetokounmpo officially made himself eligible for the 2013 NBA draft. He fulfilled his draft projections as a first-round pick by being selected 15th overall by the Milwaukee Bucks. On July 30, 2013, he signed his rookie scale contract with the Bucks.
Antetokounmpo made his NBA debut on October 13, 2013, at the age of 18 years, 311 days, as one of the youngest NBA players ever. He averaged 6.8 points, 4.4 rebounds, 1.9 assists, 0.8 steals, and 0.8 blocks in 77 appearances during his rookie season. He scored in double figures 23 times and grabbed at least 10 rebounds twice, with both efforts resulting in double-doubles. He finished the season with 61 total blocks, which led all NBA rookies, and was the seventh-most by a Bucks rookie in franchise history. He was selected to participate in the Rising Stars Challenge at NBA All-Star Weekend in New Orleans, where he tallied nine points, two rebounds, and two assists in 17 minutes. At the season's end, he was named to the 2013–14 NBA All-Rookie second team.
Antetokounmpo's second season with the Bucks saw both individual and team development. On February 6, 2015, he recorded a then career-high 27 points and 15 rebounds in a loss to the Houston Rockets. Three days later, he was named the Eastern Conference Player of the Week for games played February 2–8, earning Player of the Week honors for the first time in his career. He later competed in the 2015 NBA Slam Dunk Contest at NBA All-Star Weekend in New York. On March 9, he scored a then career-high 29 points on 11-of-16 shooting in a loss to the New Orleans Pelicans.
In the 2015–16 season, Antetokounmpo developed further individually, upping his scoring average to almost 17 points per game. On November 19, he scored a then career-high 33 points in a loss to the Cleveland Cavaliers. On December 12, he recorded a near triple-double with 11 points, 12 rebounds, and 8 assists, helping the Bucks snap the Golden State Warriors' 24-game unbeaten start to the season with a 108–95 win. On February 22, 2016, Antetokounmpo recorded his first career triple-double with 27 points, 12 rebounds, and 10 assists in a 108–101 win over the Los Angeles Lakers. At 21 years old, he became the youngest Buck to record a triple-double.
On September 19, 2016, Antetokounmpo agreed to a four-year, $100 million contract extension with the Bucks. Antetokounmpo's fourth year with the Bucks would be his breakout season, as he further increased his statistical output and ascended to stardom. On December 23, he had a then career-high 39 points, eight rebounds, and six assists in a 123–96 win over the Washington Wizards. A couple of weeks later, Antetokounmpo recorded 27 points and 13 rebounds and made his first game-winning buzzer-beater, a 15-foot turnaround jumper which gave the Bucks a 105–104 victory over the New York Knicks. With 25 points against the Knicks on January 6, Antetokounmpo had at least 20 points in his 14th consecutive game, matching the longest streak by a Bucks player since Michael Redd in 2006. On January 19, Antetokounmpo was named a starter on the Eastern Conference All-Star team for the 2017 NBA All-Star Game. At 22 years and 74 days old, he became the youngest player in franchise history to start in an All-Star Game. He also became the first Greek NBA All-Star. In the game, he led the East with 30 points in a 192–182 loss to the West. On April 3, 2017, he was named Eastern Conference Player of the Month for games played in March. The award was the first of Antetokounmpo's career and the first for a Buck since Michael Redd won the award in January 2004. Antetokounmpo helped the Bucks finish an Eastern Conference-best 14–4 in March, the franchise's first calendar month with at least 14 victories since going 16–2 in February 1971. Antetokounmpo led the Bucks in every one of the five major statistical categories (points, rebounds, assists, steals, and blocks) in the 2016–17 regular season, becoming only the fifth NBA player to do so after Dave Cowens, Scottie Pippen, Kevin Garnett, and LeBron James; Nikola Jokić has since matched it. He also became the first player in NBA history to finish in the top 20 in the league in each of the five major categories in a regular season. As a result of his efforts, Antetokounmpo was named to the All-NBA Second Team, earning his first All-NBA honor. He was also named the recipient of the NBA Most Improved Player Award for the 2016–17 season, becoming the first player in Bucks history to be named Most Improved Player.
On April 15, 2017, Antetokounmpo scored a then playoff career-high 28 points in a 97–83 win over the third-seed Toronto Raptors in Game 1 of their first-round playoff series. In Game 5 of the series on April 24, Antetokounmpo set a new playoff career-high with 30 points, but could not lead the Bucks to a win as they lost 118–93 to go down 3–2 in the series. The Bucks went on to lose Game 6 three days later despite a 34-point effort from Antetokounmpo, ending their season.
Antetokounmpo began the 2017–18 season on a tear, scoring 175 points over the first five games of the season, including a then career-high 44 points in a 113–110 win over the Portland Trail Blazers. He averaged almost 27 points during the season, earning his second straight All-Star nomination and All-NBA selection, and broke Kareem Abdul Jabbar's franchise record for triple-doubles.
In Game 1 of the Bucks' first-round playoff series against the Boston Celtics, Antetokounmpo recorded 35 points, 13 rebounds and seven assists in a 113–107 overtime loss. Antetokounmpo's game-winning tip-in in Game 4 equalized the series at two games a piece. However, the Celtics would go on to eliminate the Bucks in seven games, in spite of Antetokounmpo's 22 points and nine rebounds in Game 7.
Starting from the 2018–19 season, Antetokounmpo and the Bucks achieved a period of sustained team success. Under new coach Mike Budenholzer, the Bucks began the season with seven consecutive victories and went 25–10 before the New Year.
Antetokounmpo was critical to this early success, earning the Eastern Conference Player of the Month awards for October, November, December and February. On March 17, Antetokounmpo scored a then career-high 52 points to go with 16 rebounds in a 130–125 loss to the 76ers. He avenged this loss in an April 4 victory where he recorded 45 points and 13 rebounds in a 128–122 win over the 76ers, helping the Bucks clinch the No. 1 seed in the Eastern Conference. Antetokounmpo eventually guided the Bucks to a 60–22 season and the best record in the league. He helped the Bucks advance to the second round of the playoffs for the first time since 2001 after scoring 41 points in a 127–104 win in Game 4 over the Detroit Pistons for a four-game sweep. The Bucks went on to reach the Eastern Conference Finals, where they were defeated 4–2 by the eventual champions, the Toronto Raptors, despite winning the first two games. At the 2019 NBA Awards end-of-season night, Antetokounmpo was named the league's Most Valuable Player. He joined Kareem Abdul-Jabbar as the second Bucks player to win MVP and became the third youngest player to win the MVP over the previous 40 seasons, behind Derrick Rose and LeBron James. Antetokounmpo began the 2019–20 season with a triple-double, recording 30 points, 13 rebounds, and 11 assists in a 117–111 season-opening win over the Houston Rockets on October 24, 2019. On November 25, Antetokounmpo scored a season-high 50 points, along with 14 rebounds, in a 122–118 win over the Utah Jazz. After a December 14 victory over the Cleveland Cavaliers, Antetokounmpo had led the Bucks to their 18th straight victory, 2 shy of the franchise record. The winning streak ended on December 16 with a close loss to the Dallas Mavericks, despite Antetokounmpo recording an efficient 48 points and 14 rebounds. On December 19, Antetokounmpo made a career-high five three-pointers to lead Milwaukee over the Western top seed, the Los Angeles Lakers and helped the Bucks claim the NBA's best record at 25–4. On January 23, 2020, Antetokounmpo was named an All-Star Game captain, alongside James, for the second consecutive year.
During the season postponement that lasted from early March to the end of July, due to the COVID-19 pandemic, Antetokounmpo claimed to not have a basketball hoop to practice with. He later clarified that he did have access to a gym and basketball hoop, explaining his earlier comments as a means to ""get a little bit ahead of the competition."" Antetokounmpo and the Bucks resumed their campaign against the Boston Celtics on July 31, where Antetokounmpo led the Bucks to victory with 36 points and 15 rebounds. Although the Bucks finished the seeding games with a 3–5 record, they set the best record in the NBA for the second consecutive year, finishing with a 56–17 record. On August 12, Antetokounmpo was suspended for one game without pay for headbutting Moritz Wagner during a game against the Washington Wizards. During the playoffs, the Bucks advanced to the second round but lost 4–1 to the Miami Heat. In Game 2, the Heat's Jimmy Butler was fouled while shooting by Antetokounmpo as time expired, leading to Butler's game-winning walk-off free throws. Antetokounmpo missed most of Game 4 after re-injuring his right ankle which he twisted in Game 3. Milwaukee won the game, but Antetokounmpo was also out for Game 5, when the Bucks were eliminated.
On September 18, 2020, Antetokounmpo won his second consecutive Most Valuable Player award. In doing so, he joined Hakeem Olajuwon and Michael Jordan as the only players to win MVP and NBA Defensive Player of the Year awards in the same season.
On December 15, 2020, Antetokounmpo re-signed with the Bucks, coming to terms on a 5-year, $228 million extension, the largest in league history. At the 2021 All-Star Game, he played on the team captained by James and scored 35 points on a perfect 16-of-16 shooting from the field to lead the team to a 170–150 win and became the first non-American to win the All-Star MVP. The Bucks finished the 2020–21 season with a 46–26 record, clinching the third seed in the Eastern Conference. In the first round of the playoffs, they faced a rematch against the Miami Heat. In a stark reversal of their upset loss the prior year, Antetokounmpo led the Bucks to a four-game sweep, closing out the series with his first playoff triple-double in Game 4. Antetokounmpo also led the Bucks to a seven-game series win over the Brooklyn Nets in the Eastern Conference Semifinals, where he averaged 31.9 points, 12.9 rebounds, and 3.6 assists per game. On June 29, 2021, Antetokounmpo suffered an injury to his left knee during the third quarter of Game 4 of the Eastern Conference Finals against the Atlanta Hawks after slamming into Clint Capela and landing awkwardly, resulting in a gruesome hyperextension. Antetokounmpo would not return to the game, and the Bucks lost 110–88. MRI results would later show that he did not suffer any ligament tears. Antetokounmpo was ruled out for both Games 5 and 6 of the Eastern Conference Finals as a result of the knee injury. The series returned to Milwaukee at a 2–2 deadlock, yet the Bucks ended up winning both Games 5 and 6 in his absence, advancing to the NBA Finals for the first time in 47 years.
Antetokounmpo returned in time for the finals against the resurgent Phoenix Suns. In his Finals debut, he recorded 20 points and 17 rebounds in a 118–108 loss. He then registered back-to-back games with at least 40 points and 10 rebounds in a Game 2 loss and a Game 3 victory, joining Shaquille O'Neal in 2000 as the only players to reach those numbers in consecutive Finals games. He also joined Jordan, O'Neal, and James as the only players to put up at least 40 points in back-to-back Finals games in the previous 50 years. The Bucks continued their comeback after having lost the first two games of the series, prevailing in the next four contests. In Game 6, Antetokounmpo recorded 50 points, 14 rebounds and 5 blocks as the Bucks clinched their first championship in 50 years. He posted series averages of 35.2 points, 13.2 rebounds, 5.0 assists, 1.2 steals, and 1.8 blocks, and was subsequently named NBA Finals MVP by a unanimous vote. At 26 years, 226 days old, he is the youngest since Kawhi Leonard in 2014 to be named Finals MVP, as well as the first European since Dirk Nowitzki in 2011 to do so. Antetokounmpo also joined Michael Jordan and Hakeem Olajuwon as the only players to have won the MVP, Finals MVP, and Defensive Player of the Year awards during the span of their careers.
On October 19, 2021, after receiving his first NBA championship ring in the annual pre-game ceremony, Antetokounmpo recorded 32 points, 14 rebounds, and seven assists in a 127–104 season-opening win over the Nets. On January 13, 2022, Antetokounmpo led the Bucks to a 118–99 win over the Golden State Warriors with 30 points, 12 rebounds, 11 assists, and 3 blocks, leading both teams in such stats, in less than thirty minutes, and became the first player to record multiple 30-point triple-doubles in 30 minutes; he tied Jordan's career mark of 28 triple-doubles, ranking 18th all-time. On February 6, in a 137–113 win over the Los Angeles Clippers, Antetokounmpo recorded 28 points, 10 rebounds, and five assists, as the Bucks became the first team in NBA history to see their entire starting lineup recorded at least 15 points, five rebounds, and two three-pointers in the same game. On February 8, 2022, in a 131–116 win against the Lakers, Antetokounmpo scored 44 points with 14 rebounds, 8 assists, 2 blocks, and 0 turnovers on 17-of-20 shooting from the field; it was his 20 straight game recording at least 25 points. On February 15, Antetokounmpo scored a season-high 50 points and grabbed 14 rebounds on 17-of-21 shooting from the field in a 128–119 win against the Indiana Pacers; it marked only the 12th time in NBA history that a player has scored 50 or more points on 80% shooting or better. On March 29, Antetokounmpo scored 40 points, grabbed 14 rebounds, delivered six assists, and had a game-deciding block on Joel Embiid in the final seconds to lead the Bucks to a 118–116 victory over the Philadelphia 76ers. The following game, Antetokounmpo scored 44 points, grabbed 14 rebounds, and dished out 6 assists in a 120–119 overtime win over the Brooklyn Nets. He passed Kareem Abdul-Jabbar to become the career-leading scorer in Bucks franchise history. Antetokounmpo's record-setting 3-pointer forced overtime, and he made two free throws in the final seconds to seal the victory for the Bucks. Antetokounmpo finished the regular season with a then career-high 29.9 points, 11.6 rebounds, and 5.8 assists to become the first player in NBA history to average 25 points or more, 10-plus rebounds, and five assists or more in four separate seasons.
On April 20, during Game 2 of the first round of the playoffs, Antetokounmpo logged 33 points, 18 rebounds, 9 assists, and 2 blocks in a 114–110 loss against the Chicago Bulls. He surpassed Kareem Abdul-Jabbar for the most playoff points in Bucks franchise history. On 1 May, in Game 1 of the Eastern Conference Semifinals, Antetokounmpo recorded his second career playoff triple-double with 24 points, 13 rebounds, and 12 assists in a 101–89 win over the Boston Celtics. He became the first player in franchise history with multiple career playoff triple-doubles On May 13, Antetokounmpo posted 44 points, 20 rebounds, and 6 assists in a 108–95 Game 6 loss. He joined Shaquille O'Neal and Wilt Chamberlain as the only players in NBA playoff history to post a 40/20/5 game. The Bucks would go on to lose to Celtics in Game 7 despite Antetokounmpo's 25-point, 20-rebound, and 9-assist outing. He became the first player in NBA history to have 200 points, 100 rebounds, and 50 assists in a playoff series, averaging 33.9 points, 14.7 rebounds, and 7.1 assists against Boston. Antetokounmpo also finished the postseason by averaging 31.7 points, 14.2 rebounds and 6.8 assists across the 12 playoff games his Milwaukee Bucks played. He is therefore the first player in NBA history to average a 31-14-6 line across an entire postseason.
On May 21, Antetokounmpo was selected to his fourth consecutive NBA All-Defensive First Team, which was the fifth career all-defensive team selection for him. It tied him with Hall of Famer and former two-time NBA Defensive Player of the Year Award winner Sidney Moncrief for most selections in franchise history. On May 24, Antetokounmpo was selected to his fourth consecutive All-NBA First Team and sixth consecutive overall. He became the first player in club history to earn six All-NBA team honors, passing Kareem Abdul-Jabbar and Sidney Moncrief for the most in franchise history.
On October 22, in the second game of the 2022–23 season, Antetokounmpo recorded 44 points and 12 rebounds on 17-of-21 shooting from the field, playing less than 28 minutes in a 125–105 win over the Houston Rockets; marking just the fifth time in NBA history a player had scored at least 44 points while playing less than 28 minutes. He went 8 of 13 from the foul line to increase his total to 3,508 free throws eclipsing Sidney Moncrief, who made 3,505 free throws with the Bucks, to become the franchise career free throws leader. In the very next game, Antetokounmpo had 43 points, 14 rebounds, 5 assists and 3 blocks in a 110–99 win against the Brooklyn Nets; 34 of his points came in the second half as the Bucks turned a 12-point deficit at halftime into an 11-point victory. On November 4, Antetokounmpo recorded his 30th career triple-double with 26 points, 14 rebounds and 11 assists in a 115–102 win over the Minnesota Timberwolves to improve to 8–0, the best start to a season in Milwaukee Bucks franchise history. On December 28, Antetokounmpo scored 45 points, grabbed a career-high 22 rebounds and delivered 7 assists in an 119–113 overtime loss to the Chicago Bulls. The next game, Antetokounmpo had 43 points along with 20 rebounds and 5 assists in a 123–114 win over the Minnesota Timberwolves.  He joined Wilt Chamberlain and Elgin Baylor as the only players in NBA history with back-to-back games of at least 40 points, 20 rebounds and 5 assists. Antetokounmpo also became just the seventh player with multiple games of 40 points, 20 rebounds, 5 assists and 60% shooting. Since the NBA–ABA Merger in 1976–77 season, Charles Barkley and Antetokounmpo are the only players to do this multiple times.
On January 3, 2023, Antetokounmpo recorded a then career-high 55 points, alongside 10 rebounds and seven assists in a 123–113 win over the Washington Wizards. The next night, Antetokounmpo posted his 31st career triple-double with 30 points, 21 rebounds and 10 assists in a 104–101 overtime win against the Toronto Raptors. He tied John Havlicek and Draymond Green for 15th place on the NBA's all-time triple-double list. Antetokounmpo also became the first player to total 200+ points, 80+ rebounds, and 30+ assists over a 5-game span since Kareem Abdul-Jabbar in 1972. On January 23, Antetokounmpo was named the Eastern Conference captain for the 2023 NBA All-Star Game, which marked his seventh overall selection. On January 29, Antetokounmpo posted 50 points and 13 rebounds while playing only 30 minutes in a 135–110 win over New Orleans Pelicans. He shot 20-of-26 from the field, 3-of-4 from three, 7-of-12 from the free throw line. This marked the 10th time this season that Antetokounmpo has scored at least 40 points, matching the career high he set last year for 40-point games in a single season. On February 2, Antetokounmpo scored 20 of his 54 points in the fourth quarter, along with 19 rebounds and the Milwaukee Bucks overcame a 21-point deficit to beat the Los Angeles Clippers 106–105 for their sixth consecutive victory. He joined Kareem Abdul-Jabbar as the only players in Bucks history to have at least three 50-point games in a season. The next game, Antetokounmpo logged his 32nd career triple-double with 35 points, 15 rebounds and 11 assists in a 123–115 win over the Miami Heat. On February 16, Antetokounmpo surpassed Paul Pressey for the most assists in Bucks franchise history. On February 19, his team won the 2023 NBA All-Star Game 184–175, defeating Team LeBron. The win marked Team Giannis' first (and only) win in an NBA All-Star Game, having previously lost in 2019 and 2020. On March 19, Antetokounmpo had his 33rd career triple-double, making all nine of his field goal attempts. He recorded 22 points, 13 rebounds and 10 assists in a 118–111 win over the Toronto Raptors. He also played in his franchise-record 712th game, surpassing Junior Bridgeman. On March 29, Antetokounmpo had 38 points, 17 rebounds and 12 assists in a 149–136 victory over the Indiana Pacers. On April 9, Antetokounmpo finished the regular season with a career-high 31.1 points per game and he also led the Bucks to a league-best 58–24 record. Antetokounmpo also became just the second player in NBA history (Kareem Abdul-Jabbar is the other) to average 30 points or more, 10-plus rebounds and 5-plus assists while shooting at least 55% from the field.
In the first round of the 2023 NBA playoffs, Antetokounmpo and the Bucks faced the Miami Heat. In Game 1, Antetokounmpo suffered a lower back contusion that ruled him out for the remainder of Game 1, and the next two games. He returned in Game 4, scoring a triple-double of 26 points, 10 rebounds and 13 assists in a losing effort. The Bucks were eliminated in five games, despite Antetokounmpo's 38-point, 20-rebound outing in a 128–126 closeout overtime loss in Game 5.
On October 23, 2023, Antetokounmpo signed a three-year, $186 million extension with the Bucks. On November 9, Antetokounmpo scored 54 points and put up 12 rebounds in a 126–124 loss to the Indiana Pacers. He also joined Michael Jordan as the only players since the ABA–NBA merger to put up at least eight 50-point and 10-rebound games in their career. On November 18, Antetokounmpo recorded 40 points, 15 rebounds and 7 assists in a 132–125 win over the Dallas Mavericks. He became the youngest player (28 years, 347 days) to record 16,000+ points, 7,000+ rebounds and 3,000+ assists in an NBA career. On November 20, Antetokounmpo put up 42 points, 13 rebounds, and eight assists in a 142–129 win over the Washington Wizards. He also tied Kareem Abdul-Jabbar for the most games with at least 30 points, 10 rebounds, and five assists in Bucks history.
On December 13, Antetokounmpo scored a career-high and Bucks record 64 points and grabbed 14 rebounds in a 140–126 victory over the Indiana Pacers. He became the first player since Shaquille O'Neal in 2000 to tally 60-plus points without a made three-point basket. Antetokounmpo is also the first player in NBA history to make at least 20 field goals and 20 free throws  while shooting both at 70% or higher. On December 17, Antetokounmpo put up 26 points and 17 rebounds in a 128–119 win over the Houston Rockets. He also surpassed Kareem Abdul-Jabbar to become the all-time rebounds leader in Bucks history. On December 19, Antetokounmpo had a career-high 16 assists, 14 rebounds and 11 points for his 37th career triple-double in a 132–119 win over the San Antonio Spurs.
On January 24, 2024, Antetokounmpo recorded his 42nd career triple-double with 35 points, 18 rebounds, 10 assists and 2 blocks in a 126–116 win over the Cleveland Cavaliers.  On January 25, Antetokounmpo was named the Eastern Conference captain for the 2024 NBA All-Star Game, marking his eight consecutive selection and fourth as the captain. On March 26, Antetokounmpo posted his 44th career triple-double with 29 points,  a season-high 21 rebounds, 11 assists and 3 blocks in a 128–124 double overtime loss against the Los Angeles Lakers. On April 9, Antetokounmpo suffered a calf injury, and missed the remainder of the regular season, as well as the entirety of the 2024 NBA playoffs.
Antetokounmpo represented Greece for the first time in July 2013 with the Greek Under-20 national team at the 2013 FIBA Europe Under-20 Championship. He helped Greece to an 8–2 record and a fifth-place overall finish while averaging 8.0 points, 7.6 rebounds, and 2.2 assists across the 10 games. He finished the tournament ranked second in defensive rebounds (7.0) and seventh in blocked shots (1.4).
In 2014, Antetokounmpo played for the senior men's Greek national basketball team for the first time, helping Greece finish ninth overall in the 2014 FIBA Basketball World Cup with a 5–1 record. He averaged 6.3 points and 4.3 rebounds across the six games while shooting 45.8% from the field.
Antetokounmpo again joined the Greek national team for EuroBasket 2015. Greece's roster consisted of many experienced players, most of them previously crowned European champions with their clubs, like Vassilis Spanoulis, Ioannis Bourousis and Nikos Zisis, and Greece was a favorite for a medal, after showing great form in friendly games. At EuroBasket 2015, Greece was unbeaten in the group stages, and reached the quarter-finals, where a tight game ended in favor of the eventual champions, Spain, eventually finishing fifth with a 7–1 record. Antetokounmpo finished the tournament with three double-doubles, and a career-high 17 rebounds against Spain, leading his team in rebounds for the tournament. In eight games, he averaged 9.8 points, 6.9 rebounds and 1.1 assists per game.
Antetokounmpo also played with Greece at the 2016 Turin FIBA World Olympic Qualifying Tournament, where he averaged 15.3 points, 5.7 rebounds, 2.0 assists, 0.7 steals, and 2.0 blocks per game in 3 games played. Greece failed to qualify for the 2016 Summer Olympics, after being eliminated by Croatia, by a score of 66–61. He also played with Greece during their preparation phase for the EuroBasket 2017. He scored 20 points in a prep game against Montenegro. However, he missed the actual EuroBasket 2017 tournament, due to a knee injury.
Antetokounmpo represented Greece at the 2019 FIBA Basketball World Cup, where he became the first reigning NBA MVP to play in a World Cup. He averaged 14.8 points, 8.8 rebounds, 2.4 assists, 2.4 steals, and 0.6 blocks per game, in 5 games played. Greece finished 11th in the tournament after they failed to advance past the second round, which was regarded as a disappointing result in national and international sports media.
He rejoined the team in August 2022. On August 25, 2022, Antetokounmpo scored a national team career-high 40 points, along with 8 rebounds and 5 assists, in a 94–100 overtime loss to Serbia in the 2023 World Cup qualifiers.
In September, Antetokounmpo played in the EuroBasket 2022 with Greece, his second of such tournament. On September 6, Antetokounmpo scored 41 points in a 99–79 group stage win over Ukraine. This was the twelfth-highest points tally of all time, and the most points scored in a EuroBasket game since Dirk Nowitzki in 2001. Greece was eliminated by Germany in the quarter-finals, in a game in which Antetokounmpo had 31 points, 7 rebounds and 8 assists but was ejected after two unsportsmanlike fouls. He averaged 29.3 points, 8.8 rebounds, 4.7 assists, 1.5 steals and 0.8 blocks per game in 6 games played, while shooting 56.6% from the field. Antetokounmpo finished the tournament as the leading scorer and was selected to the All-Tournament Team.
At the 2024 Summer Olympics, he carried the Greek flag at the Opening Ceremonies. He subsequently represented Greece in group stage against Canada, Spain and Australia, eventually finishing third with a 1–2 record. Greece was eliminated by Germany in the quarter-finals, in a game in which Antetokounmpo scored 22 points. He averaged a tournament high 25.8 points along with 6.3 rebounds, 3.5 assists in 4 games played, while shooting 67.8% from the field. For his performances, Antetokounmpo was named to the tournament's All-Second Team.
From 2014 to 2024, Antetokounmpo played with the senior men's Greek national team in 37 official games, in major FIBA tournaments. In those specific games, he has scored a total of 725 points, for a scoring average of 19.6 points per game.
Standing 6 feet 11 inches (2.11 m) tall and weighing 242 pounds (110 kg), Antetokounmpo is officially listed as a forward and sometimes described as a point forward, but has been deployed across all five positions. Highly athletic and versatile, Antetokounmpo is often recognized as one of the best all-around players in the NBA, and many analysts have declared him ""positionless"" and as embodying the future of the league.
By the 2016–17 season, Antetokounmpo had established himself as one of the league's most devastating slashers and transition scorers. His rare combination of size and speed frequently enables him to cross half a court in a single dribble and blowing past multiple defenders. A 2017 analysis conducted by Stats SportVU at the behest of FiveThirtyEight showed that Antetokounmpo was able to cover slightly more than 15 feet off a single dribble when driving to the basket, 5 feet further than the average player in the league. In addition, Antetokounmpo has developed his own version of the Euro step, described by Jordan Brenner of ESPN.com as ""the final phase of the move's evolution"", which allows him to directly attack the rim from the three-point arc in a move that ""renders the area between the top of the key and the basket all but undefendable"".
However, Antetokounmpo has been criticized for his lack of a reliable jump shot, having shot above 31% from three-point range just once in his career. Antetokounmpo's jumper has been exploited by other teams. Most famously, the Toronto Raptors built a 'wall' of lengthy, adept defenders to neutralise Antetokounmpo's paint dominance in their 2019 Conference Finals victory. As a result, Antetokounmpo increased his jump-shooting output, averaging a career-high 4.4 three-point goals attempted and 1.4 made per game in 2019–20.
Antetokounmpo has also received attention for his playmaking skills. Despite not being the primary ball handler of the Bucks, he has largely orchestrated the team's offense. During the 2019–20 season, Antetokounmpo was responsible (through assisting and personally scoring) for 57.8% of the points the Bucks scored while he was on the floor, one of the highest rates in the league. He averaged nearly 6 assists per game during both the 2018–19 and 2019–20 seasons.
Antetokounmpo is also recognized as an elite defensive player, capable of guarding all five positions but more often deployed in a ""free safety"" role that allows him to roam the paint and discourage attacks on the rim. He is also a proficient shot-blocker and has developed a reputation for blocking opponents in transition (the chase-down block). With Antetokounmpo in this role, the Bucks have flourished into one of the league's best defensive teams, leading the NBA in defensive rating in 2018–19 and 2019–20. For his defensive efforts, Antetokounmpo won the 2020 NBA Defensive Player of the Year, and he has become a perennial NBA All-Defensive honoree.
In August 2022, Calamos Advisors announced that they would work with Antetokounmpo on an exchange-traded fund that invests in sustainable firms that would be called the Calamos Antetokounmpo Sustainable Equities Fund.
In September 2022, Antetokounmpo joined as an executive producer for National Geographic's documentary The Flagmakers, which focuses on the large population of immigrant employees working at an American flag factory. Antetokounmpo called the project inspiring, saying: ""As an immigrant myself, I find this film incredibly personal and a deeply moving testament to those who call this country 'home'"".
Giannis and Thanasis Antetokounmpo playing basketball at a local court in Sepolia, Athens, in 2015 Antetokounmpo's father, Charles, was a Nigerian football player, while his mother, Veronica, is a former high jumper. Charles died in September 2017, at age 54. Veronica gave each of her five sons both Greek and Nigerian names, choosing the Nigerian Ugo for Giannis. His parents are from different Nigerian ethnic groups—Charles was Yoruba, while Veronica is Igbo. According to basketball great Hakeem Olajuwon, also Yoruba, the original family name of Adétòkunbọ̀ translates to ""the crown has returned from overseas"". Giannis wears the number 34 in honor of his parents, who were born in 1963 and 1964.
Antetokounmpo has two older brothers, Francis (Greek name Andreas) and Thanasis, as well as two younger brothers, Kostas and Alex. Antetokounmpo is a Christian and was raised in the Greek Orthodox Church. He was baptized in the Greek Orthodox Church along with his brother Alex on October 28, 2012.
Following their son and brother, the entire Antetokounmpo family, except for Francis and Thanasis, moved from Athens to Milwaukee in early 2014. In July 2016, Giannis and Thanasis began their mandatory military service in Greece. The two brothers served a reduced three-month military service, as prescribed for Greek citizens who are permanent overseas residents.
Thanasis made his NBA debut with the New York Knicks after being drafted by the organization with the 51st overall pick in the 2014 NBA draft. After playing for Andorra during the 2016–17 season and the Greek EuroLeague powerhouse Panathinaikos for the next two seasons, he signed with the Milwaukee Bucks on July 16, 2019. Antetokounmpo's younger brother, Kostas, played college basketball for Dayton before being selected with the last pick in the 2018 NBA draft. He went on to win the 2020 NBA Championship with the Los Angeles Lakers. In 2021, Kostas signed with ASVEL Basket, part of the French Betclic Élite and the EuroLeague. He currently plays for Panathinaikos in Greece. Their youngest brother, Alex, played high school basketball in the US before becoming a professional basketball player.
The Antetokounmpo brothers participating in the 2022 NBA All-Star Skills Challenge In the mid-2010's, Antetokounmpo began dating Mariah Riddlesprigger, a native of Fresno, California. In February 2020, Riddlesprigger gave birth to their first son, Liam. She gave birth to a second son, Maverick, in August 2021, and a daughter, Eva, in September 2023. Antetokounmpo and Riddlesprigger got married in a private ceremony on September 1, 2024, at the Costa Navarino resort near Pylos. Milwaukee Bucks teammate Khris Middleton served as the best man. On March 13, 2020, Antetokounmpo and his family pledged to give $100,000 to the staff of the Fiserv Forum who were unable to work during the suspension of the 2019–20 NBA season because of the COVID-19 pandemic. Antetokounmpo and his family also donated 20,000 masks to people in Athens and Zografou in Greece in 2020.
On August 20, 2021, Antetokounmpo became a minority owner of the Milwaukee Brewers of Major League Baseball. Antetokounmpo also holds a passion for soccer, being a supporter of Italian football club Inter Milan. In March 2023, Giannis, along with his brothers, Alex, Thanasis, and Kostas, became minority owners in the Major League Soccer club Nashville SC.
In June 2023, Giannis and his brothers Thanasis, Kostas and Alex expanded their investment portfolio, overseen by Ante Inc., by becoming shareholders and owners of the Canadian online confectionary retailer, Candy Funhouse.
In September 2023, Giannis signed on as an Executive Producer of a reality TV show created by Candy Funhouse and the producers of Big Brother, Fly on the Wall.
""20 greatest power forwards ever: The HoopsHype list"". hoopshype.com. November 21, 2021. Archived from the original on December 5, 2022. Retrieved December 5, 2022.
Thapa, Aastha (May 20, 2022). ""Ten Best Power Forwards Ever in NBA"". playersbio.com. Archived from the original on December 5, 2022. Retrieved December 5, 2022.
Fujita, Scott (November 10, 2022). ""The Best Power Forwards In NBA History: All-Time Rankings"". scottfujita.com. Archived from the original on December 5, 2022. Retrieved December 5, 2022.
""The NBA 75th anniversary team ranked"". Espn. July 31, 2022. Archived from the original on December 24, 2023. Retrieved December 24, 2023.
""NBA 75 at no 24 Giannis Antetokounmpo has become one of the games most decorated"". The Athletic. January 18, 2022. Archived from the original on December 9, 2023. Retrieved December 24, 2023.
Bailey, Andy (June 18, 2024). ""Ranking the Top 50 NBA Playoff Performers of All Time"". Bleacher Report. Retrieved June 22, 2024.
""Milwaukee Bucks superstar Giannis Antetokounmpo finishes breakout season in league of his own"". NBA.com. April 12, 2017. Archived from the original on April 14, 2017. Retrieved April 13, 2017.
""NBA 75: At No. 24, Giannis Antetokounmpo has become one of the game's most decorated players in less than a decade – The Athletic"". Theathletic.com. January 18, 2022. Archived from the original on March 7, 2022. Retrieved February 15, 2022.
Quinn, Sam (July 21, 2021). ""Giannis Antetokounmpo wins 2021 NBA Finals MVP"". CBS Sports. Archived from the original on July 23, 2021. Retrieved July 21, 2021.
""NBA 75th Anniversary Team announced"". NBA.com. October 21, 2021. Archived from the original on October 22, 2021. Retrieved November 5, 2021.
""GREECE'S FLAGBEARERS FOR PARIS OLYMPICS ANNOUNCED"". Greek Olympic Committee. July 11, 2024. Retrieved July 11, 2024.
""Giannis Antetokounmpo: NBA star's rise from 'hustling' on Athens streets to MVP award"". BBC Sport. July 1, 2019. Archived from the original on July 9, 2019. Retrieved July 9, 2019.
Hein, David (March 16, 2013). ""Adetokoubo's whirlwind saga just starting"". FIBA.com. Archived from the original on February 17, 2015. Retrieved January 23, 2015.
Hein, David (July 13, 2013). ""Greek-Nigerian prodigy makes NBA dream come true"". FIBA.com. Archived from the original on February 1, 2016. Retrieved January 24, 2015.
Spears, Marc J. (March 5, 2019). ""'The Greek Freak' wants to go back to his Nigerian roots"". Andscape. Archived from the original on March 8, 2019. Retrieved March 8, 2019.
""Giannis Sina Ougko ANTETOKOUNMPO"". FIBA.basketball. Archived from the original on April 28, 2019.
""Giannis Antetokounmpo"". FIBAEurope.com. Archived from the original on July 6, 2015. Retrieved April 4, 2016.
""NBA Rookie Wants To Bring Hope To Greece, And To Milwaukee"". NPR.com. September 26, 2013. Archived from the original on April 23, 2016. Retrieved April 9, 2016.
Spears, Marc J. (March 5, 2019). ""'The Greek Freak' wants to go back to his Nigerian roots"". Andscape. Archived from the original on March 8, 2019. Retrieved August 17, 2021.
Flores, Gerald (October 4, 2022). ""Giannis Antetokounmpo Wanted to Wear Sweats to the NBA Draft"". Esquire. Archived from the original on February 13, 2023. Retrieved February 13, 2023.
Maguire, Ken (June 26, 2013). ""A Hunger for a Better Life May Lead to the N.B.A."" The New York Times. Archived from the original on February 4, 2016. Retrieved December 31, 2015.
Triantafyllos, Stefanos (July 8, 2013). ""Heated Debate Around Antetokounmpo's Home Reflects Rift in Birthplace of Democracy"". NBA.com. Archived from the original on June 10, 2016. Retrieved April 4, 2016.
Askounis, Johnny (September 22, 2022). ""Giannis Antetokounmpo 'feels both Greek and Nigerian'"". Eurohoops.net. Archived from the original on February 13, 2023. Retrieved February 13, 2023.
""Έλληνες πολίτες οι αδερφοί Αντετοκούμπο"". Sport24.gr. May 9, 2013. Archived from the original on October 6, 2014. Retrieved December 31, 2015.
""The best player in the NBA is 'Nigerian' but most Nigerians have no idea who he is"". March 11, 2019. Archived from the original on April 6, 2022. Retrieved March 11, 2019 – via Quartz Africa.
@DimitropulosOCT (May 9, 2013). ""Giannis Antetokounmpo received today his Greek citizenship. As of today, this shall be the official name/surname as it appears in ID/Passport"" (Tweet) – via Twitter.
""""Giannis"", Behind the Name"". Archived from the original on January 20, 2022. Retrieved July 22, 2021.
""Nigerian athletes on what a 'Greek Freak' MVP means"". Andscape. June 24, 2019. Archived from the original on August 7, 2022. Retrieved July 21, 2021.
Wojnarowski, Adrian (March 18, 2014). ""From street vendor to surging NBA player, Greek Freak living the American dream"". Yahoo.com. Archived from the original on April 15, 2016. Retrieved April 4, 2016.
""Five things you didn't know about NBA MVP Giannis Antetokounmpo"". Olympics.com. Archived from the original on December 1, 2021. Retrieved August 17, 2021.
""Giannis Antetokounmpo"". NBA.com. Archived from the original on December 1, 2021. Retrieved August 17, 2021.
""Filathlitikos AO basketball, News, Roster, Rumors, Stats, Awards, Transactions, Details - eurobasket"". www.eurobasket.com. Archived from the original on January 29, 2019. Retrieved July 9, 2019.
""Basket CAI Zaragoza se hace con los derechos de Giannis Adetocunbo"". ACB.com (in Spanish). December 17, 2012. Archived from the original on March 3, 2016. Retrieved April 4, 2016.
""Giannis Antetokoubo profile"". FIBA.com. Archived from the original on March 10, 2016. Retrieved December 31, 2015.
""Όλα τα αστέρια στο All Star Game"". Sports24.gr (in Greek). March 6, 2013. Archived from the original on October 6, 2014. Retrieved December 31, 2015.
@DraftExpress (April 28, 2013). ""Giannis Adetokunbo (@GAdetokunbo) has officially made himself eligible for the 2013 NBA Draft, his agent @DimitropulosFCM tells us"" (Tweet) – via Twitter.
""Bucks Sign First Round Pick Giannis Antetokounmpo"". NBA.com. July 30, 2013. Archived from the original on March 4, 2016. Retrieved April 4, 2016.
""Bucks sign Neal, Antetokounmpo"". NBA.com. July 30, 2013. Archived from the original on December 8, 2014. Retrieved February 8, 2015.
Gruman, Andrew (May 22, 2014). ""Bucks' Antetokounmpo named to NBA's All-Rookie second team"". FoxSports.com. Archived from the original on July 5, 2015. Retrieved December 31, 2015.
""Houston Rockets hit 15 3-pointers to beat Bucks 117-111"". NBA.com. February 6, 2015. Archived from the original on November 7, 2017. Retrieved February 8, 2015.
""Giannis Named Eastern Conference Player of the Week for Games Played Feb. 2-8"". NBA.com. February 9, 2015. Archived from the original on February 11, 2015. Retrieved February 10, 2015.
""Davis pours in 43, Pelicans beat Bucks 114-103"". NBA.com. March 9, 2015. Archived from the original on November 11, 2017. Retrieved March 9, 2015.
""James, Love lead Cavaliers past Bucks, 115-100"". NBA.com. November 19, 2015. Archived from the original on May 8, 2017. Retrieved December 31, 2015.
""It's over: Bucks hand Warriors 1st loss, win 108-95"". NBA.com. December 12, 2015. Archived from the original on December 12, 2015. Retrieved December 31, 2015.
""Bucks beat Lakers 108-101 in Kobe's final game in Milwaukee"". NBA.com. February 22, 2016. Archived from the original on June 26, 2019. Retrieved February 22, 2016.
Devine, Dan (February 22, 2016). ""Giannis explodes for first career triple-double, Bucks beat Lakers"". Yahoo.com. Archived from the original on February 25, 2016. Retrieved February 23, 2016.
Wojnarowski, Adrian (September 19, 2016). ""Sources: Giannis Antetokounmpo agrees to M extension"". Yahoo.com. Archived from the original on September 20, 2016. Retrieved September 19, 2016.
""Antetokounmpo scores 39, Bucks beat Wizards 123-96"". ESPN.com. December 23, 2016. Archived from the original on December 24, 2016. Retrieved December 24, 2016.
""Antetokounmpo's jumper at buzzer gives Bucks win over Knicks"". ESPN.com. January 4, 2017. Archived from the original on January 5, 2017. Retrieved January 6, 2017.
""Knicks rally from 18 down, beat Bucks 116-111 to snap skid"". ESPN.com. January 6, 2017. Archived from the original on January 7, 2017. Retrieved January 7, 2017.
""Curry, Durant and four first-time starters highlight starting lineups for NBA All-Star 2017"". NBA.com. January 19, 2017. Archived from the original on January 20, 2017. Retrieved January 23, 2017.
""'Greek Freak' Giannis Antetokounmpo voted NBA All-Star Game starter"". ekathimerini.com. January 20, 2017. Archived from the original on February 2, 2017. Retrieved January 23, 2017.
""East vs West"". ESPN.com. February 19, 2017. Archived from the original on December 4, 2018. Retrieved December 4, 2018.
""GIANNIS ANTETOKOUNMPO NAMED KIA NBA EASTERN CONFERENCE PLAYER OF THE MONTH"". NBA.com. April 3, 2017. Archived from the original on April 5, 2017. Retrieved April 4, 2017.
Manrique, Bruno (April 9, 2017). ""Giannis Antetokounmpo becomes 5th player in NBA history to lead team in all 5 major stat categories"". ClutchPoints.com. Archived from the original on April 12, 2017. Retrieved April 12, 2017.
""Russell Westbrook, James Harden, LeBron James lead 2016-17 All-NBA first team"". NBA.com. May 18, 2017. Archived from the original on June 13, 2017. Retrieved June 16, 2017.
""GIANNIS ANTETOKOUNMPO NAMED NBA'S MOST IMPROVED PLAYER"". NBA.com. June 26, 2017. Archived from the original on June 29, 2017. Retrieved June 27, 2017.
""Antetokounmpo scores 28 points, Bucks beat Raptors 97-83"". ESPN.com. April 15, 2017. Archived from the original on April 16, 2017. Retrieved April 15, 2017.
""Powell scores 25 as Raptors beat Bucks 118-93 in Game 5"". ESPN.com. April 24, 2017. Archived from the original on April 26, 2017. Retrieved April 25, 2017.
""Whew! Raptors blow 25-point lead, but beat Bucks 92-89"". ESPN.com. April 27, 2017. Archived from the original on April 29, 2017. Retrieved April 27, 2017.
""Antetokounmpo scores career-high 44, Bucks edge Blazers"". ESPN.com. October 21, 2017. Archived from the original on October 22, 2017. Retrieved October 21, 2017.
""GIANNIS ANTETOKOUNMPO NAMED A STARTER FOR THE 2018 ALL-STAR GAME"". NBA.com. January 18, 2018. Archived from the original on January 19, 2018. Retrieved January 18, 2018.
""Celtics survive wild finish, hold off Bucks 113-107 in OT"". ESPN.com. April 15, 2018. Archived from the original on April 16, 2018. Retrieved April 15, 2018.
""Celtics beat Bucks 112-96 in Game 7, advance to play 76ers"". ESPN.com. April 28, 2018. Archived from the original on April 29, 2018. Retrieved April 28, 2018.
""Mike Budenholzer Named Head Coach Of The Milwaukee Bucks"". NBA.com. May 17, 2018. Archived from the original on November 9, 2020. Retrieved May 17, 2018.
Hardacre, Jesse (October 31, 2018). ""At 7–0, the Bucks are Off to a Historic Start"". shepherdexpress.com. Archived from the original on June 19, 2021. Retrieved December 8, 2020.
""Giannis Antetokounmpo Named Eastern Conference Player of the Month"". NBA.com. December 3, 2018. Archived from the original on December 4, 2018. Retrieved December 4, 2018.
""Giannis Antetokounmpo Wins Second Straight KIA NBA Eastern Conference Player of the Month Award"". NBA.com. January 3, 2019. Archived from the original on January 4, 2019. Retrieved February 5, 2019.
""Giannis Antetokounmpo Named Kia NBA Eastern Conference Player of the Month"". NBA.com. March 1, 2019. Archived from the original on March 3, 2019. Retrieved March 2, 2019.
""Giannis pours in career-high 52 in loss to Sixers"". ESPN.com. March 17, 2019. Archived from the original on March 29, 2019. Retrieved March 18, 2019.
""Bucks' Giannis Antetokounmpo: Career-high 52 points in loss"". cbssports.com. March 17, 2019. Archived from the original on June 17, 2020. Retrieved March 18, 2019.
""Bucks clinch top seed in the East with win over 76ers"". ESPN.com. April 4, 2019. Archived from the original on April 6, 2019. Retrieved April 5, 2019.
""Antetokounmpo scores 41, leads Bucks to sweep of Detroit"". ESPN.com. April 22, 2019. Archived from the original on April 23, 2019. Retrieved April 23, 2019.
Velazquez, Matt (April 22, 2019). ""Bucks finish sweep of Pistons for first series victory since 2001"". Milwaukee Journal Sentinel. Archived from the original on April 24, 2019. Retrieved April 24, 2019.
""Leonard scores 27, Raptors advance to first NBA Finals"". ESPN.com. May 25, 2019. Archived from the original on May 27, 2019. Retrieved May 26, 2019.
""Giannis Antetokounmpo named NBA's Most Valuable Player"". nba.com. June 24, 2019. Archived from the original on November 12, 2020. Retrieved December 8, 2020.
Andrews, Malika (June 24, 2019). ""Giannis third-youngest to win MVP in 40 years"". ESPN.com. Archived from the original on June 25, 2019. Retrieved June 24, 2019.
""Bucks vs. Rockets - Game Summary - October 24, 2019 - ESPN"". ESPN.com. Archived from the original on May 12, 2021. Retrieved May 12, 2021.
""Jazz vs. Bucks - Game Summary - November 25, 2019 - ESPN"". ESPN.com. Archived from the original on May 12, 2021. Retrieved May 12, 2021.
""Cavaliers vs. Bucks - Game Summary - December 14, 2019 - ESPN"". ESPN.com. Archived from the original on May 12, 2021. Retrieved May 12, 2021.
""Mavericks vs. Bucks - Game Summary - December 16, 2019 - ESPN"". ESPN.com. Archived from the original on May 12, 2021. Retrieved May 12, 2021.
""NBA All-Star 2019 starters, captains revealed"". NBA.com. January 24, 2019. Archived from the original on September 28, 2020. Retrieved November 5, 2021.
""Lakers' LeBron James, Bucks' Giannis Antetokounmpo named starters and captains for 2020 NBA All-Star Game"". NBA.com. January 23, 2020. Archived from the original on February 12, 2020. Retrieved November 5, 2021.
""Giannis not playing basketball; no 'access to hoop'"". ESPN.com. April 3, 2020. Archived from the original on July 25, 2020. Retrieved August 2, 2020.
""Giannis: No access to basketball hoop a ruse"". ESPN.com. July 22, 2020. Archived from the original on July 24, 2020. Retrieved August 2, 2020.
""Celtics vs. Bucks - Game Summary - July 31, 2020 - ESPN"". ESPN.com. Archived from the original on May 12, 2021. Retrieved May 12, 2021.
""Bucks' Giannis Antetokounmpo suspended"". NBA. August 12, 2020. Archived from the original on October 27, 2021. Retrieved October 11, 2021.
Woodyard, Eric (September 2, 2020). ""Butler's walk-off FTs cap wild finish against Bucks"". ESPN.com. Archived from the original on September 4, 2020. Retrieved September 3, 2020.
""Giannis Antetokounmpo injury update: Bucks star ruled out for Game 5 against Heat"". CBSSports.com. September 8, 2020. Archived from the original on October 26, 2020. Retrieved September 9, 2020.
""Milwaukee's Giannis Antetokounmpo wins 2019-20 Kia NBA Most Valuable Player Award"". NBA.com. September 18, 2020. Archived from the original on September 19, 2020. Retrieved September 20, 2020.
""Giannis Antetokounmpo to sign supermax extension with Milwaukee Bucks"". www.yahoo.com. December 15, 2020. Archived from the original on December 23, 2020. Retrieved December 15, 2020.
Golliver, Ben; Wallace, Ava; Bieler, Des (March 8, 2021). ""Team LeBron dominates an NBA All-Star Game that feels incomplete"". The Washington Post. Archived from the original on March 8, 2021. Retrieved March 8, 2021.
Arnovitz, Kevin (May 29, 2021). ""Giannis Antetokounmpo, Milwaukee Bucks sweep Miami Heat to reach Eastern Conference semifinals"". ESPN.com. Archived from the original on June 2, 2021. Retrieved May 29, 2021.
Arnovitz, Kevin (June 30, 2021). ""Can the Bucks get past the Hawks without Giannis?"". ESPN.com. Archived from the original on June 30, 2021. Retrieved June 30, 2021.
Maloney, Jack (June 30, 2021). ""Hawks vs. Bucks score, takeaways: Trae Young-less Hawks tie series vs. Bucks; Giannis Antetokounmpo hurts knee"". CBSSports.com. Archived from the original on June 30, 2021. Retrieved July 1, 2021.
Andrews, Malika (June 30, 2021). ""No structural damage to Giannis' knee"". ESPN.com. Archived from the original on July 1, 2021. Retrieved July 1, 2021.
""Bucks rule out Giannis for Game 5 vs. Hawks"". ESPN.com. July 1, 2021. Archived from the original on July 1, 2021. Retrieved July 2, 2021.
""Giannis out as Bucks try to punch Finals ticket"". ESPN.com. July 3, 2021. Archived from the original on July 4, 2021. Retrieved July 4, 2021.
""Bucks vs. Hawks score, takeaways: Khris Middleton, Milwaukee clinch NBA Finals berth with win over Atlanta"". CBSSports.com. July 4, 2021. Archived from the original on July 4, 2021. Retrieved July 4, 2021.
""Bucks' Giannis Antetokounmpo: Cleared for Game 1"". CBSSports.com. July 7, 2021. Archived from the original on August 4, 2021. Retrieved August 4, 2021.
Bontemps, Tim (July 7, 2021). ""Giannis on injury: Initially feared I'd be out a year"". ESPN.com. Archived from the original on July 7, 2021. Retrieved July 7, 2021.
Maloney, Jack (July 8, 2021). ""Bucks vs. Suns NBA Finals score, takeaways: Chris Paul, Phoenix top Giannis Antetokounmpo, Milwaukee in Game 2"". CBS Sports. Archived from the original on July 9, 2021. Retrieved July 8, 2021.
Steele, Ben (July 11, 2021). ""Bucks 120, Suns 100: Giannis Antetokounmpo's 41 points help cut Phoenix's lead to 2-1 in NBA Finals"". Milwaukee Journal Sentinel. Archived from the original on July 12, 2021. Retrieved July 12, 2021.
Rohrbach, Ben (July 11, 2021). ""Bucks make NBA Finals a series again on strength of Giannis Antetokounmpo's 41 points"". Yahoo Sports. Archived from the original on July 12, 2021. Retrieved July 11, 2021.
""Suns vs. Bucks - Game Summary - July 20, 2021 - ESPN"". ESPN.com. Archived from the original on July 21, 2021. Retrieved July 21, 2021.
Bontemps, Tim (July 20, 2021). ""Giannis Antetokounmpo scores 50 points in Game 6 of NBA Finals, Milwaukee Bucks win club's 1st NBA title since 1971"". ESPN. Archived from the original on July 21, 2021. Retrieved July 20, 2020.
""Giannis Antetokounmpo wins 2021 NBA Finals MVP: Bucks star becomes youngest winner since Kawhi Leonard in 2014"". CBSSports.com. July 21, 2021. Archived from the original on July 23, 2021. Retrieved July 22, 2021.
""NBA Finals 2021: Milwaukee Bucks star Giannis Antetokounmpo reflects on his incredible journey to the top"". August 15, 2021. Archived from the original on February 20, 2022. Retrieved February 20, 2022.
""Giannis Antetokounmpo joins Michael Jordan and Hakeem Olajuwon in unique feature"". July 21, 2021. Archived from the original on February 20, 2022. Retrieved February 20, 2022.
""Nets vs. Bucks score, takeaways: Giannis Antetokounmpo leads Milwaukee to double-digit win in opener"". CBSSports.com. October 20, 2021. Archived from the original on November 21, 2021. Retrieved November 21, 2021.
""Three Crazy Facts About Giannis Antetokounmpo's Triple-Double vs. Warriors"". WI Sports Heroics. January 14, 2022. Archived from the original on January 14, 2022. Retrieved January 14, 2022.
Jajodia, Advait (January 14, 2022). ""'Giannis Antetokounmpo is the perfect combination of dominance and high-efficiency basketball': NBA Twitter applauds the Bucks MVP for becoming the only player to record a special feat in the last 40 seasons"". The SportsRush. Archived from the original on January 14, 2022. Retrieved January 14, 2022.
""Giannis ties Jordan on triple-double list, Bucks beat Warriors"". Eurohoops. January 14, 2022. Archived from the original on January 14, 2022. Retrieved January 14, 2022.
Maloney, Jack (January 14, 2022). ""Giannis Antetokounmpo leads Bucks to dominant win over Warriors, ties Michael Jordan with 28 triple-doubles"". CBS Sports. Archived from the original on January 14, 2022. Retrieved January 14, 2022 – via MSN.
Samillano, Gerard (February 6, 2022). ""Giannis Antetokounmpo, Bucks make NBA history with never-before-seen feat"". ClutchPoints. Archived from the original on February 8, 2022. Retrieved February 8, 2022.
Sparks, Cory (February 7, 2022). ""The Bucks' Starters Made History in Their Blowout Win Over the Clippers"". Wisconsin Sports Heroics. Archived from the original on February 7, 2022. Retrieved February 8, 2022.
""Giannis scores 44, leads Bucks' 131-116 win over Lakers"". NBA.com. February 9, 2022. Archived from the original on February 9, 2022. Retrieved February 9, 2022.
""Giannis leads Bucks past LeBron's Lakers, Suns record NBA-high 44th win"". Sports Max. February 9, 2022. Archived from the original on February 10, 2022. Retrieved February 10, 2022. With his latest standout display, Antetokounmpo joins Wilt Chamberlain and Kareem Abdul-Jabbar as only the third person with 40+ points, 10+ rebounds and five-or-more assists on 85-per-cent-plus shooting in a game.
Manwami, Akshay (February 9, 2022). ""'We ain't on their level' – LeBron James refuses to put LA Lakers and Milwaukee Bucks on same pedestal after blowout loss"". Sports Keeda. Archived from the original on February 10, 2022. Retrieved February 10, 2022.
""Bucks outlast Pacers behind Giannis' 50-point masterpiece"". NBA.com. February 16, 2022. Archived from the original on February 16, 2022. Retrieved February 16, 2022.
""Giannis scores 40, powers Bucks to big victory in Philly"". NBA.com. March 30, 2022. Archived from the original on March 30, 2022. Retrieved March 30, 2022.
""Giannis hits clutch 3 late in 4th quarter, finishes Nets in OT"". NBA.com. April 1, 2022. Archived from the original on April 1, 2022. Retrieved April 1, 2022.
Samillano, Gerard (March 31, 2022). ""Giannis Antetokounmpo etches name in Bucks history over Kareem Abdul-Jabbar"". ClutchPoints. Archived from the original on April 3, 2022. Retrieved March 31, 2022.
""Kia MVP Ladder: Nikola Jokic finishes season at top in memorable chase"". NBA.com. April 15, 2022. Archived from the original on April 16, 2022. Retrieved April 16, 2022.
""DeRozan scores playoff career-high 41 as Bulls take Game 2"". NBA.com. April 21, 2022. Archived from the original on May 5, 2022. Retrieved April 22, 2022.
""Bucks control Celtics to win Game 1 on the road"". NBA.com. May 1, 2022. Archived from the original on May 7, 2022. Retrieved May 1, 2022.
""Giannis Antetokounmpo has the most career triple-doubles for the Bucks in the playoffs, with 2 triple-doubles"". StatMuse.com. May 2, 2022. Archived from the original on May 12, 2022. Retrieved May 12, 2022.
""Celtics force Game 7 behind Tatum's 46-point masterpiece"". NBA.com. May 14, 2022. Archived from the original on March 12, 2023. Retrieved May 14, 2022.
""Players in NBA playoff history with 40 or more points and 20 or more rebounds 5 or more assists in one game"". StatMuse.com. May 14, 2022. Archived from the original on May 14, 2022. Retrieved May 14, 2022.
""Celtics dominate Bucks in Game 7 to reach East finals"". NBA.com. May 15, 2022. Archived from the original on April 28, 2022. Retrieved May 15, 2022.
""Giannis Antetokounmpo posts historic series numbers despite Bucks' second-round loss to Celtics"". CBSSports.com. May 15, 2022. Archived from the original on October 19, 2023. Retrieved May 16, 2022.
""NBA announces 2021-22 Kia All-Defensive 1st and 2nd Teams"". NBA.com. May 21, 2022. Archived from the original on May 21, 2022. Retrieved May 21, 2022.
""Bucks stars Giannis Antetokounmpo, Jrue Holiday named to NBA all-defensive teams"". Yahoo. May 21, 2022. Archived from the original on May 21, 2022. Retrieved May 21, 2022.
""Giannis Antetokounmpo, Nikola Jokic, Luka Doncic lead 2021-22 Kia All-NBA 1st Team"". NBA.com. May 24, 2022. Archived from the original on May 25, 2022. Retrieved May 24, 2022.
""Bucks star Antetokounmpo earns unanimous All-NBA first team"". WeAreGeenBay. May 24, 2022. Archived from the original on May 25, 2022. Retrieved May 24, 2022.
""Antetokounmpo scores 44 points, Bucks rout Rockets 125–105"". ESPN.com. October 22, 2022. Archived from the original on October 23, 2022. Retrieved October 23, 2022.
""Bucks use lopsided run after Nash ejected, beat Nets 110–99"". ESPN.com. October 26, 2022. Archived from the original on October 27, 2022. Retrieved October 27, 2022.
""Kia MVP Ladder: Top 5 performances to open 2022-23"". NBA.com. October 28, 2022. Archived from the original on November 10, 2022. Retrieved October 29, 2022.
""Giannis has triple-double, Bucks beat Wolves for 8–0 start"". ESPN.com. November 4, 2022. Archived from the original on October 27, 2022. Retrieved October 27, 2022.
""DeRozan scores 42 points, Bulls beat Bucks 119–113 in OT"". ESPN.com. December 28, 2022. Archived from the original on January 3, 2023. Retrieved December 29, 2022.
""Giannis Antetokounmpo joins elite club with 2nd straight 40-20-5 game"". ESPN.com. December 30, 2022. Archived from the original on December 31, 2022. Retrieved December 31, 2022.
Pagaduan, Jedd (January 3, 2023). ""Bucks star Giannis Antetokounmpo's immediate response to decimating Wizards with 55-point eruption"". ClutchPoints. Archived from the original on January 4, 2023. Retrieved January 3, 2023.
Nehm, Eric; Koreen, Eric (January 5, 2023). ""Giannis Antetokounmpo notches 30-20-10 performance in OT win vs. Raptors"". Theathletic.com. Archived from the original on January 6, 2023. Retrieved January 6, 2023.
""2023 NBA All-Star starters announced"". NBA.com. Archived from the original on January 27, 2023. Retrieved January 29, 2023.
""Antetokounmpo scores 50 for Bucks; Pelicans lose 8th in row"". ESPN.com. January 29, 2023. Archived from the original on January 30, 2023. Retrieved January 30, 2023.
""Antetokounmpo scores 54 points, Bucks beat Clippers 106-105"". ESPN.com. February 2, 2023. Archived from the original on February 4, 2023. Retrieved February 4, 2023.
""Antetokounmpo has triple-double; Bucks win 7th straight"". ESPN.com. February 4, 2023. Archived from the original on February 5, 2023. Retrieved February 5, 2023.
""Giannis Antetokounmpo breaks Bucks' career assists record, exits with sprained right wrist"". NBA.com. February 16, 2023. Archived from the original on February 19, 2023. Retrieved February 19, 2023.
""2023 NBA All-Star Game score: Jayson Tatum breaks scoring record, wins MVP; LeBron James' streak ends"". www.cbssports.com. February 20, 2023. Archived from the original on March 29, 2023. Retrieved February 21, 2023.
""NBA All-Star Game 2023: Team Giannis gets 1st win, handing Team LeBron 1st loss as Jayson Tatum sets record"". Yahoo Sports. February 20, 2023. Archived from the original on March 30, 2023. Retrieved March 30, 2023.
""Antetokounmpo, Lopez lead Bucks past Raptors, 118-111"". ESPN.com. March 19, 2023. Archived from the original on March 21, 2023. Retrieved March 21, 2023.
Wilson, Phillip (March 30, 2023). ""Holiday has career-high 51 points, Bucks beat Pacers 149-136"". AP News. Archived from the original on March 31, 2023. Retrieved March 30, 2023.
Villas, Rexwell (April 11, 2023). ""Giannis Antetokounmpo leads all superstars in NBA Finals MVP odds ahead of playoffs"". ClutchPoints. Archived from the original on April 12, 2023. Retrieved April 12, 2023.
""Kia MVP Ladder: Nikola Jokic edges out Joel Embiid for No. 1"". NBA.com. April 16, 2023. Archived from the original on April 14, 2023. Retrieved April 16, 2023.
""Giannis Antetokounmpo misses Game 3 with lower back injury"". NBA.com. April 23, 2023. Archived from the original on April 30, 2023. Retrieved April 30, 2023.
""Butler scores 56, Heat stun Bucks 119-114 for 3-1 lead"". ESPN.com. April 25, 2023. Archived from the original on May 2, 2023. Retrieved April 30, 2023.
""Heat rally again to win in OT, eliminate top-seeded Bucks"". ESPN.com. April 27, 2023. Archived from the original on May 12, 2023. Retrieved April 27, 2023.
Wojnarowski, Adrian (October 23, 2023). ""Agent: Giannis Antetokounmpo secures 3-year, $186M extension"". ESPN. Archived from the original on October 23, 2023. Retrieved October 23, 2023.
Pagaduan, Jedd (November 9, 2023). ""Bucks' Giannis Antetokounmpo breaks silence after 54-point night goes to waste"". ClutchPoints. Archived from the original on November 10, 2023. Retrieved November 9, 2023.
Stone, Jackson (November 9, 2023). ""Bucks' Giannis Antetokounmpo reaches epic Michael Jordan territory vs Pacers"". ClutchPoints. Archived from the original on November 10, 2023. Retrieved November 9, 2023.
""Antetokounmpo scores 40 as Bucks top Mavericks 132-125"". ESPN.com. Associated Press. November 19, 2023. Archived from the original on November 19, 2023. Retrieved November 19, 2023.
Dugandzic, Matthew (November 20, 2023). ""Giannis Antetokounmpo sets NBA record in the win versus the Dallas Mavericks"". Sports Illustrated. Archived from the original on November 20, 2023. Retrieved November 20, 2023.
Villas, Rexwell (November 20, 2023). ""Bucks' Giannis Antetokounmpo joins Kareem Abdul-Jabbar club with record-tying feat"". ClutchPoints. Archived from the original on November 21, 2023. Retrieved November 20, 2023.
""Giannis Antetokounmpo drops career-high 64 points, Bobby Portis ejected as Bucks fly past Pacers"". Yahoo Sports. December 14, 2023. Archived from the original on December 14, 2023. Retrieved December 14, 2023.
""Kia MVP Ladder: Giannis Antetokounmpo climbing after 64-point masterpiece"". NBA.com. December 15, 2023. Archived from the original on December 17, 2023. Retrieved December 17, 2023.
Postrado, Jay (December 17, 2023). ""Giannis Antetokounmpo' latest Bucks franchise record proves huge appetite for the ball"". ClutchPoints. Archived from the original on December 18, 2023. Retrieved December 17, 2023.
""Lillard joins 20,000-point club, Giannis has triple-double as Bucks defeat Spurs 132-119"". ESPN.com. December 19, 2023. Archived from the original on December 20, 2023. Retrieved December 21, 2023.
""Antetokounmpo gets triple-double as Bucks beat Cavs 126-116 in 1st game since Griffin was fired"". ESPN.com. January 24, 2024. Archived from the original on January 27, 2024. Retrieved January 27, 2024.
""2024 NBA All-Star starters announced"". NBA.com. Archived from the original on January 27, 2024. Retrieved January 27, 2024.
""Reaves' triple-double, tiebreaking 3 helps rally Lakers past Bucks in 2OTs without LeBron James"". ESPN.com. March 26, 2024. Retrieved March 28, 2024.
""Pacers celebrate 1st playoff series victory in a decade, beating Bucks 120-98 in Game 6"". ESPN.com. May 2, 2024. Retrieved May 15, 2024.
""2014 FIBA Basketball World Cup – Giannis Antetokounmpo"". FIBA.com. Archived from the original on March 15, 2016. Retrieved April 4, 2016.
""Greece Win Acropolis Tournament"". eurobasket2015.org. August 30, 2015. Archived from the original on October 23, 2015. Retrieved December 31, 2015.
""Giannis Antetokounmpo"". eurobasket2015.org. Archived from the original on November 16, 2016. Retrieved April 4, 2016.
""Giannis Antetokounmpo profile, FIBA Olympic Qualifying Tournament 2016"". FIBA.COM. Archived from the original on October 24, 2023. Retrieved September 4, 2023.
""archive.fiba.com: 2016 FIBA Olympic Qualifying Tournament"". archive.fiba.com. Archived from the original on January 10, 2017. Retrieved January 10, 2017.
""11-08-2017 / BELGRADE GREECE 83 - 81 MONTENEGRO"". Archived from the original on September 25, 2019. Retrieved September 25, 2019.
""Giannis Antetokounmpo to miss Eurobasket 2017; Greece Federation blames Bucks"". August 19, 2017. Archived from the original on September 25, 2019. Retrieved September 25, 2019.
""Giannis Antetokounmpo to miss EuroBasket"". August 19, 2017. Archived from the original on September 25, 2019. Retrieved September 25, 2019.
""Giannis Antetokounmpo Ruled Out of EuroBasket 2017 with Knee Injury"". Bleacher Report. Archived from the original on September 25, 2019. Retrieved September 25, 2019.
""The MVP exits: Giannis, Greece fail to advance at World Cup"". Sports Illustrated. Associated Press. Archived from the original on August 27, 2022. Retrieved August 27, 2022.
""Giannis ANTETOKOUNMPO 2019 FIBA Basketball World Cup STATISTICS"". Archived from the original on September 25, 2019. Retrieved September 25, 2019.
""New Horizons in store for Greece after World Cup disaster"". AGONAsport.com. Archived from the original on August 27, 2022. Retrieved August 27, 2022.
""Nikola Jokic pushes Serbia past Giannis Antetokounmpo and Greece in overtime"". basketnews.com. Archived from the original on August 27, 2022. Retrieved August 27, 2022.
""Giannis goes big as Greece usurp Ukraine to cement Group C top spot"". FIBA.basketball. Archived from the original on September 8, 2022. Retrieved September 8, 2022.
""Giannis makes history with 41 points, while trying to ""create art"""". Eurohoops. September 6, 2022. Archived from the original on September 8, 2022. Retrieved September 8, 2022.
""Germany's lights out show halts Giannis, Greece to reach Semi-Finals"". FIBA.basketball. September 13, 2022. Archived from the original on September 14, 2022. Retrieved September 14, 2022.
""Giannis ANTETOKOUNMPO at the FIBA EuroBasket 2022"". FIBA.basketball. Archived from the original on September 20, 2022. Retrieved September 18, 2022.
""Giannis ANTETOKOUNMPO - Player Profile - 2024 Summer Olympics"". FIBA.basketball. August 8, 2024. Retrieved August 8, 2024.
""Gilgeous-Alexander, Bogdanovic, F. Wagner, Yabusele, Antetokounmpo named to Paris 2024 All-Second Team"". FIBA.basketball. August 10, 2024. Retrieved August 22, 2024.
""Giannis ANTETOKOUNMPO - Player Profile - FIBA.basketball"". FIBA.basketball. August 8, 2024. Retrieved August 8, 2024.
""Giannis Antetokounmpo Stats"". Basketball Reference. Sports Reference. Archived from the original on October 15, 2013. Retrieved August 1, 2020.
""Giannis Antetokounmpo stats, details, videos, and news"". NBA.com. Archived from the original on September 22, 2020. Retrieved August 1, 2020.
Herring, Chris (October 26, 2017). ""Giannis Antetokounmpo Looks Like A Freaking MVP"". FiveThirtyEight. Archived from the original on March 22, 2022. Retrieved August 1, 2020.
Wong, Alex (October 29, 2017). ""Basketball's Positionless Savior Is Ready for Primetime"". The Atlantic. Archived from the original on July 17, 2021. Retrieved August 1, 2020.
Stein, Marc (October 29, 2017). ""The Unspeakable Greatness of Giannis Antetokounmpo"". The New York Times. Archived from the original on April 25, 2022. Retrieved August 1, 2020.
Paine, Neil (December 2, 2016). ""We've Never Seen A Player Quite Like Giannis Antetokounmpo"". FiveThirtyEight. Archived from the original on June 12, 2021. Retrieved August 1, 2020.
Boeder, Alex (March 3, 2017). ""A Couple of Ways Giannis Can Become Even Better"". NBA.com. Archived from the original on June 12, 2021. Retrieved August 1, 2020.
Cato, Tim (December 18, 2017). ""Every time Giannis Antetokounmpo has gone from half court to the rim in 1 dribble"". SB Nation. Archived from the original on April 15, 2022. Retrieved August 1, 2020.
Brenner, Jordan (November 8, 2018). ""Why the Eurostep is the NBA's most controversial move -- and its most lethal"". ESPN.com. Archived from the original on April 8, 2022. Retrieved August 1, 2020.
""How Kawhi Leonard and the Raptors have shut down Giannis Antetokounmpo to take control of the conference finals"". CBSSports.com. May 25, 2019. Archived from the original on June 13, 2021. Retrieved October 16, 2020.
Dubin, Jared (January 7, 2020). ""Giannis Antetokounmpo Is Creating More Than Ever"". FiveThirtyEight. Archived from the original on December 31, 2021. Retrieved August 1, 2020.
Sampson, Brian (May 20, 2020). ""Bucks' Giannis Antetokounmpo Has NBA's Best Case For Defensive Player Of The Year"". Forbes. Archived from the original on June 16, 2021. Retrieved August 1, 2020.
Devine, Dan (March 25, 2020). ""If the NBA Season Is Over, Who Deserves Defensive Player of the Year?"". The Ringer. Archived from the original on April 19, 2022. Retrieved August 1, 2020.
""Mears: How the Milwaukee Bucks Built the NBA's Best Defense | The Action Network"". Action Network. February 21, 2019. Archived from the original on February 27, 2021. Retrieved August 2, 2020.
Herring, Chris (February 27, 2020). ""Few Teams Have Ever Defended Like These Milwaukee Bucks"". Archived from the original on April 4, 2022. Retrieved August 2, 2020.
""Bucks' Giannis Antetokounmpo Named 2019-20 NBA Defensive Player of the Year"". Bleacher Report. August 25, 2020. Archived from the original on September 21, 2021. Retrieved August 25, 2020.
""Giannis Antetokounmpo | NBA's 75 Anniversary"". NBA. Archived from the original on October 21, 2021. Retrieved October 21, 2021.
Radcliffe, J. R. (September 23, 2020). ""Giannis Antetokounmpo lands on the Time 100 list of most influential people of 2020"". Milwaukee Journal Sentinel. Archived from the original on December 26, 2021. Retrieved November 15, 2021.
Cato, Tim (April 12, 2017). ""Giannis Antetokounmpo became the 1st player to finish in the top-20 in all major stats"". SBNation.com. Archived from the original on April 13, 2017. Retrieved April 12, 2017.
""FANTASY BASKETBALL: 12-TEAM, 1ST-ROUND MOCK DRAFT FOR 2022-23"". NBA.com. September 23, 2022. Archived from the original on September 23, 2022. Retrieved September 24, 2022.
""Giannis Antetokounmpo Is 5th Player to Lead Team in Pts, Reb, Ast, Stl & Blks"". Bleacher Report. April 13, 2017. Archived from the original on September 24, 2022. Retrieved September 24, 2022.
""NBA Star Giannis Antetokounmpo Is Lending His Name to an ETF"". Bloomberg.com. August 29, 2022. Retrieved September 7, 2022.
Carey, Matthew (September 16, 2022). ""National Geographic Launches 'The Flagmakers', Stirring Doc On Diverse Workers At American Flag Factory, With NBA Star Giannis Antetokounmpo As EP"". Deadline. Archived from the original on February 26, 2023. Retrieved February 26, 2023.
Chouinard, KL (January 2, 2014). ""Giannis Antetokounmpo's other name"". Bucksketball.com. Archived from the original on January 5, 2014. Retrieved April 9, 2016.
""Xronia polla to Giannis Antetokounmpo, who turns 24 today"". greekcitytimes.com. December 6, 2018. Archived from the original on April 13, 2019. Retrieved April 13, 2019.
""Why Does Giannis Antetokoumpo Wear 34 for the Milwaukee Bucks?"". July 15, 2021. Archived from the original on October 24, 2021. Retrieved July 22, 2021.
Helin, Kurt (October 23, 2013). ""Greece wanted nothing to do with his family until NBA noticed Antetokounmpo's basketball skills"". NBCSports.com. Archived from the original on March 23, 2016. Retrieved April 4, 2016.
""How a Greek Orthodox Priest Made Giannis Antetokounmpo a Devout Christian"". June 2013. Archived from the original on December 11, 2019.
Gruman, Andrew (February 3, 2014). ""Family matters: Bucks rookie Antetokounmpo reunited with family"". FoxSports.com. Archived from the original on September 24, 2015. Retrieved December 31, 2015.
""Antetokounmpo brothers to begin 3-month military service"". naftemporiki. July 12, 2016. Archived from the original on July 13, 2016. Retrieved July 12, 2016.
Steinberg, Russell (June 27, 2014). ""2014 NBA Draft Results: Knicks select Thanasis Antetokounmpo with 51st pick"". SBNation.com. Archived from the original on March 3, 2016. Retrieved December 31, 2015.
""Bucks Sign Thanasis Antetokounmpo"". Milwaukee Bucks. Archived from the original on July 18, 2019. Retrieved July 30, 2019.
Mitchell, Greg (October 3, 2016). ""Dayton's Kostas Antetokounmpo ruled ineligible for 2016-17"". Mid-Major Madness. Archived from the original on April 23, 2019. Retrieved April 23, 2019.
Maggi, Alessandro (July 16, 2021). ""Kostas Antetokounmpo signs with Asvel"". Sportando. Archived from the original on January 20, 2022. Retrieved July 23, 2021.
Dye, Natasha (December 18, 2023). ""Giannis Antetokounmpo's Fiancée Mariah on Finding Her 'Own Identity' by 'Giving Back' to Milwaukee (Exclusive)"". People. Retrieved February 19, 2024.
Thompson, Eliza (September 18, 2023). ""NBA Player Giannis Antetokounmpo and Mariah Riddlesprigger's Relationship Timeline"". Us Weekly. Retrieved September 1, 2024.
""Giannis is a dad! Bucks star and girlfriend Mariah Riddlesprigger welcome Liam Charles Antetokounmpo"". USA Today. Gannett. Archived from the original on July 16, 2021. Retrieved February 17, 2020.
""Our healthy baby boy, Maverick Shai Antetokounmpo, was born on August 18, 2021"". Instagram. sincerelyymariah. Archived from the original on March 30, 2022. Retrieved March 30, 2022.
Kissel, Thomas (November 12, 2021). ""Giannis Antetokounmpo Announces the Name of His Second Son"". Greek Reporter. Archived from the original on November 17, 2021. Retrieved March 30, 2022.
Latimer, Jolene. ""Giannis Antetokounmpo's 3 Kids: All About Liam, Maverick and Eva"". people. Archived from the original on December 25, 2023. Retrieved December 25, 2023.
""Giannis Antetokounmpo and Mariah Riddlesprigger tied the knot with Khris Middleton being the best man"". Eurohoops.net. September 1, 2024. Retrieved September 1, 2024.
""Giannis Antetokounmpo, Zion Williamson among stars aiding arena workers"". March 13, 2020. Archived from the original on April 8, 2022. Retrieved March 14, 2020.
""Antetokounmpo family donates 20,000 masks to Athens and Zografou"". Eurohoops.net. April 8, 2020. Archived from the original on June 27, 2021. Retrieved June 20, 2021.
""Milwaukee Bucks' Giannis Antetokounmpo purchases stake in Milwaukee Brewers"". ESPN.com. August 20, 2021. Archived from the original on April 14, 2022. Retrieved August 21, 2021.
""INTER VLOG - A jump and we're in the USA, CHICAGO - MILWAUKEE"". YouTube. December 13, 2022. Archived from the original on December 14, 2022. Retrieved December 14, 2022.
""Filip Forsberg, Giannis Antetokounmpo Join Nashville Soccer Club Ownership Group"". nashvillesc.com. March 2, 2023. Archived from the original on March 2, 2023. Retrieved March 2, 2023.
""NBA All-Star Giannis Antetokounmpo Becomes Stakeholder of Canadian Confectionary Brand, Candy Funhouse"". Yahoo Finance. June 6, 2023. Retrieved May 10, 2024.
Rice, Lynette (September 6, 2023). ""Fly On The Wall Partners With Giannis Antetokounmpo's Candy Funhouse On Competition Series"". Deadline. Retrieved May 10, 2024.
""I Am Giannis"". Nike. July 1, 2019. Archived from the original on October 28, 2021 – via YouTube.
","
Al Horford

In this Spanish name, the first or paternal surname is  Horford and the second or maternal family name is  Reynoso.
Alfred Joel Horford Reynoso OMDSM (born June 3, 1986), nicknamed ""Big Al"", is a Dominican professional basketball player for the Boston Celtics of the National Basketball Association (NBA). He is a five-time NBA All-Star and won the 2024 NBA Finals.
Horford played college basketball for the Florida Gators and was the starting center on their back-to-back National Collegiate Athletic Association (NCAA) national championships teams in 2006 and 2007. He was drafted with the third overall pick in the 2007 NBA draft by the Atlanta Hawks, with whom he played nine seasons before signing with the Celtics as a free agent in the 2016 off-season. 
After three seasons in Boston, Horford signed with the Philadelphia 76ers in the 2019 offseason and played a season with them before being traded in the 2020 offseason to the Oklahoma City Thunder. Prior to the 2021 season, Horford was traded back to the Celtics. He reached the NBA Finals in 2022 and 2024, winning his first title in the latter after playing 186 career playoff games without one, the second most all-time.
Horford was born in Puerto Plata, Dominican Republic. His father, Tito Horford, played in the National Basketball Association (NBA) for three years and several more in other countries. In 2000, Horford and his family moved to Lansing, Michigan, where he attended Grand Ledge High School in Grand Ledge, Michigan, and was a star on its basketball team. Horford holds seven school records, including most career points (1,239). As a senior, he was named ""Class A Player of the Year"" after averaging 21 points, 13 rebounds, and five blocks per game. While at Grand Ledge, Horford played AAU basketball for the Michigan Mustangs, who were runners-up in the Adidas Big Time National Tournament. Considered a four-star recruit by Rivals.com, he was listed as the No. 7 power forward and the No. 36 player in the nation in 2004.
Horford accepted an athletic scholarship to attend the University of Florida, choosing the Gators over Michigan, Michigan State, and Ohio State. There, he played for coach Billy Donovan and teamed up alongside Joakim Noah, Corey Brewer and Taurean Green. Horford made an immediate impact for the Gators in 2004–05, starting at center in the front court with David Lee, and helped the Gators win the 2005 Southeastern Conference tournament championship.
The Gators surged through the 2005–06 season, winning the SEC championship for a second straight year. They entered the 2006 NCAA tournament as the No. 3 seed. The Gators swept through the first four rounds to reach the Final Four, then defeated Cinderella team George Mason to reach the championship game, where they defeated UCLA for the school's first national title behind Horford's 14 points and seven rebounds.
In December 2006, midway through his junior year, Horford missed a series of games due to injury. Coach Donovan held him out of a game against Stetson in hopes that he would be adequately healed for a game in Gainesville against the third-ranked Ohio State Buckeyes on December 23. Though Donovan had previously announced that Horford would be unable to play, Horford entered the game from the bench to guard Ohio State's star freshman Greg Oden, holding him to seven points, well below his season average of 15. Horford recorded 11 points and 11 rebounds in limited action as the Gators defeated the Buckeyes. In the final home game of the season, on March 4, 2007, against Kentucky, Horford became the fourth player on his team to score 1,000 career points, scoring exactly the required 14 points to reach the milestone.
On April 2, 2007, the Gators repeated as national champions, becoming the first team to do so since the 1991–92 Duke Blue Devils, and the first ever to do so with the same starting lineup (Horford, Noah, Brewer, Green, and Lee Humphrey). They defeated Oden and Mike Conley Jr. in a rematch of the regular season, by a score of Gators 84, Buckeyes 75. Three days later, Horford, Noah, Brewer and Green all declared for the NBA draft.
On June 28, 2007, Horford was selected by the Atlanta Hawks with the third overall pick in the 2007 NBA draft. On July 9, he signed his rookie scale contract with the Hawks.
As a rookie in 2007–08, Horford was the only player unanimously selected to the NBA All-Rookie First Team; he was also runner-up for Rookie of the Year honors and was named Rookie of the Month on four occasions. Horford became the first Atlanta draftee to earn first team honors since Stacey Augmon in 1991–92. Horford averaged 10.1 points, 9.7 rebounds, 1.5 assists, 0.9 blocks, 0.7 steals and 31.4 minutes in 81 games (77 starts). The Hawks finished the regular season with a 37–45 record and entered the playoffs as the eighth seed in the Eastern Conference. In their first round match-up with the Boston Celtics, Horford helped the Hawks take the eventual champions to seven games, losing the series 4–3. In the series, Horford averaged 12.6 points and 10.4 rebounds per game.
In 2008–09, Horford started all 67 games he played, averaging 11.5 points, 9.3 rebounds, 2.4 assists, 1.4 blocks and 0.8 steals in 33.5 minutes. With a 47–35 record, the Hawks entered the playoffs as the fourth seed in the East. Horford helped the Hawks advance to the second round where they were swept by the Cleveland Cavaliers; Horford missed Game 2 of the series due to injury.
Horford had an outstanding season in 2009–10, becoming the first Hawks draft pick to earn an All-Star berth since Kevin Willis did so in 1992. Horford contributed 14.2 points, 9.9 rebounds, 2.3 assists, 1.1 blocks and 0.7 steals in 35.1 minutes (.551 FG%, .789 FT%), appearing in 81 games. He ranked eighth in the NBA in field goal percentage, 10th in rebounds, tied for ninth in offensive rebounds (2.9), and 26th in blocks. He had a team-leading 39 double-doubles, which was tied for 11th in the NBA. Playing alongside Mike Bibby, Jamal Crawford, Joe Johnson, Josh Smith and Marvin Williams, the Hawks entered the playoffs as the third seed in the East with a 53–29 record. However, the team again suffered a second-round sweep, this time at the hands of the Orlando Magic.
On November 1, 2010, Horford signed a five-year, $60 million contract extension with the Hawks.
During the 2011 NBA All-Star Weekend, Horford was an All-Star for the second straight year, and he was also a member of the Atlanta team that won the Shooting Stars Competition. In 77 games in 2010–11, Horford posted averages of 15.3 points, 9.3 rebounds, 3.5 assists, 1.0 blocks and 0.8 steals (.557 FG%, .500 3FG%, .798 FT%). He ranked fifth in the NBA in field goal percentage, 28th in blocks and 16th in efficiency (22.5). Horford was also one of the top all-around rebounders in the league, finishing 11th in rebounds, seventh in defensive rebounds (7.0) and tied for 24th in offensive rebounds (2.4). He had 36 double-doubles (tied for ninth in NBA), including one 20/20 game. He was named Third-Team All-NBA. With a 44–38 record, the Hawks entered the playoffs as the fifth seed in the East. They reached the second round again, where they lost 4–2 to the Chicago Bulls.
Due to the 2011 NBA lockout, the 2011–12 season did not begin until December 25, 2011. Horford appeared in the Hawks' first 11 games of the season before missing the final 55 due to a torn left pectoral muscle, an injury suffered on January 11, 2012, against the Indiana Pacers. On January 17, he underwent surgery to repair the muscle and was ruled out for three-to-four months. With a 40–26 record, the Hawks entered the playoffs as the fifth seed in the East. Horford missed an additional three playoff games before returning to action in Game 4 of the Hawks' first round series against the Boston Celtics. He played out the series, which the Hawks lost 4–2.
In 2012–13, Horford started all 74 games he played, averaging a career-high 17.4 points, career-high 10.2 rebounds, 3.2 assists, 1.1 blocks and career-high 1.1 steals in 37.2 minutes. He recorded 43 double-doubles (20 20-point/10-rebound games), including one in points and assists. Horford scored 20-plus points in nine consecutive games (February 11 – March 3) for the first time in his career. On November 26, 2012, Horford was named Eastern Conference Player of the Week for the first time in his career. On February 27, 2013, Horford scored a career-high 34 points in a 102–91 win over the Utah Jazz. With a 44–38 record, the Hawks entered the playoffs as the sixth seed in the East. In their first round match-up against the Indiana Pacers, the Hawks were defeated 4–2 despite a playoff career-high 16.7 points per game from Horford over the six games.
Over the first 29 games of the 2013–14 season, Horford posted nine double-doubles and scored in double-figures 28 times, including 13 20-point outings and one 30-point game. Over this stretch, he averaged a career-best 18.6 points per game. However, another shoulder injury suffered on December 26, 2013, sidelined Horford for the rest of the season. Initially considered a ""bruised right shoulder"", the injury turned out to be a complete tear of his right pectoral muscle, and required season-ending surgery. Horford did not play in the postseason, where the Hawks lost in the first round to the Indiana Pacers.
In 2014–15, Horford played in 76 regular season games, the most since the 2010–11 season. On December 22, 2014, he was named Eastern Conference Player of the Week for games played Monday, December 15 through Sunday, December 21. Horford earned the award for just the second time in his career. On January 13, 2015, Horford recorded his first career triple-double with 21 points, 10 rebounds and 10 assists in a 105–87 win over the Philadelphia 76ers. Six days later, Horford was named Eastern Conference Player of the Week for games played Monday, January 12 through Sunday, January 18. On January 29, he earned his third All-Star nod as a reserve for the Eastern Conference in the 2015 NBA All-Star Game. In a brilliant stretch of play from December 7 to January 31, Horford scored in double digits in 28 consecutive games. Between December and January, the Hawks went 28–2 and had a franchise-best 19 game winning streak. Behind Horford and fellow All-Star teammates Paul Millsap, Kyle Korver and Jeff Teague, the Hawks finished the regular season with the best record in the East at 60–22, and advanced through to the Eastern Conference Finals for the first time since the 1960s, when the franchise was located in St. Louis. There, they were defeated by the Cleveland Cavaliers in four games.
In 2015–16, Horford played in all 82 regular season games for the first time in his career. On November 11, 2015, Horford scored 26 points and made a career-high four three-pointers in a 106–98 win over the New Orleans Pelicans. On December 4, Horford scored 16 points against the Los Angeles Lakers to extend his streak of double-digit games to 22, setting a career high. Horford's streak came to an end at 23 after scoring nine points against the Oklahoma City Thunder in the Hawks' 24th game of the season on December 10. On February 12, 2016, Horford was named to replace the injured Chris Bosh on the 2016 Eastern Conference All-Star team, thus marking his fourth All-Star selection. On February 28, Horford recorded his 200th career double-double with 13 points and 16 rebounds in an 87–76 win over the Charlotte Hornets. With a 48–34 record, the Hawks entered the playoffs as the fourth seed in the East. They reached the second round where they were swept by the Cavaliers for the second straight year.
On July 1, 2016, Horford became an unrestricted free agent. The Hawks were optimistic they could reach a new deal with Horford, but after the team committed much of their salary cap to pick up Dwight Howard, it would have taken a max offer to land Horford.
On July 8, 2016, Horford signed a four-year, $113 million contract with the Boston Celtics and said he was looking forward to working with Celtics head coach Brad Stevens and the rest of the team to bring a championship trophy back to Boston. Horford made his Celtics debut in their season-opening 122–117 victory over the Brooklyn Nets on October 26, 2016, recording 11 points, five rebounds, and six assists. Horford appeared in the team's first three games of the season, but then missed nine straight games with a concussion. He returned to action on November 19 and had 18 points, 11 rebounds, and five assists in a narrow 94–92 road victory over the Detroit Pistons. On March 19, 2017, Horford scored a season-high 27 points in a 105–99 loss to the Philadelphia 76ers. In Game 1 of the Celtics' second-round playoff series against the Washington Wizards, Horford nearly had a triple-double with 21 points, 10 rebounds, and nine assists during a 123–111 victory. The Celtics went on to reach the Eastern Conference Finals, where they lost to the Cleveland Cavaliers in five games.
On November 12, 2017, Horford returned from a two-game absence with a concussion and scored 21 points on 8-of-9 shooting to help the Celtics hang on to narrowly beat the Toronto Raptors 95–94 for their 12th straight victory. On December 2, he recorded 14 points, five rebounds, and a career-best 11 assists in a 116–111 victory over the Phoenix Suns. Two days later, Horford recorded 20 points, nine rebounds, and eight assists in a 111–100 victory over the Milwaukee Bucks. On February 4, 2018, he made a 15-foot fadeaway jumper at the buzzer to lift the Celtics to a narrow 97–96 victory over the Portland Trail Blazers, finishing with 22 points, 10 rebounds, and five assists. He made his fifth All-Star team when he was nominated as a reserve for the 2018 NBA All-Star Game. In Game 1 of the Celtics' first-round playoff series against the Bucks, Horford had 24 points and 12 rebounds during a 113–107 overtime victory. In Game 7, Horford had 26 points, eight rebounds, and three assists during a 112–96 victory over the Bucks. The Celtics went on to reach the Eastern Conference Finals, where they were defeated in seven games by the Cavaliers.
On October 19, 2018, Horford had 14 points, 10 rebounds, and nine assists in a 113–101 loss to the Raptors. In December, he missed seven games with a sore left knee. On December 29, Horford scored 18 points with a career high-tying five three-pointers to go along with five rebounds and three assists in a 112–103 road victory over the Memphis Grizzlies. On February 21, 2019, he recorded 21 points, five assists, and a season-high 17 rebounds in a narrow 98–97 loss to the Bucks. On April 1, Horford recorded his second career triple-double with 19 points, 11 rebounds, and 10 assists in a 110–105 victory over the Miami Heat.
On July 10, 2019, Horford signed with the Philadelphia 76ers. An unrestricted free agent, Horford signed a four-year, $97 million (with $12 million in bonuses) contract.
On October 23, 2019, Horford made his 76ers debut, recording 16 points, two rebounds, and three assists in a 107–93 victory over his former team, the Boston Celtics. On November 4, Horford scored a season-high 32 points, alongside five rebounds, four assists, and two steals in a 114–109 loss to the Phoenix Suns. The 76ers faced the Celtics during their first-round playoff series, but they were eliminated in a four-game sweep, with Horford only averaging 7.0 points per game.
On December 8, 2020, Horford was traded, alongside a 2025 first-round pick and the draft rights to Théo Maledon and Vasilije Micić, to the Oklahoma City Thunder in exchange for Terrance Ferguson, Danny Green and Vincent Poirier. Horford's arrival came three months after his former college coach, Billy Donovan, left the Thunder.
Horford made his Thunder debut on December 26, 2020, recording three points, three assists, and a season-high 13 rebounds in a narrow 109–107 victory over the Charlotte Hornets. On February 5, 2021, Horford scored a season-high 26 points, alongside seven rebounds, eight assists, two steals, and three blocks in a 106–103 loss to the Minnesota Timberwolves. On March 27, the Thunder announced that Horford would sit out the rest of the season as the team prioritized developing its younger players.
On June 18, 2021, Horford was traded, alongside Moses Brown and a 2023 second-round pick, to the Boston Celtics in exchange for Kemba Walker, the 16th overall pick in the 2021 NBA draft, and a 2025 second-round pick. On March 3, 2022, Horford helped the Celtics to a 120–107 victory over the Memphis Grizzlies, with a season-high 21 points and 15 rebounds.
On May 7, 2022, in Game 3 of the Eastern Conference Semifinals, Horford scored 22 points to go along with 16 rebounds, five assists, two blocks, and no turnovers in a 103–101 loss against the reigning champion Milwaukee Bucks. Two days later in Game 4, he recorded a playoff career-high 30 points, along with eight rebounds on 11-of-14 shooting from the field and had a playoff career-high 5-of-7 shooting from three-point range in a 116–108 victory to tie the series at 2–2.
On May 29, 2022, Horford had five points and 14 rebounds as he reached the NBA Finals for the first time in his 15-year career when the Celtics defeated the Miami Heat by a score of 100–96 in Game 7 of the Eastern Conference Finals. Before doing so, Horford set a record for the most playoff games without an NBA Finals appearance, with 141. He also became the first Dominican to reach the NBA Finals. In Game 1 of the Finals four days later, Horford led the Celtics to a 120–108 comeback victory over the Golden State Warriors with 26 points and six rebounds. He hit six three-pointers during the game, setting an NBA record for most threes made by a player in his Finals debut. The Celtics took a 2–1 series lead, but eventually lost in six games despite Horford's 19-point, 14-rebound outing during the 103–90 close-out loss in Game 6 on June 16.
On December 1, 2022, Horford signed a two-year, $20 million extension with the Celtics.
With the arrival of Kristaps Porziņģis during the 2023 offseason, Horford would assume the role of a reserve, after having started nearly every game up to that point. On April 29, 2024, in Game 4 of the first round of the playoffs against the Miami Heat, Porziņģis was injured, putting Horford in line to be the Celtics' starting center. On May 15, in Game 5 of the Eastern Conference Semifinals against the Cleveland Cavaliers, he recorded 22 points, 15 rebounds, five assists, and three steals in the close-out 113–98 victory, becoming the first player in NBA history to record 10+ rebounds, 5+ three-pointers, 5+ assists, and 3+ blocks. Ten days later, in Game 3 of the Eastern Conference Finals against the Indiana Pacers, Horford scored 23 points on a career-high seven three-pointers in a 114–111 comeback victory. The Celtics swept the Pacers in four games and advanced to the 2024 NBA Finals, where he started in all five games as they defeated the Dallas Mavericks, giving Horford his first NBA championship in his 186th career playoff game. This made Horford the first Dominican player to win an NBA championship.
Horford was a member of the Dominican Republic national team from 2008 to 2012. In 2011, he won a bronze medal at the FIBA Americas Championship and earned All-Tournament Team honors.
Horford was selected for the country's 30-man extended list ahead of the 2023 FIBA Basketball World Cup.
Horford's father, Tito Horford, also played basketball. Tito, whose father was a Bahamian immigrant, was recruited by Marian Christian High School in Houston and attended Louisiana State and Miami before being drafted in the second round of the 1988 NBA draft. Tito played three years in the NBA and several more overseas. His uncle, Kelly Horford, played at Florida Atlantic University in the early 1990s, while his brother, Jon Horford, played at Michigan and Florida. Horford also has two sisters and three younger brothers.
Horford is married to 2003 Miss Universe Amelia Vega. The couple are both from the Dominican Republic but met in Boston, Massachusetts at the Latin Pride Awards in 2007. Horford and Vega got married on Christmas Eve in 2011, right after the NBA lockout. David Ortiz lent the couple his Rolls-Royce Phantom for the wedding since there were no limos available. The couple have five children together.
On September 12, 2024, Horford visited the Dominican Republic with the Larry O'Brien Trophy, the first of his countrymen to be able to do so. For his contributions to Dominican basketball as well as the significance of his NBA championship win, Horford subsequently was awarded the Order of Merit of Duarte, Sánchez and Mella, the highest civilian and military honor in the Dominican Republic. 
Horford is a member of the Church of God Ministry of Jesus Christ International.
""Personal"". Horford15.com. Archived from the original on April 17, 2011. Retrieved January 27, 2012.{{cite web}}:  CS1 maint: bot: original URL status unknown (link)
""Al Horford"". Rivals.com. Archived from the original on July 2, 2016. Retrieved July 9, 2016.
""Gators clamp down on UCLA to win first NCAA title"". ESPN. April 3, 2006. Archived from the original on April 9, 2016. Retrieved July 9, 2016.
Brockway, Kevin (March 4, 2007). ""UF rebounds with record win over Kentucky"". Gainesville.com. Archived from the original on July 9, 2016. Retrieved July 9, 2016.
Vecsey, George (April 3, 2007). ""Two Star Players, Two Glimpses of the College Experience"". The New York Times. ISSN 0362-4331. Retrieved June 4, 2022.
Katz, Andy (April 5, 2007). ""Florida's four juniors to enter NBA draft"". ESPN. Archived from the original on January 15, 2016. Retrieved July 9, 2016.
""Hawks Take Al Horford At No. 3; Acie Law At No. 11"". NBA.com. Archived from the original on January 15, 2008. Retrieved July 9, 2016.{{cite web}}:  CS1 maint: bot: original URL status unknown (link)
""Transactions: 2007-08 Season"". NBA.com. Archived from the original on May 31, 2015. Retrieved July 9, 2016.
""Al Horford Stats, Video, Bio, Profile"". NBA.com. Archived from the original on July 8, 2016. Retrieved July 9, 2016.
""Al Horford 2007-08 Game Log"". Basketball-Reference.com. Archived from the original on July 4, 2016. Retrieved July 9, 2016.
""Al Horford 2008-09 Game Log"". Basketball-Reference.com. Archived from the original on July 4, 2016. Retrieved July 9, 2016.
""Cavs remain unbeaten in 2009 playoffs behind James' 27 points in three quarters"". ESPN. May 7, 2009. Archived from the original on December 24, 2014. Retrieved July 9, 2016.
""Al Horford 2009-10 Game Log"". Basketball-Reference.com. Archived from the original on June 19, 2016. Retrieved July 9, 2016.
Cunningham, Michael (November 1, 2010). ""Atlanta Hawks: Hawks, Horford agree to 5-year, $60 million contract extension"". AJC.com. Archived from the original on November 3, 2010. Retrieved July 9, 2016.{{cite web}}:  CS1 maint: bot: original URL status unknown (link)
""Al Horford agrees to five-year, $60M extension with Hawks"". USAToday.com. November 1, 2010. Archived from the original on October 25, 2016. Retrieved July 9, 2016.
""NBA All-Star Shooting Stars Winners"". NBA.com. August 24, 2017. Archived from the original on February 24, 2018.
""Al Horford has successful surgery"". ESPN. January 17, 2012. Archived from the original on February 25, 2022. Retrieved July 9, 2016.
""Notebook: Celtics 101, Hawks 79"". ESPN. May 6, 2012. Archived from the original on July 10, 2019. Retrieved July 9, 2016.
""HORFORD WINS EASTERN PLAYER OF THE WEEK HONORS"". NBA.com. November 26, 2012. Archived from the original on September 11, 2016. Retrieved July 9, 2016.
""Notebook: Hawks 102, Jazz 91"". NBA.com. February 27, 2012. Archived from the original on September 11, 2016. Retrieved July 9, 2016.
""Al Horford 2012-13 Game Log"". Basketball-Reference.com. Archived from the original on July 4, 2016. Retrieved July 9, 2016.
""Notebook: Hawks 127, Cavs 125 2OT"". NBA.com. December 26, 2013. Archived from the original on July 18, 2016. Retrieved July 9, 2016.
""HAWKS INJURY REPORT – DECEMBER 27, 2013"". NBA.com. December 27, 2013. Archived from the original on February 4, 2015. Retrieved July 9, 2016.
""Hawks' Horford has season-ending surgery"". NBA.com. December 31, 2013. Archived from the original on October 30, 2015. Retrieved July 9, 2016.
""Horford, Aldridge named Players of the Week"". NBA.com. December 22, 2014. Archived from the original on November 5, 2015. Retrieved July 9, 2016.
""Hawks storm past 76ers 105-87 for 9th straight win"". NBA.com. January 13, 2015. Archived from the original on January 23, 2016. Retrieved July 9, 2016.
""Al Horford Named NBA Eastern Conference Player of the Week"". NBA.com. January 19, 2015. Archived from the original on September 11, 2016. Retrieved July 9, 2016.
""Al Horford, Paul Millsap and Jeff Teague Named Eastern Conference All-Stars"". NBA.com. January 29, 2015. Archived from the original on February 1, 2015. Retrieved January 29, 2015.
Broom, Joshua (September 23, 2015). ""Atlanta Hawks Preview: Al Horford"". SoaringDownSouth.com. Archived from the original on August 22, 2016. Retrieved July 9, 2016.
""Pierce's shot too late, Hawks hold on to beat Wizards 94-91"". NBA.com. May 15, 2015. Archived from the original on December 25, 2018. Retrieved July 9, 2016.
""Horford, Millsap rally Hawks to 106-98 win over Pelicans"". NBA.com. November 11, 2015. Archived from the original on July 10, 2019. Retrieved November 11, 2015.
""Lowry sizzles in 4th, Raptors rally from 17 down to win"". NBA.com. December 2, 2015. Archived from the original on July 8, 2016. Retrieved December 2, 2015. Horford scored 12 points to extend his streak of double-digit games to 21, tying a career high
""Horford, Hawks spoil Bryant's last game in Atlanta"". NBA.com. December 4, 2015. Archived from the original on October 20, 2018. Retrieved December 4, 2015.
""Al Horford 2015-16 Game Log"". Basketball-Reference.com. Archived from the original on July 11, 2016. Retrieved July 9, 2016.
""Hawks' Horford replaces injured Bosh in All-Star Game"". NBA.com. February 12, 2016. Archived from the original on February 13, 2016. Retrieved February 12, 2016.
""Bazemore, Horford propel Hawks past Hornets"". NBA.com. February 28, 2016. Archived from the original on July 10, 2017. Retrieved February 28, 2016.
Snow, Taylor C. (July 8, 2016). ""Celtics Welcome Al Horford to Boston"". NBA.com. Archived from the original on July 11, 2016. Retrieved July 8, 2016.
""Boston Celtics Sign Al Horford"". NBA.com. July 8, 2016. Archived from the original on July 9, 2016. Retrieved July 8, 2016.
Snow, Taylor C. (July 8, 2016). ""Al Horford, Celtics agree on deal; agent says 4 years, $113 million"". ESPN.com. Archived from the original on October 29, 2016. Retrieved October 28, 2016.
""Thomas scores 25, Celtics fight off Nets 122-117"". ESPN.com. October 26, 2016. Archived from the original on October 29, 2016. Retrieved October 27, 2016.
""Thompson, Durant lead Warriors to 104-88 win over Celtics"". ESPN.com. November 18, 2016. Archived from the original on November 20, 2016. Retrieved November 20, 2016.
""Celtics win in Detroit on Horford's follow in final seconds"". ESPN.com. November 19, 2016. Archived from the original on November 20, 2016. Retrieved November 20, 2016.
""Philadelphia rallies from 13 down to beat Celtics 105-99"". ESPN.com. March 19, 2017. Archived from the original on March 20, 2017. Retrieved March 19, 2017.
""Thomas' 33, Celtics' 3s too much for Wizards in 123-111 win"". ESPN.com. April 30, 2017. Archived from the original on May 1, 2017. Retrieved April 30, 2017.
""Celtics hold off Raptors 95-94 for 12th straight victory"". ESPN.com. November 12, 2017. Archived from the original on November 13, 2017. Retrieved November 12, 2017.
""Irving scores 19 points as Celtics top Suns 116-111"". ESPN.com. December 2, 2017. Archived from the original on December 3, 2017. Retrieved December 2, 2017.
""Irving' 32 helps Celtics hold off Greek Freak, Bucks 111-100"". ESPN.com. December 4, 2017. Archived from the original on December 6, 2017. Retrieved December 4, 2017.
""Horford hits at buzzer, Celtics top Trail Blazers 97-96"". ESPN.com. February 4, 2018. Archived from the original on February 5, 2018. Retrieved February 4, 2018.
Smith, Sekou. ""Warriors nab four spots, while Wizards, Raptors backcourts selected as All-Star reserves are revealed"". NBA.com. Retrieved January 23, 2018.
""Celtics survive wild finish, hold off Bucks 113-107 in OT"". ESPN.com. April 15, 2018. Archived from the original on April 16, 2018. Retrieved April 15, 2018.
""Celtics beat Bucks 112-96 in Game 7, advance to play 76ers"". ESPN.com. April 28, 2018. Archived from the original on April 29, 2018. Retrieved April 28, 2018.
""Kawhi Leonard scores 31 points, Raptors beat Celtics 113-101"". ESPN.com. October 19, 2018. Archived from the original on October 20, 2018. Retrieved October 19, 2018.
""Irving scores 25, Celtics beat Hornets 119-103 to end skid"". ESPN.com. December 23, 2018. Archived from the original on December 24, 2018. Retrieved December 24, 2018.
""Irving, Horford lead rally as Celtics beat Grizzlies 112-103"". ESPN.com. December 29, 2018. Archived from the original on December 30, 2018. Retrieved December 30, 2018. Horford's five 3-pointers matched his career high set against Houston on Dec. 29, 2015.
""Antetokounmpo scores 30 points, Bucks beat Celtics 98-97"". ESPN.com. February 21, 2019. Archived from the original on February 22, 2019. Retrieved February 22, 2019.
""Celtics spoil Wade's final Garden visit, beat Heat 110-105"". ESPN.com. April 1, 2019. Archived from the original on April 2, 2019. Retrieved April 2, 2019. It was Horford's second career triple-double and first as a Celtic. His first was Jan. 13, 2015, with Atlanta.
""Team Signs Five-Time NBA All-Star Horford"". NBA.com. July 10, 2019. Archived from the original on July 10, 2019. Retrieved July 10, 2019.
""Report: Al Horford agrees to four-year deal with 76ers"". SI.com. June 30, 2019. Archived from the original on October 1, 2019. Retrieved October 1, 2019.
""76ERS TOP CELTICS 107-93 IN 1ST BATTLE OF EAST FAVORITES"". NBA.com. Retrieved February 17, 2023.
""Sixers waste brilliant Al Horford performance and get torched by Devin Booker and the Suns"". November 5, 2019. Archived from the original on February 6, 2022. Retrieved February 6, 2022.
""WALKER'S 32 LIFTS CELTICS TO 110-106 WIN, SWEEP OF 76ERS"". NBA.com. Retrieved February 17, 2023.
""Thunder Acquires Al Horford, the Draft Rights to Théo Maledon and Vasilije Micić, and 2025 First-Round Draft Pick"". NBA.com. December 8, 2020. Archived from the original on January 10, 2021. Retrieved December 8, 2020.
""GILGEOUS-ALEXANDER JUMPER LIFTS THUNDER PAST HORNETS 109-107"". NBA.com. Retrieved February 17, 2023.
""RUSSELL'S LATE 3-POINTER LIFTS TIMBERWOLVES PAST THUNDER"". NBA.com. Retrieved February 17, 2023.
Mussatto, Joe (March 27, 2021). ""Thunder's Al Horford to sit out rest of season"". Oklahoman. Archived from the original on March 31, 2021. Retrieved March 31, 2021.
""Celtics Acquire Five-Time All-Star Al Horford in Deal with Thunder"". NBA.com. June 18, 2021. Archived from the original on June 19, 2021. Retrieved June 18, 2021.
""Celtics-Grizzlies Takeaways: Total Team Effort for C's in Impressive Home Win"". March 4, 2022.
""Bucks hold off Celtics' late rally to claim Game 3"". NBA.com. May 7, 2022. Retrieved May 7, 2022.
""Horford, Tatum lead rally as Celtics take Game 4, even series"". NBA.com. May 10, 2022. Retrieved May 10, 2022.
""Celtics reach NBA Finals, hold off Heat 100-96 in Game 7"". ESPN. May 29, 2022. Retrieved June 1, 2022.
""Al Horford set to no longer own dubious NBA postseason record"". RSN. May 30, 2022. Retrieved May 30, 2022.
""Al Horford Makes Dominican History"". Dominican Today. Retrieved May 30, 2022.
""Celtics have huge 4th, beat Warriors in Game 1 of NBA Finals"". ESPN. June 2, 2022. Retrieved June 24, 2022.
""Al Horford makes history in NBA Finals debut with six 3-pointers made"". Yahoo Sports. Archived from the original on June 3, 2022. Retrieved June 2, 2022.
""Warriors beat Celtics 103-90 to win 4th NBA title in 8 years"". ESPN.com. Retrieved June 17, 2022.
""Celtics Sign Horford To A Contract Extension"". www.nba.com. Retrieved December 1, 2022.
Wojnarowski, Adrian (December 1, 2022). ""Horford, Celtics agree to 2-year, $20M extension"". ESPN.com. Retrieved December 1, 2022.
""Boston's Al Horford aims to make an impact off the bench"". Celtics Wire. November 24, 2023. Retrieved December 3, 2023.
LaFrance, Sam (April 30, 2024). ""Al Horford sends reassuring message on Celtics after Kristaps Porzingis injury"". si.com. Retrieved May 3, 2024.
Rohrbach, Ben (May 2, 2024). ""Celtics finish off Heat without Kristaps Porziņģis as Boston's 'sixth starter' answers the call"". Yahoo Sports. Retrieved May 3, 2024.
Hartwell, Darren (May 15, 2024). ""Al Horford makes NBA history with incredible Game 5 stat line"". NBC Sports Boston. Retrieved May 16, 2024.
""Celtics' Al Horford 'Showed Poise' in Historic Game 3 Showing vs. Pacers"". GiveMeSport.com. May 26, 2024. Retrieved June 12, 2024.
Bontemps, Tim (May 27, 2024). ""C's return to Finals 'a different team,' says Brown"". ESPN.com. Retrieved May 29, 2024.
Bontemps, Tim (June 17, 2024). ""Celtics stomp Mavs, clinch record 18th NBA title"". ESPN.com. Retrieved June 18, 2024.
""Al Horford's profile"". FIBA.com. Archived from the original on September 5, 2017. Retrieved September 4, 2017.
""Towns and Horford on Dominican Republic's extended list for World Cup"". basketnews.com. Retrieved July 29, 2023.
Brubaker, Bill (October 12, 1986). ""The Strange, Tangled Journey of Tito Horford, Basketball Star"". Los Angeles Times. Archived from the original on April 17, 2016. Retrieved July 9, 2016.
""Atlanta Hawks Player Preview: Al Horford"". CBSLocal.com. October 26, 2013. Archived from the original on August 16, 2016. Retrieved July 9, 2016.
Bowers, Rachel G. (July 2, 2016). ""Meet Al Horford, the newest Celtic"". BostonGlobe.com. Archived from the original on July 6, 2016. Retrieved July 9, 2016.
Maloy, Brendan (October 16, 2014). ""Florida's Jon Horford explains what separates him from his brother"". SI.com. Archived from the original on May 27, 2019. Retrieved May 26, 2019.
Gray, Andy (May 14, 2017). ""Q&A: Anna Horford on her brother's success, Boston radio hosts and Draymond Green"". SI.com. Archived from the original on May 27, 2019. Retrieved May 26, 2019.
""Who Is Al Horford's Wife? All About Former Miss Universe Amelia Vega"". Peoplemag. Retrieved June 14, 2024.
""Testimonios 1 de junio de 2022 – Iglesia de Dios Ministerial de Jesucristo Internacional"" (in Spanish). June 1, 2022. Retrieved February 22, 2023.
","
Tyler Herro

Tyler Christopher Herro (/ˈhiːroʊ/ HEE-roh; born January 20, 2000) is an American professional basketball player for the Miami Heat of the National Basketball Association (NBA). He played college basketball for one year with the Kentucky Wildcats. After being selected by the Heat in the first round of the 2019 NBA draft with the 13th overall pick, Herro was named to the NBA All-Rookie Second Team in 2020. During his rookie season with the Heat, he reached the NBA Finals. He was named the NBA Sixth Man of the Year in 2022. Herro has played both point guard and shooting guard.
Herro was born in Greenfield and graduated from Whitnall High School in Greenfield, Wisconsin. In his senior season, he was named to the First Team All-State as he averaged 32.9 points, 7.4 rebounds, 3.6 assists, and 3.3 steals per game; his field goal percentage was over 50 and his three-point shooting percentage was 43.5. He scored more than 2,000 points in his high school career.
In high school, Herro received scholarship offers from the University of Wisconsin–Madison, Marquette University, DePaul University, Oregon State University and Arizona State University. He committed to play for the University of Wisconsin after visiting the Madison campus many times. The commitment to the University of Wisconsin–Madison program was made before his junior year of high school in September 2016. In 2017 University of Kentucky coach John Calipari came to the Whitnall High School gymnasium to see Herro play in person. Herro then de-committed from Wisconsin on October 17, 2017. When Herro was no longer committed to play for Madison, he was recruited by the University of Kansas and University of Kentucky. Calipari offered Herro a scholarship on October 31, 2017. Herro then visited the Kentucky campus and decided to play for Kentucky. Herro signed his letter of intent with Kentucky on November 14, 2017.
Herro averaged 14.0 points, 4.5 rebounds, and 2.5 assists as the only player to start in all 37 games for the Kentucky Wildcats. On February 27, 2019, he scored a collegiate career-high 29 points, making 9 of 10 field goals and all of 6 free throws, to lead the Wildcats to a comeback victory over the Arkansas Razorbacks, 70–66. Among other distinctions earned, he was named an All-Freshman First Team selection by Basketball Times as well as the Southeastern Conference Rookie of the Year by the Associated Press. On April 12, 2019, Herro declared for the 2019 NBA draft, forgoing his final three years of college eligibility and hiring an agent. He was listed as a mid-first-round selection in most mock drafts.
On June 20, 2019, Herro was selected by the Miami Heat with the 13th overall pick in the 2019 NBA draft. On July 10, the Heat announced that they had signed Herro. On October 23, he made his NBA debut, starting in a 120–101 victory over the Memphis Grizzlies and finishing the season-opener with 14 points to go along with 8 rebounds, 2 steals and an assist. In his fourth game (and first non-start), Herro scored a career-high 29 points on October 29 in a 112–97 win over the Atlanta Hawks. Herro was due to play in the Rising Stars game during the All-Star Weekend in 2020, but was ruled out due to an ankle injury. On August 12, 2020, he scored a career-high 30 points in a 116–115 loss to the Oklahoma City Thunder.
When the Heat defeated the Milwaukee Bucks in the second round of the 2020 NBA playoffs on September 8, 2020, Herro became the first player in NBA history born in the 2000s to appear in an NBA Conference Finals game. On September 15, he was named to the 2019–20 NBA All-Rookie Second Team by the league. In game 4 of the 2020 Eastern Conference Finals, he scored a career-high 37 points, becoming the fourth player in playoffs history to record 30-plus points before turning 21 and the second-highest scorer under 21, with only Magic Johnson scoring more. He also set Conference Finals records for the youngest player (at 20 years, 247 days old) to score 30-plus points and the most points by a rookie. After an Eastern Conference Finals victory against the Boston Celtics, Herro became the first player born in the 2000s to play in an NBA Finals.
During game 2 of the 2020 NBA Finals, Herro became the youngest player to start an NBA Finals game at 20 years, 256 days—eight days younger than Magic Johnson was when he started game 1 for the Lakers in 1980 against the Philadelphia 76ers. In game 4 of the same Finals series, he achieved the most three-pointers made by a rookie in NBA playoffs history, accomplishing 45 three-point shots while surpassing Matt Maloney's record 43 threes during 1997 playoffs. On October 9, 2020, Herro broke a 44-year-old record by scoring 10 points on the third quarter of the game 5 of the 2020 NBA Finals—setting the NBA record by a rookie for the most consecutive games in the playoffs scoring in double digits with 20 while surpassing Alvan Adams's record of 19 games of the Phoenix Suns in 1976. The Heat lost the series in 6 games to the Los Angeles Lakers.
On January 12, 2021, Herro scored a season-high 34 points, alongside seven rebounds and four assists, in a 134–137 overtime loss to the Philadelphia 76ers. On February 17, he grabbed a career-high-tying 15 rebounds, alongside 11 points and four assists, in a 112–120 loss to the Golden State Warriors. On May 16, Herro logged a career-high 11 assists, alongside 16 points and six rebounds, in a 120–107 win over the Detroit Pistons. In the 2021 playoffs, the Heat lost in four games to the eventual champion Milwaukee Bucks in the first round.
On October 23, 2021, Herro became the first player in Heat franchise history to record at least 30 points and 10 rebounds off the bench, which he achieved in a 102–91 loss to the Indiana Pacers. On April 5, 2022, he scored a season-high 35 points, alongside six rebounds and three assists, in a 144–115 win over the Charlotte Hornets. Herro was named the 2022 NBA Sixth Man of the Year, making him the first player in Heat franchise history to win the award.
During the first round of the playoffs, the Heat eliminated the Atlanta Hawks in five games. On May 2, 2022, during the Heat's second-round series against the Philadelphia 76ers, Herro recorded 25 points and seven assists in a 106–92 game 1 win. The Heat defeated the 76ers in six games and advanced to the Eastern Conference Finals, where they faced the Boston Celtics. Herro missed games 3 through 6 of the series with a groin injury. He returned for game 7, but only played seven minutes as the Heat were eliminated in a 96–100 loss.
On October 2, 2022, Herro signed a four-year, $130 million contract extension with the Miami Heat. On November 2, Herro put up 26 points alongside a game-winning three in a 110–107 win over the Sacramento Kings. On November 27, Herro recorded his first career triple-double with 11 points, 11 rebounds and 10 assists in a 106–98 victory over the Atlanta Hawks. On December 15, Herro put up a career-high 41 points on 10-of-15 shooting from three-point range alongside five rebounds in a 111–108 win over the Houston Rockets. He also became the youngest player in NBA history to put up at least 40 points, 10 three-pointers made, and five rebounds in a game. On December 31, Herro put up a buzzer-beating, game-winning three-pointer in a 126–123 win against the Utah Jazz. He finished the game with 29 points, nine rebounds, six assists and two steals. Herro ended the year as league leader in free-throw percentage at 93.4%.
Herro broke his right hand in the first round of the 2023 playoffs against the Milwaukee Bucks. He was expected to be out for at least six weeks after undergoing surgery. Even though he became available to play in game 5 of the NBA Finals against the Denver Nuggets, the Heat did not play him before losing the game and series to the Nuggets.
On October 30, 2023, Herro scored a season-high 35 points during a 122–114 loss to the Milwaukee Bucks. On April 24, 2024, in Game 2 of the First Round against the Boston Celtics, Herro put up 24 points, 5 rebounds and a playoff career-high 14 assists in a 111–101 victory to even the series.
Herro has two younger brothers, Austin and Myles, both of whom also play basketball. His parents are Jennifer and Chris Herro. He never learned how to swim.
Herro was included in the Jack Harlow song ""Tyler Herro"" named after himself, and features prominently in the music video.
In 2020, Herro began dating Katya Elise Henry. On June 5, 2021, they announced that they were expecting a child. Their daughter was born on September 14, 2021. On June 18, 2022, the couple announced that they were expecting a second child. Their son was born on January 1, 2023.
DRAKE Sent Tyler Herro These Kicks! Inside The Kentucky Guard's Sneaker Closet. Overtime. August 1, 2018.  Event occurs at 00:00:15 – via YouTube.
""Butler misses Miami debut, Heat beat Grizzlies 120-101"". ESPN.com. Associated Press. October 23, 2019. Retrieved October 23, 2019.
""Tyler Herro - Men's Basketball"". University of Kentucky Athletics. June 6, 2018. Retrieved September 2, 2019.
""Tyler Herro, Kentucky Wildcats, Shooting Guard"". 247Sports.com. Retrieved December 16, 2023.
Borzello, Jeff (September 12, 2016). ""ESPN 60 junior guard Tyler Herro commits to Wisconsin"". ESPN. Retrieved September 8, 2020.
Page, Fletcher (November 29, 2017). ""How Tyler Herro went from a Wisconsin commit to Kentucky-bound in 28 days"". USA HSS. Retrieved September 8, 2020.
Finkelstein, Adam (November 15, 2017). ""Scout's Take: ESPN 100 SG Tyler Herro signs with Kentucky"". ESPN.com. Retrieved September 8, 2020.
Taylor, Keith (February 27, 2019). ""Tyler Herro steps up to lead Wildcats to comeback win in close call against Razorbacks Tuesday night"". Northern Kentucky Tribune. Retrieved November 5, 2019.
""Tyler Herro declares for NBA draft"". collegebasketball.nbcsports.com. April 12, 2019. Retrieved December 16, 2023.
Tjarks, Jonathan (June 20, 2019). ""Grading the 2019 NBA Draft"". The Ringer. Retrieved June 22, 2019.
""HEAT Signs Tyler Herro"". NBA.com. July 10, 2019. Retrieved July 10, 2019.
""Butler misses Miami debut, Heat beat Grizzlies 120-101"". ESPN.com. October 23, 2019. Retrieved October 23, 2019.
""Butler makes his Miami debut, Heat top Hawks 112-97"". ESPN.com. October 29, 2019. Retrieved December 11, 2019.
Taylor, Cody (August 12, 2020). ""Heat's Tyler Herro erupted for a career-high 30 points vs. Thunder"". USA Today. Retrieved December 29, 2021.
Gaydos, Ryan (September 9, 2020). ""Heat rookie Tyler Herro will become first person born in the 2000s to make NBA conference finals appearance"". Fox News. Retrieved September 9, 2020.
""Ja Morant, Zion Williamsom headline 2019-20 Kia All-Rookie First Team Tyler Herro, Rui Hachimura voted to Second Team"". NBA.com. September 15, 2020. Retrieved September 15, 2020.
Polockas, Erikas (September 24, 2020). ""Tyler Herro joins Magic Johnson and Derrick Rose"". TalkBasket.net. Retrieved September 24, 2020.
Golliver, Ben (September 24, 2020). ""Analysis | Tyler Herro had an NBA playoff game for a rookie that compares to only Magic Johnson"". The Washington Post. ISSN 0190-8286. Retrieved September 25, 2020.
Zillgitt, Jeff (September 24, 2020). ""How 20-year-old Heat rookie Tyler Herro sank Celtics in Game 4 of Eastern Conference finals"". USA Today. Retrieved September 24, 2020.
Taylor, Cody (September 29, 2020). ""Tyler Herro hasn't forgotten the 12 players drafted ahead of him"". USA Today. Retrieved September 29, 2020.
Quinn, Sam (October 3, 2020). ""Heat's Tyler Herro breaks Magic Johnson's record becoming youngest player ever to start an NBA Finals game"". cbssports.com. Retrieved October 9, 2020.
Villanueva, Virgil (October 6, 2020). ""Heat's Tyler Herro makes playoffs history with incredible 3-point shooting"". Clutchpoints.com. Retrieved October 10, 2020.
""Tyler Herro just set another rookie NBA playoff scoring record"". The Rookie Wire. October 9, 2020. Retrieved October 12, 2020.
""Embiid scores 45, Mathias wins it for 76ers in OT on 3"". NBA. Retrieved May 8, 2022.
""Curry and his supporting cast rally Warriors past Heat in OT"". NBA. Retrieved May 8, 2022.
""Heat rout Pistons 120-107 with several key players out"". NBA. Retrieved May 8, 2022.
""Miami Heat vs. Indiana Pacers Box Score, Summary, and Team Stats - October 23, 2021"". CBS Sports. Retrieved October 23, 2021.
""HERRO SCORES 35, HEAT BEAT HORNETS 144-115 FOR 5TH STRAIGHT"". NBA.com. April 6, 2022. Retrieved February 4, 2023.
""Heat's Tyler Herro wins 2021-22 Kia Sixth Man of the Year award"". NBA.com. May 4, 2022. Retrieved May 3, 2022.
Reynolds, Tim (May 3, 2022). ""HERRO SCORES 25, HEAT TAKE GAME 1 OVER 76ERS 106-92"". NBA.com. Retrieved February 4, 2023.
""Heat vs. Celtics injury updates: Miami's Tyler Herro returns for Game 7 of Eastern Conference finals"". CBS Sports. May 29, 2022. Retrieved February 4, 2023.
Reynolds, Tim (May 30, 2022). ""CELTICS REACH NBA FINALS, HOLD OFF HEAT 100-96 IN GAME 7"". NBA.com. Retrieved February 4, 2023.
""Hear Re-sign Tyler Herro"". NBA.com. October 2, 2022. Retrieved October 3, 2022.
Salao, R.P. (November 2, 2022). ""VIDEO: Tyler Herro stuns Kings with game-winning three"". ClutchPoints. Retrieved November 2, 2022.
""Bam Adebayo has 32 points, Heat rally to beat Hawks 106–98"". ESPN.com. November 28, 2022. Retrieved December 2, 2022.
Villas, Rexwell (December 15, 2022). ""Tyler Herro sets bonkers NBA record after going nuclear vs Rockets"". ClutchPoints. Retrieved December 15, 2022.
Guinhawa, Angelo (December 31, 2022). ""Tyler Herro's buzzer-beater vs. Jazz reminds Heat fans of Dwyane Wade"". ClutchPoints. Retrieved December 31, 2022.
""Herro's 3 as time expires gives Heat 126-123 win over Jazz"". ESPN.com. December 31, 2022. Retrieved January 2, 2023.
Stinar, Ben (May 16, 2023). ""Significant Miami Heat Player Remains Out Indefinitely"". Fastbreak on FanNation. Retrieved May 20, 2023.
""Herro deemed available but still sits out Game 5"". ESPN.com. June 12, 2023. Retrieved June 23, 2023.
""Herro scores 24, Heat hit franchise playoff-record 23 3s to beat Boston and even series 1-1"". ESPN.com. April 24, 2024. Retrieved April 28, 2024.
""Miami Heat Season Leaders"". Sports Reference. Retrieved June 4, 2023.
""Miami Heat 2022-23 Media Guide"" (PDF). NBA.com. 2022. Retrieved June 5, 2023.
""most threes for the Heat in the playoffs in a quarter"". Statmuse.com. Retrieved June 4, 2023.
""the most threes for the Heat in a playoff overtime"". Statmuse.com. Retrieved June 4, 2023.
""Tyler Herro Can't Swim. Here are Some Barstool Employees I Suspect Also Can't Swim"". December 16, 2020.
Harlow, Jack (October 22, 2020). ""Jack Harlow Music video ""Tyler Herro"""". YouTube. Retrieved October 28, 2020.
""@nolimitherro"". Instagram. November 26, 2020. Archived from the original on December 24, 2021.
Cummings-Grady, Mackenzie (June 5, 2021). ""Tyler Herro Expecting Baby With Girlfriend Katya Elise Henry"". Complex.
""Miami Heat's Tyler Herro Matures After Birth of Daughter"". September 24, 2021.
Andaloro, Angela (January 12, 2023). ""Miami Heat's Tyler Herro and Girlfriend Katya Henry Welcome Baby No. 2 — See the Photo!"". People. Retrieved May 1, 2023.
","
Devin Booker

This article is about the NBA basketball player. For the basketball player in Europe, see Devin Booker (basketball, born 1991).
Devin Armani Booker (born October 30, 1996) is an American professional basketball player for the Phoenix Suns of the National Basketball Association (NBA). He played one season of college basketball for the Kentucky Wildcats, helping lead the team to a 38–1 record and winning SEC Sixth Man of the Year. Booker was selected by the Suns in the first round of the 2015 NBA draft with the 13th overall pick and debuted with the team at 18 years old. In 2017, at 20 years old, he became the youngest player to score over 60 points in a game, finishing with a Suns franchise record 70 against the Boston Celtics. In 2019, at 22 years old, Booker became the youngest player in NBA history with consecutive 50-point games.
The son of former basketball player Melvin Booker, Devin is a four-time All-Star, a two-time All-NBA member, and helped the Suns reach the NBA Finals in 2021. The following season, he was named to the All-NBA First Team and helped lead the Suns to a franchise record of 64 wins. He is currently second on the team's all-time leading scorer list. Booker has also won gold medals with the 2020 and 2024 U.S. Olympic teams.
Booker is the son of Veronica Gutiérrez, a cosmetologist, and Melvin Booker, who was named the 1994 Big Eight Player of the Year while a point guard at Missouri. His parents met while his father was playing basketball for the Continental Basketball Association's Grand Rapids Hoops in Gutiérrez's hometown of Grand Rapids, Michigan. Booker was born and raised in Grand Rapids, living with his mother, who is of Mexican descent while his African-American father pursued a professional basketball career internationally. He visited his father regularly during the summer. At age 12 while visiting him in Milan, he played one-on-one with Danilo Gallinari, then teammate of his father's at Olimpia Milano. Booker was taught by his father that having basketball IQ was just as important as natural athleticism. During his time in middle school, Booker became friends with future fellow NBA players D'Angelo Russell and Tyler Ulis.
After playing for the freshman, junior varsity and varsity basketball teams during his freshman year at Grandville High School in Michigan, Booker moved to Mississippi to live with his father after the latter's retirement from professional basketball. He enrolled at Moss Point High School, where his father was hired as an assistant coach, in August 2011. In his team's fifth game of the season—a 52–32 loss to Gulfport High School—Booker scored more points (17) than the rest of his teammates combined (15). In December, he hit a buzzer beater from just beyond half court to beat Harrison Central High School, improving Moss Point's record to 4–6 on the year. By early January, Press-Register sportswriter Creg Stephenson opined, ""Sophomore guard Devin Booker has developed into one of the top players on the coast in his first season with the [Moss Point] Tigers' varsity, averaging 22.7 points per game.""
In the Laurel MLK Shootout, Booker scored 54 points against Northeast Jones High School, falling nine shy of Litterial Green's Moss Point record for most points in a game, set in 1988. He followed up that performance with 32 points, including a game-winning three-pointer, against Murrah High School and was named ESPNHS.com's Southeast Player of the Week. At that time, his father told reporters that Booker was drawing interest from Mississippi State, Ole Miss, Florida, Alabama, Georgetown, Michigan and Missouri.
Booker was limited to just 14 points, with no field goals made in the second half, in a 57–55 win over Gautier High School in the opening round of the Division 7-5A tournament. In the championship game against Pascagoula High School, Booker was held to single-digit scoring (8) for only the second time in the season as Moss Point lost 48–32, setting up an away game with defending state champion Wayne County High School in the first round of the South State playoffs. Wayne County focused their defense on Booker, holding him to a single, first-quarter free throw, en route to a 57–37 victory that ended Moss Point's season. For the year, Booker averaged 22.8 points per game and was named the South Mississippi Player of the Year by the Sun Herald, becoming just the second sophomore to be awarded the honor. In the announcement, the paper reported that Booker held scholarship offers from Ole Miss, Alabama, Georgetown, Michigan and South Alabama.
In the summer following his sophomore year, Booker played in the Nike Elite Youth Basketball League and participated in the Elite 100 Camp, the LeBron James King's Academy Camp, and the Kevin Durant Nike Skills Camp. These commitments caused him to miss the inaugural South Mississippi All-Star Basketball Showcase in May.
With most of Moss Point's experienced players graduating, Booker switched to point guard for his junior year. In an early December game, Booker outscored the entire Ocean Springs High School team 40–39 through three quarters en route to a 48-point finish as Moss Point won 100–55. He followed up this performance with a 30-point outing, including 7 three-pointers, in a win over 54–37 win over Laurel High School in the second annual Melvin Booker Shootout, named in honor of his father. The following week, Booker left a game against Harrison Central High School in the third quarter with a sprained MCL; he had scored just 9 points, but grabbed 7 rebounds.
Booker's injury proved minor, and did not hamper him in Moss Point's next game, where he scored 26 points in a 52–48 loss to Davidson High School in the Jackie Laird Christmas Classic at Biloxi High School. On the second day of the Classic, Booker scored a season-high 49 points in an 80–65 win over Brewbaker Technology Magnet High School, a performance that added Duke to the list of schools recruiting him. In early January, Moss Point went 1–2 in the Poplar Bluff showdown in Poplar Bluff, Missouri, defeating Memphis' Kirby High School but losing to Maplewood Richmond Heights High School and host Poplar Bluff High School. University of Missouri fans attended en masse to cheer for Booker, who averaged 30.2 points over Moss Point's three games, hoping to entice him to play for the Tigers.
Booker scored a game-high 32 points in a 58–56 loss to Gulfport High School, the top-ranked team in Mississippi, in Moss Point's final game before divisional play, dropping the team's record to 6–11. Moss Point went 3–3 in Division 7-5A, finishing the divisional season with a 51–40 victory over Gautier High School. Booker, who struggled with his outside shot due to a wrap on his injured right wrist, hit all 17 of his free throws en route to a game-high 30 points in the win. Moss Point closed out the regular season with a 67–65 loss to Division 5-6A champion Hattiesburg High School, despite 43 points from Booker.
The following week, Moss Point faced a rematch with Gautier in the first round of the Division 7-5A tournament with a spot in the state tournament on the line. Moss Point fell 54–51 in double overtime, ending the team's season at 12–16. Booker scored 35 points in the loss, including 17 free throws. For the year, he averaged 29.7 points, eight rebounds and four assists per game while carrying a 3.81 grade point average. He was named to the Division 7-5A All-Division team and was the division's MVP. In March, he was named the Mississippi Gatorade Player of the Year for 2013, and in April, he became the second player ever to win the Sun Herald Player of the Year Award in consecutive seasons.
By the end of Moss Point's season, Booker held scholarship offers from Duke, North Carolina, Florida, Michigan, Michigan State, Missouri, and Mississippi State. Rivals.com ranked him a four-star prospect and the 30th best player overall in the class of 2014; ESPN tabbed him as the 18th best player overall. Recruiting analyst Evan Daniels called Booker ""one of the best shooters"" in the country. In April, Booker began playing for the Alabama Challenge on the Nike Elite Youth Basketball League circuit. After watching Booker play for the first time in the league's opening weekend, Kentucky coach John Calipari offered Booker a scholarship. At the South Mississippi All-Star event in May, Booker scored 23 points to lead his East team over the West team 101–70 in the underclassman game.
During the summer of 2013, Booker participated in the Kevin Durant Skills Academy, the LeBron James Skills Academy, the CP3 Elite Guard Camp, and the National Basketball Players Association (NBPA) Top 100 camp. His fellow participants in the NBPA camp voted him to the camp's 10-man all-star team. Booker also participated against international competition at the Nike Global Challenge. At the Under Armour Elite 24 showcase, he won the three-point shooting contest. In August 2013, Booker narrowed his list of potential college choices to Florida, Missouri, Michigan, Michigan State, and Kentucky. He took an official visit to the University of Kentucky on the weekend of September 9 to watch an alumni exhibition game; fellow 2014 prospects Jahlil Okafor and Tyler Ulis also attended.
Near the beginning of October, his high school coach said Booker would announce his college choice on October 31 after taking official visits to Michigan and Missouri; he also stated that Booker was no longer considering Florida. Booker stated that ESPN had offered him the chance to make his announcement on live television, but he declined, saying he didn't want the pressure of such an event and that he wanted to keep the date flexible to allow his family from Michigan to attend. At an October 31 ceremony at his high school gymnasium, Booker announced he had chosen Kentucky, citing the program's history and his affinity for coach John Calipari as primary factors in his decision. He, Tyler Ulis, Karl-Anthony Towns and Trey Lyles all signed National Letters of Intent to play for Kentucky on November 13, the first day of the official signing period.
In December, Booker's Moss Point team traveled to the Marshall County Hoop Fest in Marshall County, Kentucky, to play Louisville's Ballard High School, the top-rated high school team in the state. Booker led his team in points (40), rebounds (9), and assists (2) while shooting 50% from the field and 20-for-24 from the free throw line, but his team lost the game. Two games later, he scored a season-high 45 points in a 78–67 loss to Alabama's McGill-Toolen Catholic High School in the Melvin Booker Shootout. Although Moss Point lost all three games they played in the late-December HighSchoolOT.com Invitational, Booker's 111 total points over those three games fell just four short of Donald Williams' 1991 record for the event.
Booker's 38-point performance in a January 31 win against Pass Christian High School made him Moss Point's all-time career scoring leader with 2,263 points, surpassing the 2006 mark of 2,251 set by David Booker (no relation). Moss Point won Mississippi's Region 8-4A regular season and tournament championships before ending their season with a 61–56 loss to McComb High School in the Class 4A South State Finals. Booker scored 42 points in the loss, including 26 in the fourth quarter. He averaged 30.9 points per game in his senior season and finished his three-year career at Moss Point with 2,518 points. After the season, he was named to the USA Today All-USA third team.
In the 2014 Alabama-Mississippi All-Star game, Booker had a game-high 31 points and was named MVP of the Mississippi team, but his team lost to the Alabama team 90–83. Booker's 31 points tied Othella Harrington's 1992 performance for the most ever scored by a Mississippi player in the event. Booker joined future Kentucky teammates Ulis and Lyles on the West team in the 2014 McDonald's All-American Game, while Towns suited up for the East. He scored a three-point basket in each half and finished with 8 points as the West won 105–102. In March, all four were selected for the Jordan Brand Classic, with Booker and Ulis on the West team and Towns and Lyles playing for the East. In May, Booker participated in the South Mississippi All-Star Basketball Showcase leading the Home team with 43 points, including a three-pointer to send the game into overtime, in a 114–106 win against the Away team. He was named the game's MVP.
In Kentucky's first exhibition game against the University of Pikeville on November 2, 2014, Booker was the team's second leading scorer with 16 points on 6-of-9 shooting, including two three-pointers; he also had three assists.
After a standout 15-point, 6-rebound, 7-assist game against Boston University, Booker posted a then-season-high 18 points in a November 23 win against Montana State. He led the team in scoring, shooting 6-of-8 from the field with 3 three-pointers. In Kentucky's next game against Texas-Arlington, Booker set a new season high with a team-high 19 points on 7-of-8 shooting, including five made three-pointers, in a 92–44 win.
In 38 games for Kentucky in 2014–15, Booker averaged 10.0 points, 2.0 rebounds, and 1.1 assists in 21.5 minutes per game. He subsequently earned SEC Sixth Man of the Year honors and was named to the SEC All-Freshman Team and the All-SEC Second Team.
On April 9, 2015, Booker declared for the NBA draft, forgoing his final three years of college eligibility. He was joined by fellow Kentucky teammates Andrew Harrison, Aaron Harrison, Dakari Johnson, Willie Cauley-Stein, Trey Lyles, and Karl-Anthony Towns.
On June 25, 2015, Booker was selected as the thirteenth overall pick by the Phoenix Suns in the 2015 NBA draft.
On July 13, Booker signed his rookie-scale contract with the Suns, and in seven subsequent Summer League games, he averaged 15.3 points, 4.9 rebounds, and 1.7 assists per game. He went on to make his NBA debut two days before his 19th birthday, in the Suns' season opener against the Dallas Mavericks. In 21 minutes of action against the Mavericks, he scored 14 points on 6-of-7 shooting in a 111–95 loss.
""We thought he had a lot of potential. We loved his character and work ethic, his size and his shooting ability stood out. I think sometimes when you're on a team with a lot of talent like Devin was at Kentucky, all that talent can do one of two things: it can mask some of your deficiencies if you do lack in some areas. I think in Devin's case, it was the opposite of that.""
On January 2, 2016, Booker scored a then season-high 21 points in a 142–119 loss to the Sacramento Kings. On January 19, he scored 32 points in a 97–94 loss to the Indiana Pacers, setting a Suns' rookie record with six three-pointers. Booker became the third-youngest player in NBA history at 19 years, 81 days old to record a 30-point game, behind LeBron James and Kevin Durant, as well as the youngest Suns player to score 30 or more points in a game. Booker participated for Team USA in the 2016 Rising Stars Challenge. He also competed in the NBA All-Star Weekend's Three-Point Contest, becoming the youngest contestant ever to participate in the event and only the fourth rookie to compete in the 30-year-old contest, joining Stephen Curry (2010), Kyle Korver (2004) and Dennis Scott (1991). He made it to the final round of the event, where he finished third behind the ""Splash Brothers"" – Curry and Klay Thompson (winner).
On March 3, Booker scored a then-career-high 34 points in a loss to the Miami Heat, On March 10, Booker recorded a career-high 35 points in a loss to the Denver Nuggets. Throughout the month of March, Booker led all rookies in points (22.4) and assists (4.9) per game. On April 9, with 16 points scored in a 121–100 win over the New Orleans Pelicans, Booker reached 1,014 for the season, making him the fourth-youngest player to reach 1,000 career points, following only LeBron James, Kevin Durant, and Kobe Bryant, as well as the third-youngest during their rookie season. Booker finished fourth in the 2016 NBA Rookie of the Year Award voting and earned NBA All-Rookie First Team honors. He became the first Suns player to be named as a member of the All-Rookie Team since Amar'e Stoudemire in 2003.
During the offseason, Booker trained with head coach Earl Watson and former NBA player Baron Davis at UCLA, was invited to be on the select team that practices against Team USA in preparation for the Summer Olympics, and played two games for the Suns during the Las Vegas Summer League. With teammate Eric Bledsoe returning from injury in 2016–17, Booker was retained as the starting shooting guard while Brandon Knight was moved to the bench. Booker scored a career-highs of 38 points and 39 points on November 4 and 6.
On January 12, 2017, he scored 28 fourth-quarter points, in another 39-point night, to set the Suns franchise record for most points in a quarter, previously held by Stephon Marbury's 26 points in 2002. He had a second straight 39-point effort in a two days later to become the youngest player in NBA history to record consecutive games of 39 or more points in the regular season. He was named to the U.S. Team for the 2017 Rising Stars Challenge, and was invited to take part in the 2017 Taco Bell Skills Challenge. On February 4, at 20 years, 97 days old, Booker became the youngest player to score at least 20 points in 16 consecutive games. His 16-game streak is the second-longest by any first-year or second-year player since Vince Carter had a 23-game run as a second-year player during the 1999–2000 season.
""What strikes a lot of people about Devin is all the other stuff he can do – he's really developed his ball handling, his pick and roll game, he thinks the game at a high level. But I'll be honest, we had no idea he'd be able to do this much, this quickly. Devin has done unbelievably well not just on the court but representing the franchise in the community as well. He was a bright spot for us in a difficult year.""
On March 24 against the Boston Celtics, Booker became the sixth player in NBA history to score 70 points in a game, joining Wilt Chamberlain, David Robinson, David Thompson, Elgin Baylor and Kobe Bryant. It was the 11th 70-point game in NBA history. Booker also added eight rebounds and six assists in 45 minutes. Booker, at age 20, became the youngest player to score 70 (and 60) points in a game. He had the highest-scoring game in the NBA since Bryant scored 81 in January 2006. The Suns' previous scoring record was held by Tom Chambers with 60 points on March 24, 1990. Booker ended the season averaging 22.1 points per game, a near 9-point increment from his 13.8 points in 2015–16.
On November 6, 2017, Booker scored 18 points in a 98–92 loss to the Brooklyn Nets to reach 3,000 career points and the fourth-youngest player in NBA history to score 3,000 points, behind LeBron James, Kevin Durant, and Carmelo Anthony. On November 13, a 36-point game and 26th 30-point in his career tied Steve Nash for 15th most in franchise history. Over the Suns' first 17 games of the season, Booker had seven 30-point games. On December 4, Booker scored a season-high 46 points in a 115–101 win over the Philadelphia 76ers.
On December 6, he was ruled out for up to three weeks after sustaining a left adductor strain the previous night against the Toronto Raptors. On December 26, in a 99–97 win over the Memphis Grizzlies, Booker scored 32 points in his return. Booker then missed four games in early February with a left hip contusion. On February 17, Booker won the Three-Point Contest over Klay Thompson and Tobias Harris in the final round after setting a new record with 28 points.
On March 2, in a 124–116 loss to the Oklahoma City Thunder, Booker scored 39 points and at 21 years, 123 days old, he became the third-youngest player in NBA history to reach 4,000 career points, again behind LeBron James and Kevin Durant. Booker missed the Suns' final 12 games of the season with a right hand sprain.
On July 7, 2018, Booker signed a five-year, $158 million maximum contract extension with the Suns.
On September 10, he was ruled out for six weeks after undergoing surgery to repair the fifth metacarpophalangeal joint in his right hand after he jammed it in practice on March 14, 2018. He recovered in time for the Suns' season opener on October 17, scoring 35 points in a 121–100 victory over the Dallas Mavericks. Throughout the beginning of the season, he had multiple 30+ point games despite missing a six-game stretch when he strained his hamstring. On January 24, Booker became the fifth youngest player in NBA history to reach 5,000 career points, behind LeBron James, Kevin Durant, Carmelo Anthony, and Dwight Howard.
On February 25, he scored 20 points to help the Suns break a franchise-record 17-game losing streak with a 124–121 win over the Miami Heat. On March 25, he scored 59 points in a 125–92 loss to the Utah Jazz. On March 27, he scored 50 points in a 124–121 loss to the Wizards, becoming the youngest player in NBA history with consecutive 50-point games. He also became first player in franchise history to reach 50 in back-to-back games. On April 3, in a 118–97 loss to the Jazz, Booker sprained his left ankle, ruling him out for the last three games of the season.
On November 23, 2019, Booker almost put up a triple-double with 35 points, a career-high 12 rebounds, and 9 assists in a 100–98 win over the Minnesota Timberwolves. From December 27, 2019 until January 7, 2020, Booker scored over 30 points in seven straight games, including a 40-point performance in a loss against the Memphis Grizzlies on January 5. This streak broke a franchise record for most consecutive 30+ point games in a row, beating a record previously set by Charlie Scott twice and Charles Barkley once. In addition, his streak from December 28 until January 7 made him the only player since the 1983–84 NBA season to record six straight performances of 30+ points and 6+ assists with 47% shooting efficiency. On January 28, Booker became the fourth-youngest player to reach 7,000 career points, behind only LeBron James, Kevin Durant, and Carmelo Anthony. Booker was named an All-Star on February 13, 2020 as an injury replacement after Damian Lillard suffered an groin strain injury a day earlier. He also replaced Lillard in the Three Point Contest, an event he had previously won, and finished as the runner-up behind Buddy Hield.
In the 2020 NBA Bubble, Booker helped the Suns reached an 8–0 record as of August 11, 2020, holding an 8-game winning streak for the first time since the 2009–10 season. On August 4, Booker hit a fade-away game-winning jumper at the buzzer over Paul George and Kawhi Leonard to lift the Suns to a 117–115 win over the Los Angeles Clippers and bring their record there to 3–0 at the time. On August 11, he scored 35 points, breaking a franchise record set by Walter Davis for the most games of 30+ points scored with the team, as well as get 9 rebounds and 7 assists in a 130–117 win over the Philadelphia 76ers. During his time in the NBA Bubble, Booker was named a nominee for the Seeding Games MVP award (earned for the best overall performance in the NBA's resumed regular season games), as well as earned a spot for one of the All-Seeding Games Teams, averaging 31 points per game during these games.
On January 22, 2021, Booker reached 8,000 points scored in a 130–126 overtime loss to the Denver Nuggets, straining his left hamstring during that overtime. He returned to action on February 1, reaching 700 career three-point shots, including a game-winning 3-pointer with 1.5 seconds left in the game, to win 109–108 over the Dallas Mavericks. Two days later, Booker passed Dan Majerle for 10th place in the Suns all-time scoring list in a 123–101 loss to the New Orleans Pelicans. On February 8, 2021, Booker scored a season-high 36 points in a 119–113 win over the Cleveland Cavaliers. He later matched his season-high for points on February 13 in a 120–111 win over the Philadelphia 76ers. Booker was then named the Western Conference Player of the Week for the first time in his career on February 15 for the week of February 8–14, 2021, becoming the first Suns player to get the award since Goran Dragić in 2014. On February 24, for the second year in a row, Booker was named an All-Star as an injury replacement, this time to Anthony Davis. He and Chris Paul became the first Suns duo since Steve Nash and Amar'e Stoudemire in 2010 to be named All-Stars. The duo would also help Phoenix clinch their first playoff berth since 2010.
On May 23, Booker would make his NBA playoff debut, posting 34 points, 7 rebounds and 8 assists in a 99–90 victory in Game 1 of the First Round over the defending champion Los Angeles Lakers. On June 3, Booker recorded a playoff career-high 47 points, along with 11 rebounds to lead the Suns to a 113–100 series-clinching victory over the Lakers in Game 6 to advance to the Conference Semifinals against the Denver Nuggets. In Game 4 against the Denver Nuggets in the Conference Semifinals, Booker dropped 34 points and 11 rebounds in a 125–118 victory, leading the Suns to a 4–0 series sweep over the Nuggets for their first Western Conference Finals appearance since 2010. In Game 1 of the Conference Finals, Booker recorded his first career triple-double with 40 points, 13 rebounds, and 11 assists, in a 120–114 win over the Los Angeles Clippers. In Game 6 of the Conference Finals, Booker dropped 22 points in a 130–103 victory over the Clippers, to lead the Suns to the NBA Finals for the first time since 1993.
In Game 1 of the 2021 NBA Finals against the Milwaukee Bucks, Booker put up 27 points in a 118–105 win. In Game 2 of the 2021 NBA Finals, Booker put up 31 points, shooting 7-for-12 from three-point range, in a 118–108 win, as Phoenix took a 2–0 series lead. On July 14, Booker broke Rick Barry's 54-year-old record of most points in first NBA playoff appearance with 601. Despite the success, the Suns would lose to the Bucks in six games. Booker in his first career playoffs averaged 27.3 points, 5.6 rebounds, and 4.5 assists, with 45/32/91% shooting, and back-to-back 40-point games in the Finals becoming the third player in NBA history to have back-to-back 40 point games in the Finals.
During the 2021–22 NBA season, on November 29, 2021, Booker was named the Player of the Week in the Western Conference for his performance during Week 6 of the season, which helped the Suns achieve a franchise-record 18-game winning streak. He received the honor again on January 17, 2022 for his efforts during Week 13. Booker was named an All-Star along with teammate for the third year in a row alongside teammate Chris Paul when reserves were announced on February 10. That night, he was selected for Team Durant as part of the All-Star Draft. On March 24, 2022, Booker scored a season-high 49 points in a 140–130 road victory over the Denver Nuggets, becoming the fourth-youngest player in NBA history to score 11,000 points. He finished the week averaging 37.3 points and 6.3 assists per game and was named the Week 23 Western Conference Player of the Week. Booker and the Suns finished the regular season with the league's best overall record at 64–18. Booker was also named to the All-NBA First Team, the first in his career.
Booker began the postseason in good form, scoring 56 points during the first two games of the Suns' first-round series against the 8-seeded New Orleans Pelicans, but left Game 2 in the third quarter after suffering what would be diagnosed as a grade 1 hamstring injury. After missing the next three games, Booker returned in the Suns' 115–109 Game 6 road win that clinched the series and an appearance in the Western Conference Semifinals for Phoenix. In the Western Conference Semifinals, the Suns jumped to a 2–0 lead in the series against the Dallas Mavericks before losing in seven games.
On July 7, 2022, Booker agreed to a four-year, $224 million maximum contract extension with the Suns; the same day, he was announced as one of the cover stars of NBA 2K23. On November 18, Booker scored 49 points alongside eight rebounds and 10 assists in a 134–133 loss to the Utah Jazz. On November 30, Booker scored a then season-high 51 points in just three quarters on 20-of-25 shooting from the field in a 132–113 win over the Chicago Bulls. He was named Western Conference Player of the Month, averaging 29.0 points per game, 5.3 rebounds per game, and 5.8 assists per game in October and November. On December 17, Booker scored a season-high 58 points in a 118–114 win over the New Orleans Pelicans. He became the sixth youngest player to reach 12,000 career points trailing only LeBron James, Kevin Durant, Kobe Bryant, Carmelo Anthony, and Tracy McGrady.
On February 7, 2023, Booker returned to the lineup after missing the previous 21 games with a left groin strain. He had 19 points, six assists and four rebounds in a 116–112 win over the Brooklyn Nets. On February 24, Booker put up 25 points, six rebounds, and eight assists in a 124–115 win over the Oklahoma City Thunder. He also made his 1,052nd career three-pointer, surpassing Steve Nash for the most three-pointers made in Suns history. On March 5 against the Dallas Mavericks, Booker scored 36 points on 15-of-25 shooting to go along with five rebounds and 10 assists, lifting the Suns to a 130–126 win. Booker also got into an altercation with Luka Dončić with 3.5 seconds remaining in the game, as they ended up nose-to-nose and were both issued technical fouls. On March 8, Booker scored 44 points on 17-of-23 shooting from the field, including 6-of-10 from the three-point range in a 132–101 win over the Oklahoma City Thunder. He also became the first player in Suns history to have four straight games with at least 35 points.
In Game 3 of the Suns’ first round playoff series against the Los Angeles Clippers, Booker scored 45 points in a 129–124 win, to lead Phoenix to a 2–1 series lead. He tied Charles Barkley's franchise record for most 40-point playoff games with five. In Game 5 of the Suns’ first round playoff series against the Los Angeles Clippers, Booker put up 47 points, 10 assists, and eight rebounds in a 136–130 win. He also put up his 17th 30-point playoff game and his 6th 40-point playoff game, surpassing Charles Barkley’s previous Suns franchise records of 30-point playoff games (16) and 40-point playoff games (5). In Game 3 of the Western Conference Semifinals, Booker tied a playoff career-high 47 points and put up six rebounds, nine assists and three steals in a 121–114 win against the Denver Nuggets. The Suns ultimately lost the series to the eventual NBA champion Nuggets in six games. However, throughout Denver’s entire championship run, Phoenix was the only team to win more than one game against the Nuggets in a single playoff series.
On November 17, 2023, Booker recorded 24 points and a career-high 15 assists in a 131–128 win over the Utah Jazz. On November 24, Booker scored 40 points on 15 of 21 shooting from the field, including 3 of 4 from outside the arc in a 110–89 win over the Memphis Grizzlies. On November 26, Booker put up 28 points, 11 assists, two blocks, and a game-winning three-pointer in a 116–113 win over the New York Knicks.
On January 19, 2024, Booker put up 52 points, with 25 of those coming in the first quarter, in a 123–109 win over the New Orleans Pelicans. On January 24, Booker scored 46 points on 17-of-23 shooting from the field, including 6-of-10 from the three-point range in a 132–109 win over the Dallas Mavericks. Two days later against the Indiana Pacers, Booker had 29 points in the first quarter, setting a Suns franchise record for points in a quarter. He finished the game with 62 points on 22-of-37 shooting in a 133–131 loss, becoming the ninth player in NBA history to record multiple 60+ point games. Booker also set the record for most points in a game in the Gainbridge Fieldhouse, marking his fourth different arena where he's set the single-game scoring record, joining the Footprint Center, TD Garden, and Vivint Arena. After another 44-point outing against the Orlando Magic on January 28, Booker was named the Western Conference Player of the Week for the ninth time in his career, averaging 42 points, five rebounds, and 63.9% from the field in four games. He was also named Western Conference Player of the Month for the third time in his career, the most in Suns franchise history. In 16 games in January, Booker averaged 30.0 points, 6.3 assists, and 4.4 rebounds, while shooting 53.9% from the floor and 40.0% from three-point range, with the Suns going 11–5 during that stretch.
On February 1, Booker was named to his fourth All-Star Game as a Western Conference reserve. On April 1, Booker recorded 52 points, nine assists and a career-high eight three-pointers in a 124–111 win over the New Orleans Pelicans. He became the first NBA player since Wilt Chamberlain to score at least 50 points in three consecutive games against the same opponent. In the first round of the playoffs, Phoenix would go on to lose to the Minnesota Timberwolves in four games despite Booker's playoff career-high 49 points in the 122–116 close-out loss in game 4. At the conclusion of the season, Booker was named to the All-NBA Third Team.
Due to his mother's ethnic background, Booker drew interest from the Mexican and U.S. national teams. He played on the 2016 USA Select Team that trained against the 2016 U.S. Olympic team. In February 2020, he was named a finalist to play on the 2020 Olympic team. However, the 2020 Summer Olympics were postponed into 2021 due to the COVID-19 pandemic. In 2021, Booker and Team USA won the Olympic gold medal in men's basketball. He was named to the 2024 Olympic team for the 2024 Paris Olympics.  He played a crucial role on Team USA leading up to their gold medal win on August 10, with head coach Steve Kerr calling Booker their ""unsung MVP"" throughout their run.
Booker's maternal grandfather is from Mexico. Devin is the only child of his father, Melvin Booker, a former professional basketball player. In 2020, Booker was named a global ambassador to the Special Olympics for his support for his younger half-sister who has microdeletion syndrome, a genetic chromosomal disorder.
From June 2020 to October 2022, Booker was in a relationship with Kendall Jenner, a member of the Kardashian family.
A Michigan native, Booker is a Detroit sports fan, frequently sporting attire from the Detroit Red Wings and Detroit Lions.
Booker has his own charitable foundation called the Starting Five, which grants five nonprofit organizations $100,000 each, and plans to donate $500,000 to Phoenix charities per year for 5 years.
In 2019, Booker bought a 5,590 square foot house in Paradise Valley, Arizona for $3.5 million.
Call of Duty: Modern Warfare III added Booker as a playable operator for Warzone. The pack was released on May 3, 2024 and is titled ""Tracer Pack: D Book Was Here bundle"".
""Devin Booker Scores Franchise Record 70 Points – Phoenix Suns"". NBA.com. Retrieved March 25, 2017.
@ESPNStatsInfo (March 27, 2019). ""At 22 years old, Devin Booker is the youngest player in NBA history with consecutive 50-point games"" (Tweet). Retrieved June 6, 2021 – via Twitter.
Lee, Michael (December 13, 2019). ""'I'm definitely going to rep that side of my heritage, always': Devin Booker is determined to get more in touch with his Mexican heritage"". The Atmelvhletic. Retrieved May 28, 2020. Booker was raised by Gutierrez, a cosmetologist, in the predominantly white suburb of Grandville but spent his summers in a poorer, mostly African-American, inner-city setting in Moss Point, Miss., with his father, Melvin.
Roberts, Ben (April 28, 2013). ""Junior Booker shows he can handle pressure – Shooting guard impresses Cal"". Lexington Herald-Leader. p. B1.
Stephenson, Creg (January 20, 2012). ""Moss Point's Devin Booker has the name and the game"". The Mississippi Press. Retrieved November 26, 2014.
""Devin Booker Point of pride"". Azcentral.com. July 8, 2021. ""But based on information from Booker's agent, CCA, a Suns team spokesman clarified for this story that Booker's grandfather was from Los Nogales, a town in Nuevo Leon, a state in northeast Mexico near the border with south Texas. It also has been reported in some media outlets that Booker has Puerto Rican heritage on his mother's side. But Cole Mickelson, a team spokesman, said that is not true. While Booker does have a Puerto Rican uncle, they are not blood-related, Mickelson said in an email.""
""Celebrate Our Community with APS Los Suns Night"". NBA.com. March 2, 2020. Retrieved May 28, 2020. All-Star guard Devin Booker, who is the son of a Mexican-American and Puerto Rican mother, decided to sport his Los Suns threads on one of the NBA's biggest stages when he competed in the 3-Point Contest at All-Star. ""Mexican roots run deep with the Phoenix Suns"". ESPN. January 11, 2017. Retrieved January 12, 2017.
Cervantez, Rigo (March 19, 2016). ""El novato Devin Booker aún no decide entre EU o Puerto Rico"" (in European Spanish). espndeportes. Retrieved March 28, 2020. 'He escuchado algunos rumores', reconoció el jugador quien, más allá de su decisión final, sobre los colores que defenderá, como basquetbolista, dijo sentirse orgulloso de ser boricua, por parte de su madre.
""Suns draft pick Devin Booker groomed to play professionally"". Fox Sports. Phoenix. June 26, 2015. Retrieved December 8, 2017. Devin's motivation to improve his game only grew during summer visits with his father.
Lowe, Zach (March 18, 2016). ""The book on Devin Booker"". ESPN. Retrieved March 25, 2016.
Sohi, Seerat (February 25, 2017). ""DRAKE, 2K AND NETFLIX: FIVE MOMENTS AT HOME WITH THE PHOENIX SUNS"". bleacherreport.com. Retrieved March 6, 2017.
Roberts, Ben (October 4, 2013). ""Booker calm amid recruiting storm"". Lexington Herald-Leader. p. B4.
Stephenson, Creg (November 22, 2011). ""Moss Point can't keep up with Gulfport"". Press-Register. p. B01.
Stephenson, Creg (January 10, 2012). ""Panthers' season revs up"". Press-Register. p. B02.
Stephenson, Creg (November 7, 2012). ""Moss Point's Devin Booker begins junior season squarely in basketball spotlight"". The Mississippi Press. Retrieved December 12, 2014.
Stephenson, Creg (February 7, 2012). ""Byrd, McGill step up in Moss Point victory"". Press-Register. p. B01.
Stephenson, Creg (February 15, 2012). ""Wayne County's defense ends Moss Point's season"". Press-Register. p. B01.
Jones, James (April 8, 2012). ""Booker, Miller take boys basketball honors – Moss Point, Gulfport among the Coast's best"". Sun Herald.
Stephenson, Creg (May 10, 2012). ""Showcase to spotlight area players"". Press-Register. p. B01.
""Booker had memorable week"". Sun Herald. December 9, 2012. p. 6.
Stephenson, Creg (December 8, 2012). ""Melvin Booker Shootout: Pascagoula, Moss Point both win"". The Mississippi Press. Retrieved December 17, 2014.
""Boys Basketball: Harrison Central 59, Moss Point 52"". The Mississippi Press. December 14, 2012. Retrieved December 17, 2014.
Magee, Patrick (January 3, 2013). ""Booker, Moss Point make strong showing in Missouri"". The Sun Herald. p. 5.
Magee, Patrick (December 22, 2012). ""Davidson slows down Booker, Moss Point"". Sun Herald. p. 1.
Baumgardner, Nick (December 24, 2012). ""Recruiting: 2014 Michigan target Devin Booker scores 49 points in prep game, Duke now reportedly involved"". MLive. Retrieved December 17, 2014.
Stephenson, Creg (January 13, 2013). ""Gulfport rallies"". The Press-Register. p. 006M.
Magee, Patrick (February 6, 2013). ""Booker leads Moss Point past Gautier"". Sun Herald. p. 5.
Magee, Patrick (February 9, 2013). ""Booker's 43 points not enough as Hattiesburg prevails"". Sun Herald. p. 1.
Stephenson, Creg (February 19, 2013). ""Moss Point's Devin Booker begins recruiting trek this weekend with visits to North Carolina, Duke"". The Mississippi Press. Retrieved December 12, 2014.
Magee, Patrick (February 13, 2013). ""Gators prevail in OT – Gators' Rutledge puts team on back in OT to bounce Tigers from playoffs"". Sun Herald. p. 1.
Stephenson, Creg (March 21, 2013). ""Basketball: Moss Point's Devin Booker named Mississippi's Gatorade Player of the Year"". The Mississippi Press. Retrieved December 12, 2014.
Magee, Patrick (February 12, 2013). ""Panthers seal pair of postseason hoops bids"". The Sun Herald. p. 1.
Jones, James (April 7, 2013). ""Booker repeats as Sun Herald Player of the Year – Hardy wins second coach of the year award"". The Sun Herald. p. 3.
Palmer, Tod (October 29, 2013). ""Top Mizzou hoops target Devin Booker to announce college choice on Thursday"". Kansas City Star.
Stephenson, Creg (August 6, 2013). ""Moss Point basketball star Devin Booker back on Coast, ready for recruiting homestretch, senior year"". The Mississippi Press. Retrieved November 26, 2014.
Roley, Veto (May 29, 2013). ""Booker, Reed shine at South Mississippi classic"". The Sun Herald.
""Nation's elite hoops players think ACC will get even better with expansion"". The Daily Progress. June 15, 2013.
""Under Armour Elite 24 Highlights"". Global Basketball. August 25, 2013. Archived from the original on October 2, 2014. Retrieved November 26, 2014.
Stephenson, Creg (October 31, 2013). ""Basketball recruiting: Moss Point's Devin Booker verbally commits to Kentucky"". The Mississippi Press. Retrieved December 12, 2014.
Roberts, Ben (September 9, 2013). ""Alumni game also a tool for recruiting – Many top prospects to attend"". Lexington Herald-Leader. p. C1.
Stephenson, Creg (October 21, 2013). ""Basketball recruiting: Moss Point's Devin Booker has completed visits, but still mulling college decision"". The Mississippi Press. Retrieved December 12, 2014.
Roberts, Ben (November 1, 2013). ""The next big shot – Wildcats get one coveted shooting guard but lose another to Indiana"". Lexington Herald-Leader. p. B1.
Roberts, Ben (November 14, 2013). ""Four sign; top target to announce Friday – is californian johnson picking too early?"". Lexington Herald-Leader. p. C2.
Roberts, Ben (December 9, 2013). ""Warm 'homecoming' – Booker scores 40 in Ky. tournament"". Lexington Herald-Leader. p. C1.
Stephensen, Creg (December 14, 2013). ""Point overcome McGill-Toolen in 78–67 loss in Melvin Booker Shootout"". The Mississippi Press Web Edition. Retrieved December 12, 2014.
Stephenson, Creg (January 2, 2014). ""Basketball: Moss Point's Devin Booker closing in on 2,000 career points, school scoring record"". The Mississippi Press. Retrieved December 12, 2014.
Stephensen, Creg (January 31, 2014). ""Basketball: Devin Booker sets Moss Point career scoring record in 75–53 victory over Pass Christian"". The Mississippi Press Web Edition. Retrieved December 12, 2014.
Stephenson, Creg (March 19, 2014). ""Moss Point's Booker honored"". Press-Register. p. 005M.
""Basketball: Moss Point's season ends with 61–56 loss to McComb despite Devin Booker's 42 points"". The Mississippi Press Web Edition. February 28, 2014. Retrieved December 12, 2014.
""Basketball: Moss Point's Devin Booker makes USA Today All-USA third team"". The Mississippi Press Web Edition. April 9, 2014. Retrieved December 12, 2014.
Jones, James (March 22, 2014). ""Devin Booker, Christa Reed shine as Mississippi, Alabama splits All-Star Basketball Games"". Sun Herald.
Stephenson, Creg (March 23, 2014). ""Early lead propels Alabama past Mississippi"". Press-Register. p. 25A.
Roberts, Ben (January 30, 2014). ""Cats place 5 on McDonald's teams – 4 male signees, 1 female signee on list"". Lexington Herald-Leader. p. C4.
""Moss Point's Devin Booker scores eight points as West wins McDonald's All-American Game, 105–102"". The Mississippi Press Web Edition. April 2, 2014. Retrieved November 26, 2014.
Roberts, Ben (March 11, 2014). ""All of UK's 2014 signees on Jordan Brand roster"". Lexington Herald-Leader. p. B5.
""Kentucky signee Devin Booker of Moss Point scores 43, named MVP of All-Star Showcase"". The Mississippi Press Web Edition. May 31, 2014. Retrieved December 12, 2014.
Rockwell, Curtis (November 4, 2014). ""College basketball: Moss Point's Devin Booker impressive in first Rupp Arena apperance [sic]"". The Mississippi Press. Retrieved December 12, 2014.
""No. 1 Kentucky rolls: Moss Point's Devin Booker shines with 15 points, 7 assists, 6 rebounds"". The Mississippi Press. The Associated Press. November 21, 2014. Retrieved December 12, 2014.
""Moss Point's Devin Booker scores 18 points as No. 1 Kentucky beats Montana State 86–28"". The Mississippi Press. The Associated Press. November 23, 2014. Retrieved December 12, 2014.
""Moss Point's Devin Booker gets 19 points, including 5 3-pointers, as No. 1 Kentucky romps"". The Mississippi Press. The Associated Press. November 25, 2014. Retrieved December 12, 2014.
""2015 SEC Men's Basketball Awards announced"". secsports.com. March 13, 2015. Retrieved April 6, 2016.
""Suns Select Devin Booker In The First Round Of The 2015 NBA Draft"". azcentral.com. NBA.com. June 25, 2015. Retrieved June 27, 2015.
""Suns Sign First-Round Draft Pick Devin Booker"". NBA.com. July 13, 2015. Retrieved July 13, 2015.
""Mavericks vs Suns"". NBA.com. Archived from the original on March 30, 2016. Retrieved March 25, 2017.
""Arizona Sports: McDonough on Booker, Bogdanovic – Phoenix Suns"". NBA.com. Retrieved March 25, 2017.
""Suns vs Kings"". NBA.com. Archived from the original on January 24, 2016. Retrieved March 25, 2017.
""USA vs World"". NBA.com. February 12, 2016. Archived from the original on February 9, 2016. Retrieved February 12, 2016.
""Booker Soaks in All-Star Weekend – Phoenix Suns"". NBA.com. Retrieved March 25, 2017.
Feldman, Dan (February 5, 2016). ""Suns' Devin Booker – by far – youngest player in NBA 3-point contest history"". Retrieved March 25, 2017.
""Phoenix Suns' Devin Booker headed to 3-point contest"". Retrieved March 25, 2017.
""Klay Thompson downs Stephen Curry to win the Three-Point Shootout"". Retrieved March 25, 2017.
""Suns vs Heat"". NBA.com. Archived from the original on July 2, 2016. Retrieved March 25, 2017.
""Suns vs Nuggets"". NBA.com. Archived from the original on March 15, 2016. Retrieved March 25, 2017.
""The Weekside: Devin Booker, the understated future superstar in this rookie class"". March 31, 2016. Retrieved March 25, 2017.
""Suns vs Pelicans"". NBA.com. Archived from the original on August 16, 2016. Retrieved March 25, 2017.
""Booker finishes fourth for ROY"". May 16, 2016. Retrieved March 25, 2017.
""Wolves' Towns, Knicks' Porzingis lead 2015–16 NBA All-Rookie teams"". NBA.com. May 19, 2016. Archived from the original on May 22, 2016. Retrieved May 19, 2016.
""Booker earns All-Rookie First Team honors"". May 19, 2016. Retrieved March 25, 2017.
""Bickley: Suns' Earl Watson plans to win over skeptics"". Retrieved March 25, 2017.
""Devin Booker invited to join USA Basketball's select team"". Retrieved March 25, 2017.
""The Newest Phoenix Suns Draftees are Unveiled to the World"". June 24, 2016. Retrieved March 25, 2017.
""Devin Booker emerges as summer league standout"". July 17, 2016. Retrieved March 25, 2017.
""Phoenix Suns' Brandon Knight will come off the bench"". Retrieved March 25, 2017.
""Booker leads Suns to OT win over winless Pelicans"". ESPN.com. November 4, 2016. Retrieved November 4, 2016.
""Lakers hold off Suns 119–108 to move above .500"". ESPN.com. November 6, 2016. Retrieved November 7, 2016.
""Devin Booker Breaks Suns Franchise Record – Phoenix Suns"". NBA.com. Retrieved March 25, 2017.
""Devin Booker has 39 points, Suns beat Spurs in Mexico City"". ESPN. January 14, 2017. Retrieved March 25, 2017.
""Suns' Devin Booker youngest ever with back-to-back 39+ point games"". January 15, 2017. Retrieved March 25, 2017.
""Minnesota's Towns and Philadelphia's Embiid headline roster for 2017 BBVA Compass Rising Stars Challenge"". NBA.com. January 25, 2017. Retrieved January 26, 2017.
""Devin Booker to Compete in 2017 Skills Challenge – Phoenix Suns"". NBA.com. Retrieved March 25, 2017.
""Bucks vs. Suns – Game Recap – February 4, 2017 – ESPN"". Retrieved March 25, 2017.
""Booker Scores 27 Points within Eight Minutes – Phoenix Suns"". NBA.com. Retrieved March 25, 2017.
Thomsen, Ian (September 4, 2016). ""Suns hope rookie big men mold into solid foundation"". NBA.com. Archived from the original on September 5, 2016. Retrieved June 6, 2021.
""Suns' Booker scores 70 in loss to Celtics"". March 25, 2017. Retrieved March 25, 2017.
""Suns vs. Celtics – Game Recap – March 24, 2017 – ESPN"". Retrieved March 25, 2017.
""Russell has 23 points, 9 assists; Nets beat Suns 98–92"". ESPN.com. November 6, 2017. Retrieved November 6, 2017.
""Clarkson scores 25, Lakers beat Suns 100–93"". ESPN.com. November 13, 2017. Retrieved November 13, 2017.
""Devin Booker scores 46 to lift Suns past Ben Simmons, 76ers"". ESPN.com. December 4, 2017. Retrieved December 4, 2017.
""Devin Booker Injury Update"". NBA.com. December 6, 2017. Retrieved December 6, 2017.
Loung, Steven (December 5, 2017). ""Suns guard Devin Booker leaves game vs. Raptors with adductor injury"". Sportsnet.ca. Sportsnet. Retrieved December 15, 2017.
""Chandler's dunk, Booker's 32 send Suns past Grizzlies"". ESPN.com. December 2, 2017. Retrieved December 2, 2017.
""Jazz win 11th straight, beating Suns 107–97"". ESPN.com. February 14, 2018. Retrieved February 14, 2018.
Cato, Tim; Weatherly, Kaleel (February 17, 2018). ""NBA Three-Point Contest 2018 recap: Highlights from Devin Booker's record-setting win"". sbnation.com. Retrieved February 18, 2018.
""Westbrook's 43 points lead Thunder past Suns, 124–116"". ESPN.com. March 2, 2018. Retrieved March 2, 2018.
""Suns top Mavs 124–97 as reserves rule for lottery teams"". ESPN.com. April 10, 2018. Retrieved April 10, 2018.
""Suns' Devin Booker: Ruled out for finale"". cbssports.com. April 10, 2018. Retrieved April 10, 2018.
""Suns Sign Devin Booker to Max Contract Extension"". NBA.com. July 7, 2018. Retrieved July 7, 2018.
""Devin Booker signs 5-year, $158M max extension with Suns"". ESPN.com. July 7, 2018. Retrieved July 7, 2018.
""Devin Booker Injury Update"". NBA.com. September 10, 2018. Retrieved September 10, 2018.
Olson, Kellan (September 9, 2018). ""Phoenix Suns guard Devin Booker having hand surgery, out indefinitely"". arizonasports.com. Retrieved September 9, 2018.
""Booker's late onslaught lifts Suns past Mavs 121–100"". ESPN.com. October 17, 2018. Retrieved October 17, 2018.
""Irving, Celtics rally from 22 down to top Suns 116–109 in OT"". ESPN.com. November 8, 2018. Retrieved November 8, 2018.
""Embiid scores 42 points, 76ers hold off Suns 132–127"". ESPN.com. January 2, 2019. Retrieved January 3, 2019.
Cunningham, Cody (January 24, 2019). ""Booker Becomes Fifth Youngest Player to Score 5,000 Career Points"". NBA.com. Retrieved March 7, 2019.
""Forty-point fourth quarter helps Suns snap 17-game slide"". ESPN.com. February 25, 2019. Retrieved March 2, 2019.
""Booker hits array of milestones with 59 in defeat"". ESPN.com. March 25, 2019. Retrieved March 26, 2019.
""Booker Makes NBA History Erupting for 59 Points vs Utah"". NBA.com. March 25, 2019. Retrieved March 27, 2019.
""Booker scores 50 in back-to-back games but Suns lose again"". ESPN.com. March 27, 2019. Retrieved March 28, 2019.
""Source: Suns' Booker (ankle) to sit last 3 games"". ESPN.com. April 4, 2019. Retrieved April 4, 2019.
""Booker scores 35 as short-handed Suns beat Wolves 100–98"". NBA.com. November 23, 2019. Retrieved November 26, 2019.
Newman, Logan (January 5, 2020). ""Devin Booker breaks Suns record for most 30-point games in a row"". ArizonaSports.com. Retrieved January 7, 2020.
Cunningham, Cody (January 8, 2020). ""The Numbers Behind Devin Booker's Historic Streak"". NBA.com. Retrieved January 14, 2020.
Dixon, Schuyler (January 28, 2020). ""Booker, Ayton lead Suns to 133–104 blowout to Mavs"". NBA.com. Retrieved January 28, 2020.
Bontemps, Tim (February 15, 2020). ""Buddy Hield edges Devin Booker on final shot to win 3-point shootout"". ESPN.com. Retrieved October 22, 2021.
""Booker's 35 points help streaking Suns beat 76ers 130–117"". NBA.com. August 11, 2020. Retrieved August 11, 2020.
""NBA Announces Bubble Awards"". FOX Sports. August 11, 2020. Retrieved June 6, 2021.
""Jokic scores 31, Nuggets rally to beat Suns 130-126 in OT"". ESPN.com. Associated Press. January 22, 2021. Retrieved June 6, 2021.
Argent, Rod (January 24, 2021). ""Center of the Sun: Suns struggle in Week 5, Booker out indefinitely"". Bright Side Of The Sun. Retrieved June 6, 2021.
""Booker hits winning 3 in return as Suns edge Mav 109-108"". ESPN.com. February 1, 2021. Retrieved June 6, 2021.
""How High Can Devin Booker Climb on the Suns Leaderboards?"". Zona Hoops. February 6, 2021. Retrieved June 6, 2021.
Brandt, David (February 8, 2021). ""Booker Gets Hot Late As Suns Outlast Cavaliers (Booker scores season-high 36, Suns beat Cavs 119-113)"". NBA.com. Retrieved February 9, 2021.
Huhn, Bob (February 13, 2021). ""Booker's 36 For Suns Overpowers Embiid, Sixers (Suns keep rolling, top 76ers 120-111 for 5th straight win)"". NBA.com. Retrieved February 13, 2021.
""Devin Booker, Saddiq Bey named NBA Players of the Week"". NBA.com. February 14, 2021. Retrieved June 6, 2021.
""Devin Booker named Western Conference Player of the Week"". NBA.com. February 15, 2021. Retrieved June 6, 2021.
""DEVIN BOOKER NAMED NBA ALL-STAR"". NBA.com. February 24, 2021. Retrieved February 24, 2021.
""CHRIS PAUL & DEVIN BOOKER NAMED ALL-STARS"". NBA.com. February 24, 2021. Retrieved February 27, 2021.
""Devin Booker: Phoenix Suns' playoff berth 'has been a long time coming'"". ESPN.com. April 29, 2021. Retrieved May 24, 2021.
""Booker dominates as scorer, paymaker, Suns handle Lakers in opener"". ESPN.com. May 23, 2021. Retrieved May 24, 2021.
""Devin Booker drops 47 points as Phoenix Suns end Lakers' reign in first round"". ESPN.com. June 3, 2021. Retrieved June 3, 2021.
Maloney, Jack (June 14, 2021). ""Suns vs. Nuggets playoff preview: Devin Booker leads Phoenix against Nikola Jokic and shorthanded Denver"". CBS Sports. Retrieved June 21, 2021.
Selbe, Nick (June 20, 2021). ""Devin Booker's 40-Point Triple-Double Leads Suns Past Clippers in Game 1"". Retrieved June 25, 2021.
Harris, Beth (June 30, 2021). ""Chris Paul leads Suns past Clippers 130-103, into NBA Finals"". Yahoo Sports. Retrieved June 30, 2021.
""Paul carries Suns past Giannis, Bucks in NBA Finals opener"". ESPN.com. July 6, 2021. Retrieved July 6, 2021.
McMenamin, Dave (July 8, 2021). ""Timely 3-pointers in 4th quarter by Phoenix Suns' Devin Booker 'melted' Milwaukee Bucks in Game 2 win"". ESPN.com. Retrieved July 8, 2021.
""Devin Booker feels Suns set foundation for 'championship basketball' despite Finals loss"". Bright Side Of The Sun. July 21, 2021. Retrieved July 21, 2021.
""Devin Booker, Trae Young named NBA Players of the Week"". NBA.com. November 29, 2021. Retrieved April 14, 2022.
""Devin Booker, Darius Garland named NBA Players of the Week"". NBA.com. January 17, 2022. Retrieved April 14, 2022.
""2022 NBA All-Star reserves revealed!"". NBA.com. February 10, 2022. Retrieved April 14, 2022.
Bantock, Jack (March 25, 2022). ""MVP? Dominant Devin Booker scores 49 points in Phoenix's 60th win of the season"". CNN. Retrieved April 14, 2022.
""Devin Booker, Jayson Tatum named NBA Players of the Week"". NBA.com. March 28, 2022. Retrieved April 14, 2022.
""NBA 2021-22 Regular Season Standings"". NBA.com. April 15, 2022. Retrieved April 15, 2022.
Rankin, Duane. ""Phoenix Suns All-Star Devin Booker makes All-NBA first team, now $211M supermax eligible"". azcentral. Retrieved May 25, 2022.
""Suns guard Devin Booker out indefinitely with right hamstring injury"". NBA.com. April 22, 2022. Retrieved April 27, 2022.
Eichenhofer, Jim (April 28, 2022). ""Game 6 playoff postgame wrap: No. 1 Suns 115, No. 8 Pelicans 109"". NBA.com. Retrieved April 28, 2022.
""Mavericks cruise past Suns in stunning Game 7 victory"". NBA.com. May 16, 2022. Retrieved May 16, 2022.
""Suns' Devin Booker signs 4-year supermax contract extension"". NBA.com. July 7, 2022. Retrieved July 10, 2022.
""Michael Jordan, Devin Booker among cover athletes for NBA 2K23"". NBA.com. Retrieved July 14, 2022.
""Markkanen scores career-high 38 points, Jazz edge Suns"". ESPN.com. November 18, 2022. Retrieved November 19, 2022.
""Devin Booker scores 51 points in 3 quarters, Suns rout Bulls"". ESPN.com. November 30, 2022. Retrieved December 2, 2022.
""Devin Booker, Jayson Tatum named Kia Players of the Month"". NBA.com. Retrieved December 2, 2022.
Guinhawa, Angelo (December 17, 2022). ""Devin Booker drops truth bomb on Suns' 24-point comeback vs. Pelicans"". ClutchPoints. Retrieved December 18, 2022.
Miller, Franklin (December 18, 2022). ""Devin Booker Becomes the 6th Youngest Player To Reach Career Milestone"". Burn City Sports. Retrieved December 20, 2022.
""Ayton has 35, Suns hold off Thomas, Nets in Booker's return"". ESPN.com. February 7, 2023. Retrieved February 8, 2023.
Salao, R.P. (February 24, 2023). ""Devin Booker reacts to passing Steve Nash for all-time Suns record"". ClutchPoints. Retrieved February 24, 2023.
""Durant tiebreaker lifts Suns over Mavs in showcase of stars"". ESPN.com. Retrieved March 5, 2023.
""Booker, Ross help Suns rout Thunder after Durant injured"". ESPN.com. Retrieved March 9, 2023.
Booth, Trevor (March 8, 2023). ""Devin Booker's 44-point night a historic one to revive deflated Suns fans"". SB Nation. Retrieved March 10, 2023.
""Booker has 45 points, Suns top Leonard-less Clippers 129-124"". ESPN.com. Retrieved April 22, 2023.
Wimbish, Jasmyn (April 21, 2023). ""Devin Booker's 45-point performance ties Charles Barkley for most 40-point playoff games in Suns' history"". cbssports.com. Retrieved April 22, 2023.
House, Alex (April 25, 2023). ""Suns' Devin Booker leaves Charles Barkley in franchise dust with epic Game 5 vs. Clippers"". ClutchPoints. Retrieved April 26, 2023.
Guinhawa, Angelo (April 25, 2023). ""'You passed a bum': Devin Booker gets hilarious Shaq message after resetting Charles Barkley record"". ClutchPoints. Retrieved April 26, 2023.
Guinhawa, Angelo (May 5, 2023). ""Devin Booker breaches Michael Jordan territory after wild 47-point Game 3 in Suns vs. Nuggets"". ClutchPoints. Retrieved May 5, 2023.
""Nuggets blow past Suns 125-100, advance to Western Conference finals"". ESPN.com. May 12, 2023. Retrieved May 15, 2023.
""Durant scores 38 and Booker has a career-best 15 assists to boost the Suns past the Jazz"". ESPN.com. November 18, 2023. Retrieved November 18, 2023.
""Devin Booker's 40 points leads Suns past Grizzlies 110-89"". ESPN.com. November 25, 2023. Retrieved November 25, 2023.
Villas, Rexwell (November 26, 2023). ""Suns' Devin Booker, Jalen Brunson trade blows in wild finish"". ClutchPoints. Retrieved November 26, 2023.
Buyawe, Brian (January 19, 2024). ""Suns' Devin Booker closing in on Stephen Curry record after Pelicans demolition"". ClutchPoints. Retrieved January 19, 2024.
""Devin Booker scores 46 as Suns beat Mavs 132-109 for 7th consecutive win"". ESPN.com. January 24, 2024. Retrieved January 25, 2024.
Rankin, Duane. ""Devin Booker 29-point 1st-quarter blast vs Pacers sets Suns franchise record"". azcentral.com. Retrieved January 27, 2024.
Buyawe, Brian (January 26, 2024). ""Pacers' Obi Toppin spoils Devin Booker's 62-point masterclass with epic game-winner"". ClutchPoints. Retrieved January 26, 2024.
Olson, Kellan (January 27, 2024). ""Devin Booker's 62 nullified by Suns' inability to stop Pacers in loss"". arizonasports.com. Retrieved January 27, 2024.
Smith, Jeff (January 27, 2024). ""Suns' Devin Booker achieves outrageous feat with 62-point game vs. Pacers"". yardbarker.com. Retrieved January 27, 2024.
""Devin Booker, Giannis Antetokounmpo named NBA Players of the Week"". NBA.com. Retrieved January 30, 2024.
Druin, Donnie. ""Devin Booker Named Western Conference Player of the Month"". SI.com. Retrieved February 1, 2024.
""2024 NBA All-Star reserves announced"". NBA.com. Retrieved February 2, 2024.
""Devin Booker scores 52 points to lift the Suns over the Pelicans 124-111"". ESPN.com. April 1, 2024. Retrieved April 2, 2024.
""Timberwolves outlast Suns to finish sweep. Minnesota coach Chris Finch leaves with knee injury"". ESPN.com. April 28, 2024. Retrieved April 28, 2024.
""Two Suns Stars Make All-NBA Teams"". Inside The Suns. May 23, 2024. Retrieved May 23, 2024.
Mancilla, Alfonso (January 14, 2017). ""La sangre mexicana inspira a Devin Booker"". ESPN (in European Spanish). Retrieved May 28, 2020. Su talento ganó la atención de las federaciones de Puerto Rico, México y Estados Unidos, países por lo que podía jugar
Golliver, Ben (July 10, 2024). ""USA Basketball's gold medal formula: Big stars, bigger centers"". The Washington Post. Retrieved August 9, 2024.
Stumbaugh, Julia (August 10, 2024). ""Steve Kerr Calls Devin Booker 'Unsung MVP' of USA Basketball's Olympic Gold Medal Run"". Bleacher Report. Retrieved August 10, 2024.
Gardner, David (May 19, 2016). ""Bigger than basketball: Devin Booker forms unlikely bond with Suns fan"". Sports Illustrated. Retrieved June 6, 2021.
Andrews, Malika (April 9, 2021). ""Suns' Devin Booker named global Special Olympics ambassador"". ESPN. Retrieved July 26, 2021.
""Kendall Jenner Is the 'Happiest' She's 'Ever Been in a Relationship' with Devin Booker: Source"". People. April 26, 2021. Archived from the original on April 26, 2021. Retrieved May 26, 2021.
""Kendall Jenner and Devin Booker Split, But There Is Possibility of Reconciliation, Source Says"". Entertainment Tonight. Archived from the original on June 22, 2022. Retrieved June 23, 2022.
""Kendall Jenner and Devin Booker Quietly Broke Up Last Month"". Peoplemag. Archived from the original on November 21, 2022. Retrieved November 28, 2022.
Golen, Jimmy. ""BRIDGES, SUNS SCORE HUGE WIN OVER CELTICS"". NBA.com. Retrieved February 4, 2023.
Rankin, Duane. ""'Never want to see anybody lose money, though': Devin Booker on Patrick Beverley's suspension"". AZCentral. Retrieved February 4, 2023.
""Devin Booker: Starting Five"". www.nba.com. Archived from the original on April 8, 2020. Retrieved January 6, 2022.
Ankus, Justin (September 4, 2021). ""Devin Booker House: Phoenix Oasis"". www.urbansplatter.com. Archived from the original on September 4, 2021. Retrieved January 16, 2022.
DiCarlo, J.W. (May 3, 2024). ""Call of Duty Update Adds Devin Booker to the Game"". Gamerant. Retrieved August 22, 2024.
Wikimedia Commons has media related to Devin Booker (basketball, born 1996).
","
Draymond Green

""Draymond"" redirects here. For the soccer player, see Draymond Washington. For a similar name, see Daymond.
Draymond Jamal Green (born March 4, 1990) is an American professional basketball player for the Golden State Warriors of the National Basketball Association (NBA). Green, who plays primarily at the power forward position, is a four-time NBA champion, a four-time NBA All-Star, a two-time member of the All-NBA Team, and a two-time Olympic gold medalist. Considered one of the greatest defensive players in the league, he is an eight-time All-Defensive Team, 2017 NBA Defensive Player of the Year and led the league in steals. Green has been a runner-up for the Defensive Player of the Year Award three times in his career.
Green grew up in Saginaw, Michigan, and he played college basketball for the Michigan State Spartans, helping them earn two Final Four appearances and a Big Ten tournament championship in 2012. Throughout his four-year college career, Green earned conference and national honors, including Big Ten Conference Sixth Man of the Year as a sophomore and consensus All-American and NABC National Player of the Year honors as a senior. He was drafted 35th overall in the 2012 NBA draft by the Golden State Warriors and later played a key role on the Warriors' 2015, 2017, 2018 and 2022 championship teams.
Green, who often plays significant minutes for the Warriors as an undersized center in their ""Death Lineup"", has been cited as one of the leaders in an emerging trend in the NBA of versatile frontcourt players capable of playing and defending multiple positions as well as making plays for teammates. He is considered one of the best passers and defensive players of the 2010s, known for his steals, shot-blocking, rebounding, and overall defensive play. Criticized for his on-court conduct and physically aggressive play, he has the second-most career ejections of any NBA player.
Green attended Saginaw High School in Saginaw, Michigan, where he played for coach Lou Dawkins. As a sophomore in 2005–06, he averaged 12 points and 11 rebounds per game. As a junior in 2006–07, he averaged 25 points, 13 rebounds, three assists and three steals per game as he led Saginaw to the Class A State Championship and a 26–1 record.
On November 14, 2007, Green signed a National Letter of Intent to play college basketball for Michigan State. Green had also considered signing with Michigan and Kentucky.
As a senior in 2007–08, Green averaged 20 points, 13 rebounds, and two blocked shots per game in leading the Saginaw High Trojans to a 27–1 record, a No. 4 national ranking by USA Today and a Class A State Championship for a second straight year. He was subsequently named captain of the Detroit Free Press All-State Dream Team, and was rated the No. 36 player in the ESPN 150, including the No. 13 power forward.
As a freshman for Michigan State in 2008–09, Green appeared in 37 games off the Spartan bench as he averaged 3.3 points and 3.3 rebounds per game on the season. During Michigan State's 2009 NCAA tournament run to the championship game, Green improved to average 8.5 points and 5.3 rebounds, ranking fourth on the squad in scoring and second in rebounding while shooting a team-best .679 from the field in the tournament.
As a sophomore in 2009–10, Green appeared in 37 games with three starting assignments as he averaged 9.9 points, 7.7 rebounds, 3.0 assists and 1.2 steals per game. He became the first player in Michigan State history to be named Big Ten Sixth Man of the Year, winning the award by unanimous vote. He also earned third-team All-Big Ten honors and was the recipient of MSU's Most Improved Player, Chairman of the Boards and Antonio Smith Glue and Guts awards. Twice, Green scored a season-high 19 points, on December 10 against Oakland and December 30 against Texas–Arlington. He also had seven games with double-doubles, including 17 points and 16 rebounds on February 6 against Illinois.
As a junior in 2010–11, Green averaged 12.6 points and 8.6 rebounds per game. On February 10, 2011, Green followed Charlie Bell and Magic Johnson to be the third Michigan State men's basketball player to record a triple-double. In the 2011 NCAA Men's Division I Basketball Tournament, he recorded his second triple-double of the season and the seventh in NCAA tournament history in the loss against UCLA. He went on to earn third-team All-Big Ten honors for the second straight year.
As a senior in 2011–12, Green captained the Spartans to a regular season Big Ten championship and Big Ten tournament championship, being named Most Outstanding Player. The 2011–12 squad compiled a regular season 24–7 record and a 13–5 mark in Big Ten play, good for the team's 13th conference title and the third in the previous four years. Green was named Big Ten Men's Basketball Player of the week four times during the season; no other Spartan in history has won the award more than three times in a single season. On March 5, 2012, Green was named Big Ten Player of the Year by the coaches and media and was a unanimous first-team All-Big Ten selection. On March 10, 2012, Draymond passed Johnny Green as the second all-time rebounding leader at MSU, finishing the game with 1,046 career rebounds.
On March 16, 2012, Green recorded his third career triple-double against LIU-Brooklyn in the second round of the 2012 NCAA tournament and joined Oscar Robertson and Magic Johnson as just the third player in NCAA history to have two career triple-doubles in the NCAA tournament. On March 22, 2012, in a loss to Louisville, Green collected 16 rebounds, bringing him to 1,096 career rebounds, the most in Michigan State history ahead of Greg Kelser. He ended his career as one of three players in Michigan State history with over 1,000 points and 1,000 rebounds.
Green was selected with the 35th overall pick in the 2012 NBA draft by the Golden State Warriors. On July 30, 2012, he signed a three-year, $2.6 million contract with the Warriors. In his NBA debut in the Warriors' season opener on October 31 against the Phoenix Suns, Green played one minute, made one defensive rebound, and committed one foul. Green gradually received more playing time in subsequent games, especially in the wake of injuries to Brandon Rush and Richard Jefferson. After getting only marginal floor time at the beginning of the season, by November 22, Green was playing 15–20 minutes per game, and by December 9, as Green gained a bigger role on the team, the Warriors had won 8 of 10 games. On December 12, Green made the winning layup with 0.9 seconds left in the Warriors' 97–95 win over the defending champion Miami Heat.
In Game 1 of the first round of the 2013 playoffs against the Denver Nuggets on April 20, Nuggets' guard Andre Miller drove around Green and made the game-winning layup in the Nuggets' 97–95 win over the Warriors. Improving on his three-point percentage and offensive performance over the course of the series, Green helped the Warriors win the first round in six games. On May 8, Green started Game 2 of the Warriors' second-round series against the San Antonio Spurs. In the Warriors' 100–91 victory, the Warriors' first victory in San Antonio since the 1996–97 season, Green started in place of Festus Ezeli. Green played 32 minutes and recorded 5 points on 2-of-8 shooting, 7 rebounds and 5 assists. The Spurs went on to win the series 4 games to 2, subsequently ending the Warriors' season and playoff run.
Green lost 20 pounds in the 2013 off-season and showed improvement in three-point shooting and defense as a sophomore. On December 1, 2013, in the Warriors' 115–113 win over the Sacramento Kings, Green tipped in a missed shot by Stephen Curry to give the Warriors a 113–111 lead with 28.7 seconds left. On December 25, Green was ejected from the Warriors' game against the Los Angeles Clippers for committing a flagrant 2 foul on the Clippers' forward Blake Griffin. The following day, the NBA fined Green $15,000 for ""failing to leave the court in a timely manner"" after being ejected. Late in the season, he filled in at power forward for injured starter David Lee, who was out indefinitely. On April 14, 2014, in the Warriors' second to last game of the regular season, Green recorded a career-high 20 points and a career-high-tying 12 rebounds off the bench to help his team defeat the Minnesota Timberwolves, 130–120.
Green finished the 2013–14 season having played in all 82 games with 12 starts while averaging 6.2 points and 5.0 rebounds per game. He went on to play in all seven of the Warriors' first-round playoff games against the Los Angeles Clippers, as the Warriors lost the series 4 games to 3. He earned praise for his tough defense during the series after averaging 1.7 steals and 1.7 blocks per game.
With the Warriors' resurgence in 2014–15, along with it came the breakthrough the Warriors were hoping for from Green. With David Lee out of the Warriors' lineup with a hamstring injury to begin the season, Green was promoted to the starting lineup as his replacement at power forward. Over the first seven games of the season, Green averaged 13.6 points per game as the Warriors fell to a 5–2 record after losing two games in a row on November 9 and 11. In response to the two-game losing streak, the Warriors went on a 16-game winning streak with the help of Green as he averaged 13.3 points per game over the streak, including a career-high 31 points on December 6 in a 112–102 win over the Chicago Bulls.
On January 2, 2015, Green recorded his first career triple-double with 16 points, 11 rebounds and 13 assists in a 126–105 win over the Toronto Raptors. He went on to finish runner-up in both the Defensive Player of the Year Award and the Most Improved Player Award. Green capped off a great season with an NBA championship and a triple-double in Game 6 of the NBA Finals, playing a center position role in place of Andrew Bogut. He became just the sixth player in NBA history to record a triple-double in an NBA Finals clinching game, joining Magic Johnson, Larry Bird, James Worthy, Tim Duncan and LeBron James.
On July 9, 2015, Green re-signed with the Warriors to a five-year, $82 million contract. Green helped the Warriors record their first ever 10–0 start to a season behind averages of 11.9 points, 7.7 rebounds, a team-high 6.6 assists, 1.2 steals and 1.2 blocks per game. On November 24, he recorded 18 points and 7 rebounds in a win over the Los Angeles Lakers as the Warriors set the record for best start in NBA history at 16–0. Three days later, he recorded his third career triple-double with 14 points, 10 rebounds and 10 assists in a 135–116 win over the Phoenix Suns. His fourth career triple-double came the very next game on November 28 against the Sacramento Kings. Green had 13 points, 11 rebounds and 12 assists against the Kings, becoming the first Warriors player with back-to-back triple-doubles since Wilt Chamberlain in 1964.
On December 11, Green became the first player since Nicolas Batum in 2012 to record five or more in all five major statistical categories. In just under 50 minutes of action, he recorded 24 points, 11 rebounds, 8 assists, 5 steals and 5 blocks in a 124–119 double overtime win over the Boston Celtics, increasing their unbeaten winning streak to start the season to 24–0. The following day, the Warriors' unbeaten run was broken by the Milwaukee Bucks, losing their first game of the season 108–95 despite Green's 24-point, 11-rebound effort. On January 4, 2016, Green became the second Warriors player ever to post three straight triple-doubles (the other being Tom Gola in 1959–60) as he helped Golden State record its 35th straight regular season home win with a 111–101 victory over the Charlotte Hornets. The same day, Green was named the NBA Western Conference Player of the Week for Week 10 (December 28 – January 3), his first career NBA Player of the Week award. He led the Warriors to a 3–1 week with averages of 18.8 points, 11.3 rebounds, 9.5 assists and 2.5 steals in 36 minutes. On January 28, he was named a Western Conference All-Star reserve for the 2016 NBA All-Star Game, earning his first All-Star selection. On March 27, he posted his franchise-best 12th triple-double of the season in a win over the Philadelphia 76ers. Three days later, in a win over the Utah Jazz, Green became the first player in NBA history to record 1,000 points, 500 rebounds, 500 assists, 100 steals and 100 blocks in a season. At the conclusion of the regular season, Green was selected to the All-NBA Second Team, finished runner-up for the Defensive Player of the Year award, and was named to the All-Defensive Team with the second-most votes. His 13 triple-doubles were second in the league to Russell Westbrook's 18, and he broke Gola's team record of nine set in 1959–60. His 13 were the most by a non-guard in the NBA since Grant Hill's 13 in 1996–97.
As the No. 1 seed in the Western Conference, the Warriors eliminated the No. 8 Houston Rockets, 4–1, and advanced to the second round against Portland. In Game 1 against the Trail Blazers, Green recorded his second career postseason triple-double with 23 points, 13 rebounds and 11 assists in a 118–106 win. In Game 3 of the series, Green scored a playoff career-high 37 points in a 120–108 loss, a loss that cut the Warriors' advantage in the series to 2–1. The Warriors won the series 4–1, advancing to the Western Conference Finals against the Oklahoma City Thunder. In Game 3, Green kicked Thunder center Steven Adams in the groin. The foul was later upgraded from a Flagrant Foul 1 to a Flagrant 2 and he was fined $25,000. The Warriors went on to win the series in seven games after overcoming a 3–1 deficit. In Game 2 of the NBA Finals against the Cleveland Cavaliers, Green had 28 points with five three-pointers, seven rebounds and five assists to lead the Warriors to a 110–77 win and a 2–0 advantage in the series. Golden State went ahead 3–1 in Game 4, during which Green and LeBron James of Cleveland had to be separated. The two had gotten tangled in the closing minutes of the Warriors' 108–97 win. Green fell to the ground, and James stepped over him. Feeling disrespected, Green swung his arm and appeared to make contact with James' groin. After the game, Green was assessed a Flagrant 1 for contact that was ruled ""unnecessary"" and ""retaliatory"", and James was given a technical foul for taunting. Having accumulated his fourth flagrant foul point in the playoffs, Green was suspended for Game 5. The Warriors went on to lose the series in seven games despite a 32-point, 15-rebound and 9-assist effort from Green in Game 7.
Green opened the season with an 18-point, 12-rebound effort against the San Antonio Spurs on October 25, 2016. He helped the Warriors start the season 14–2 before a left ankle injury sidelined him for the team's November 26 game against the Minnesota Timberwolves. He missed just the one game, and on December 1, he had a season-best game with 20 points, 15 rebounds and nine assists in a 132–127 double overtime loss to the Houston Rockets. On December 13, he recorded his 15th career triple-double with 12 points, 12 rebounds and 10 assists, along with four steals, in a 113–109 win over the New Orleans Pelicans. On January 2, he recorded his second triple-double of the season with 15 points, 10 rebounds and 13 assists in a 127–119 win over the Denver Nuggets. On January 16, he recorded his third triple-double of the season with 11 points, 13 rebounds and 11 assists, while also equaling his career best with five blocks, in a 126–91 win over the Cleveland Cavaliers. On January 26, he was named a Western Conference All-Star reserve for the 2017 NBA All-Star Game.
On February 10, 2017, Green scored only four points but finished with 12 rebounds, 10 assists and 10 steals as the Warriors defeated the Memphis Grizzlies 122–107. His triple-double was the first in NBA history with fewer than 10 points scored. It also was only the second in NBA history with at least 10 rebounds, 10 assists and 10 steals in a game—the first was Alvin Robertson's in 1986, when he also had 20 points. Green became the first player in NBA history to record 10 steals and five blocks in a game since the 1973–74 season, when those became official statistics. The 10 steals also set a Warriors record and was the first 10-steal game in the NBA since Brandon Roy's in January 2009. On March 14, 2017, he had 20 points with 11 free throws, eight assists, eight rebounds and six blocks in a 106–104 win over the Philadelphia 76ers. Green became the 11th player in franchise history with 400 blocked shots, moving past Andrew Bogut for 10th place on the franchise list. Ten days later, he scored a season-high 23 points in a 114–100 win over the Sacramento Kings. On March 31 against Houston, Green became the first Warriors player ever with 150 steals and 100 blocks in a season, and the first in the NBA to do so since Dwyane Wade in 2008–09. On April 2, Green had his 19th career triple-double and fifth of the season with 11 points, 13 assists and 12 rebounds in a 139–115 win over the Washington Wizards. The Warriors finished the regular season with a 67–15 record and entered the playoffs as the No. 1 seed.
On April 16, 2017, Green had 19 points, 12 rebounds, nine assists, five blocked shots and three steals in a 121–109 win over the Portland Trail Blazers in Game 1 of their first-round playoff series. The Warriors went on to sweep both the first and second rounds of the playoffs, as Green posted his third career postseason triple-double with 17 points, 10 rebounds and 11 assists in Game 4 of their second-round series against the Utah Jazz. The Warriors also swept the San Antonio Spurs in the Western Conference Finals to advance to the NBA Finals for the third straight season while becoming the first team in NBA history to go 12–0 in the playoffs. Green helped the Warriors win their second championship in three years with a 4–1 series win over the Cleveland Cavaliers in the 2017 NBA Finals. At the end-of-season awards night, Green was named the NBA Defensive Player of the Year, becoming the first player in Warriors history to earn the award.
In the Warriors' season opener against the Houston Rockets on October 17, 2017, Green exited in the second half with a strained left knee after he contributed nine points, 13 assists and 11 rebounds. The Warriors went on to lose 122–121. On December 25, 2017, he had 12 points, 12 rebounds and 11 assists in a 99–92 win over the Cleveland Cavaliers, tying the franchise career record with his 20th triple-double. Four days later, he had eight points, 11 rebounds and tied his career high with 16 assists in a 111–100 loss to the Charlotte Hornets. On January 4, 2018, in a 124–114 win over the Houston Rockets, Green recorded 17 points, 14 rebounds and 10 assists to become the franchise career leader in triple-doubles with 21, passing Tom Gola. Four days later, he recorded a season-high 23 points and 10 assists in a 124–114 win over the Denver Nuggets. On January 20, 2018, he recorded 21 points and seven rebounds in a 116–108 loss to the Houston Rockets, thus surpassing the 4,000-point mark (4,019) while also reaching 3,000 career rebounds. On February 24, 2018, in a 112–80 win over the Oklahoma City Thunder, Green passed Chris Mullin (488) for eighth place on the Warriors' blocked shots list. On March 8, 2018, he had his third triple-double of the season with 11 points, 12 rebounds and 10 assists in a 110–107 win over the San Antonio Spurs.
Green helped the Warriors defeat the Spurs in the first round of the playoffs in five games, as he recorded 17 points, a career-playoff high 19 rebounds and seven assists in a 99–91 win in Game 5. In Game 1 of the Warriors' second-round series against the New Orleans Pelicans, Green recorded his fourth career postseason triple-double with 16 points, 15 rebounds, 11 assists, three steals and two blocks in a 123–101 win. He topped Gola's three playoff triple-doubles for most in franchise history. In Game 4, Green had eight points, nine rebounds, nine assists, four steals and two blocks in a 118–92 win. With his fourth rebound, Green became the third player in Warriors history to reach 800 playoff rebounds, joining Wilt Chamberlain (922) and Nate Thurmond (896). In Game 7 of the Western Conference Finals, Green had 10 points, 13 rebounds and five assists, as the Warriors earned a fourth straight trip to the NBA Finals by beating the Rockets 101–92. In Game 3 of the 2018 NBA Finals, Green passed Chamberlain for the most rebounds in Warriors playoff history. The Warriors went on to sweep the series against the Cavaliers to claim back-to-back titles.
After being limited during the preseason by a sore knee, Green played unhindered over the first 10 games of the season. On November 5 against the Memphis Grizzlies, Green was limited to just under 14 minutes because of a bruised right foot. He subsequently missed the next two games because of a sprained right toe. He returned to action on November 12 against the Los Angeles Clippers.  A heated argument during and after the game between himself and Kevin Durant over Durant's upcoming free agency status led to Green's being suspended for the Warriors' contest the following day against the Atlanta Hawks. He played on November 15 against the Houston Rockets, but then missed the next 11 games with the same sprained toe on his right foot. In his return game on December 10, he had seven points, 10 rebounds and seven assists in a 116–108 win over the Minnesota Timberwolves. On January 24, he grabbed a season-high 15 rebounds in a 126–118 win over the Washington Wizards.
In Game 6 of the Warriors' first-round playoff series against the Clippers, Green recorded his fifth career playoff triple-double with 16 points, 14 rebounds and 10 assists in a 129–110 series-clinching win. In Game 3 of the second round, he recorded 19 points, 11 rebounds and 10 assists in a 126–121 overtime loss to the Rockets. With 10 rebounds against the Portland Trail Blazers in Game 2 of the Western Conference Finals, Green set a career high with his seventh straight playoff game with at least 10 rebounds, breaking his previous postseason mark of six from 2018. In Game 3, Green had his seventh career postseason triple-double with 20 points, 13 rebounds and 12 assists in a 110–99 win. He helped the Warriors sweep the series behind a triple-double of 18 points, 14 rebounds and 11 assists in a 119–117 overtime win in Game 4. In Game 1 of the 2019 NBA Finals, Green notched a triple-double with 10 points, 10 rebounds and 10 assists in a 118–109 loss to the Toronto Raptors. In Game 6, Green had 11 points, 19 rebounds and 13 assists, and the Warriors lost the series 4–2. Green finished with six triple-doubles for the postseason, tying Magic Johnson for the second-most in a single postseason in NBA history.
On August 3, 2019, Green signed a four-year, $100 million contract extension to remain with the team, eschewing the potential for millions of dollars more if he became a free agent the following year.
On February 1, 2020, Green tied the career high of 16 assists in the Warriors' 131–112 win over the Cleveland Cavaliers.
On August 9, 2020, the NBA fined Green $50,000 after making statements that violated the league's anti-tampering rules. Speaking as an analyst on TNT's pregame show before the game between the Orlando Magic and the Philadelphia 76ers on August 7, he stated that he wanted Devin Booker ""out of Phoenix"", adding that it was not good for him and his career. When he was asked on air by one of the program's hosts if he was tampering, he replied, ""Maybe"".
In 2020–21, Green missed most of training camp after testing positive for COVID-19. He was then out for the first four games of the season due to a foot injury. On February 26, 2021, in a 130–121 win over the Charlotte Hornets, Green had 11 points, 12 rebounds, and a career-high 19 assists. On May 3, Green recorded the 29th triple-double of his career in the Warriors' 123–108 win over the New Orleans Pelicans, passing Michael Jordan for 17th place in career triple-doubles.
On December 20, 2021, Green recorded his 31st career triple-double with 16 points, 11 rebounds, 10 assists, 2 steals and 2 blocks in a 113–98 win over the Sacramento Kings, tying Boston Celtics legend John Havlicek for 15th on the all-time career triple-double list. On February 3, 2022, Green was named a reserve for the 2022 NBA All-Star Game. It was his fourth career All-Star selection and first since 2018. Green missed 31 consecutive games from January to March with a back injury. Up to that point, he was mentioned as one of the favorites to win the NBA Defensive Player of the Year Award. Despite playing in just 46 games, Green was selected to his seventh NBA All-Defensive Team, earning second-team honors. The Warriors advanced to the 2022 NBA Finals, and he won his fourth NBA championship after they defeated the Celtics in six games. In Game 6 of the Finals, Green posted a near triple-double with 12 points, 12 rebounds, 8 assists, 2 steals and 2 blocks in a 103–90 closeout win.
During a team practice with the Warriors on October 5, 2022, Green and teammate Jordan Poole got into an altercation, resulting in Green striking Poole in the face. On October 9, Green publicly apologized for the incident and announced that he would spend a few days away from the team. The Warriors fined Green for the altercation. On November 27, Green had his first double-double of the season with a season-high 19 points and 11 assists in a 137–114 win over the Minnesota Timberwolves. On March 16, 2023, Green was suspended by the NBA for one game without pay for incurring his 16th technical foul of the season in a game the day before. On April 18, Green was suspended for one game for stomping on the chest of Domantas Sabonis in a playoff game against the Sacramento Kings. The Warriors were eliminated in the second round of the playoffs by the Lakers. After the season, Kerr said Golden State was not a championship team due to a lack of trust on the team, in part due to Green's punching Poole, and Green blamed their early playoff exit on his punch. Green declined his $27.6 million player option and became a free agent. On July 8, 2023, he re-signed with the Warriors.
During a game on November 14, 2023, against the Minnesota Timberwolves, teammate Klay Thompson and Timberwolves forward Jaden McDaniels engaged in a shoving match, beginning a brawl between the two teams. Timberwolves center Rudy Gobert attempted to pull Thompson away from McDaniels when Green put Gobert into a chokehold. Green, Thompson, and McDaniels were ejected. This was Green's second consecutive ejection, the first being on November 11 in a game against the Cleveland Cavaliers for receiving two technical fouls. The following day, the NBA suspended Green for five games for ""escalating an on-court altercation"". Gobert, Thompson, and McDaniels were fined $25,000.
On December 12, 2023, in a game against the Phoenix Suns, Green struck Suns center Jusuf Nurkić in the face while being guarded by him. Green was subsequently assessed with a type 2 flagrant foul and was ejected from the game. The next day, the NBA announced his indefinite suspension. After missing 12 games, Green was reinstated on January 6, 2024.
On March 7, 2024, Green recorded his 32nd career triple-double with 11 points, 10 rebounds and 12 assists in a 122–125 loss to the Chicago Bulls. While playing against the Miami Heat on March 26, 2024, Green appeared to grab the neck of Patty Mills and pulled him to the ground. After review by the officials, the foul was deemed common instead of flagrant. On April 12, Green put up a double-double with 12 rebounds and 11 assists in a 114–109 loss to the New Orleans Pelicans. He became the first player in NBA history to record a double-double without taking any field goal attempts.
Green represented the United States national team at the 2011 Summer Universiade men's basketball tournament in Shenzhen, China. Team USA finished in fifth place in the tournament as Green averaged 8.6 points and 6.0 rebounds with a 46.3% shooting percentage. In June 2016, Green was named to the 2016 U.S. Olympic team. He helped Team USA win the gold medal in Rio, and in eight games, he averaged 1.9 points, 2.1 rebounds, and 1.2 assists per game. Green was selected as one of the players on the 2020 Olympic team to compete in Tokyo, which was postponed to 2021 due to the COVID-19 pandemic. He helped Team USA win the gold medal, and in six games, he averaged 3.5 points, 2.7 rebounds, and 2.8 assists per game while shooting 77.8% from the field.
Though he is considered undersized for a power forward at 6 feet 6 inches (1.98 m), Green is a versatile defender, capable of guarding all five positions as both an interior and perimeter defender. Green studies opponents' habits, and leverages his preparation along with his muscular frame and lower-body strength, and is capable of generating rebounds, steals and blocks. He has been named to multiple NBA All-Defensive Teams, and was named the 2016–17 NBA Defensive Player of the Year.
Offensively, he can handle the ball on fast breaks and deliver passes to his teammates for scores. He is a capable three-point shooter who provides spacing for the offense by stretching the opposing defense. Green is also adept at scoring around the basket. His outstanding interior defense combined with his offensive repertoire form a unique two-way skill set.
Under the coaching of Steve Kerr (and Luke Walton under a temporary basis), Green became crucial to the Warriors' Death Lineup as the team's center. His performance in this position enabled the Warriors to create a number of match-up problems for opposing defenses during the 2014–15 and 2015–16 seasons. When played as a center, Green's length and strength allow him to credibly defend and contest opposing centers in the post, though he does give up some rebounding ability against taller opponents. On the offensive side, however, he can outrun, out-pass and outmaneuver most other centers in the league, leading to fast-break opportunities and disrupting defensive sets. This versatility and efficiency at the position has resulted in many analysts discussing Green as embodying the future direction of the center position in the NBA, with some even calling him the league's best center.
During the 2015–16 season, Green dramatically increased his play-making role on the team, doubling his assists average to a team-leading 7.4 per game—good for seventh in the league and by far the most assists by any power forward that year. Green's ball handling, court vision and unselfishness in a point forward role have been repeatedly cited as a reason why the Warriors improved from 2014–15 to 2015–16. In 2015–16, Green played approximately 20 percent of his minutes in that role, with the Warriors outscoring their opponents by 26.6 points per 48 minutes. Though he took a lesser role on offense for the 2016–17 season, thanks to the addition of former MVP Kevin Durant, he took a step forward on defense, finally winning the NBA Defensive Player of the Year Award that he coveted after two straight seasons as runner-up to Kawhi Leonard. Green is said to have played a significant role in the recruitment of Kevin Durant to join the Warriors.
He is widely viewed as the emotional and motivational ""heart and soul"" of the Warriors and is noted for his vocal leadership on the court and in the locker room. As the Warriors pushed to the close of a record-setting 2015–16 season, Green was vocal about his desire to break the Chicago Bulls' all-time wins record, and sought the input of his teammates to make sure the team successfully pushed toward the goal together. Green and Curry's on-court chemistry has been cited as a key to the Warriors' improvement in 2015–16, as Green's outspoken, fiery desire has meshed with Curry's quieter, implacable confidence to give the team ""dual—and at times dueling—alpha dogs"" that are ultimately mutually supporting. In 2016, after winning a game against the then 55–6 Warriors, Kobe Bryant said that the Warriors needed Green's fiery personality to keep winning.
Because of his physical play, including multiple incidents in the playoffs, some have criticized him as being a ""dirty"" player. Green is frequently among the league leaders in technical fouls and ejections; as of March 2024, Green has the second-most NBA career ejections with 21, behind only Rasheed Wallace. Green's disciplinary record has been an aggravating factor in suspensions given to him during the 2023-24 NBA season: after Green was suspended for five games for putting Minnesota Timberwolves center Rudy Gobert in a headlock on November 14, 2023, NBA executive vice president Joe Dumars said in a statement that his history of unsportsmanlike conduct played a role in the length of the ban, while Green’s repeated history of unsportsmanlike acts was similarly cited by Dumars as the reason behind the NBA's decision to suspend Green indefinitely after he was ejected for striking Jusuf Nurkić in the face on December 12, 2023.
Green started his podcast, The Draymond Green Show, in November 2021. In January 2022, he signed a multiyear deal to be an analyst and contributor with Turner Sports, which includes making in-season appearances on Inside the NBA.
Green is the son of Mary Babers and Wallace Davis. His stepfather is Raymond Green, and he has two brothers, Torrian Harris and Braylon Green, and three sisters, LaToya Babers, Jordan Davis and Gabby Davis. Harris played basketball for Nebraska-Omaha from 2009 to 2011.
Green has a son with his then-girlfriend Jelissa Hardy. In 2018, Green dated actress Hazel Renee. They announced their engagement in 2019, and have one daughter, born 2020. They held their wedding ceremony on August 14, 2022, in Malibu.
During his time at Michigan State University, Green practiced with the Michigan State Spartans football team and was in for two plays during the 2011 Green-White spring football game and played tight end. Green earned a bachelor's degree in communication in 2012 from Michigan State University.
On September 14, 2015, Green donated $3.1 million to Michigan State University, which is the largest pledge from an athlete in the school's history, to help build a new athletics facility and fund an endowment program for scholarships.
In July 2016, Green was arrested for assault in East Lansing, Michigan. The night prior, he had a confrontation with Michigan State defensive back Jermaine Edmondson. The arrest report states Green went to Rick's bar and bumped into Edmondson. After a verbal exchange, two associates of Green allegedly choked Edmondson and his girlfriend. The next night, both Green and Edmondson attended Conrad's Grill in East Lansing where Edmondson confronted Green about the incident the night before. Green allegedly poked Edmondson in the chest and either slapped or punched him in the face. The arresting officers stated that Green had a blood alcohol level of .10 and admitted to slapping Edmondson and asked to apologize to the victim. After posting a $200 bail, Green was released four hours after the arrest.
""The real story when it comes to the death threat made to Draymond Green"". RSN. May 7, 2018. Retrieved November 7, 2020.
""Draymond Green says he doesn't 'do dirty things' — proceeds to kick Kyrie Irving"". Washington Post. Retrieved August 6, 2017.
""Draymond Green Bio"". msuspartans.com. Archived from the original on January 9, 2017. Retrieved January 1, 2013.
""Men's Basketball Adds Impressive Recruiting Class"". msuspartans.com. November 14, 2007. Archived from the original on December 15, 2014. Retrieved December 15, 2014.
""Draymond Green 2008 Basketball Recruiting News"". ESPN. Archived from the original on January 24, 2013. Retrieved January 1, 2013.
Vannini, Chris (February 13, 2011). ""Green's triple-double sparks Spartan win, 75–57"". StateNews.com. Archived from the original on September 26, 2012.
""Draymond Green earns 7th triple-double"". ESPN. March 18, 2011. Retrieved December 15, 2014.
""Green Earns 2nd Straight Big Ten Weekly Award"". msuspartans.com. February 21, 2012. Archived from the original on December 15, 2014. Retrieved December 15, 2014.
""Big Ten Announces 2012 Men's Basketball Postseason Honors"". BigTen.org. March 5, 2012. Archived from the original on September 30, 2012. Retrieved December 15, 2014.
""Draymond Green carries No. 8 Spartans into first Big Ten finale since 2000"". ESPN. March 10, 2012. Archived from the original on April 20, 2021. Retrieved December 15, 2014.
""Green Posts Rare NCAA Tournament Triple-Double"". msuspartans.com. March 17, 2012. Archived from the original on December 15, 2014. Retrieved December 15, 2014.
Couch, Graham (July 30, 2012). ""Draymond Green nets 3-year, $2.6 million deal with Golden State Warriors, report says"". MLive.com. Retrieved December 15, 2014.
""Draymond Green 2012–13 Game Log"". Basketball-Reference.com. Retrieved March 24, 2013.
Simmons, Rusty (December 9, 2012). ""Warriors' Green makes big contribution"". SFGate.com. Retrieved January 1, 2013.
Thompson, Marcus II (November 22, 2012). ""Warriors rookie Draymond Green earning more minutes"". InsideBayArea.com. Archived from the original on January 25, 2013.
""Draymond Green's layup with 0.9 seconds left lifts Warriors past Heat"". ESPN. December 12, 2012. Retrieved December 15, 2014.
NBA (December 12, 2012). ""Draymond Green Helps the Warriors Sink the Heat"". YouTube. Archived from the original on November 4, 2021. Retrieved December 15, 2014.
Windsor, Shawn (May 6, 2013). ""Shawn Windsor: Draymond Green proving he belongs in NBA"". Detroit Free Press. Archived from the original on May 8, 2013. Retrieved May 8, 2013.
Thompson, Marcus II (May 6, 2013). ""Warriors notebook: Draymond Green saved his best for postseason"". The Mercury News. Retrieved May 8, 2013.
Simmons, Rusty (May 9, 2013). ""Warriors finally win in San Antonio"". San Francisco Chronicle. Retrieved May 9, 2013.
Bernreuter, Hugh (May 9, 2013). ""Draymond Green helps lead Golden State Warriors to NBA Playoff Game 2 win over San Antonio Spurs"". MLive.com. Retrieved May 9, 2013.
Simmons, Rusty (December 2, 2013). ""For Warriors, Green's work paying off"". SFGate.com. Retrieved December 29, 2013.
Simmons, Rusty (December 2, 2013). ""Curry, Thompson help Warriors win squeaker"". SFGate.com. Retrieved December 29, 2013.
Steward, Carl (December 25, 2013). ""Golden State Warriors beat Los Angeles Clippers"". InsideBayArea.com. Retrieved December 29, 2013.
Simmons, Rusty (December 26, 2013). ""Warriors developing a reputation as pests"". SFGate.com. Retrieved December 29, 2013.
Kawakami, Tim (April 8, 2014). ""Kawakami: Draymond Green is Warriors' top power forward"". The San Jose Mercury News. Archived from the original on July 2, 2015.
""Notebook: Warriors 130, Timberwolves 120"". NBA.com. April 14, 2014. Archived from the original on March 3, 2018. Retrieved December 15, 2014.
""Draymond Green 2013–14 Game Log"". Basketball-Reference.com. Retrieved December 15, 2014.
""Draymond Green 2014–15 Game Log"". Basketball-Reference.com. Retrieved December 15, 2014.
""Warriors beat Bulls for 12th straight win"". NBA.com. December 6, 2014. Archived from the original on March 3, 2018. Retrieved December 15, 2014.
""Curry, Green lead Warriors past Raptors, 126–105"". NBA.com. January 2, 2015. Retrieved January 8, 2015.
""Spurs' Kawhi Leonard named Kia Defensive Player of the Year Award"". NBA.com. April 23, 2015. Archived from the original on October 2, 2018. Retrieved May 26, 2015.
""Bulls' Jimmy Butler voted as NBA's Most Improved Player"". ESPN. May 7, 2015. Retrieved May 24, 2015.
""Draymond Green Tallies Big Finals Triple-Double in Win"". YouTube. June 16, 2015. Archived from the original on November 4, 2021. Retrieved June 16, 2015.
""Warriors Re-Sign Free Agent Forward Draymond Green to Multi-Year Contract"". NBA.com. Turner Sports Interactive, Inc. July 9, 2015. Retrieved July 9, 2015.
""Draymond Green announces he's re-signing with Golden State Warriors"". ESPN. July 2, 2015. Retrieved July 2, 2015.
""Draymond Green 2015-16 Game Log"". basketball-reference.com. Retrieved January 27, 2017.
""Warriors make NBA history as first team to start season 16–0"". NBA.com. November 24, 2015. Archived from the original on November 28, 2015. Retrieved November 24, 2015.
""Warriors vs Suns"". NBA.com. Archived from the original on May 17, 2017. Retrieved January 27, 2017.
""Kings vs Warriors"". NBA.com. Archived from the original on November 29, 2015. Retrieved January 27, 2017.
""Warriors vs Celtics"". NBA.com. Archived from the original on April 16, 2019. Retrieved January 27, 2017.
""Warriors vs Bucks"". NBA.com. Archived from the original on December 12, 2015. Retrieved January 27, 2017.
""Hornets vs Warriors"". NBA.com. Archived from the original on January 27, 2017. Retrieved January 27, 2017.
""Draymond Green Named Western Conference Player of the Week"". NBA.com. January 4, 2016. Retrieved December 20, 2022.
""Draymond Green and Klay Thompson Named to 2016 Western Conference All-Star Team - Golden State Warriors"". NBA.com. Retrieved January 27, 2017.
""76ers vs Warriors"". NBA.com. Archived from the original on September 2, 2016. Retrieved January 27, 2017.
""Warriors' Stephen Curry and Cavaliers' LeBron James headline 2015–16 All-NBA First Team"". NBA.com. May 26, 2016. Retrieved June 7, 2016.
""Spurs' Leonard named Kia Defensive Player of the Year"". NBA.com. April 18, 2016. Archived from the original on April 18, 2016. Retrieved June 7, 2016.
""Spurs' Kawhi Leonard unanimously selected to 2015–16 NBA All-Defensive First Team"". NBA.com. May 25, 2016. Retrieved June 7, 2016.
Tafur, Vic (May 20, 2016). ""Russell Westbrook, Draymond Green masters of the triple-double"". San Francisco Chronicle. Archived from the original on June 25, 2016.
""Trail Blazers vs Warriors"". NBA.com. Archived from the original on May 1, 2016. Retrieved January 27, 2017.
""Warriors vs Trail Blazers"". NBA.com. Archived from the original on February 28, 2018. Retrieved January 27, 2017.
""NBA upgrades Green foul to flagrant 2, fines him $25,000"". NBA.com. May 23, 2016. Retrieved May 23, 2016.
""Cavaliers vs Warriors"". NBA.com. Archived from the original on June 6, 2016. Retrieved January 27, 2017.
Windhorst, Brian (June 11, 2016). ""Sources: Ruling on Green-LeBron incident could come Sunday"". ESPN. Archived from the original on June 13, 2016.
Leung, Diamond (June 12, 2016). ""NBA Finals: Warriors' Draymond Green suspended for Game 5 by NBA"". The Mercury News. Archived from the original on June 13, 2016.
""Cavaliers vs Warriors"". NBA.com. Archived from the original on June 19, 2016. Retrieved January 27, 2017.
""Leonard, Spurs spoil Durant's Warriors debut with blowout"". ESPN. October 25, 2016. Retrieved November 27, 2016.
""Warriors eventually find flow without Green, beat Minnesota"". ESPN. November 26, 2016. Retrieved November 27, 2016.
""Draymond Green 2016–17 Game Log"". Basketball-Reference.com. Retrieved December 13, 2016.
""Curry scores 30, Warriors edge Pelicans 113–109"". ESPN. December 13, 2016. Retrieved December 13, 2016.
""Draymond Green triple-double leads Golden State past Denver"". ESPN. January 2, 2016. Retrieved January 3, 2017.
""Warriors rout defending champion Cavaliers 126–91 in rematch"". ESPN. January 16, 2016. Retrieved January 17, 2017.
Whitaker, Lang (January 26, 2017). ""Warriors, Cavaliers dominate selections for NBA All-Star 2017 as reserves are revealed"". NBA.com. Retrieved January 27, 2017.
""Draymond Green has unconventional triple-double as Warriors roll"". ESPN. February 10, 2017. Retrieved February 11, 2017.
""Warriors hold off Sixers 106-104 to snap three-game skid"". ESPN. March 14, 2017. Retrieved March 15, 2017.
""Warriors win sixth straight, beat Kings 114-100"". ESPN. March 24, 2017. Retrieved March 25, 2017.
""Warriors use big fourth quarter to hold off Rockets 107-98"". ESPN. March 31, 2017. Retrieved April 1, 2017.
""Curry shines against Wizards, Warriors win 11th straight"". ESPN. April 2, 2017. Retrieved April 2, 2017.
""Durant shines in Warriors playoff debut in Game 1 win"". ESPN. April 16, 2017. Retrieved April 16, 2017.
""Curry's 30 lead Warriors to sweep after 121-95 win over Jazz"". ESPN. May 8, 2017. Retrieved May 9, 2017.
Slater, Anthony (May 22, 2017). ""Warriors smash Spurs to win West crown, improve to NBA record 12-0 in playoffs"". MercuryNews.com. Retrieved May 24, 2017.
""Draymond Green Named 2016-17 Kia NBA Defensive Player of the Year"". NBA.com. June 26, 2017. Retrieved June 27, 2017.
""Rockets rally to spoil defending champion Warriors return"". ESPN. October 17, 2017. Retrieved October 18, 2017.
""Durant delivers on both ends, Warriors beat Cavaliers 99-92"". ESPN. December 25, 2017. Retrieved December 25, 2017.
""Warriors bury Jazz with big third quarter, win 126-101"". ESPN. December 27, 2017. Retrieved December 28, 2017.
""Howard leads Hornets past Warriors"". ESPN. December 29, 2017. Retrieved December 29, 2017.
""Curry, Thompson help Warriors beat Rockets 124-114"". ESPN. January 4, 2018. Retrieved January 4, 2018.
""Curry goes off again, Warriors top Nuggets for 5th straight"". ESPN. January 8, 2018. Retrieved January 8, 2018.
""Paul has 33, Rockets end Warriors' streak with 116-108 win"". ESPN. January 20, 2018. Retrieved January 20, 2018.
""After 2 lopsided losses to OKC, Durant leads Warriors rout"". ESPN. February 24, 2018. Retrieved February 25, 2018.
""After Curry goes down, Durant rallies Warriors past Spurs"". ESPN. March 8, 2018. Retrieved March 9, 2018.
""Durant, Green lead Warriors past Spurs into second round"". ESPN. April 24, 2018. Retrieved April 24, 2018.
""Warriors use big second quarter to pull away, rout Pelicans"". ESPN. April 28, 2018. Retrieved April 29, 2018.
""Durant's scores 38, Warriors down Pelicans for 3-1 lead"". ESPN. May 6, 2018. Retrieved May 6, 2018.
""Warriors reach 4th straight NBA Finals with win over Houston"". ESPN. May 28, 2018. Retrieved May 29, 2018.
""Durant has 43, Warriors take 3-0 NBA Finals lead over Cavs"". ESPN. June 6, 2018. Retrieved June 6, 2018.
Bontemps, Tim (June 9, 2018). ""Warriors sweep LeBron James, Cavaliers to claim second straight NBA championship"". The Washington Post. Retrieved February 4, 2022.
""Curry, Durant lead Warriors past Thunder in festive opener"". ESPN. October 16, 2018. Retrieved October 17, 2018.
""Draymond Green 2018-19 Game Log"". Basketball-Reference.com. Retrieved December 3, 2018.
""Warriors use big third quarter to beat Grizzlies 117-101"". ESPN. November 5, 2018. Retrieved December 3, 2018.
""Durant's double-double lifts Warriors past Nets 116-100"". ESPN. November 10, 2018. Retrieved December 3, 2018. Green missed his second straight game because of a sprained right toe.
""Warriors Forward Draymond Green Suspended"". NBA.com. November 13, 2018. Retrieved November 14, 2018.
""Kevin Durant leads undermanned Warriors past Hawks 110-103"". ESPN. November 13, 2018. Retrieved November 14, 2018.
Shelburne, Ramona (June 4, 2019). ""How Draymond Green found his zen"". ESPN. Retrieved June 11, 2019.
""Harden scores 27 as Rockets rout Warriors 107-86"". ESPN. November 15, 2018. Retrieved December 3, 2018.
""Warriors splash 19 3s to beat Bucks 105-95 on road"". ESPN. December 7, 2018. Retrieved December 8, 2018. F Draymond Green missed his 11th straight game with a sprained right toe.
""Curry scores 38 to push Warriors past Timberwolves 116-108"". ESPN. December 10, 2018. Retrieved December 11, 2018.
""Curry scores 38, Warriors beat Wizards for 9th straight win"". ESPN. January 24, 2019. Retrieved January 24, 2019.
""Durant has 50, Warriors beat Clippers 129-110; Rockets next"". ESPN. April 26, 2019. Retrieved April 27, 2019.
""Harden scores 41 as Rockets outlast Warriors 126-121 in OT"". ESPN. May 4, 2019. Retrieved May 5, 2019.
""Warriors rally from 15 down at halftime, hold off Blazers"". ESPN. May 16, 2019. Retrieved May 16, 2019. His seven straight playoff games with at least 10 rebounds are a career high.
""Curry, Warriors take Game 1 of Western Conference finals"". ESPN. May 14, 2019. Retrieved May 14, 2019.
""Green, Warriors beat Blazers for 3-0 lead in West finals"". ESPN. May 18, 2019. Retrieved May 19, 2019.
""Warriors beat Blazers 119-117 in OT for NBA Finals berth"". ESPN. May 20, 2019. Retrieved May 20, 2019.
""Dubs Drop Game 1"". NBA.com. May 30, 2019. Retrieved May 30, 2019.
""Raptors capture first NBA title, beat Warriors in Game 6"". ESPN. June 13, 2019. Retrieved June 13, 2019.
ESPN (June 13, 2019). ""Draymond Green has his sixth triple-double..."" Twitter. Retrieved June 13, 2019.
""Draymond Green missed being the underdog"". ESPN. August 14, 2019. Retrieved August 17, 2019.
""Warriors Sign Draymond Green To Multi-Year Contract Extension"". NBA.com. August 3, 2019. Retrieved August 16, 2019.
""Robinson, Green lead Warriors past Cavaliers, 131-112"". ESPN. February 1, 2020. Retrieved February 3, 2020.
""NBA fines Draymond Green $50,000 for Devin Booker comments"". Philippine Daily Inquirer. August 10, 2020. Retrieved August 10, 2020.
""Warriors' Draymond Green fined $50K for Devin Booker tampering comments"". NBC Sports. August 9, 2020. Retrieved August 10, 2020.
""NBA fines Warriors' Draymond Green $50K for suggesting Suns' Devin Booker should request trade out of Phoenix"". CBS Sports. August 9, 2020. Retrieved August 10, 2020.
""Banged-up Warriors go small, overpower Mavericks 147-116"". ESPN. AP. February 4, 2021. Retrieved February 5, 2021.
""Draymond Does it All in Revenge Win Over Hornets"". NBA.com. February 26, 2021. Retrieved February 27, 2021.
""Green notches triple-double, Warriors avenge loss to Hornets"". ESPN. February 26, 2021. Retrieved March 1, 2021.
""Curry's 41 points push Warriors past Pelicans 123-108"". ESPN. May 3, 2021. Retrieved May 4, 2021.
@WarriorsPR (May 3, 2021). ""Draymond Green has his 29th career triple-double (fifth this season) with 10 points, 13 rebounds and 14 assists"" (Tweet). Retrieved May 4, 2021 – via Twitter.
Carter, Jared (March 18, 2021). ""Draymond Green among six players to set NBA record last night"". USA Today. Retrieved May 4, 2021.
""Curry, Warriors beat Kings 113-98 in short-handed showdown"". ESPN. December 21, 2021.
""NBA & ABA Career Leaders and Records for Triple-Doubles"". Basketball Reference. Sports Reference. Retrieved June 23, 2022.
""2022 NBA All-Star reserves revealed!"". NBA.com. Retrieved April 16, 2022.
""Warriors' Draymond Green: Coming off bench"". CBS Sports. March 15, 2022. Retrieved May 10, 2022.
""Defensive Player Ladder: Draymond Green still No. 1; Rudy Gobert and Matisse Thybulle rise"". NBA.com. Retrieved December 21, 2021.
""NBA announces 2021-22 Kia All-Defensive 1st and 2nd Teams"". NBA.com. Retrieved May 21, 2022.
Feldman, Dan (June 1, 2022). ""Draymond Green calls All-Defensive second-team selection a slight"". NBC Sports. Retrieved July 4, 2022.
""2022 NBA Finals: In Boston, Warriors' Draymond Green gets his fourth ring and the last laugh"". CBS Sports. Retrieved June 17, 2022.
""Warriors beat Celtics 103-90 to win 4th NBA title in 8 years"". ESPN. Retrieved June 17, 2022.
Charania, Shams; Slater, Anthony. ""Warriors' Draymond Green potentially facing internal discipline after altercation with Jordan Poole"". theathletic.com. Retrieved October 5, 2022.
""Draymond Green taking time away from Warriors after punch"". ESPN. October 8, 2022. Retrieved October 9, 2022.
""Warriors' Draymond Green fined, not suspended, will play Friday"". ESPN. October 12, 2022. Retrieved October 12, 2022.
""Draymond fined for Poole punch, not suspended; returning Thursday"". RSN. October 12, 2022. Retrieved April 19, 2023.
""Curry, Warriors cruise to 137-114 win over Timberwolves"". ESPN. November 27, 2022. Retrieved December 3, 2022.
""Draymond Green suspended 1 game for receiving 16th technical foul"". NBA.com. Retrieved March 16, 2023.
Lowe, Shauntel (April 19, 2023). ""Draymond Green Is Suspended for Game 3 of Series With Kings"". The New York Times. Retrieved April 21, 2023.
@espn (April 19, 2023). ""Breaking: Draymond Green has been suspended one game without pay for stepping on the chest of Domantas Sabonis, the NBA announced"" (Tweet) – via Twitter.
Lawson-Freeman, Callie (May 18, 2023). ""Warriors' Draymond Green, Steve Kerr admit punch incident with Jordan Poole hindered season"". Yahoo! Sports. Retrieved July 4, 2023.
Helin, Kurt (May 17, 2023). ""Draymond Green says punching Poole reason Warriors not still playing, Kerr says they need Green back"". NBA Sports. Retrieved July 4, 2023.
Andrews, Kendra (June 19, 2023). ""Mike Dunleavy Jr. says Warriors 'really want' Draymond Green back"". ESPN. Retrieved June 20, 2023.
""Warriors Re-Sign Forward Draymond Green"". NBA.com. July 8, 2023. Retrieved July 8, 2023.
Chiari, Mike (November 15, 2023). ""Rudy Gobert: If Draymond Green 'Knew How to Choke,' It Could've Been 'Way Worse'"". Bleacher Report. Retrieved November 15, 2023.
""Warriors' Draymond Green suspended 5 games by NBA over fight"". ESPN. November 15, 2023. Retrieved November 16, 2023.
Grez, Matias (November 15, 2023). ""Draymond Green suspended for five games for putting Rudy Gobert in headlock"". CNN. Retrieved November 16, 2023.
""Warriors' Draymond Green suspended five games for grabbing Rudy Gobert; three players fined"". Toronto Star. Associated Press. November 16, 2023. Retrieved November 16, 2023.
""Golden State Warriors' Draymond Green suspended indefinitely for striking Jusuf Nurkic"". NBA.com. December 14, 2023. Retrieved December 14, 2023.
Baer, Jack (January 6, 2024). ""Draymond Green reinstated from suspension, served 12 games for striking Suns C Jusuf Nurkić"". Yahoo Sports. Retrieved January 7, 2024.
""Draymond Green wraps arm around Patty Mills' neck"". TMZ. March 27, 2024. Retrieved March 27, 2024.
Giulano, Sonny (April 12, 2024). ""Warriors forward Draymond Green's wild double-double vs. Pelicans has never been seen before"". ClutchPoints. Retrieved April 17, 2024.
""Draymond Green named to US Olympic men's hoops team"". lansingstatejournal.com. Retrieved January 27, 2017.
""Draymond GREEN at the Players of the Rio 2016 - Olympic Basketball Tournament (Men) 2016 - FIBA.com"". fiba.com. Archived from the original on August 24, 2016. Retrieved January 27, 2017.
""Draymond GREEN at the Players of the Tokyo 2020 - Olympic Basketball Tournament (Men) 2020 - FIBA.com"". fiba.com. Retrieved September 20, 2022.
Voisin, Ailene (May 14, 2015). ""Warriors' Draymond Green shatters NBA stereotypes"". The Sacramento Bee. Archived from the original on May 18, 2015.
Feldman, Dan (May 20, 2015). ""Draymond Green at center gives Warriors wrinkle necessary to beat Rockets"". NBCSports.com. Archived from the original on June 23, 2015.
Pina, Michael (June 10, 2015). ""Warriors Need More From Green"". Sports On Earth. Archived from the original on June 12, 2015.
Flannery, Paul (February 16, 2016). ""Draymond Green Is Redefining NBA Stardom. Even He Didn't See That Coming"". SBNation.com. Retrieved March 14, 2016.
Pelton, Kevin (December 22, 2015). ""Draymond Green is the best center in the NBA"". ESPN. Retrieved January 12, 2016.
Partnow, Seth (December 22, 2015). ""Warriors power forward Draymond Green is the NBA's best center"". The Washington Post. Retrieved January 12, 2016.
Winter, Jack; Lund, Spencer (November 14, 2015). ""Basketball, Neat: Draymond Green's 4-On-3 Playmaking Prowess"". uproxx.com. Retrieved April 10, 2016.
Feldman, Dan (April 7, 2016). ""Draymond Green's passing unlocking new levels for Warriors' offense"". NBCSports.com. Retrieved April 10, 2016.
""2015–16 NBA Award Picks: Steph Curry not the only unanimous winner"". CBS Sports. April 11, 2015. Retrieved April 16, 2016.
""Draymond Green Produced Like NBA's 2nd Best Player When Playing Center"". basketball.realgm.com. April 15, 2016. Retrieved January 7, 2020.
""Draymond Green finally wins Defensive Player of the Year"". The Mercury News. June 27, 2017. Retrieved August 6, 2017.
""Draymond sheds light on recruiting Durant, meeting in Hamptons"". NBCS Bay Area. July 4, 2016. Retrieved August 6, 2017.
Gonzalez, Antonio (January 15, 2015). ""Draymond Green is the 'heart and soul' of the Warriors"". Yahoo! Sports. Archived from the original on April 17, 2019. Retrieved June 15, 2015.
Kawakami, Tim (April 10, 2016). ""The Warriors' group chat: It's the players' millennial nexus, private comedy club, and how this team prepares to take on the world"". MercuryNews.com. Retrieved April 10, 2016.
Kawakami, Tim (April 15, 2016). ""Kawakami: Stephen Curry and Draymond Green share special bond"". The Mercury News. Retrieved January 7, 2020.
Norris, Mike (March 6, 2016). ""Kobe Bryant Comments on Draymond Green's Role in Warriors Locker Room"". www.bleacherreport.com. Archived from the original on December 25, 2019. Retrieved April 3, 2022.
""Draymond Green Isn't Dirty, He's Misunderstood"". Complex. June 12, 2016. Retrieved August 6, 2017.
""Draymond Green responds to being called a dirty player"". FOX Sports. December 2, 2016. Retrieved August 6, 2017.
""Where do Draymond Green, Kelly Olynyk and Zaza Pachulia rank among the dirtiest players in the NBA?"". Cleveland.com. May 17, 2019. Retrieved August 6, 2017. Updated May 19, 2019.{{cite news}}:  CS1 maint: postscript (link)
Powell, Shaun. ""Draymond Green walking the fine line to redemption for Golden State Warriors"". NBA.com. Retrieved August 6, 2017.
""Warriors' Draymond Green: Last year's Finals suspension 'woke me up'"". USA Today. Retrieved August 6, 2017.
Joseph, Nithin (March 27, 2024). ""NBA Players With the Most Ejections in League History"". givemesport.com. GiveMeSport. Retrieved June 12, 2024.
Andrews, Kendra (November 26, 2023). ""Draymond Green says he doesn't regret incident with Rudy Gobert"". ESPN.
""Warriors' Draymond Green records one-of-a-kind triple-double with rebounds, assists and steals"". NBA.com. February 10, 2017. Retrieved June 11, 2018.
Weller, Sophie (June 10, 2022). ""Why is Draymond Green doing a podcast after every NBA Finals game? 'It's something that I take as serious as I do basketball'"". MassLive. Retrieved July 4, 2022.
""Golden State Warriors' Draymond Green to do analyst work for TNT as active player"". ESPN. Associated Press. January 28, 2022. Retrieved July 4, 2022.
""Draymond Green Stats, Video, Bio, Profile"". NBA.com. Archived from the original on November 14, 2014. Retrieved December 15, 2014.
""Warriors' Draymond Green out Thursday after birth of son"". ESPN. December 22, 2016. Retrieved December 22, 2016.
""Look: Draymond Green Shares Some New Pictures of His Baby Son and the Boy Is Too Cute"". BET. December 28, 2016. Archived from the original on April 10, 2021. Retrieved August 4, 2018.
""Draymond Green and Fiancée Hazel Renee Show Off New Engagement Photos"". August 15, 2022.
Cacciola, Scott (December 5, 2019). ""Draymond Green Is Growing. But Some Things Never Change"". The New York Times. Retrieved December 9, 2019.
Katie Dowd (August 14, 2022). ""Warriors' Draymond Green, Hazel Renee celebrate wedding weekend"". SFGATE.
""Exclusive: See NBA Star Draymond Green And Hazel Renee's Stunning Engagement Shoot"". August 15, 2022.
""LeBron James, Stephen Curry, Jayson Tatum show out for Draymond Green's wedding"". ESPN. August 16, 2022.
Bernreuter, Hugh (June 23, 2011). ""Draymond Green gives football a shot, but will stick with Michigan State basketball"". MLive.com. Retrieved April 12, 2016.
Sherwood Strauss, Ethan (September 10, 2015). ""Draymond Green pledges $3.1M to Michigan State for athletics, academics"". ESPN. Retrieved September 14, 2015.
Rexrode, Joe. ""Draymond Green donates $3.1 million to MSU athletics"". Detroit Free Press. Retrieved September 14, 2015.
Quinn, Brendan (July 11, 2016). ""Draymond Green arrested for assault in East Lansing"". Michigan Live. Retrieved July 11, 2016.
Rohrbach, Ben (July 14, 2016). ""Draymond Green's alleged victim tells police he was choked, punched"". Yahoo! Sports. Retrieved July 14, 2016.
","
Jaime Jaquez Jr.

Jaime Jaquez Jr. (/ˈhaɪmɛ ˈhɑːkɛz/ HY-meh HAH-kez; born February 18, 2001) is a Mexican-American professional basketball player for the Miami Heat of the National Basketball Association (NBA). He played college basketball for the UCLA Bruins of the Pac-12 Conference. Jaquez was named a consensus second-team All-American and voted the Pac-12 Player of the Year as a senior in 2023. He earned three All-Pac-12 selections, including first-team honors twice. Jaquez was also a two-time member of the Pac-12 All-Defensive Team. He was selected by the Heat in the first round of the 2023 NBA draft with the 18th overall pick. He is nicknamed ”Juan Wick” for his Mexican heritage and perceived resemblance to John Wick.
Jaquez is the son of Angela (née Sather) and Jaime Sr., who met while playing basketball at Concordia University. Jaquez is the third generation of his family to have played college basketball; his paternal grandfather, Ezequiel, who came to California with his family from Mexico as a child, played at Ventura Community College and Northern Arizona University.
Jaquez was born in Irvine, California, and has a younger brother Marcos and younger sister Gabriela. Jaquez grew up in Camarillo and attended Camarillo High School. As a freshman, he averaged 15.3 points, 10.0 rebounds, 2.3 assists, and 2.6 steals per game and led the team to a 25–7 record and the California Interscholastic Federation (CIF) semifinals. As a sophomore, Jaquez earned all-Ventura County second-team honors, averaging 24.1 points, 10.9 rebounds, 2.2 assists, and 2.6 steals per game, despite missing 12 games with an ankle injury.
Jaquez averaged 31.7 points, 11.7 rebounds, 3.7 assists, and 2.1 steals per game as a senior and helped the team finish 25–4 and win its first Coastal Canyon League title. He earned first-team All-CIF Southern Section honors and finished his high school career with 2,653 points. Jaquez broke the school single-game scoring record with a 54-point outing against Royal High School. Jaquez was also a pitcher on the high school baseball team.
Jaquez was recruited to the University of California, Los Angeles, by then-Bruins' coach Steve Alford, who offered him a scholarship at the end of his junior year. However, Alford was fired in 2018, replaced later by Mick Cronin, who had recruited Jaquez while coaching at Cincinnati. Jaquez did not seriously pursue another school, and remained committed to UCLA. He became a starter for the Bruins during the Maui Jim Maui Invitational in November 2019, after he scored 17 points and had 12 rebounds in a win against Chaminade on November 26. On December 1, he scored a season-high 18 points in a 93–64 win over San Jose State. He scored 18 points on February 27, 2020, and hit the game-winning three-pointer with 0.6 seconds remaining in a 75–72 win over Arizona State. As a freshman, Jaquez averaged 8.9 points and 4.8 rebounds per game. He was named honorable mention Pac-12 All-Freshman team.
On February 18, 2021, Jaquez scored 25 points on his 20th birthday in a 74–60 win over Arizona, the Bruins' fifth straight in its rivalry with the Wildcats. For the season, he was a second-team All-Pac-12 selection and was named to the Pac-12 All-Defensive Team. In UCLA's First Four play-in game of the 2021 NCAA tournament, he led the Bruins in scoring with 27 points in a 86–80 overtime win against Michigan State. UCLA advanced to the Final Four, losing to Gonzaga.
In 2021–22, Jaquez was restricted by ankle injuries throughout most of the season. He suffered from synovitis in one ankle and began wearing braces on both ankles as a preventative measure. He bounced back from a three-game stretch in mid-February 2022 in which he scored a combined 13 points. On February 28, Jaquez scored a career-high 30 points in a 77–66 win over Washington. In the following game, he scored 27 points in the regular-season finale against USC, helping UCLA end its five-game losing streak in their crosstown rivalry with the Trojans. He was named the Pac-12 Player of the Week after averaging 28.5 points on 64 percent shooting along with 7.5 rebounds, as the Bruins clinched the No. 2 seed in the Pac-12 tournament. Jaquez was named to the All-Pac-12 first team and was voted again to the conference's defensive team. He was one of five finalists for the Julius Erving Award, given to the top small forward in the country. In the second round of the 2022 NCAA tournament, he scored 15 points in a 72–56 win over Saint Mary's, but exited the game and did not return after spraining his right ankle with seven minutes remaining in the second half. He was averaging 20.5 points in his last eight games, with the Bruins going 7–1. The stretch coincided with his being able to resume practicing, while UCLA's leading scorer, Johnny Juzang, was in a scoring slump. Jaquez recovered to play 38 minutes in the following game against North Carolina in the Sweet Sixteen, but the Bruins lost 73–66. He scored 10 points, shooting 1-for-11 in the second half and missing his final nine shots. Amid the injuries, Jaquez's 3-point shooting dropped to 27.6 percent. Along with needing surgery in April to remove bone spurs from his right ankle, he decided against declaring for the NBA draft, and returned to UCLA for his senior year.
For the second straight season, Jaquez was named a finalist for the Julius Erving Award in 2022–23. On February 4, 2023, he had a game-high 24 points and a career-high 15 rebounds in a 76–52 win over Washington State. That month, he scored late baskets in multiple games to help lead the team to victories, including seven points in 3+1⁄2 minutes as the Bruins secured a win over Utah. He led UCLA to their first Pac-12 regular season title since 2013. The Bruins received a No. 2 seed in the 2023 NCAA tournament. In the opener, Jaquez had 17 points, eight rebounds, and a career-high five steals in a 86–53 rout over No. 15-seed UNC Asheville. Losing two starters, Adem Bona and Jaylen Clark, due to injuries, UCLA suffered a 79-76 loss to Gonzaga in Sweet Sixteen. For the season, Jaquez averaged 17.8 points and 8.2 rebounds. He was named a consensus second-team All-American, and received the Lute Olson Award as the college player of the year. Jaquez was voted the Pac-12 Player of the Year, becoming the first Bruin to win since Kevin Love in 2008 and the first UCLA senior to capture the award since Ed O'Bannon in 1995. He also earned his second consecutive first-team all-conference selection. After the season, Jaquez declared for the draft, forgoing the extra year of eligibility that was available due to the COVID-19 pandemic. He ended his career ranked eighth in UCLA history in career scoring (1,802) and career steals (178), and ninth in total games played (134).
Considered a borderline first-round pick after college, Jaquez was invited to the green room of the 2023 NBA draft. He was selected by the Miami Heat with the eighteenth overall pick, the only Pac-12 player selected in the first round. He was the first UCLA senior selected in the first round since Darren Collison in 2009. On July 1, Jaquez officially signed with the Heat. Shortly after, he joined Miami for the 2023 Summer League, but played just two games before being sidelined with a shoulder injury.
Jaquez began the 2023–24 regular season on a minutes restriction following a preseason groin injury. On October 28, 2023, Jaquez made his first career start when he and second-year player Nikola Jović entered the lineup against the Minnesota Timberwolves, filling in for the absence of veterans Jimmy Butler and Kevin Love. Against the Memphis Grizzlies on November 8, Jaquez played the entire fourth quarter and made a game-clinching 3-pointer to extend Miami's lead from three to six with 18.4 seconds left in a 108–102 win. In the following game with Butler and Tyler Herro unavailable, he made his third start of the season, finishing with a then career high of 20 points in 39 minutes in a 117–109 win over the Atlanta Hawks. On December 4, Jaquez was named the Eastern Conference Rookie of the Month for games played in October/November. It marks the 10th time a Miami Heat rookie has won the honor and the fifth player to do so, joining Caron Butler (four times), Kendrick Nunn (three times), Josh Richardson and Michael Beasley. On December 25, Jaquez put up a career-high 31 points along with 10 rebounds in a 119–113 win over the Philadelphia 76ers. On January 4, Jaquez earned his second consecutive Eastern Conference Rookie of the Month for games played in December.
Jaquez was selected to the 2024 NBA All-Star Weekend's Rising Stars Challenge and the Slam Dunk Contest.
Jaquez played for the Mexican national team as a Mexican-American dual citizen in the 2019 Pan American Games in Lima, Peru.
Jaquez's sister Gabriela, who shared MVP honors at the 2022 McDonald's All-American Girls Game, committed to joining the UCLA women's basketball team as part of its 2022–23 freshman class. In 2024, Gabriela joined the UCLA Bruins softball team to provide depth as they made a run in the 2024 Women's College World Series. His brother Marcos became a defensive lineman for Camarillo High's football team.
Jaquez is of Mexican descent through his father, and Norwegian descent through his mother.
""Inside the HEAT: Jaime Jaquez Jr"" (video). youtube.com. November 10, 2023.  Event occurs at 736 seconds.
Chazaro, Alan (December 7, 2023). ""Jaime Jaquez Jr. on Becoming the Breakout Rookie of This NBA Season"". GQ. Retrieved January 2, 2024.
""Heat Rookie Jaime Jaquez Jr. Embraces New Nickname with Open Arms"". November 30, 2023.
Rosehart, Ben (November 1, 2022). ""CUI Excited For Rare Opportunity to Play At UCLA"". CUI Golden eagles. Retrieved November 9, 2023.
Bolch, Ben (November 28, 2019). ""Jaime Jaquez Jr. giving Mick Cronin what he wants for UCLA's rebuild"". Los Angeles Times. Retrieved April 2, 2020.
Medcalf, Myron (March 3, 2023). ""The third-generation basketball legacy of UCLA's Gabriela and Jaime Jaquez Jr"". ESPN.com. Retrieved March 3, 2023.
""Jaime Jaquez Jr"". USA Basketball. Archived from the original on April 22, 2022. Retrieved April 2, 2020.
Ledin, Loren (March 16, 2019). ""Camarillo's Jaime Jaquez Jr. is The Star's Boys Basketball Player of the Year"". Ventura County Star. Retrieved April 2, 2020.
Tay, Jared (February 28, 2020). ""Jaime Jaquez Jr. hopes to make familia proud, aims to inspire future Latino players"". The Daily Bruin. Retrieved April 2, 2020.
Gomez, Eric (July 31, 2019). ""Jaime Jaquez Jr. eyes hoop dreams at UCLA, Mexico, PanAms"". ESPN. Retrieved April 2, 2020.
Gleeson, Seth (April 2, 2021). ""'Making two countries proud' UCLA's Jaime Jáquez Jr. playing for both Mexican and American heritages"". USA Today. Retrieved June 27, 2023.
Davis, Seth (September 30, 2022). ""UCLA's Jaime Jaquez Jr. understands what it takes to win: 'Half the battle is wanting it more'"". The Athletic. Retrieved June 27, 2023.
""Jaquez, Hill lead UCLA to 93–64 win over San Jose State"". ESPN. Associated Press. December 1, 2019. Retrieved April 2, 2020.
Vanoni, Maggie (February 27, 2020). ""Jaime Jaquez Jr.'s shot lifts UCLA men's basketball into first-place tie in Pac-12"". Los Angeles Daily News. Retrieved April 2, 2020.
""Factoids on UCLA Hoops Heading into Pac-12 Tourney"". 247 Sports. March 11, 2020. Retrieved March 30, 2020.
""UCLA beats Arizona 74-60 to complete sweep of Wildcats"". ESPN.com. AP. February 18, 2021. Retrieved February 19, 2021.
Fattal, Tarek (March 9, 2021). ""UCLA PG Tyger Campbell earns Pac-12 first-team honors"". Los Angeles Daily News. Retrieved March 10, 2021.
""UCLA beats Michigan St 86-80 in overtime in First Four game"". CBSSports.com. AP. March 19, 2021. Retrieved March 19, 2021.
Bolch, Ben (April 6, 2023). ""Jaime Jaquez Jr. declares for the NBA draft, will forgo year of eligibility"". Los Angeles Times. Retrieved May 8, 2023.
Bolch, Ben (February 28, 2022). ""Jaime Jaquez Jr.'s career-high 30 points power No. 17 UCLA past Washington"". Los Angeles Times. Retrieved March 1, 2022.
Fattal, Tarek (March 22, 2022). ""Jaime Jaquez Jr.'s injury has UCLA preparing two game plans for UNC"". Los Angeles Daily News. Retrieved March 23, 2022.
Bolch, Ben (March 23, 2022). ""How Jaime Jaquez Jr. became the UCLA Bruins' toughest player"". Los Angeles Times. Retrieved March 24, 2022.
""No. 17 UCLA beats No. 16 USC 75-68, finishes 2nd in Pac-12"". ESPN.com. AP. March 5, 2022. Retrieved March 6, 2022.
""Pac-12 Men's Basketball Performance Awards, presented by Nextiva - March 7, 2022"". Pac-12 Conference. March 7, 2022. Retrieved March 8, 2022.
Kartje, Ryan (March 8, 2022). ""UCLA's Johnny Juzang, USC's Isaiah Mobley among All-Pac-12 picks for Bruins, Trojans"". Los Angeles Times. Retrieved March 8, 2022.
Seals, Bill (March 3, 2022). ""Bruins take on the Trojans in a critical conference showdown"". Culver City Observer. Retrieved March 8, 2022.
Bolch, Ben (March 19, 2022). ""UCLA defeats St. Mary's to return to the Sweet 16 for the second straight year"". Los Angeles Times. Retrieved March 19, 2022.
Thamel, Pete (March 25, 2022). ""UCLA's Jaime Jaquez Jr. hopeful for matchup vs. North Carolina despite sprained ankle"". ESPN.com. Retrieved March 26, 2022.
Bolch, Ben (March 25, 2022). ""UCLA's March Madness run ends in heartbreaking Sweet 16 loss to North Carolina"". Los Angeles Times. Retrieved March 26, 2022.
Pells, Eddie (March 25, 2022). ""If the shoe fits: Love leads Carolina over UCLA into Elite 8"". Associated Press. Retrieved March 26, 2022.
Bolch, Ben (April 18, 2022). ""Jaime Jaquez Jr. will return to UCLA in hopes of winning a national title"". Los Angeles Times. Retrieved February 24, 2023.
""Jaquez Jr. Among Five Finalists for Julius Erving Award"". UCLA Athletics. March 8, 2023. Retrieved March 15, 2023.
Bolch, Ben (February 4, 2023). ""Jaime Jaquez Jr. powers No. 9 UCLA in a get-well rout of Washington State"". Los Angeles Times. Retrieved February 24, 2023.
Bolch, Ben (February 24, 2023). ""Why UCLA's Jaime Jaquez Jr. is in race for Pac-12 player of year"". Los Angeles Times. Retrieved February 26, 2023.
Fattal, Tarek (March 7, 2023). ""UCLA's Jaime Jaquez Jr. named Pac-12 Player of the Year"". Los Angeles Daily News. Retrieved March 8, 2023.
Bolch, Ben (March 16, 2023). ""UCLA dodges upset trend, opens NCAA tournament with rout of UNC Asheville"". Los Angeles Times. Retrieved March 18, 2023.
Bolch, Ben (March 23, 2023). ""Jubilation turns into heartbreak as UCLA loses to Gonzaga again in NCAA tournament"". Los Angeles Times. Retrieved March 24, 2023.
""Pac-12 Men's Basketball Weekly Rundown - March 15, 2023"" (Press release). Pac-12 Conference. March 15, 2023. Retrieved March 16, 2023.
""2022-23 Pac-12 Men's Basketball All-Conference honors and Annual Performance Awards, presented by Nextiva"" (Press release). Pac-12 Conference. March 7, 2023. Retrieved March 7, 2023.
""UCLA's Jaime Jaquez Jr. declares for NBA draft"". Associated Press. April 6, 2023. Retrieved May 8, 2023.
Bolch, Ben (June 22, 2023). ""UCLA's Jaime Jaquez Jr. drafted No. 18 by Miami Heat in 'surreal' moment"". Los Angeles Times. Retrieved June 23, 2023.
Sanchez, Noel (July 4, 2023). ""UCLA Basketball: Heat Officially Sign Ex-Bruin Jaime Jaquez Jr., Complicating Damian Lillard Trade Options"". Sports Illustrated. Retrieved July 5, 2023.
Bartilotta, Joel (July 3, 2023). ""California Classic Summer League: Jaquez Jr., Heat dispatch Lakers"". RotoWire. Retrieved July 5, 2023 – via NBA.com.
Winderman, Ira (October 16, 2023). ""ASK IRA: Will injuries have Heat's Jaquez, Jovic on the outs at the start of season?"". South Florida Sun-Sentinel. Retrieved October 29, 2023.
Winderman, Ira (October 29, 2023). ""Heat's Jaime Jaquez Jr. 'Not a regular rookie'"". South Florida Sun-Sentinel. Retrieved October 29, 2023.
Winderman, Ira (October 28, 2023). ""Heat fail to measure up, fall 106-90 in Minnesota as Butler, Love sit"". South Florida Sun-Sentinel. Retrieved October 29, 2023.
""Heat's Jaime Jaquez: Starting against Wolves"". CBS Sports. October 28, 2023. Retrieved October 29, 2023.
Chiang, Anthony (November 9, 2023). ""Heat rookie Jaime Jaquez Jr. continues to impress, earn late-game trust. Also, Bam from midrange"". Miami Herald. Retrieved November 12, 2023.
Chiang, Anthony (November 12, 2023). ""No Butler, no Herro, no Martin, no problem. Takeaways from Heat's short-handed win over Hawks"". Miami Herald. Retrieved November 12, 2023.
""Jaime Jaquez Jr. Named KIA Eastern Conference Rookie Of The Month"". NBA. December 4, 2023. Retrieved December 4, 2023.
Weinberger, Zachary (December 25, 2023). ""3 Heat takeaways from the win vs. Sixers on Christmas Day"". ClutchPoints. Retrieved December 25, 2023.
""JThe Numbers Behind Jaime Jaquez Jr.'s December KIA NBA Eastern Conference Rookie of the Month Selection"". NBA. January 4, 2024. Retrieved January 4, 2024.
""Jaime Jaquez Jr. College Stats"". Sports Reference. Retrieved April 5, 2021.
Nguyen, Thuc Nhi (May 29, 2024). ""Why UCLA basketball star Gabriela Jaquez joined the Bruins' softball team"". Los Angeles Times. Retrieved June 25, 2024.
Winderman, Ira (November 30, 2023). ""Heat's Jaime Jaquez Jr. laughing along with 'Juan Wick' nickname, as a proud Mexiwegian"". South Florida Sun-Sentinel. Retrieved December 1, 2023.
","
Jalen Brunson

Jalen Marquis Brunson (born August 31, 1996) is an American professional basketball player for the New York Knicks of the National Basketball Association (NBA). He was drafted with the 33rd overall selection of the 2018 NBA draft by the Dallas Mavericks and played his first four seasons in the NBA with them. He played college basketball for Villanova University, where he was the National Player of the Year as a junior and won two national championships.
Brunson participated in the 2015 McDonald's All-American Boys Game, Jordan Brand Classic and Nike Hoop Summit. He led Stevenson to the Illinois High School Association (IHSA) Class 4A championship. He won Illinois Mr. Basketball and earned the MVP of the 2015 FIBA Under-19 World Cup. Brunson was a role player for the championship season of the 2015–16 Villanova Wildcats and the National Player of the Year and a Consensus first-team 2018 All-American for the championship season of the 2017–18 Wildcats.
Brunson played four years for the Dallas Mavericks. After helping the Mavericks reach the Western Conference finals, he signed with the New York Knicks as a free agent in 2022. With the Knicks, he became an NBA All-Star and received an All-NBA Team selection for the first time in 2024. He set the NBA record for most three point shots made in a half without a miss (8) and tied the NBA record for most three point shots made in a single-game without a miss (9).
Born in New Brunswick, New Jersey, Brunson was raised in southern New Jersey until sixth grade. He is the son of Rick and Sandra Brunson. He has a sister Erica (born c. 2001). His parents met at Temple University where Rick played for the basketball team and Sandra played volleyball. Rick went on to spend nine seasons in the NBA. The family first settled in Cherry Hill, New Jersey but moved seven times before settling in Lincolnshire, Illinois in 2010 where Jalen played his high school career for Stevenson High School. As a youth, he spent time in NBA locker rooms such as when his father played for the Knicks where his future head coach Tom Thibodeau was serving as an assistant coach.
Brunson shooting in the 2013 IHSA Class 4A championship game As a freshman, Brunson was an All–Lake County honorable mention selection in 2012, as Stevenson finished the season with a 17–11 record. During his sophomore season, Stevenson started the season 10–4 before going on a 19-game winning streak. That year, Brunson led Stevenson to the March 16, 2013, IHSA Class 4A championship game against Jabari Parker and Kendrick Nunn's three-time defending state champion Simeon Career Academy, where he got the Simeon backcourt in foul trouble in the first half before being held to one point in the second half of a 58–40 loss. Stevenson finished the season 29–5. Following the season, the Associated Press named him to the Class 4A All-state second team as the only sophomore on the first or second team. Brunson averaged 21.5 points that season.
On February 21, 2014, junior Brunson scored 57 points in a double overtime victory over Lake Forest High School. The performance gave him both the school single-game and career scoring records. On March 21, Brunson set the IHSA playoff single game scoring record against the Jahlil Okafor–led Whitney Young High School by scoring 56 points in a 75–68 state playoff semi-final loss. In the game, still images of a movement by Brunson appeared to be an obscene gesture, but video of the gesture were deemed to be inconclusive and an initial suspension for the subsequent consolation game was overturned. Brunson averaged 26.1 points, 5.4 rebounds, 4.7 assists and 2.9 steals for a Stevenson team that finished the season with a 32–2 record. Two members of his high school team were National Football League athletes' offspring: Matt Morrissey and Cameron Green. Brunson was named Gatorade Player of the Year for the state of Illinois as a junior. Following the season, Associated Press named him as the only non-senior on the Class 4A All-state first team that also included Okafor, Cliff Alexander, Tyler Ulis and Sean O'Mara. He finished fourth in the 2014 Illinois Mr. Basketball voting. In April 2014, Illinois, Purdue, Kansas and Villanova had in-home visits. On May 3, 2014, he announced the eight schools that he was considering playing college basketball for: UConn, Michigan State, Illinois, Kansas, Purdue, Villanova, Michigan and Temple. That summer he was the number one rated point guard according to ESPN, although the class had a notable shortage of elite pure point guards. On June 25—the day after Jalen won a gold medal at the 2014 FIBA Americas Under-18 Championship—Rick Brunson received an offer as an on-bench assistant coach from Temple. The Temple offer fell through when Rick Brunson was arrested on various charges on July 25, and Temple fell out of the running for Jalen's services. Brunson participated in the July 9–11 LeBron James Skills Academy. On August 5, he announced official visits to Illinois on August 29–31, Villanova on September 4–6 and then Temple from September 11–13 and on August 9, he announced official visits to Michigan State from September 19–21 and Purdue on September 26–28.
On September 8, Brunson announced that he would be curtailing his recruitment and making his decision between Illinois and Villanova on September 10. On that date, Brunson committed to Villanova. At the time of his decision, he was ranked as the number one point guard in the national class of 2015 by Scout.com. Stevenson was a preseason top-10 team in the MaxPreps national high school rankings. A lot was expected of Brunson's team after losing to teams led by Parker and Okafor in the IHSA tournament final four in 2013 and 2014 even though no team from Lake County has ever won a state basketball championship. The team rattled off 11 straight victories to start the season before losing 88–81 to Chaminade Prep and its star Jayson Tatum in the Cancer Research Classic in Wheeling, WV, despite 48 points from Brunson. On January 17, Brunson and Stevenson faced Derryck Thornton, Jr. and Findlay Prep at the Hoophall Classic. At the time, Brunson was the number 3 ranked point guard in the class of 2015 and Thornton was the number 2 ranked point guard in the class of 2016 for the number 1 team in the country according to USA Today. Findlay, who was led by Arizona signee Allonzo Trier's 27 points, held Brunson to 26 in the second loss of the season for Stevenson, who had been 15–1. On January 28, he was named to the 2015 McDonald's All-American Boys Game roster, becoming the second player from Lake County to earn such recognition. On February 2, he was named to the 11-man Team USA for the Nike Hoop Summit. On February 21, Stevenson lost to Simeon as Brunson posted 25 points on 9–24 shooting, ending a 22-game in-state streak in a game that featured the top two teams in the state. The Simeon frontline featured three Big Ten Conference signees: D. J. Williams (Illinois), Ed Morrow (Nebraska) and Isaiah Moss (Iowa). On March 5, he was named to the Jordan Brand Classic roster.
Brunson scoring the first 3 of his IHSA Class 4A title game record 30 points in 2015 On March 17, Brunson helped Stevenson qualify for a third consecutive appearance in the IHSA final four with a victory over Riverside Brookfield High School. In the game, Brunson became the Lake County career scoring record holder. On March 19, Brunson received the highest vote total for the Illinois Class 4A Associated Press All-state team. On March 20, he repeated as Illinois Gatorade Player of the Year. Brunson led Stevenson to the IHSA final four for a third consecutive time, but he led the team to the first state championship by a Lake county school with an IHSA Class 4A title-game record 30 points in a 57–40 victory over Normal Community High School. Brunson was 9-for-15 from the field and 9-for-9 from the free throw line. 2015 was Lake county's ninth consecutive year with a team reaching the IHSA final four; Stevenson became the first school in the large school division and the third school overall to win IHSA football and basketball state championships in the same year. The win got him out of the shadow of IHSA final four losses to Parker- and Okafor-led teams. Following the season, he won Illinois Mr. Basketball with 552 points and 99 of the 132 first place votes, ahead of fellow Jordan Brand All-American selection Charles Matthews, who had 157 points. Brunson finished his senior season with averages of 23.3 points, 5.2 assists and 4.7 rebounds per game and with shooting percentages of 38% on three-point shots and 83% on free throws. At the March 30 POWERADE Jam Fest associated with the McDonald's All-American game, Brunson won the skills competition over finalists Carlton Bragg and Isaiah Briscoe, and was a finalist for the three-point shooting contest. Brunson was a first-team Parade All-American, as well as a third-team USA Today All-USA high school basketball team selection. In the April 11 Nike Hoops Summit, Brunson had 12 points and seven assists in a 103–101 loss. In the April 17 Jordan Brand Classic, Brunson had a game-high three steals. He finished his high school career ranked No. 16 in the ESPN 100 and as the #2-point guard behind Isaiah Briscoe.
Brunson, like his father, is a left-handed basketball player. In what was regarded as a weak point guard class, Brunson was the only point guard that was ranked in the top 25 players at the conclusion of the class of 2015's junior season. In addition to high ratings by the recruiting services, Brunson's peers voted him to be the best passer in high school basketball prior to his senior season.
Brunson was a selection to the 20-man Bob Cousy Award preseason watchlist. He was also selected as the 2015–16 Big East Conference Preseason Freshman of the Year by the conference coaches although Henry Ellenson was the only freshman selected to the 2015–16 Preseason All-Big East First or Second Team. Brunson's 2015–16 Wildcats were the unanimous coaches preseason selection to win the conference. In preseason top 100 player rankings Brunson was ranked 46 by ESPN and 41 by NBC Sports. During the preseason, Mike Rutherford of SB Nation selected Brunson as one of its 10 most important college basketball players for 2015–16. He made the initial 50-man John R. Wooden Award watch list on November 17. On December 2, Brunson earned recognition on the 18-man Wayman Tisdale Award watchlist.
Brunson opened the season in the starting lineup with 12 points and 4 assists against the Fairleigh Dickinson Knights on November 13. On November 26 in the semi-finals of the NIT Season Tip-Off against Stanford, Brunson posted 18 points. On December 28, he posted a then career-high 22 points against Penn. The 22-point effort was part of a 3–0 week for Villanova in which Brunson averaged 15.3 points and earned Big East Freshman of the Week. On February 8, the 2015–16 Wildcats became the first Villanova Wildcats men's basketball team to reach number one in the AP Poll by climbing to the top of the 2015–16 NCAA Division I men's basketball rankings. Following the 2015–16 Big East season, he was a unanimous Big East All-Freshman Team selection. In the 2016 NCAA Division I men's basketball tournament regional final against Kansas Brunson made the final two free throws that gave the Wildcats a two-possession lead with 3.5 seconds left. The 2015–16 Wildcats won the championship game of the tournament by defeating the North Carolina Tar Heels 77–74, with Brunson as a starter.
Brunson was a selection to the 20-man Bob Cousy Award preseason watchlist again as a sophomore. He was a preseason All-Big East honorable mention selection. On December 5, the 2016–17 Wildcats ascended into the top position in the 2016–17 NCAA Division I men's basketball rankings. The following night, Brunson posted a then career-high 26 points in a Philadelphia Big 5 win over La Salle. After helping guide Villanova to a victory in its 2016–17 Big East season opener against DePaul on December 28, Brunson scored a career high 27 points in an 80–70 December 31 win over No. 10 Creighton to propel No. 1 Villanova to a 14–0 record and 2–0 in conference play. These two performances earned Brunson Big East player of the week recognition on January 2. Brunson was named to the February 9 Naismith Award Top 30 watch list. On February 18, against Seton Hall, Brunson posted his first career double double with a career-high 10 assists and 22 points. Following the regular season, he was one of four unanimous selections to the 2016–17 All-Big East first team. After averaging 14.7 points and 4.1 assists as a sophomore, Brunson decided to return to Villanova for his junior season. After the season ended and the 2017 NBA draft class was finalized, Brunson was projected to be a preseason All-American by NBC Sports.
He was the 2017–18 preseason All-Big East player of the year. He was a pre-season All-American selection by Associated Press (1st team) and ESPN (2nd team). He was a preseason John R. Wooden Award, Oscar Robertson Trophy, Lute Olson Award and Naismith College Player of the Year watchlist honoree. Brunson led Villanova to the championship of the 2017 Battle 4 Atlantis, earning the MVP of the tournament and being recognized on November 27 as the Big East Player of the Week. On December 13, Brunson scored a career-high 31 points, including 22 in the first half, to lift the Wildcats over Temple 87–67. The next time he would score 31 points in a game was on December 30, 2017, when Villanova lost its first game of the season to Butler. He posted a third 31-point total on January 28 to help Villanova to an 85–82 victory over Marquette.
Eric Paschall, Donte DiVincenzo, Omari Spellman, Collin Gillespie, Jalen Brunson. Brunson was named as an Academic All-District selection, making him one of 40 finalists for the 15-man Academic All-America team. He was named as one of 10 semi-finalists for the Naismith Award. He was named as one of 20 late-season finalists for the Wooden Award. Following the regular season, Brunson was one of three unanimous 2017–18 All-Big East selections, and he was named both the Big East Conference Men's Basketball Player of the Year and the Big East Scholar-Athlete of the Year a few days later. As a scholar, he was on pace to graduate during the summer after his junior season. He was a consensus first-team All-American after being selected as a first-team All-American by Sporting News, USBWA, Associated Press, and NABC. He was also awarded the USBWA Oscar Robertson Trophy the Associated Press College Basketball Player of the Year, the Naismith College Player of the Year, the John R. Wooden Award, the NABC Player of the Year, CBS Sports National Player of the Year, the Bob Cousy Award, and Sporting News Player of the Year. Brunson was a second-team Academic All-America selection. Brunson was named Most Outstanding Player of the East Region and was joined on the East Region All-tournament team by Omari Spellman and Eric Paschall.[non-primary source needed] Villanova won the National Championship Game of the 2018 NCAA men's basketball tournament. Following his junior season, he declared for the 2018 NBA draft and hired an agent.
On December 17, 2019, Brunson was named college basketball player of the decade by Sporting News.
On June 21, 2018, the Dallas Mavericks drafted Brunson with the 33rd overall pick. He was the fourth and final Villanova player to be selected in the 2018 NBA draft. Brunson did not sign until after he completed his 2018 NBA Summer League play and was accorded a 4-year contract similar to a first round selection with 3-years guaranteed. He made his NBA debut on October 17, 2018, recording three points, one rebound and an assist, in a 100–121 loss against the Phoenix Suns. After coming off the bench for his first four NBA games, Brunson started in place of the injured Dennis Smith Jr. on October 26, against the Toronto Raptors, scoring eight points, four assists and three rebounds. On November 8, Brunson posted 11 points against Utah Jazz. Brunson replaced Smith in the starting lineup and posted career highs of 14 points on December 8 against the Houston Rockets and 17 points on December 10 against the Orlando Magic. On January 5, he was honored by the Philadelphia Sports Writers Association as its Amateur Athlete of the Year. That same night, with J. J. Barea and Devin Harris sidelined, Brunson posted 13 points, a career-high 11 rebounds, and what was then a career-high eight assists against the Philadelphia 76ers for his first professional double-double. Starting in place of Luka Dončić on February 22, Brunson posted a then career-high 22 points against the Denver Nuggets. On March 12, 2019, Brunson improved upon his career high with 34 points with five rebounds, four assists and a steal in a 105–112 loss to the San Antonio Spurs. On April 7, Brunson posted a then career-high ten assists along with 12 points against the Memphis Grizzlies for his second career double-double.
With Dončić out of the lineup on December 16, 2019, and Brunson starting, the 2019–20 Mavericks ended an 18-game win streak by the Milwaukee Bucks, on a night when Brunson posted a career-high 11 assists and his first double-double of the season (13 points). On March 13, 2020, Brunson was reported to have undergone surgery to fix a labrum injury in his right shoulder. During the 2020–21 NBA season, Brunson averaged career highs in points, rebounds and assists, finishing fourth in voting for the NBA Sixth Man of the Year Award.
In the 2021–22 NBA season, Brunson became a starter and again finished the season achieving career highs in points, rebounds and assists. On April 16, 2022, during Game 1 of the first round of the playoffs, Brunson logged 24 points, seven rebounds and five assists in a 93–99 loss to the Utah Jazz. On April 18, during Game 2 of the first round of the playoffs, Brunson put up a playoff career-high 41 points, along with eight rebounds and five assists in a 110–104 win over the Jazz. On May 15, Brunson scored 24 points and grabbed six rebounds in a 123–90 Game 7 blowout win against the overall one-seed Phoenix Suns, securing the Mavericks a place in the Western Conference Finals. On May 20, during Game 2 of the Western Conference Finals, Brunson recorded 31 points, 7 rebounds and 5 assists in a 126–117 loss against the Golden State Warriors.
On June 2, 2022, his father was hired by the New York Knicks as an assistant coach. On July 12, 2022, Brunson signed a four-year, $104 million contract with the New York Knicks. The Knicks were later punished for engaging in conversations with Brunson before the free agency window opened. On October 19, he made his Knicks debut in a 115–112 loss in overtime to the Memphis Grizzlies, scoring 15 points along with nine assists and six rebounds. On October 26, Brunson scored 27 points, recorded 13 assists, and grabbed seven rebounds during a 134–131 overtime victory against the Charlotte Hornets.
On January 4, 2023, Brunson scored 38 points, alongside seven rebounds and six assists in a 117–114 win over the San Antonio Spurs. On January 9, Brunson put up a then career-high 44 points in a 111–107 loss to the Milwaukee Bucks. On January 16, Brunson was recognized as NBA Eastern Conference player of the Week for the week of January 9–15 after averaging 34.8 points, 5.8 rebounds and 5.0 assists with 3 30-point games as the Knicks went 3–1 for the week. It was his first career NBA Player of the Week award. On January 18, Brunson scored 32 points in a 116–105 loss against the Washington Wizards. He scored 25-plus points in eight straight games, the longest streak by a Knicks guard since Dick Barnett in 1965. Barnett logged 25 or more points in 12 consecutive contests. On February 4, Brunson scored 41 points on 14-of-19 shooting, 5-of-7 from three, 8-of-10 from the free throw line, along with five rebounds and seven assists in a 134–128 overtime loss against the Los Angeles Clippers.  On February 8, Villanova retired his jersey. On February 13, Brunson put up 40 points on 15-of-21 shooting from the field and added five assists in a 124–106 win over the Brooklyn Nets. On March 1, Brunson scored 39 points (30 points in the first half) on 15-of-18 shooting, 5-of-6 from three, 4-of-4 from the free throw line in a 142–118 win over the Brooklyn Nets. On March 2, Brunson won his first NBA Player of the Month award when he was named the NBA Eastern Conference Player of the Month for February. He finished the month with 27.3 points and 6.0 assists while shooting 42.6% from 3-point range and 52.9% overall. The Knicks went 9–2, finishing out the month with six straight wins. On March 31, Brunson scored a career-high 48 points (33 points in the first half) on 18-of-32 shooting from the floor and delivered nine assists in a 130–116 win over the Cleveland Cavaliers. In Game 4 of the Eastern Conference Semifinals against the Miami Heat, Brunson put up 32 points and 11 assists in a 109–101 loss. He joined Walt Frazier and Patrick Ewing as the only players in Knicks history to put up at least 30 points and 10 assists in a playoff game. New York would go on to lose to Miami in six games despite Brunson tying his playoff career-high of 41 points in a 96–92 Game 6 loss.
On November 20, 2023, Brunson earned his second NBA Player of the week award as the Knicks went 3–1 while he averaged 28.5 points and 6.5 assists, including back-to-back 32-point performances. On November 30, Brunson put up 42 points, six rebounds and eight assists in a 118–112 win over the Detroit Pistons. He also tied the record for the most 40-point games by a point guard (5, Frazier, Stephon Marbury) in Knicks history.
On December 15, he posted a then career-high 50 points on 17–23 shooting, including 9–9 three point shooting, as well as 9 assists, 6 rebounds and 5 steals in a comeback win against the Phoenix Suns. He became the ninth player to score 50 points as a Knick. His 9–9 game tied an NBA record for perfect three point performances that was initially set by New York Knick Latrell Sprewell who went 9–9 on February 4, 2003, and twice tied by Ben Gordon for the Bulls on April 14, 2006, and for the Pistons on March 21, 2012. It was the first 50-point performance in NBA history without a missed three-point shot (minimum 8 attempts),[a] helping snap a 13-game losing streak by the Knicks against teams with Kevin Durant. Brunson was 12–12 (8–8 on threes) in the second half from the field, becoming the first NBA player to shoot 8–8 on three point shots in an NBA half. The previous record of 7-for-7 had been held by many players. It had been achieved at least three times each of the prior two NBA seasons. Prior to the 2021–22 NBA season, 5 players had gone 7–7 in an NBA half (all before 2015, first by Raef LaFrentz). Brunson had a 7–7 (5–5 on threes) 3rd quarter. On February 10, 2017, Carmelo Anthony went 5–5 on three point shots (8–8 from the field) in a quarter and 6–6 in a half for the Knicks. His 35-point second half was the first time an NBA player had scored over 30 points in a half without missing from the field, while taking at least 10 field goal attempts and 5 three point attempts. The performance marked the first time an NBA player had posted 50 points, five rebounds, five assists, five steals and five three-pointers. Brunson was the sixth player and first since Anthony Davis to record 50 points, five assists, five steals on October 16, 2016, as well as the first player since Michael Jordan on March 18, 1988, to record at least 50 points, nine assists, five rebounds and five steals.
On January 1, 2024, in new teammate OG Anunoby's debut with the Knicks, Brunson posted a career-high 14 assists against the Minnesota Timberwolves. On January 3, he followed that up with 13 assists against the Chicago Bulls, marking his first pair of games with back-to-back double digit assist totals that season. For the week of January 1—7, he was awarded his second NBA Player of the week award of the season and third of his career as he led the Knicks to a 4–0 record for the week. Later in the month, Brunson posted five consecutive 30-point games. Brunson's January was the 2nd highest single-month plus-minus (256) in NBA history (to Scottie Pippen's 272 in November 1996). On February 1, Brunson was named as reserve for the 2024 NBA All-Star Game for the first time in his career. On March 14, he scored 45 points against the Portland Trail Blazers. On March 16, Brunson scored 42 points against the Sacramento Kings, becoming the fourth Knick to score 40 or more in back-to-back games, joining Anthony, Patrick Ewing and Bernard King. On March 18, Brunson earned NBA Eastern Conference Player of the Week recognition for averaging 35.7 points during a 3–0 week for the Knicks. On March 29, Brunson put up a career-high 61 points in a 130–126 overtime loss to the San Antonio Spurs. The performance was one point shy of the Knicks franchise record by Carmelo Anthony set on January 24, 2014. Brunson was awarded with player of the month for March. He averaged 28.8 points and 5.8 assists per game during the month. On April 7 and April 9, Brunson posted 43 points against Milwaukee and 45 against Chicago, respectively, for another back-to-back 40+ pair of games. Then, Brunson scored 39 points despite sitting out the fourth quarter against Boston on April 11. This effort made Brunson the third Knick to have posted 5 consecutive 35+-point games (King: 5, 1984–85; Anthony: 6, 2012–13). By finishing the season with 7 consecutive 30-point games, he tied the Knicks franchise single-season 30-point games record with his 36th (Richie Guerin, 1961–62; Ewing, 1989–90). The April 14 season finale 40-point performance against the Bulls also tied him with Ewing for second on the Knicks single-season 40-point game list with 11 (behind King, 13). On April 15, Brunson earned Eastern Conference Player of the Week for averaging 38.5 points, 7.5 assists and 3.5 rebounds and shooting 50 percent on three-point shots, while leading the Knicks to a 4–0 record and a number two playoff seeding. Brunson finished 5th in the NBA Most Valuable Player Award voting and was named to the All-NBA Second Team for the first time in his career.
In Game 4 of the first round of the playoffs against the Philadelphia 76ers, Brunson scored 47 points in a 97–92 victory. The tally was a career single-game playoff-high and a Knicks single-game playoff-record. King had twice scored 46 during the 1984 NBA playoffs. With 10 assists, he became the first Knick to score 40 points during an assist-points playoff double double. He also became the first Knick with consecutive 30-point assist-points playoff double-doubles and his 24-point second half established the Knick career record with seven 20+-point playoff halves. In that series, he became the second NBA player (and the first since Oscar Robertson in the 1973 NBA playoffs) to have three 35+-point/10+-assist games in an NBA playoff series. He became the first player to close out an NBA playoff series with 3 consecutive 40+-point games since Michael Jordan did so with The Shot in the 1989 NBA playoffs. Brunson opened the second round of the playoffs against the Indiana Pacers with 43 points and 6 assists, becoming the 4th player in NBA history and first since Jordan in the 1993 NBA Finals to score 40+ in four consecutive playoff games and the first ever to do so with 5+ assists in each of the four playoff games. He also became the first Knick to post five consecutive 30+ point/5+ assist games. In Game 5, he scored 44 points in the game, including 28 in the first half to set a Knicks record for points scored in a playoff half. In Game 7, Brunson fractured his left hand, as the Knicks were eliminated in seven games; shortly after, he underwent surgery to repair his broken hand.
On August 6, 2024, the Knicks named Brunson as the 36th captain in franchise history.
Brunson is known for having elite footwork, but not elite athleticism. Brunson describes himself as a ""hustle player"". Brunson draws a high number of offensive fouls. This includes charging fouls as well as non-charging fouls such as ""illegal screens, pushoffs and other forms of induction"". This is a result of a style of play that evolved out of necessity due his being equipped with strength and agility, but not the height, length or verticality to differentiate himself off the ground.
On May 5, 2014, USA Basketball announced the 21 athletes (including Brunson) invited to try out from June 10 to 19 for the 12-member USA national team for the June 20–24, 2014 FIBA Americas Under-18 Championship. Eventually, 24 players tried out for the team and the roster was cut to 15 on June 12. Brunson made the final 12-man roster that was announced on June 15. In the opening game, Brunson surpassed Stephon Marbury's 12 assists against Brazil in the 1994 FIBA Americas U18 Championship by recording 13 against Uruguay to set a new USA Basketball U18 single-game assist record. The United States claimed a gold medal in the tournament. On August 16, Brunson was named to the Nike Global Challenge USA All-Tournament team along with Stephen Zimmerman, D. J. Hogg, Malik Monk, Jaylen Brown and Bam Adebayo. Brunson led the Midwest team to a third-place finish in the eight-team tournament.
On June 18, 2015, Brunson was announced as a member of the 12-man 2015 USA Basketball Men's U19 World Cup Team for the 2015 FIBA Under-19 World Cup. Brunson earned MVP of the tournament, after leading the team with 5.6 assists and 2.1 steals for the tournament. He posted a game-high 30 points in the semi-finals against Greece, and he tallied a team-high 14 points including six in overtime as well as seven assists, five rebounds and a steal in the gold medal game against Croatia. Brunson tied teammate Harry Giles, with a 14.0 average for the tournament. He dominated in the final two games. Based on this performance, he was recognized as the USA Basketball Male Athlete of the Year, on December 21.
Brunson was one of the first commitments to Team USA for the 2023 FIBA Basketball World Cup, according to a June 4, 2023 tweet from Marc Stein, that was referenced by CBS Sports. The roster was finalized by July 3, with a relatively inexperienced squad. Team USA finished fourth in the tournament but finished high enough (top 2 in the Americas) to secure a 2024 Olympic Games invitation.
On September 21, 2022, Brunson announced his engagement to longtime girlfriend Ali Marks, whom he met in high school. The proposal took place at Stevenson High School's gymnasium following Brunson's induction into the school's athletic Hall of Fame. On July 29, 2023, Brunson wed Marks at The Ritz-Carlton Chicago with current and former teammates in attendance. The wedding had to be moved forward from Labor Day weekend (September 2) to accommodate Brunson's selection to United States men's national basketball team for the 2023 FIBA Basketball World Cup. In August 2024, the couple announced the birth of their first child, who was born on July 31.
Brunson is close friends with New York Knicks teammate Josh Hart, a former teammate at Villanova and both run a podcast called ""Roommates"" together. Along with many other former Villanova and Knicks teammates, Hart and Donte DiVincenzo were in attendance at Brunson's wedding to Marks, and DiVincenzo served as a groomsman.
On June 28, 2024, Brunson appeared in WWE Smackdown at Madison Square Garden alongside Indiana Pacers guard Tyrese Haliburton.
""Jalen Marquis Brunson at the FIBA U19 World Championship 2015"". FIBA.Basketball. Retrieved April 3, 2019.
Breen, Matt (June 21, 2014). ""Temple, Villanova on Jalen Brunson's list"". Philadelphia Inquirer. Retrieved June 24, 2014.
""Jalen Brunson"". USA Basketball. June 15, 2014. Archived from the original on June 26, 2014. Retrieved June 24, 2014.
Friedell, Nick (April 21, 2023). ""Jalen Brunson and the father-coach connection that brought a long-sought star point guard to New York"". ESPN. Retrieved December 19, 2023.
McGraw, Patricia Babcock (March 8, 2012). ""Boys basketball all-area team: Lake County"". Daily Herald. Retrieved June 24, 2014.
Pemstein, Bill (March 2, 2012). ""Boys Basketball: Stevenson finishes season with 17 wins"". Chicago Sun-Times. Retrieved June 24, 2014.
Narang, Bob (March 14, 2013). ""Boys hoops | 4A state preview: Stevenson's Brunson more than designer genes"". Chicago Tribune. Retrieved June 24, 2014.
Kane, Colleen (March 16, 2013). ""4A final: Four certain: Simeon wins fourth straight state title"". Chicago Tribune. Retrieved June 24, 2014.
""Silver Streaks' Gibson All-State honorable mention"". The Register-Mail. March 14, 2013. Retrieved March 26, 2015.
Helfgot, Mike (November 27, 2014). ""Boys basketball preview: Goodbye, big men. Hello, point guards"". Chicago Tribune. Retrieved December 26, 2014.
Narang, Bob (March 10, 2014). ""Tribune/WGN-Ch. 9 Athlete of the Month"". Chicago Tribune. Archived from the original on March 11, 2014. Retrieved June 24, 2014.
Harness, Matt (March 27, 2014). ""Pioneer Press Boys Basketball Player of the Year: Jalen Brunson"". Chicago Sun-Times. Archived from the original on June 24, 2014. Retrieved June 24, 2014.
Helfgot, Mike (March 21, 2014). ""Stevenson's Brunson gets record, but Young, Okafor get victory"". Chicago Tribune. Retrieved June 24, 2014.
Helfgot, Mike (March 22, 2014). ""Stevenson third after Brunson cleared to play by IHSA"". Chicago Tribune. Retrieved June 24, 2014.
Phillips, Scott (March 22, 2014). ""IHSA reverses Brunson suspension"". Comcast SportsNet Chicago. Archived from the original on July 15, 2014. Retrieved June 24, 2014.
Hunt, Donald (June 23, 2014). ""Jalen Brunson following father Rick's footsteps"". Philadelphia Tribune. Archived from the original on June 24, 2014. Retrieved June 24, 2014.
""Stevenson's Brunson Gatorade Player of Year"". Daily Herald. March 21, 2014. Retrieved June 24, 2014.
""Boys hoops | AP announces 3A, 4A all-state teams"". Chicago Tribune. March 20, 2014. Retrieved March 26, 2015.
Helfgot, Mike (April 5, 2014). ""Mr. Basketball of Illinois 2014 | Young's Jahlil Okafor"". Chicago Tribune. Retrieved June 24, 2014.
Piper, Derek (May 5, 2014). ""Four In-Home Visits For Brunson in April"". 247sports.com. Archived from the original on June 24, 2014. Retrieved June 24, 2014.
Johnson, Raphielle (May 3, 2014). ""Five-star 2015 point guard Jalen Brunson announces eight finalists"". NBC Sports. Retrieved June 24, 2014.
Borzello, Jeff (May 1, 2014). ""Jalen Brunson guns for top billing at the point guard spot"". CBS Sports. Retrieved June 24, 2014.
Breen, Matt (June 25, 2014). ""Source: Rick Brunson set to join Temple staff"". Philadelphia Daily News. Retrieved June 25, 2014.
Kern, Mike (September 11, 2014). ""Top prospect Brunson commits to Villanova"". Philadelphia Daily News. Retrieved September 11, 2014.
Borzello, Jeff (September 10, 2014). ""Breakdown: Five-star Jalen Brunson commits to Villanova"". CBS Sports. Retrieved September 12, 2014.
Kaskey-Blomain, Michael (July 9, 2014). ""Jalen Brunson aims to impress at LeBron James Skills Academy"". Philadelphia Daily News. Retrieved July 14, 2014.
Payne, Terrence (August 9, 2014). ""Five-star point guard Jalen Brunson sets all five official visits"". NBC Sports. Retrieved August 13, 2014.
Narang, Bob (September 8, 2014). ""Stevenson's Jalen Brunson to pick between Illinois, Villanova"". Chicago Tribune. Retrieved September 12, 2014.
Rankin, Reggie (September 10, 2014). ""Jalen Brunson commits to Villanova"". ESPN. Retrieved September 12, 2014.
Biancardi, Paul (September 10, 2014). ""Scout's Take: Top-25 Brunson to Nova"". ESPN. Retrieved September 12, 2014.
Hickman, Jason (November 4, 2014). ""MaxPreps 2014–15 Preseason Top 25 high school boys basketball rankings"". MaxPreps. Retrieved December 3, 2014.
Halley, Jim (January 6, 2015). ""Chaminade (St. Louis) star Jayson Tatum leads ALL-USA Performances of the Week"". USA Today. Retrieved January 6, 2015.
Helfgot, Mike (January 2, 2015). ""Boys basketball blog: Stevenson soaring, but don't count out Lake Forest"". Chicago Tribune. Retrieved January 6, 2015.
Kvidahl, David (January 2, 2015). ""Chaminade hands nationally ranked Stevenson first loss"". STLToday.com. Retrieved January 6, 2015.
Jordan, Jason (January 16, 2015). ""Spalding Hoophall Classic's top five most intriguing matchups"". USA Today. Retrieved January 19, 2015.
Halley, Jim (January 17, 2015). ""No. 2 Roselle Catholic loses second consecutive game while No. 1 Findlay Prep rolls"". USA Today. Retrieved January 19, 2015.
Helfgot, Mike (January 16, 2015). ""Boys basketball: Jalen Brunson scores 41 as No. 1 Stevenson holds off Lake Forest"". Chicago Tribune. Retrieved January 19, 2015.
Borzello, Jeff (January 28, 2015). ""East, West rosters unveiled"". ESPN. Retrieved January 29, 2015.
Mayor, Rich (March 24, 2015). ""Boys basketball: Stevenson's Jalen Brunson wins Mr. Basketball of Illinois"". Chicago Tribune. Retrieved March 25, 2015.
Phillips, Scott (February 2, 2015). ""Team USA roster announced for Nike Hoop Summit"". CBS Sports. Retrieved February 5, 2015.
Helfgot, Mike (February 21, 2015). ""Boys basketball: No. 2 Simeon takes down top-ranked Stevenson"". Chicago Tribune. Retrieved February 24, 2015.
McGavin, Kevin (December 31, 2014). ""Simeon trumps West Aurora in Pontiac semi"". Daily Herald. Retrieved February 24, 2015.
""Rosters set for Jordan Brand Classic for boys and girls"". USA Today. March 5, 2015. Retrieved March 12, 2015.
McGraw, Patricia Babcock (March 17, 2015). ""Stevenson earns return engagement downstate"". Daily Herald. Retrieved March 18, 2015.
Helfgot, Mike (March 17, 2015). ""Boys basketball: Stevenson beats Riverside-Brookfield, rolls back to state"". Chicago Tribune. Retrieved March 18, 2015.
""AP All-State 3A, 4A Boys Basketball List"". San Francisco Chronicle. Associated Press. March 19, 2015. Retrieved March 21, 2015.
Narang, Bob (March 20, 2015). ""Boys basketball: After season, Morgan Park's LoVett to tackle recruitment"". Chicago Tribune. Retrieved March 21, 2015.
Helfgot, Mike (March 21, 2015). ""Boys basketball: Jalen Brunson, Stevenson win first state title"". Chicago Tribune. Retrieved March 23, 2015.
Reynolds, Dave (March 22, 2015). ""Stevenson all-stater Jalen Brunson does talking on court"". The Journal Star. Retrieved March 23, 2015.
Helfgot, Mike (March 21, 2015). ""Stevenson beats Normal to win Class 4A state title"". Chicago Tribune. Retrieved March 26, 2015.
O'Brien, Michael (March 21, 2015). ""Jalen Brunson, Stevenson win Class 4A state title"". Chicago Sun-Times. Archived from the original on March 22, 2015. Retrieved March 24, 2015.
Jordan, Jason (March 30, 2014). ""Jalen Brunson wins skills competition at McDonald's All American Game"". USA Today. Retrieved April 1, 2015.
Jordan, Jason (March 30, 2014). ""Ohio sharpshooter Luke Kennard takes 3-point title at McDonald's All American Game"". USA Today. Retrieved April 1, 2015.
McLaughlin, Brian (May 29, 2015). ""Meet Parade's 2015 All-America Basketball Teams"". Parade. Archived from the original on May 30, 2015.
Halley, Jim (March 31, 2015). ""ALL-USA Boys Basketball: Second and Third teams"". USA Today. Retrieved April 1, 2015.
Johnson, Raphielle (April 11, 2015). ""Jamal Murray, Skal Labissiere lead World past USA at Nike Hoop Summit"". NBC Sports. Retrieved April 13, 2015.
""Duke's Luke Kennard scores 22; U.S. falls to World Selects"". ESPN. Associated Press. April 11, 2015. Retrieved April 13, 2015.
""Nike Hoops Summit (box score)"". FIBA. April 11, 2015. Retrieved April 13, 2015.
""2015 Jordan Brand Classic Box Score and Recap"". Analyzed Sports. April 17, 2015. Archived from the original on April 27, 2015. Retrieved April 20, 2015.
Dauster, Rob (April 30, 2014). ""Mixtape of Jalen Brunson, the top PG in Class of 2015 (VIDEO)"". NBC Sports. Retrieved June 24, 2014.
Jordan, Jason (August 18, 2014). ""Elite hoopers make their picks for AAU awards and superlatives"". USA Today. Retrieved August 20, 2014.
""Twenty Candidates Announced for 2016 Bob Cousy Award"". Naismith Memorial Basketball Hall of Fame. October 13, 2015. Archived from the original on October 21, 2015. Retrieved October 20, 2015.
Hille, Bob (October 14, 2015). ""Coaches unanimously pick Villanova to win Big East again"". Sporting News. Archived from the original on March 4, 2016. Retrieved October 20, 2015.
""#CBBrank: College basketball's top 100 players"". ESPN. November 3, 2015. Retrieved November 3, 2015.
Dauser, Rob (October 27, 2015). ""Ranking the #CBTtop100 players in the country"". NBC Sports. Retrieved November 3, 2015.
Rutherford, Mike (August 13, 2015). ""The 10 most important college basketball players for 2015–16"". SB Nation. Retrieved November 12, 2015.
Brennan, Eamonn (November 17, 2015). ""Three each from Kentucky, Indiana on first Wooden watch list"". ESPN. Retrieved November 17, 2015.
""USBWA's Unveils Award Watch Lists"". United States Basketball Writers Association. December 2, 2015. Retrieved December 3, 2015.
""Fair Dickinson 54 (0–1, 0–1 away); (11) Villanova 91 (1–0, 1–0 home)"". ESPN. November 13, 2015. Retrieved November 14, 2015.
""Brunson scores 18 points, No. 8 Villanova beats Stanford"". ESPN. Associated Press. November 26, 2015. Retrieved November 27, 2015.
""No. 16 Villanova rolls past Penn 77–57"". ESPN. Associated Press. December 28, 2015. Retrieved December 29, 2015.
Zeitlin, Dave (December 28, 2015). ""Instant Replay: No. 16 Villanova 77, Penn 57"". Comcast SportsNet. Retrieved December 29, 2015.
""Providence's Dunn, Villanova's Brunson Take MBB Weekly Honors"". Big East Conference. January 4, 2016. Retrieved January 5, 2016.
Beaton, Andrew (February 8, 2016). ""Villanova Ranked No. 1 for First Time in AP Poll"". The Wall Street Journal. Retrieved February 9, 2016.
""Four Named Unanimously to MBB All-BIG EAST First Team"". Bigeast.com. March 7, 2016. Retrieved March 8, 2016.
""Villanova's D pulls through in final minute as No. 1 Kansas falls"". ESPN. Associated Press. March 27, 2016. Retrieved March 29, 2016.
""Villanova beats North Carolina on Jenkins' buzzer-beater to claim first national championship since 1985"". ESPN. Associated Press. April 5, 2016. Retrieved April 5, 2016.
""2 Villanova Wildcats 35–5 77; 74 1 North Carolina Tar Heels 33–7"". ESPN. Associated Press. April 5, 2016. Retrieved April 5, 2016.
Chiusano, Anthony (October 21, 2016). ""College basketball: 2017 Bob Cousy Award watch list released"". National Collegiate Athletic Association. Retrieved December 7, 2016.
""Villanova's Hart Named Preseason Player of the Year"". BigEast.com. Big East Conference. October 11, 2016. Retrieved December 7, 2016.
Goodman, Jeff (December 5, 2016). ""Three weeks and three different No. 1 teams in Power Rankings"". ESPN. Retrieved December 7, 2016.
O'Donnell, Ricky (December 5, 2016). ""NCAA basketball rankings 2016: Villanova is the third No. 1 team of the young season"". SB Nation. Retrieved December 7, 2016.
Juliano, Joe (December 6, 2016). ""No. 1 Villanova fights past La Salle"". Philadelphia Daily News. Retrieved December 7, 2016.
Toohey, Terry (December 6, 2016). ""Brunson's career-high 26 sends Villanova to old-school win"". The Trentonian. Retrieved December 7, 2016.
""Villanova holds off DePaul to earn 19th straight win"". ESPN. Associated Press. December 28, 2016. Retrieved January 5, 2017.
""Brunson's career-high 27 lifts No. 1 Nova over Bluejays"". ESPN. Associated Press. December 31, 2016. Retrieved January 5, 2017.
""Villanova's Brunson, St. John's Ponds Garners MBB Weekly Honors"". BigEast.com. January 2, 2017. Retrieved January 5, 2017.
""College basketball: Naismith Trophy Top 30 list announced"". NCAA. February 9, 2017. Retrieved February 14, 2017.
""No. 2 Villanova clinches tie for BE regular-season crown"". ESPN. Associated Press. February 18, 2017. Retrieved February 21, 2017.
""Potent Offensive Display Lifts Wildcats Past Seton Hall 92–70: Jenkins, Brunson and Hart combined to score 63 points"". Villanova.com. February 18, 2017. Archived from the original on February 22, 2017. Retrieved February 21, 2017.
""All-BIG EAST Teams Have Unanimous Flavor"". BigEast.com. March 5, 2017. Retrieved March 6, 2017.
O'Neil, Dana (April 20, 2017). ""Point guard Jalen Brunson to return for junior season at Villanova"". ESPN. Retrieved September 7, 2017.
Dauster, Rob (May 25, 2017). ""NBC Sports 2017–18 College Basketball Preseason All-American Team"". NBC Sports. Retrieved May 27, 2017.
""Villanova Viewed As League Favorite Again"". BigEast.com. Big East Conference. October 18, 2017. Retrieved October 27, 2017.
D'Andrea, Christian (November 6, 2017). ""Miles Bridges, Michael Porter Jr. headline AP's preseason All-American team"". SB Nation. Retrieved November 7, 2017.
Goodman, Jeff (October 23, 2017). ""2017 ESPN college basketball preseason All-America teams"". ESPN. Retrieved October 27, 2017.
""Citizen Naismith Trophy Watch List Released | Citizen Naismith Trophy"". naismithtrophy.com. Retrieved November 9, 2017.
""John R. Wooden Award Presented by Wendy's Announces 2017–18 Preseason Top 50"". John R Wooden Award. Retrieved November 14, 2017.
""USBWA > News > Oscar Robertson Trophy Watch List"". sportswriters.net. Retrieved November 8, 2017.
""CofC's Chealey on Lute Olson Award Preseason Watch List"". WTVM. November 6, 2017. Archived from the original on November 15, 2017. Retrieved November 15, 2017.
""Brunson Named Big East Player of the Week | Junior Guard Helped Lead Wildcats to Battle 4 Atlantis Crown"". Villanova.com. CBS Interactive. November 27, 2018. Archived from the original on January 19, 2018. Retrieved January 19, 2018.
Smallwood, John (December 13, 2017). ""Jalen Brunson and No. 1 Villanova cruise past Temple, 87–67"". Philadelphia Inquirer. Retrieved December 14, 2017.
Smallwood, John (December 30, 2017). ""Butler's 3-point barrage stops No. 1 Villanova 101–93"". Philadelphia Inquirer. Retrieved December 31, 2017.
""Brunson, No. 1 Villanova hold on, beat Marquette 85–82"". ESPN. Associated Press. January 28, 2018. Retrieved January 31, 2018.
""CoSIDA Academic All-District® Men's Basketball Team Released"" (PDF). CoSIDA. February 22, 2018. Retrieved February 28, 2018.
""College basketball: Naismith Award 10 semifinalists announced"". NCAA. February 28, 2018. Retrieved February 28, 2018.
""Trae Young still the highlight of Wooden Award late-season watch list"". ESPN. February 5, 2018. Retrieved February 28, 2018.
""Xavier's Bluiett, Villanova's Brunson, Butler's Martin Unanimously Named All-BIG EAST"". BigEast.com. Big East Conference. March 4, 2018. Retrieved March 5, 2018.
Finn, Richard (March 7, 2018). ""In No Surprise Brunson Named Player of the Year"". BigEast.com. Retrieved March 8, 2018.
DeCourcy, Mike (March 6, 2018). ""Sporting News' 2017–18 college basketball All-Americans"". Sporting News. Archived from the original on March 6, 2018. Retrieved March 6, 2018.
""USBWA Names Men's All-America Team"" (Press release). United States Basketball Writers Association. March 12, 2018. Archived from the original on March 13, 2018. Retrieved March 12, 2018.
""3 freshmen headline AP All-America team for first time"". Associated Press. March 27, 2018. Retrieved March 30, 2018.
""NABC Announces Division I All-America Team"" (Press release). National Association of Basketball Coaches. Retrieved March 21, 2018.
Juliano, Joe (March 30, 2018). ""Villanova's Jalen Brunson wins another award, this time with 'Big O' present"". Philadelphia Daily News. Retrieved March 31, 2018.
""Villanova's Brunson named AP player of year"". ESPN. Associated Press. March 29, 2018. Retrieved March 29, 2018.
Hermann, Adam (April 3, 2018). ""Villanova senior Jalen Brunson named 2018 Citizen Naismith Player of the Year"". NCAA. Retrieved April 4, 2018.
""Villanova's Jalen Brunson wins John R. Wooden Award as player of the year"". ESPN. April 6, 2018. Retrieved April 8, 2018.
""Brunson Tabbed 2018 NABC Player of the Year Award"". Villanova.com. CBS Interactive. April 1, 2018. Archived from the original on April 4, 2018. Retrieved April 4, 2018.
""College Basketball Awards: CBS Sports' 2017–18 All-America teams and Player, Coach and Freshman of the Year"". CBS Sports. March 29, 2018. Retrieved May 19, 2018.
Boone, Kyle (April 7, 2018). ""College basketball awards: Jalen Brunson, A'ja Wilson take home John R. Wooden Award"". CBS Sports. Retrieved April 8, 2018.
DeCourcy, Mike (March 7, 2018). ""Villanova's Jalen Brunson is Sporting News' college basketball Player of the Year"". Sporting News. Archived from the original on March 8, 2018. Retrieved March 7, 2018.
""2017–18 Academic All-America® NCAA Division I Men's Basketball Team Announced"" (Press release). College Sports Information Directors of America. March 12, 2018. Retrieved March 12, 2018.
""@MarchMadness status update"". NCAA. March 25, 2018. Retrieved March 26, 2018.[non-primary source needed]
""Michigan vs. Villanova – Game Recap – April 2, 2018"". ESPN. Retrieved April 6, 2018.
Boone, Kyle (April 11, 2018). ""2018 NBA Draft: National player of the year Jalen Brunson leaving Villanova early for NBA"". CBS Sports. Retrieved April 11, 2018.
Wojnarowski, Adrian (April 11, 2018). ""Villanova's Jalen Brunson headed to NBA draft"". ESPN. Retrieved April 11, 2018.
DeCourcy, Mike (December 17, 2019). ""Jalen Brunson: Sporting News college basketball Athlete of the Decade"". Sporting News. Retrieved December 23, 2019.
""2018 NBA DRAFT: Villanova's Mikal Bridges, Donte DiVincenzo, Omari Spellman, Jalen Brunson Get Picked"". CBS Philly. June 21, 2018. Retrieved June 22, 2018.
""Mavericks select guard Jalen Brunson with 33rd overall pick"". mavs.com. June 21, 2018. Retrieved June 21, 2018.
Price, Dwain (July 16, 2018). ""Mavs delighted after signing rookie point guard Jalen Brunson to four-year contract"". Mavs.com. Retrieved July 16, 2018.
""Booker's late onslaught lifts Suns past Mavs 121–100"". National Basketball Association. October 17, 2018. Retrieved October 17, 2018.
""Mavericks' Jalen Brunson: To make first NBA start"". CBS Sports. October 26, 2018. Retrieved November 15, 2018.
""Dallas Mavericks 107; 116 Toronto Raptors"". ESPN. October 26, 2018. Retrieved November 15, 2018.
Price, Dwain (November 8, 2018). ""Rookie point guard Jalen Brunson just wants to do whatever he can to help the Mavs"". Mavs.com. Retrieved November 15, 2018.
""Mavericks' Jalen Brunson: Scores 14 points in Saturday's win"". CBS Sports. December 9, 2018. Retrieved December 11, 2018.
""Barnes, Brunson lead Mavericks past Magic 101–76"". ESPN. Associated Press. December 10, 2018. Retrieved December 11, 2018.
""Embiid, Simmons lead 76ers past Mavericks, 106–100"". ESPN. Associated Press. April 8, 2019. Retrieved January 5, 2019.
""Mavericks' Jalen Brunson: Nears triple-double in 26 minutes"". CBS Sports. April 8, 2019. Retrieved January 6, 2019.
""Jokic helps Nuggets beat Mavs as Dončić sits with sore ankle"". ESPN. Associated Press. February 22, 2019. Retrieved February 27, 2019.
""DeRozan, Aldridge lead Spurs past Mavericks 112–105"". ESPN. Associated Press. March 12, 2019. Retrieved March 13, 2019.
""Mejri, Burke lead Mavs past Grizzlies 129–127 in OT"". ESPN. Associated Press. April 8, 2019. Retrieved April 7, 2019.
""MMavericks' Jalen Brunson: Double-double in Sunday's win"". CBS Sports. April 8, 2019. Retrieved April 7, 2019.
""Bucks' 18-game winning streak ends with 120–116 loss to Mavs"". ESPN. Associated Press. December 16, 2019. Retrieved December 17, 2019.
""Mavericks' Jalen Brunson: Hands out career-high 11 dimes"". CBS Sports. December 16, 2019. Retrieved December 17, 2019.
Sefko, Eddie (March 14, 2020). ""Brunson undergoes shoulder surgery"". mavs.com. Retrieved March 14, 2020.
""Utah Jazz guard Jordan Clarkson wins 2020–21 Kia NBA Sixth Man Award"". National Basketball Association. Retrieved April 5, 2022.
""'Room For Optimism': Brunson, Dinwiddie Not Enough As Mavs Fall To Jazz in Game 1"". Sports Illustrated. April 16, 2022. Retrieved April 16, 2022.
""Mavs stud Jalen Brunson joins Luka Doncic, Dirk Nowitzki in epic franchise record after 40-point explosion vs. Jazz"". ClutchPoints. April 18, 2022. Retrieved April 19, 2022.
""Doncic leads Mavs over Suns 123–90 in Game 7 blowout"". National Basketball Association. May 16, 2022. Retrieved May 16, 2022.
""Warriors rally from 19 down to top Mavs, take 2–0 lead"". NBA.com. May 21, 2022. Retrieved March 4, 2023.
Begley, Ian. ""Knicks finalizing Rick Brunson hire as assistant coach"". SNY.Com. SportsNet New York. Retrieved July 2, 2022.
""Knicks Sign Jalen Brunson"". NBA.com. July 12, 2022. Retrieved July 12, 2022.
""Agents: New York Knicks, Jalen Brunson agree to 4-year, $104M deal"". ESPN. July 1, 2022. Retrieved July 12, 2022.
""Knicks Lose 2025 2nd-Round Draft Pick for Tampering with Jalen Brunson in Free Agency"". Bleacher Report. December 21, 2022. Retrieved December 21, 2022.
""Knicks vs. Grizzlies - NBA Box Score - October 19, 2022"". ESPN. Retrieved October 20, 2022.
Pagaduan, Jedd (January 4, 2023). ""Knicks guard Jalen Brunson receives lofty Gregg Popovich praise following career-high 38-point game vs. Spurs"". ClutchPoints. Retrieved January 4, 2023.
Pagaduan, Jedd (January 9, 2023). ""Jalen Brunson sounds off on 'terrible' 4th quarter amid career-high 44-point night in Knicks' loss vs. Bucks"". ClutchPoints. Retrieved January 9, 2023.
""Domantas Sabonis, Jalen Brunson named NBA Players of the Week"". NBA.com. January 16, 2023. Retrieved January 18, 2023.
Foglio, James (January 19, 2023). ""Jalen Brunson scored 25+ points in eight straight games, longest streak by Knicks guard since 1965"". Basketball Insiders. Retrieved January 25, 2023.
""Jalen Brunson is the answer to the Knicks' past point guard problems"". NBA.com. January 24, 2023. Retrieved January 25, 2023.
""Leonard has 35 points, Clippers outlast Knicks 134-128 in OT"". ESPN.com. February 4, 2023.
Magliocchetti, Geoff (January 24, 2023). ""Top Cat! Knicks' Jalen Brunson Will Have Jersey Retired By Villanova"". Sports Illustrated. Retrieved February 9, 2023.
Neiburg, Jeff (February 8, 2023). ""Villanova salutes Jay Wright, who doesn't miss coaching 'at all'"". Philadelphia Inquirer. Retrieved February 9, 2023.
""Brunson scores 40 as Knicks end 9-game skid vs Nets, 124-106"". ESPN. Associated Press. February 13, 2023. Retrieved December 16, 2023.
""Brunson scores 39, Knicks rout Nets 142-118 for 7th straight"". ESPN.com. March 2, 2023.
""Nikola Jokic, Jalen Brunson named Kia NBA Players of the Month"". NBA.com. Retrieved March 2, 2023.
""Brunson scores 48, Knicks down Cavs 130-116 without Randle"". ESPN.com. March 31, 2023.
Yapkowitz, David (May 8, 2023). ""Jalen Brunson etches name in Knicks playoff history despite crushing Game 4 loss vs. Heat"". ClutchPoints. Retrieved May 8, 2023.
Kasabian, Paul (May 12, 2023). ""Knicks Fans Want Help for Jalen Brunson After Julius Randle Struggles in Loss to Heat"". Bleacher Report. Retrieved May 13, 2023.
""Kings' De'Aaron Fox, Knicks' Jalen Brunson named NBA Players of the Week"". NBA.com. November 20, 2023. Retrieved December 16, 2023.
""Brunson scores 42, Knicks send Pistons to franchise-record 16th straight loss"". ESPN. Associated Press. November 30, 2023. Retrieved December 16, 2023.
""@ESPNStatsInfo status update"". Twitter. November 30, 2023. Retrieved December 16, 2023.
""Brunson scores career-high 50, hits all nine of his 3-point shots as Knicks top Suns 139-122"". ESPN. Associated Press. December 15, 2023. Retrieved December 16, 2023.
""NEW YORK KNICKS (14-10) at LOS ANGELES CLIPPERS (14-11)"" (PDF). NBA.com. December 16, 2023. Archived from the original (PDF) on December 16, 2023. Retrieved December 16, 2023.
""Sprewell breaks record for 3s without miss (9-for-9)"". ESPN. February 4, 2003. Archived from the original on December 16, 2023. Retrieved December 16, 2023.
""Gordon 9-for-9 from 3-point range as Bulls beat Wiz"". ESPN. April 15, 2006. Retrieved December 16, 2023.
""Pistons' Ben Gordon makes all 9 3s, ties NBA record in loss to Nuggets"". ESPN. Associated Press. March 22, 2012. Archived from the original on January 23, 2023. Retrieved December 16, 2023.
""Jalen Brunson goes for career-high 50 as Knicks take down Suns"". Deadspin. December 16, 2023. Retrieved December 16, 2023.
Popper, Steve (December 16, 2023). ""Knicks defeat Suns as Jalen Brunson scores career-high 50 points, shoots 9-for-9 from three-point range"". Newsday. Retrieved December 16, 2023.
""Kyrie Irving scores 57 in leading Cavs to OT win over Spurs"". ESPN. Associated Press. March 12, 2015. Retrieved December 16, 2023.
""Cleveland Cavaliers at San Antonio Spurs Box Score, March 12, 2015"". Sports Reference. March 12, 2015. Retrieved December 16, 2023.
Bondy, Stefan (December 16, 2023). ""Jalen Brunson drops career-high 50 points to lead Knicks over Suns in historic night"". New York Post. Retrieved December 16, 2023.
""Brunson sets records from deep, drops career-high 50 in Knicks' win"". ESPN. December 16, 2023. Retrieved December 16, 2023.
""NBA record for most 3 point shots in a half without a three point miss by a player"". Statmuse.com. Retrieved December 16, 2023.
Lopez, Andrew (November 30, 2021). ""Jonas Valanciunas goes 7-for-7 from 3 in first half, scores career-high 39 as Pelicans beat Clippers again"". ESPN. Retrieved December 16, 2023.
""Denver Nuggets at New York Knicks Box Score, February 10, 2017"". Sports Reference. Retrieved December 16, 2023.
Ward-Henninger, Colin (December 16, 2023). ""Knicks' Jalen Brunson sets multiple NBA records with perfect second-half in 50-point performance vs. Suns"". CBS Sports. Retrieved December 16, 2023.
Chavkin, Daniel (December 16, 2023). ""Knicks' Jalen Brunson Torches Suns With Unprecedented 50-Point Performance"". Sports Illustrated. Retrieved December 16, 2023.
""Randle scores 39, Anunoby has 17 in strong debut as Knicks beat Timberwolves 112-106"". ESPN. Associated Press. January 1, 2024. Retrieved January 4, 2024.
Bondy, Stefan (January 3, 2024). ""Julius Randle, Jalen Brunson go off for big nights to lead Knicks in rout of Bulls"". The New York Post. Retrieved January 9, 2024.
""Jalen Brunson, Alperen Sengun named NBA Players of the Week"". NBA.com. January 8, 2024. Retrieved January 9, 2024.
""Knicks' Jalen Brunson: Pours in 30 in Tuesday's win"". CBS Sports. January 24, 2024. Retrieved January 27, 2024.
Escobedo, Lee (February 5, 2024). ""Jalen Brunson is the best point guard in the NBA"". Deadspin. Retrieved May 7, 2024.
""2024 NBA All-Star reserves announced"". NBA.com. Retrieved February 2, 2024.
""Brunson scores 45 points and the Knicks roll past the Trail Blazers, 105-93"". ESPN. Associated Press. March 15, 2024. Retrieved March 18, 2024.
""Brunson becomes fourth Knicks player with consecutive 40-point games, leads New York past Kings"". ESPN. Associated Press. March 17, 2024. Retrieved March 18, 2024.
""Jalen Brunson, Jalen Green named NBA Players of the Week"". NBA.com. March 18, 2024. Retrieved April 15, 2024.
Barnes, Randall (March 29, 2024). ""Victor Wembanyama, Jalen Brunson's insane 101 combined points has fans in disbelief"". ClutchPoints. Retrieved March 29, 2024.
""Wembanyama has 40 points, 20 rebounds, Spurs overcome Brunson's 61 points to edge Knicks in OT"". ESPN. Associated Press. March 29, 2024. Retrieved March 31, 2024.
""Monthly NBA awards: Jalen Brunson, Victor Wembanyama win honors for March"". NBA.com. April 2, 2024. Retrieved April 15, 2024.
""Brunson scores 43 as Knicks rally in 2nd half to beat slumping Bucks 122-109"". ESPN. Associated Press. April 7, 2024. Retrieved April 19, 2024.
""Brunson scores 45 in second straight 40-point game, Knicks beat Bulls 128-117"". ESPN. Associated Press. April 9, 2024. Retrieved April 19, 2024.
""Brunson scores 39 points, Knicks beat Celtics to keep up push for No. 2 seed in Eastern Conference"". ESPN. Associated Press. April 11, 2024. Retrieved April 19, 2024.
""Knicks News & Updates: @NY_KnicksPR"" (PDF). NBA.com. April 30, 2024. Archived from the original (PDF) on May 1, 2024. Retrieved May 1, 2024.
""Jalen Brunson 2023-24 Game Log"". Sports Reference. Retrieved April 19, 2024.
""Brunson carries Knicks into No. 2 seed in Eastern Conference, scores 40 points in OT win over Bulls"". ESPN. Associated Press. April 14, 2024. Retrieved April 19, 2024.
Flanigan, John (April 15, 2024). ""Knicks' Jalen Brunson closes regular season by winning Eastern Conference Player of the Week"". Yahoo! Sports. Retrieved April 15, 2024.
Martinez, Phillip (May 8, 2024). ""Knicks' Jalen Brunson finishes fifth in NBA MVP voting"". Yahoo! Sports. Retrieved May 15, 2024.
Fisher, Mike (May 8, 2024). ""MVP Vote Results: Knicks' Jalen Brunson 5th, Jokic Wins Again"". Athlon Sports. Retrieved May 15, 2024.
""Nikola Jokic, Shai Gilgeous-Alexander lead 2023-24 Kia All-NBA 1st Team"". NBA.com. May 22, 2024. Retrieved May 23, 2024.
""Brunson scores career playoff-high 47 points, leads Knicks over 76ers for 3-1 lead"". ESPN. Associated Press. April 28, 2024. Retrieved April 28, 2024.
Bondy, Stefan (April 28, 2024). ""Jalen Brunson's record-breaking 47-point effort carries Knicks to wild Game 4 win to put 76ers on the brink"". New York Post. Retrieved April 28, 2024.
Lewis, Bryan (May 3, 2024). ""Knicks' Jalen Brunson joins NBA legend with latest dominant performance"". New York Post. Retrieved May 3, 2024.
""Knicks advance into the Eastern Conference semis, topping 76ers 118-115 in Game 6"". ESPN. Associated Press. May 3, 2024. Retrieved May 3, 2024.
""Brunson scores 43, rallies Knicks to 121-117 win over Pacers in Game 1 of Eastern Conference semis"". ESPN. Associated Press. May 6, 2024. Retrieved May 20, 2024.
""Knicks guard Jalen Brunson becomes 4th player to score 40-plus in 4 straight playoff games"". NBA.com. Associated Press. May 7, 2024. Retrieved May 20, 2024.
""Brunson scores 44, Knicks beat Pacers 121-91 to move a win away from conference finals"". ESPN. Associated Press. May 15, 2024. Retrieved May 20, 2024.
Selbe, Nick (May 19, 2024). ""Pacers Beat Knicks in Game 7, Advance to Eastern Conference Finals"". Sports Illustrated. Retrieved May 20, 2024.
""Knicks' Brunson, Bogdanovic undergo surgeries"". ESPN.com. May 22, 2024. Retrieved May 22, 2024.
""Jalen Brunson Named 36th Captain in Franchise History"". Knicks.com. NBA. Retrieved August 6, 2024.
Herring, Chris (April 30, 2024). ""NBA playoffs 2024: Jalen Brunson and the ruthless old-man game driving the New York Knicks"". ESPN. Retrieved May 1, 2024.
Brunson, Jalen (April 18, 2024). ""To My New York Family"". The Players' Tribune. Retrieved May 3, 2024.
Bondy, Stefen (December 2, 2023). ""Jalen Brunson's knack for drawing charges becoming key Knicks weapon: 'Inspires'"". New York Post. Retrieved May 7, 2024.
""USA Basketball Announces U18 Training Camp Roster"". SLAM Magazine. May 5, 2014. Retrieved May 16, 2014.
""15 Finalists Selected For 2014 USA Men's U18 National Team"". USA Basketball. June 12, 2014. Archived from the original on June 16, 2014. Retrieved June 13, 2014.
""USA Men's U18 National Team Selected"". USA Basketball. June 15, 2014. Archived from the original on July 14, 2014. Retrieved June 16, 2014.
""2014 USA Basketball Men's U18 National Team Races To Record-Setting 156–58 Opening Victory Over Uruguay"". USA Basketball. June 20, 2014. Archived from the original on July 14, 2014. Retrieved June 24, 2014.
""2014 Uruguay v. USA"". FIBA. June 20, 2014. Archived from the original on June 22, 2014. Retrieved June 24, 2014.
""USA Basketball Men's U18 National Team Claims 2014 FIBA Americas U18 Championship Gold Medal With 113–79 Victory Over Canada"". USA Basketball. June 24, 2014. Archived from the original on July 3, 2014. Retrieved June 25, 2014.
""USA West Defeats USA East in Nike Global Challenge Game"". Nike, Inc. August 18, 2014. Retrieved August 19, 2014.
Kinsky, Alec (August 16, 2014). ""Nike Global All-Tournament Team: USA"". D1Circuit.com. Retrieved August 19, 2014.
""USA Basketball 2015 Men's U19 World Championship Team Named"". USA Basketball. June 18, 2015. Archived from the original on June 18, 2015. Retrieved June 20, 2015.
""USA Men's U19 Team Out-Battles Host Greece For 82–76 Win"". USA Basketball. July 4, 2015. Archived from the original on July 6, 2015. Retrieved July 6, 2015.
""USA Men Edge Croatia 79–71 in Overtime To Stake Claim on FIBA U19 World Championship Gold Medal"". USA Basketball. July 5, 2015. Archived from the original on July 6, 2015. Retrieved July 6, 2015.
""USA fight off valiant effort from Croatia to repeat U19 title"". FIBA. July 5, 2015. Archived from the original on July 7, 2015. Retrieved July 6, 2015.
O'Donnell, Ricky (July 6, 2015). ""Jalen Brunson is going to be a problem at Villanova"". SB Nation. Retrieved November 12, 2015.
""Jalen Brunson Named 2015 USA Basketball Male Athlete of the Year"". USA Basketball. December 21, 2015. Archived from the original on December 25, 2015. Retrieved April 6, 2016.
Stein, Marc (June 4, 2023). ""TheSteinLine status update"". Twitter. Retrieved November 20, 2023.
Quinn, Sam (June 15, 2023). ""USA basketball roster for 2023 FIBA World Cup: Mikal Bridges, Jalen Brunson, more among reported commitments"". CBS Sports. Retrieved November 20, 2023.
Martinez, Jose Luis (July 3, 2023). ""United States to play the 2023 FIBA World Cup using a 'Dream Team' without superstars"". Marca. Retrieved November 20, 2023.
Schuhmann, Jon (August 3, 2023). ""USA Basketball taking inexperienced roster to 2023 FIBA World Cup"". NBA.com. Retrieved November 20, 2023.
""FIBA World Cup 2023: Schedule, news, Team USA roster"". ESPN. September 10, 2023. Retrieved November 20, 2023.
Blomquist, Lilly (September 23, 2022). ""New York Knicks Star Jalen Brunson Proposed on His High School Basketball Court"". Brides. Retrieved November 20, 2023.
Magliocchetti, Geoff (September 21, 2022). ""'Forever!' Knicks' Jalen Brunson Proposes to Girlfriend Ali Marks"". Sports Illustrated. Retrieved November 20, 2023.
""Jalen Brunson's wedding was a Villanova title squad reunion"". ESPN. July 31, 2023. Retrieved November 20, 2023.
Shultz, Cara Lynn and Emily Strohm (July 31, 2023). ""New York Knicks' Jalen Brunson Marries High School Sweetheart Ali Marks at Chicago's Ritz Carlton! (Exclusive)"". People. Retrieved November 20, 2023.
Dye, Natasha (July 31, 2023). ""Knicks Star Jalen Brunson Says He Moved His Wedding Up a Month to Play for Team USA (Exclusive)"". People. Retrieved November 20, 2023.
Hendricks, Jaclyn (August 19, 2024). ""Jalen Brunson and wife Ali announce birth of couple's first child after massive Knicks offseason"". nypost.com. Retrieved August 31, 2024.
Ganguli, Tania (April 14, 2023). ""Old Friends. New Team. Same Knicks Championship Dream"". The New York Times. Retrieved December 2, 2023.
Sargeant, Connor (February 15, 2024). ""New York Knicks star Jalen Brunson along with teammate Josh Hart Are Starting A Podcast Called Roommates"". TheDailyCampus. Retrieved May 30, 2024.
Shultz, Cara Lynn and Emily Strohm (July 31, 2023). ""New York Knicks' Jalen Brunson Marries High School Sweetheart Ali Marks at Chicago's Ritz Carlton! (Exclusive)"". People. Retrieved April 11, 2024.
","
Chris Paul

This article is about the basketball player. For the militant, see Christopher Paul. For the American football player, see Chris Paul (American football).
Christopher Emmanuel Paul (born May 6, 1985), nicknamed ""CP3"" and ""the Point God"", is an American professional basketball player for the San Antonio Spurs of the National Basketball Association (NBA). Widely regarded as one of the greatest point guards of all time, he has won the NBA Rookie of the Year Award, an NBA All-Star Game Most Valuable Player Award, two Olympic gold medals, and led the NBA in assists five times and steals a record six times. Paul has also been selected to 12 NBA All-Star teams, 11 All-NBA teams, and nine NBA All-Defensive teams. In 2021, he was selected to the NBA 75th Anniversary Team. Paul also served as the president of the National Basketball Players Association from 2013 to 2021. Among the highest-paid athletes in the world, he holds endorsement deals with companies such as Jordan Brand and State Farm.
Paul was a McDonald's All-American in high school and attended Wake Forest University for two years of college basketball, where he helped the Demon Deacons achieve their first-ever number-one ranking. Paul was selected as the fourth overall pick in the 2005 NBA draft by the New Orleans Hornets, where he developed into one of the league's best players, finishing second in NBA Most Valuable Player Award voting in 2008. During the 2011 offseason, the Hornets organized a deal to send Paul to the Los Angeles Lakers, but the transaction was controversially voided by the NBA. He was instead dealt to the Los Angeles Clippers later that year. Led by Paul's playmaking, the Clippers developed a reputation for their fast-paced offense and spectacular alley-oop dunks, earning them the nickname ""Lob City"".
In 2017, Paul was traded to the Houston Rockets, where he helped the team win a franchise-record 65 games in his debut season. Paul played one more season in Houston before being traded to the Oklahoma City Thunder as part of a package for Russell Westbrook in 2019. With the Thunder looking to rebuild, Paul was traded to the Phoenix Suns in 2020, where he reached the NBA Finals for the first time in his career in 2021. The following season, Paul helped the team win a franchise-record 64 games. After three seasons in Phoenix, Paul was traded and spent one season with the Golden State Warriors, where he came off the bench for the first time in his career. He later signed with the Spurs in 2024.
Chris Paul was born in Winston-Salem, North Carolina,[a] to Charles Edward Paul and Robin Jones. He grew up in Lewisville with his older brother, Charles ""C.J."" Paul. Paul's family gave him the nickname ""CP3"" because Paul, his father, and his brother all share the same initials. A former athlete himself, Charles Sr. taught his sons basketball and football and coached them in various youth leagues throughout their childhoods. Growing up, the Paul brothers spent their summers working at a service station owned by their grandfather Nathaniel Jones; Paul attributes many life lessons to his grandfather and has described him as his ""best friend."" Paul was raised Baptist.
Paul attended West Forsyth High School in Clemmons, North Carolina. During his freshman and sophomore seasons, he played on the junior varsity team. For his junior year, Paul averaged 25 points, 5.3 assists, and 4.4 steals per game, helping West Forsyth reach the state semifinals. Over the ensuing summer, he led the Winston-Salem-based Kappa Magic to the National U-17 AAU title, earning tournament MVP honors in the process. During his senior season, Paul received national attention for scoring 61 points in a game; his 61-year-old grandfather was murdered earlier that year and Paul honored him by scoring one point for each year of his life. Paul finished the season with averages of 30.8 points, 5.9 rebounds, 9.5 assists, and 6.0 steals per game, leading West Forsyth to a 27–3 record and the Class 4A Eastern Regional finals. He was ultimately named a McDonald's All-American, first-team Parade All-American, and North Carolina's Mr. Basketball by The Charlotte Observer.
As a freshman at Wake Forest University, Paul averaged 14.8 points, 5.9 assists, and 2.7 steals per game, setting school freshman records for three-point percentage, free throws, free throw percentage, assists, and steals in the process. Behind his play, the Demon Deacons qualified for the NCAA tournament, losing in the Sweet Sixteen to St. Joseph's. At the end of the season, Paul was named ACC Rookie of the Year and Third Team All-ACC.
For two weeks early in Paul's sophomore season, Wake Forest was ranked number one in the nation for the first time in school history. On January 15, 2005, Paul registered 26 points and eight assists in a victory over rival North Carolina, and on February 3, he scored 23 points in a victory over rival Duke. In the final game of the year, Paul punched NC State guard Julius Hodge in the groin and received a one-game suspension from the ACC Tournament, an incident that marred Paul's image for a short time. The Demon Deacons again qualified for the NCAA tournament but suffered a second round upset at the hands of West Virginia. With final averages of 15.3 points, 4.5 rebounds, 6.6 assists, and 2.4 steals per game, Paul was eventually named First Team Consensus All-America, and with a 3.21 grade point average (GPA), he was also named to ESPN's Academic All-America Team. On April 15, 2005, Paul announced he would be hiring an agent and turning professional. On March 2, 2013, Wake Forest retired Paul's jersey. In 2021, he was inducted into the Wake Forest Sports Hall of Fame.
Paul was selected as the fourth overall pick in the 2005 NBA draft by the New Orleans Hornets. Due to the devastation caused by Hurricane Katrina, the Hornets played most of their games in Oklahoma City during Paul's first two seasons with the team. Paul finished his debut season leading all rookies in total points, assists, steals, and double-doubles, and became only the second rookie in NBA history to lead the league in total steals. With final averages of 16.1 points, 5.1 rebounds, 7.8 assists, and 2.2 steals per game, he was named NBA Rookie of the Year, falling just one vote shy of winning the award unanimously. The only other rookie to receive a first place vote was Deron Williams, with whom Paul enjoyed a brief rivalry early in their careers.
At the 2007 All-Star Weekend, Paul set new Rookie Challenge records with 17 assists and 9 steals. For his sophomore season, he increased his scoring and passing averages to 17.3 points and 8.9 assists per game, but played in only 64 games due to injury.
Paul was selected to his first NBA All-Star Game in 2007–08, playing in front of his home fans in New Orleans. Behind his leadership, the Hornets were near the top of the Western Conference standings all year, temporarily occupying first place on March 17 following a win against the Chicago Bulls. New Orleans finished the season with a franchise-record 56 wins and the second seed in the West. Paul led the NBA with 11.6 assists and 2.7 steals per game to go along with 21.1 points per game, finishing second in NBA Most Valuable Player Award voting and being named to his first All-NBA and All-Defensive teams. In his playoff debut, he scored 35 points against the Dallas Mavericks. In Game 2, he set a franchise playoff record with 17 assists. The Hornets defeated the Mavericks in five games, with Paul registering 24 points, 11 rebounds, and 15 assists in the final game. Their run came to an end in the next round, where they were eliminated by the San Antonio Spurs.
Paul speaks with Hornets coach Byron Scott in March 2009. Prior to the start of the 2008–09 season, Paul signed a contract extension with the Hornets worth $68 million. On December 17, 2008, he set the NBA record for consecutive games with a steal at 106. On several occasions, he came within a few steals of recording a quadruple-double, including a 27-point, 10-rebound, 15-assist, and 7-steal game against the Philadelphia 76ers on January 26, 2009. His final averages were 22.8 points, 5.5 rebounds, 11 assists, and 2.8 steals per game. Despite Paul's individual accomplishments, New Orleans' record fell from the year before and they were eliminated in the first round of the playoffs by the Denver Nuggets.
After a slow start to the 2009–10 season, the Hornets fired coach Byron Scott. Paul stirred up controversy when he announced his displeasure with the move, commenting that team management should have ""consulted with me and asked how I felt before it happened."" In early February 2010, Paul tore cartilage in his left knee and was sidelined for over a month by surgery, forcing him to miss the All-Star Game. In total, he played in only 45 games and his averages dropped to 18.7 points, 3.8 rebounds, 10.7 assists, and 2.1 steals per game. Without Paul, the Hornets struggled, missing the playoffs.
In 2010–11, Paul had another injury scare, suffering a concussion on March 6 after colliding with Cavaliers guard Ramon Sessions and being carried off the court on a stretcher. He returned two games later, registering 33 points and 15 assists against the Sacramento Kings. With the luxury of Paul playing a full season, the Hornets qualified for the playoffs and were matched up with the defending champion Los Angeles Lakers in the first round. In Game 1, Paul contributed 33 points, 14 assists, and 4 steals, and in Game 4, he registered 27 points, 13 rebounds, and 15 assists. In response to Paul's performances, Lakers beat writer Dave McMenamin declared that Paul was having a ""historically great series"". Nevertheless, New Orleans were eliminated in six games, and ownership, fearing that Paul would leave the franchise via free agency, began actively pursuing a trade that would provide the team equitable compensation in return for his services.
On December 8, 2011, the Hornets agreed to a three-team trade sending Paul to the Lakers. The NBA, who owned the Hornets at the time, nullified the deal because commissioner David Stern claimed that New Orleans would be better off by keeping Paul. The teams involved in the transaction attempted to lobby the league to reverse its ruling and reconstruct the deal to no avail. On December 12, the Hornets agreed to a trade sending Paul to the Los Angeles Clippers, but the deal broke down after the NBA added additional demands to the original terms. Two days later, the teams finally completed the trade, sending Paul and two future second-round draft picks to the Clippers in return for Eric Gordon, Chris Kaman, Al-Farouq Aminu, and the Minnesota Timberwolves' unprotected first round pick in the 2012 draft, which was used to draft Austin Rivers. Upon the deal's completion, Paul announced that he would opt into the final year of his contract and remain in Los Angeles for at least two more seasons. Paul's arrival to Los Angeles rejuvenated the Clippers franchise, with teammate Blake Griffin later commenting, ""It put us on the map."" Early in Paul's debut season, the team developed a reputation for their fast-paced offense and spectacular alley-oop dunks, usually from Paul to Griffin or DeAndre Jordan, earning them the nickname ""Lob City"". Paul finished the year averaging 19.8 points, 9.1 assists, and 2.5 steals per game, becoming the first Clipper to be named to the All-NBA First Team since the franchise moved to Los Angeles in the 1980s. Behind his play and the emergence of Griffin as an All-NBA performer, Los Angeles qualified for the playoffs, losing to the San Antonio Spurs in the conference semifinals.
At the 2013 All-Star Game, Paul led the West to victory with a 20-point and 15 assist performance, earning his first NBA All-Star Game Most Valuable Player Award. He finished the season averaging 16.9 points, 9.7 assists, and 2.4 steals per game, helping the Clippers to a franchise-record 56 wins. Seeded fourth in the West entering the playoffs, Los Angeles were defeated in the first round by the Memphis Grizzlies. Shortly after their early postseason exit, the Clippers announced they would not renew coach Vinny Del Negro's contract and rumors arose of Paul forcing Del Negro out. Los Angeles later denied any player involvement in the coaching decision.
Prior to the start of the 2013–14 season, Paul re-signed with the Clippers for five years on a contract worth approximately $107 million. Despite a shoulder injury that sidelined him for over a month, Los Angeles set another new franchise record for wins with 57. His final averages were 19.1 points, 10.7 assists, and 2.5 steals per game. In Game 1 of the second round of the playoffs, he hit a career postseason-high eight three-pointers to help the Clippers take an early series lead over the Oklahoma City Thunder. In Game 5 and with the series tied 2–2, he made a string of late mistakes leading to an eventual Thunder victory, later commenting, ""It's me ... Everything that happened at the end is on me."" Oklahoma City eventually eliminated Los Angeles in six games.
In 2014–15, Paul played in all 82 games for the first time in his career, averaging 19.1 points and a league-high 10.2 assists per game. In Game 7 of the first round of the playoffs, he hit a go-ahead shot with a second left to lift the Clippers over the Spurs despite a hamstring injury. The injury forced him to miss the first two games of the next series versus the Houston Rockets, and Los Angeles eventually lost in seven games despite holding a 3–1 series lead. The defeat marked ten consecutive seasons and seven consecutive playoff appearances without an NBA Conference Finals appearance for Paul.
In January of the 2015–16 season, Paul led the Clippers on a ten-game winning streak despite missing Griffin and Jordan at various points due to injury. For the third straight year, he finished the season with averages of over 19 points, 10 assists, and 2 steals per game. To begin the postseason, the Clippers drew a matchup with the Portland Trail Blazers, taking a 2–1 lead to start the series. In Game 4, Paul broke his hand and was ruled out indefinitely. Without Paul, as well as Griffin, who also injured himself in Game 4, Los Angeles eventually lost the series in six games.
In 2016–17, Paul missed 21 regular season games due to rest or injury, and averaged 18.1 points, 9.2 assists, and 5 rebounds in just over 31 minutes per game. At season's end, Paul was not rewarded with an All-NBA honor, marking just the second time he failed to make an All-NBA team since 2008 and the first time in his six years as a Clipper. In the playoffs, Los Angeles was eliminated after their first round series against the Utah Jazz, with Paul averaging 25.3 points, 9.9 assists, 5 rebounds per game over seven games.
On June 28, 2017, Paul was traded to the Houston Rockets in exchange for Patrick Beverley, Sam Dekker, Montrezl Harrell, Darrun Hilliard, DeAndre Liggins, Lou Williams, Kyle Wiltjer, a future first round pick, and cash considerations. The Clippers ultimately decided to trade Paul because they were unwilling to offer him the contract extension that he was seeking and they did not want to lose him for nothing once he became a free agent. Paul, who was interested in playing alongside superstar guard James Harden, opted into the final year of his existing contract to facilitate the trade. Some analysts were initially skeptical of the trade due to the perceived redundancy of Paul and Harden's playing ball-dominating playing styles, leading to questions over how they would adjust to each other.
On October 17, Paul debuted for the Rockets in their season-opening win over the defending champion Golden State Warriors. He scored only four points on 2-for-9 shooting and sat on the bench down the stretch while the Rockets made their final push. It was later revealed that he was playing through a knee injury, and he subsequently missed the next 14 games, returning to the lineup on November 16 against the Phoenix Suns. With Paul healthy, Houston quickly established themselves as a championship contender, boasting the league's top-ranked offense in addition to a top-ten defense. Their success was primarily driven by Paul and Harden, who assumed playmaking duties while role players such as Eric Gordon, Trevor Ariza, and P. J. Tucker provided floor spacing with three-point shooting. On December 15, Paul registered 28 points, eight assists, and seven steals against the Spurs to lead the Rockets to their 12th straight victory. On January 26, 2018, he scored a season-high 38 points in a loss to the New Orleans Pelicans. The Rockets eventually finished the 2017–18 season with a franchise-record 65 wins and the best record in the NBA, which included Harden winning the MVP Award and the team setting a league record for three-point attempts. Paul's final averages were 18.6 points, 7.9 assists, and 1.7 steals per game.
In the first round of the playoffs, Houston eliminated the Minnesota Timberwolves, earning them a matchup with the Utah Jazz in the second round. In Game 5 of the series, Paul scored a career playoff-high 41 points along with eight three-pointers, 10 assists, and seven rebounds en route to a series-clinching victory over the Jazz. With the win, Paul advanced to the NBA Conference Finals for the first time in his career, where the Warriors awaited. Going into Game 5, the series was tied 2–2 before Paul helped lead Houston to victory by scoring seven fourth quarter points that powered a 10–5 run and gave the Rockets a lead that they never relinquished. However, Paul injured his hamstring late in the game, and with him out for the remainder of the series, Houston was eliminated from the postseason with back-to-back losses.
On July 8, Paul signed a four-year, $160 million maximum contract extension with the Rockets. On October 20, shortly after the start of the 2018–19 season, he was involved in an on-court altercation with Rajon Rondo of the Lakers, which resulted in a two-game suspension and a fine. On December 20, he suffered a left hamstring strain against the Miami Heat, which caused him to miss 17 consecutive games. On February 23, he recorded 23 points and a season-high 17 assists in a win over the Warriors. Late in the season, Paul found himself in the midst of a slump and Houston dropped down to the third seed in the conference, which prompted some analysts to wonder if Paul had moved into a new, less effective phase of his career. In the conference semifinals, the Rockets again found themselves matched up with Golden State, but could not close out the series despite the Warriors' primary scorer, Kevin Durant, missing the final two games.
On July 16, 2019, the Rockets traded Paul, two protected first-round draft picks, and two first-round pick swaps to the Oklahoma City Thunder in exchange for Russell Westbrook. For the first time in years, Paul found himself on a young, rebuilding team without championship aspirations. Despite speculation that the Thunder would try to move on from Paul immediately, he embraced his role as a veteran leader of the team, which earned him praise from coach Billy Donovan. Paul debuted for Oklahoma City in a loss to the Utah Jazz on October 23, registering 22 points and 8 rebounds in 30 minutes of play. On January 30, he was selected to his 10th All-Star nod, and first since 2016, being named a Western Conference reserve. On February 11, Paul scored a season-high 31 points in a loss to the San Antonio Spurs.
Following a break in the season due to the COVID-19 pandemic, the Thunder eventually finished as the fifth seed in the conference, earning them a matchup with Paul's old team, the Houston Rockets, in the first round of the playoffs. Trailing 3–2 going into Game 6, Paul scored 15 of his 28 points in the fourth quarter to lead Oklahoma City to a series-tying victory. Although the Thunder would ultimately lose Game 7 and be eliminated from the postseason, Sports Illustrated deemed Paul's tenure with the team a success and opined that he had reestablished himself as one of the best point guards in the NBA.
On November 16, 2020, the Thunder traded Paul and Abdel Nader to the Phoenix Suns for Kelly Oubre Jr., Ricky Rubio, Ty Jerome, Jalen Lecque, and a 2022 protected first round pick. On February 1, 2021, Paul dropped a season-high 34 points, along with nine rebounds and nine assists, in a close 109–108 win over the Dallas Mavericks. On February 19, he put up a season-high 19 assists while also scoring 15 points in a 132–114 win over the New Orleans Pelicans. On February 23, Paul was selected to his 11th All-Star appearance, second in a row, as a Western Conference reserve. With Devin Booker being named a replacement All-Star a day later, Paul and Booker were the first Suns duo since Steve Nash and Amar'e Stoudemire in 2010 to be named All-Stars. On March 21, Paul logged his first triple-double of the season with 11 points, 10 rebounds and 13 assists in a 111–94 win over the Los Angeles Lakers, becoming the sixth player in NBA history to record 10,000 career assists.
In Game 2 of the Conference Semifinals against the Denver Nuggets, Paul recorded 17 points, 15 assists, and 0 turnovers in a 123–98 victory. This was Paul's third playoff game with at least 15 points, 15 assists, and 0 turnovers, the most in NBA history. In Game 4, Paul scored 37 points on a 74 percent shooting (14-of-19) alongside seven assists in a 125–118 victory, leading the Suns to a 4–0 series sweep over the Nuggets for their first Western Conference Finals appearance since 2010. On June 16, Paul was indefinitely sidelined as he entered the NBA's COVID-19 health and safety protocols. Paul endured an eight-day isolation after testing positive for COVID-19 despite being vaccinated, which caused him to miss the first two games of the Western Conference Finals. In Game 6 of the Western Conference Finals against the Los Angeles Clippers, Paul tied a playoff career-high 41 points, while putting up eight assists, in a 130–103 victory to close out the series, advancing to the NBA Finals for the first time in his career and the Suns' first appearance since 1993. During the game Paul scored 31 out of his 41 points in the second half, becoming just the third player in the last 25 years to score at least 30 points in the second half of a series-clinching game. In Game 1 of the NBA Finals against the Milwaukee Bucks, Paul put up 32 points, 16 of those in the third quarter, along with nine assists, in a 118–105 win. The Suns jumped to a 2–0 lead in the series before losing in six games. Paul became the first player in NBA playoff history to lose four series in which his team led 2–0. After the Finals ended, he had wrist surgery.
Paul (right) alongside LeBron James at the 2022 NBA All-Star Game On August 7, 2021, Paul signed a four-year contract extension with the Suns worth up to $120 million. On October 22, Paul recorded 23 points and 14 assists in a 115–105 win over the Los Angeles Lakers, becoming the first player in league history to record 20,000 points and 10,000 assists in their career. On November 2, Paul put up 14 points and 18 assists in a 112–100 win over the New Orleans Pelicans, moving past Mark Jackson and Steve Nash for third place on the NBA all-time career assists list. On December 2, Paul put up 12 points and 12 assists in a 114–103 win over the Detroit Pistons, leading the Suns to their franchise-record 18th win in a row. On January 24, 2022, Paul scored 27 points, grabbed nine rebounds and dished out 14 assists in a 115–109 win against the Utah Jazz. On January 28, Paul logged his 18th career triple-double with 21 points, 10 rebounds, and 14 assists in a 134–124 win over the Minnesota Timberwolves. The following game, Paul had a season-high 19 assists with 20 points and eight rebounds in a 115–110 win against the San Antonio Spurs.
On February 3, Paul recorded 18 points, 12 assists, and three steals in a 124–115 loss to the Atlanta Hawks who snapped Phoenix's 11-game winning streak. This was Paul's 50th career game with 10 assists or more with no turnovers—the most such games in NBA history. Before the game, he was named a reserve for the 2022 NBA All-Star Game. On February 10, Paul tied his season-high 19 assists with 17 points and seven rebounds as he led the Suns to a 131–107 victory against the Bucks in a rematch of last year's NBA Finals. Paul finished with his 500th career double-double. He is just the fourth guard in NBA history to accomplish that feat. On February 16, Paul broke his right thumb in a game against the Houston Rockets, just before the All-Star break. On March 24, Paul returned from a broken right wrist to help the Suns wrap up the top seed in the NBA playoffs with a 140–130 victory over the Denver Nuggets. He finished the game with 17 points and 13 assists. On April 1, Paul surpassed Gary Payton for fourth on the NBA all-time career steals list. On April 5, after Phoenix's 121–110 win over the Lakers, Paul became the first player in NBA history to be part of four teams to set a franchise record for victories in a single season.
In Game 1 of the first round of the playoffs, Paul scored 19 of his 30 points in the fourth quarter along with seven rebounds, 10 assists, and three steals on 12-of-16 shooting from the field in a 110–99 win over the New Orleans Pelicans. He also became the oldest player in NBA history to put up at least 30 points and 10 assists in a playoff game. In Game 3, Paul scored 19 of his 28 points in the fourth quarter along with 14 assists to lead the Suns to a 114–111 win. In Game 6, he closed the series with 33 points along with eight assists and five rebounds on 14-of-14 shooting, which set the record for the most field goals in a game without a miss in NBA playoffs history. On May 2, in Game 1 of the Western Conference Semifinals, Paul moved past Tony Parker for fifth all-time in career playoff assists in a 121–114 win over the Dallas Mavericks. The Suns jumped to a 2–0 lead in the series before losing in seven games. Paul became the first player in NBA playoff history to lose five series in which his team led 2–0.
On October 23, 2022, Paul recorded seven points, eight rebounds and eleven assists in an 112–95 win over the Los Angeles Clippers. He joined John Stockton and Jason Kidd as the only players in NBA history with 11,000 assists. Paul also became the first player in the league with 20,000 points and 11,000 assists. On October 30, Paul posted  15 assists along with 10 points and 0 turnovers in a 124–109 win over the Houston Rockets. On December 19, Paul scored a then season-high 28 points and delivered eight assists in a 130–104 win over the Los Angeles Lakers. On Christmas Day, Paul recorded 17 points, a then season-high 16 assists and 0 turnovers in a 128–125 overtime loss against the Denver Nuggets.
On January 22, 2023, Paul returned to the lineup after missing the previous seven games with a hip injury. He had 22 points, 11 assists, six rebounds and three steals to lead the Suns to an 112–110 win over the Memphis Grizzlies. On January 28, Paul scored a season-high 31 points, along with seven rebounds and 11 assists in a 128–118 overtime win over the San Antonio Spurs. On February 14, Paul posted 17 points and a season-high 19 assists in a 120–107 win over the Sacramento Kings. The next game, Paul surpassed Michael Jordan for third on the NBA all-time career steals list. On April 6, Paul scored 25 points and made a career-high seven three-pointers in a 119–115 win over the Denver Nuggets.
On June 24, 2023, the Suns traded Paul, Landry Shamet, four first-round pick swaps, and six second-round draft picks to the Washington Wizards for Bradley Beal, Jordan Goodwin, and Isaiah Todd. Twelve days later, the Wizards sent Paul to the Golden State Warriors in exchange for Jordan Poole, Patrick Baldwin Jr., Ryan Rollins, and two draft picks. On October 24, Paul debuted for the Warriors in their season-opening 108–104 loss against the Phoenix Suns. He finished the game with 14 points, six rebounds, nine assists and two steals. On October 29, Paul came off the bench for the first time in his NBA career, ending his NBA-record streak of 1,365 consecutive games started, in a 106–95 win over the Houston Rockets. On January 5, 2024, Paul fractured his left hand in the third quarter of a 113–109 win over the Detroit Pistons, which required a surgery, but was expected to return later during the season. On June 30, 2024, he was waived and became a free agent.
On July 7, 2024, Paul signed a one-year, $11 million deal with the San Antonio Spurs.
Paul made his debut for the United States national team at the 2006 FIBA World Championship in Japan. He finished the competition with a tournament-high 44 assists, helping Team USA win the bronze medal in the process. At the 2008 Olympics in Beijing, he played a key role off the bench, scoring 13 points in a gold medal game victory against Spain. In addition to the gold medal, Team USA also finished the competition with a perfect 8–0 record. Paul was promoted to the starting point guard position for the 2012 Olympics in London, averaging 8.2 points, 5.1 assists, and 1.6 steals per game en route to another gold medal and undefeated tournament.
Standing 6 ft 0 in (1.83 m) tall and weighing 175 pounds (79 kg), Paul exclusively plays the point guard position. His career averages are 17.9 points, 4.5 rebounds, 9.5 assists, and 2.1 steals per game. He has earned All-NBA honors 11 times (2008, 2009, 2011–2016, 2020, 2021, 2022), All-Defensive honors nine times (2008, 2009, 2011–2017), and led the NBA in steals a record six times (2008, 2009, 2011–2014) and in assists five times (2008, 2009, 2014, 2015, 2022). In 2013, he was ranked as the third-best player in the league by ESPN and Sports Illustrated. In his 2014 NBA preview, ESPN's Kevin Pelton called Paul the league's best point guard, adding, ""a title he's held throughout his career when healthy."" In 2022, to commemorate the NBA's 75th Anniversary The Athletic ranked their top 75 players of all time, and named Paul as the 30th greatest player in NBA history.
Paul prefers playing in the half court versus playing up-tempo. He creates scoring opportunities by constantly changing speeds; upon beating his defender one-on-one or shedding him in the pick-and-roll, he will often slow down and box him out, denying him from regaining front side position and forcing the defense to help at all times. His ability to penetrate deep into the paint leads to easy shots for his teammates, and in 2013, he was second in the league in assisted three-pointers. As a playmaker, he is noted for his consistently high assist-to-turnover ratio, averaging just 2.4 turnovers per game over his career. A deft midrange shooter, he is especially proficient from the right elbow, leading the league in shooting percentage from that area in 2015. On defense, he aggravates opponents with active hands and high effort, and has been ranked as one of the best perimeter defenders in the NBA.
Paul is regularly ranked as one of the highest-paid athletes in the world by Forbes. Some of the companies that he has done business with include Nike and State Farm. For a State Farm ad campaign, he portrayed a fictional twin brother named Cliff Paul. Paul was also the cover athlete for the video game NBA 2K8.
Paul was selected president of the National Basketball Players Association (NBPA) on August 21, 2013, after having served on the executive committee for four years. He was a key figure in the banning of Clippers owner Donald Sterling from the NBA following racist remarks Sterling made in 2014. In one interview, Paul mentioned a possible boycott if Sterling continued to own the team. Paul also played a significant role in the election of Michele Roberts as the Executive Director of the Players Association, giving a strong recommendation to the executive committee responsible for filling the position. On August 7, 2021, Paul's tenure as president ended when CJ McCollum was elected to the position.
Paul answers questions at a youth basketball camp in July 2009. Paul married his college sweetheart, Jada Crawley, on September 10, 2011. Together they have two children. On November 11, 2011, Paul appeared with his family on Family Feud.
Paul is a Baptist. In a 2008 interview, Paul revealed that he is a Christian and attends church every Sunday whenever possible. He is an avid bowler and owns a franchise in the Professional Bowlers Association (PBA) League called L.A.X. He has hosted and participated in numerous celebrity and youth bowling events as the head of the CP3 Foundation, which benefits programs in Louisiana affected by Hurricane Katrina, as well as charities in Winston-Salem. In 2018, Paul purchased a minority ownership stake in the Winston-Salem Dash, a minor league baseball team located in his hometown.
Paul's brother, C.J., played college basketball at Hampton University and University of South Carolina Upstate. In 2004, they played against each other when Wake Forest had a preseason exhibition with USC Upstate. C.J. now works as Chris's personal manager. Paul is also close friends with football player Reggie Bush; the two once lived in the One River Place complex in the New Orleans Central Business District while Bush was playing for the New Orleans Saints. They also shared a personal chef.
Paul has been a vegan since 2019 and is a brand ambassador for Beyond Meat. Paul is also in partnership with Gopuff, with the intentions to expand the latter's selection of plant-based foods and products, particularly those made and distributed by black- and brown-owned businesses.
In December 2022, Chris Paul graduated from Winston-Salem State University with his bachelor's degree in communications.
In June 2023, Chris Paul published a memoir, titled Sixty One: Life Lessons from Papa, On and Off the Court. The book recalls Paul's childhood in Winston-Salem, North Carolina, his relationship with his grandfather Nathaniel ""Papa"" Jones and his family, his high school and Wake Forest University basketball careers, and stories from his professional NBA career.
Reid, John (October 1, 2011). ""New Orleans Hornets guard Chris Paul excited to host pickup game in hometown"". Times-Picayune. Archived from the original on March 3, 2016. Retrieved September 13, 2013.
Laughlin, Jeff (February 27, 2014). ""Heroes of the Hardwood"". Winston-Salem Monthly. Retrieved July 19, 2021.
Dawson, Dawn P, ed. (2010) . Great athletes: Basketball (Revised ed.). Salem Press. p. 312. ISBN 9781587654732. Retrieved July 18, 2021.
""All-Time #NBArank: Magic Johnson tops list of greatest point guards"". ESPN.com. January 12, 2016. Retrieved March 22, 2022.
Bailey, Andy (September 11, 2019). ""NBA All-Time Player Rankings: Top 10 Point Guards"". Bleacher Report. Retrieved September 11, 2019.
""20 greatest point guards ever: The HoopsHype list"". HoopsHype.com. November 3, 2021. Retrieved March 22, 2022.
Viray, Joe (October 23, 2021). ""Chris Paul solidifies 'Point God' claim – but he's not done just yet"". Rappler.com. Retrieved March 22, 2022.
Hinton, John (April 10, 2018). ""NBA star Chris Paul buys minority share of Winston-Salem Dash"". Winston-Salem Journal. Retrieved July 18, 2021. Paul, 32, who was born in Winston-Salem and grew up in Lewisville, is a graduate of West Forsyth High School in Clemmons.
DeLong, John (July 20, 2008). ""Home is still Lewisville, despite son's success"". Winston-Salem Journal. Archived from the original on June 28, 2021. Retrieved November 8, 2020.
""Chris Paul"". Biography. A&E Networks. July 21, 2020 [January 19, 2016]. Archived from the original on June 17, 2023. Retrieved November 8, 2020.
Davis, Seth (February 28, 2005). ""The Rise Of Saint Paul"". Sports Illustrated. Archived from the original on September 20, 2013. Retrieved July 30, 2011.
Yaeger, Don (June 1, 2009). ""Making a Difference – Chris Paul"". Success. Archived from the original on June 28, 2021. Retrieved August 16, 2014.
Reilly, Rick (April 28, 2011). ""The lessons of Nathaniel Jones, Chris Paul's grandfather"". ESPN. Archived from the original on July 16, 2012. Retrieved April 18, 2012.
Dell, John (June 20, 2023). ""Family matters for Chris Paul in his newly released book about growing up in Winston-Salem and Lewisville"". Greensboro News and Record. Archived from the original on June 30, 2023. Retrieved August 1, 2023.
Connelly, Chris (December 30, 2002). ""Hoops Player Scores 61 for Slain Grandpa"". ABC News. Archived from the original on August 6, 2014. Retrieved July 27, 2014.
Murphy, Phil; Remsberg, Matt (March 1, 2011). ""Chris Paul knows what makes leaders"". ESPN RISE. Archived from the original on March 14, 2011. Retrieved July 30, 2011.
""Player Bio: Chris Paul"". Wake Forest Sports. August 14, 2014. Archived from the original on September 7, 2011. Retrieved November 7, 2007.
Telep, Dave (July 31, 2002). ""Kappa Magic Wins AAU Title"". Scout Hoops. Archived from the original on July 27, 2014. Retrieved July 27, 2014.
""Chris Paul Stats"". Sports Reference. Archived from the original on June 28, 2013. Retrieved February 16, 2014.
""2004 NCAA basketball tournament Bracket"". Database Sports. Archived from the original on June 28, 2014. Retrieved February 16, 2014.
""Wake sophomore guard plans to sign with agent"". ESPN. Associated Press. April 14, 2005. Archived from the original on February 16, 2014. Retrieved February 16, 2014.
""Deacons aided by going 32–32 from line"". ESPN. Associated Press. January 15, 2005. Archived from the original on August 22, 2021. Retrieved December 25, 2020.
""Paul helps sends Duke to 3rd straight loss at Wake"". ESPN. Associated Press. February 3, 2005. Archived from the original on August 22, 2021. Retrieved December 25, 2020.
ESPN.com news services (March 10, 2005). ""Paul will miss ACC quarterfinal game"". ESPN. Archived from the original on July 20, 2012. Retrieved April 30, 2012.
""2005 NCAA basketball tournament Bracket"". Database Sports. Archived from the original on June 28, 2014. Retrieved February 16, 2014.
""Chris Paul Is Named Academic All-American :: First Deacon basketball player to earn Academic All-American since 1996"". CBS Sports. March 2, 2005. Archived from the original on May 28, 2013. Retrieved April 18, 2012.
""Wake retires Chris Paul's jersey"". ESPN. Associated Press. March 3, 2013. Archived from the original on February 16, 2014. Retrieved February 16, 2014.
""Wake Forest Sports Hall of Fame: Chris Paul (2021)"". GoDeacs.com. Wake Forest Demon Deacons. Retrieved November 16, 2021.
""NBA Draft history: 2005 Draft"". NBA. February 27, 2013. Archived from the original on February 22, 2014. Retrieved February 10, 2014.
""Hornets to Play in Oklahoma City"". NBA. September 21, 2005. Archived from the original on February 22, 2014. Retrieved February 10, 2014.
""Hornets' Paul Named the 2005-06 T-Mobile Rookie of the Year"". NBA. May 10, 2006. Archived from the original on February 2, 2007. Retrieved February 10, 2014.
Bucher, Ric (November 3, 2008). ""How Do You Know ... Who's Better?"". ESPN: The Magazine. Archived from the original on January 3, 2013. Retrieved October 26, 2008.
""T-Mobile Rookie Challenge and Youth Jam"". NBA. Archived from the original on February 21, 2014. Retrieved February 10, 2014.
""2008 NBA All-Star Game Box Score"". Basketball Reference. Sports Reference. Archived from the original on July 28, 2012. Retrieved February 10, 2014.
""Paul, Hornets close out Bulls with 33-13 fourth quarter"". ESPN. Associated Press. March 17, 2008. Archived from the original on July 16, 2012. Retrieved August 16, 2014.
""New Orleans Pelicans Franchise Index"". Basketball Reference. Sports Reference. Archived from the original on June 30, 2012. Retrieved February 10, 2014.
""2007-08 NBA Season Summary"". Basketball Reference. Sports Reference. Archived from the original on March 14, 2016. Retrieved February 10, 2014.
""Kobe Bryant Wins Most Valuable Player Award"". NBA. May 7, 2008. Archived from the original on April 1, 2012. Retrieved May 8, 2008.
""Paul, Hornets climb back from deficit to take Game 1 from Mavs"". ESPN. Associated Press. April 19, 2008. Archived from the original on December 8, 2012.
""Paul dissects Mavs' D, dishes out 17 assists as Hornets go up 2–0"". ESPN. Associated Press. April 22, 2008. Archived from the original on July 15, 2012.
""Paul, Hornets finish off Mavericks in five to move on to second round"". ESPN. Associated Press. Archived from the original on December 8, 2012. Retrieved February 10, 2014.
""Paul, Hornets agree to new 3-year extension"". Fox Sports. Associated Press. July 4, 2008. Archived from the original on July 15, 2008. Retrieved July 15, 2008.
""Paul has steal in 106th straight game as Hornets win"". ESPN. Associated Press. December 17, 2008. Archived from the original on July 20, 2012. Retrieved August 16, 2014.
""Paul has triple-double, Stojakovic hits six 3-pointers in Hornets' victory"". ESPN. Associated Press. January 26, 2009. Archived from the original on February 11, 2014. Retrieved August 16, 2014.
""2008-09 NBA Season Summary"". Basketball Reference. Sports Reference. Archived from the original on June 29, 2012. Retrieved February 11, 2014.
NBA.com staff reports (November 12, 2009). ""Struggling Hornets fire Scott; Bower to take over"". NBA. Archived from the original on November 15, 2009. Retrieved February 5, 2010.
Reid, John (November 12, 2009). ""Chris Paul taken aback by New Orleans Hornets' firing of Byron Scott"". The Times-Picayune. Archived from the original on January 22, 2010. Retrieved February 5, 2010.
Stein, Marc (February 2, 2010). ""Sources: Paul out at least a month"". ESPN. Archived from the original on February 11, 2014. Retrieved February 11, 2014.
""2009-10 NBA Season Summary"". Basketball Reference. Sports Reference. Archived from the original on April 28, 2016. Retrieved February 11, 2014.
ESPN.com news services (March 6, 2011). ""Chris Paul leaves on stretcher with concussion in Hornets win"". ESPN. Archived from the original on February 11, 2014. Retrieved February 11, 2014.
""Chris Paul scores 33, adds 15 assists in return as Hornets streak past Kings"". ESPN. Associated Press. March 12, 2011. Archived from the original on February 11, 2014. Retrieved February 11, 2014.
""2011 NBA Playoffs Schedule and Results"". Basketball Reference. Sports Reference. Archived from the original on February 11, 2014. Retrieved February 11, 2014.
""Chris Paul's 33 points help Hornets pull away, stun Lakers"". ESPN.com. April 17, 2011. Archived from the original on November 12, 2020. Retrieved February 7, 2022.
""Chris Paul helps Hornets even first-round playoff series vs. Lakers"". ESPN.com. April 24, 2011. Archived from the original on November 12, 2020. Retrieved February 7, 2022.
McMenamin, Dave (April 25, 2011). ""Lakers have no solution for Chris Paul"". ESPN. Archived from the original on January 3, 2013. Retrieved August 15, 2014.
Broussard, Chris; Stein, Marc (December 5, 2011). ""Sources: Hornets may deal Chris Paul"". ESPN. Archived from the original on January 24, 2013.
Beck, Howard (December 10, 2011). ""N.B.A. Reopens to Business as Unusual"". The New York Times. p. D1. Archived from the original on April 22, 2023.
Stein, Marc (December 9, 2011). ""Sources: Teams lobby over Paul ruling"". ESPN. Retrieved December 9, 2011.
Stein, Marc (December 9, 2011). ""Sources: Lakers out of Chris Paul talks"". ESPN. Retrieved December 9, 2011.
Broussard, Chris; Stein, Marc (December 12, 2011). ""Clippers pull out of deal for Paul"". ESPN. Archived from the original on July 15, 2012.
""Clippers Acquire Four-Time All-Star Chris Paul"". NBA. December 14, 2011. Archived from the original on January 4, 2012. Retrieved December 15, 2011.
Kunnath, Avinash (December 14, 2011). ""Chris Paul Trade: CP3 Will Opt In With Clippers For 2012–13 Season"". SB Nation. Archived from the original on July 10, 2012. Retrieved April 18, 2012.
ESPN.com news services (February 14, 2014). ""CP3: 'I was really a part' of Big Easy"". ESPN. Archived from the original on February 15, 2014. Retrieved February 15, 2014.
Young, Royce (October 3, 2013). ""Blake Griffin: 'Lob City is done'"". CBS Sports. Archived from the original on February 22, 2014. Retrieved February 12, 2014.
Golliver, Ben; Mahoney, Rob (September 20, 2013). ""Top 100 players of 2014: Nos. 10-1"". Sports Illustrated. Archived from the original on September 23, 2013. Retrieved February 13, 2014.
Markazi, Arash (March 11, 2013). ""Clippers embracing 'Lob City' nickname"". ESPN. Archived from the original on February 12, 2014. Retrieved February 12, 2014.
""Chris Paul Selected to 2011-12 All-NBA First Team; Griffin Headlines All-NBA Second Team"". NBA. May 24, 2012. Archived from the original on January 29, 2013. Retrieved June 18, 2012.
""2011-12 NBA Season Summary"". Basketball Reference. Sports Reference. Archived from the original on April 12, 2016. Retrieved February 12, 2014.
""Clippers' Chris Paul named MVP as West topples East in ASG"". ESPN. Associated Press. February 17, 2013. Archived from the original on February 19, 2013.
""Los Angeles Clippers Franchise Index"". Basketball Reference. Sports Reference. Archived from the original on July 30, 2012. Retrieved February 12, 2014.
""2012-13 NBA Season Summary"". Basketball Reference. Sports Reference. Archived from the original on April 9, 2016. Retrieved February 12, 2014.
Turner, Broderick (May 31, 2013). ""Clippers: Chris Paul not to blame for dismissal of Vinny Del Negro"". Los Angeles Times. Archived from the original on June 1, 2013. Retrieved June 1, 2013.
Golliver, Ben (July 10, 2013). ""Clippers officially re-sign Chris Paul to five-year contract"". Sports Illustrated. Archived from the original on July 12, 2013. Retrieved July 10, 2013.
Golliver, Ben. ""Clippers' Chris Paul (separated shoulder) to miss six weeks, avoid surgery"". Sports Illustrated. Archived from the original on May 12, 2014. Retrieved June 22, 2014.
""NBA Wrap: Clippers get franchise-record 57th win"". Comcast SportsNet Philadelphia. Associated Press. April 15, 2014. Archived from the original on August 9, 2014. Retrieved June 22, 2014.
""Chris Paul's 32 points lead Clippers in Game 1 rout of Thunder"". ESPN.com. May 5, 2014. Retrieved February 7, 2022.
Harper, Zach (May 14, 2014). ""Chris Paul: 'Everything that happened at the end is on me'"". CBS Sports. Archived from the original on May 14, 2014. Retrieved June 28, 2014.
""2014 NBA Playoffs Summary"". Basketball Reference. Sports Reference. Archived from the original on December 29, 2015. Retrieved July 2, 2016.
Rohlin, Melissa (April 15, 2015). ""Clippers set records, reach milestones in final regular-season game"". Los Angeles Times. Archived from the original on September 6, 2021. Retrieved May 1, 2015.
ESPN.com news services (May 2, 2015). ""Hobbled Chris Paul lifts Clips over Spurs on last-second shot"". ESPN. Archived from the original on September 6, 2021. Retrieved September 6, 2021.
""Rockets crush Clips in Game 7 to reach conference finals for 1st time since '97"". ESPN. Associated Press. May 17, 2015. Archived from the original on September 6, 2021. Retrieved September 6, 2021.
Pelton, Kevin (May 18, 2015). ""Chris Paul among top 10 players to never reach conference finals"". ESPN Insider. ESPN. Retrieved May 21, 2015.
""Clippers win 10th straight, beat Heat 104-90 without Jordan"". ESPN. Associated Press. January 14, 2016. Archived from the original on September 18, 2021. Retrieved February 12, 2017.
Markazi, Arash (April 26, 2016). ""Chris Paul suffers broken hand in Game 4 loss to Blazers"". ESPN. Archived from the original on September 18, 2021. Retrieved September 18, 2021.
""Damian Lillard scores 28, Blazers eliminate Clippers in 6 games"". ESPN. Associated Press. April 30, 2016. Archived from the original on September 18, 2021. Retrieved February 12, 2017.
Smith, Taylor C. (May 22, 2017). ""2016-17 Exit Interviews: Chris Paul"". SB Nation. Archived from the original on September 18, 2021. Retrieved June 28, 2017.
""Rockets Acquire Nine-Time All-Star Chris Paul"". NBA.com. June 28, 2017. Archived from the original on June 29, 2017. Retrieved June 29, 2017.
ESPN.com news services (June 28, 2017). ""Doc Rivers: Chris Paul departure 'big loss,' happy with Clippers' 'assets'"". ESPN. Archived from the original on September 19, 2021. Retrieved September 18, 2021.
O'Connor, Kevin (June 28, 2017). ""How Will Chris Paul and James Harden Fit Together?"". The Ringer. Archived from the original on September 19, 2021. Retrieved September 19, 2021.
""Rockets rally to spoil defending champion Warriors return"". ESPN. Associated Press. October 18, 2017. Archived from the original on September 19, 2021. Retrieved October 18, 2017.
Barnewall, Chris (October 18, 2017). ""Rockets sneak win past Warriors, but Chris Paul sits out crunch time with knee injury"". CBS Sports. Archived from the original on September 19, 2021. Retrieved October 18, 2017.
""Harden, Rockets get 90 in first half, beat Suns 142-116"". ESPN. Associated Press. November 16, 2017. Archived from the original on September 19, 2021. Retrieved November 16, 2017.
Davis, Coty (April 21, 2020). ""Rockets seasons of missed opportunity: 2017-2018"". SB Nation. Archived from the original on September 19, 2021. Retrieved September 19, 2021.
""Paul, Rockets rout Spurs 124-109 for 12th straight victory"". ESPN. Associated Press. December 15, 2017. Archived from the original on September 19, 2021. Retrieved December 15, 2017.
""Davis, Cousins help Pelicans hold off Rockets"". ESPN. Associated Press. January 26, 2018. Archived from the original on September 19, 2021. Retrieved January 26, 2018.
Sherman, Rodger (May 29, 2018). ""The Night the 3-Pointer Betrayed the Rockets"". The Ringer. Archived from the original on September 19, 2021. Retrieved September 19, 2021.
""Capela scores 26; Rockets eliminate Wolves with 122-104 win"". ESPN. Associated Press. April 26, 2018. Archived from the original on September 19, 2021. Retrieved September 19, 2021.
""Paul scores 41 as Rockets eliminate Jazz 112-102"". ESPN. Associated Press. May 8, 2018. Archived from the original on September 19, 2021. Retrieved May 8, 2018.
""Gordon leads Rockets over Warriors 98-94 to take series lead"". ESPN. Associated Press. May 24, 2018. Archived from the original on September 19, 2021. Retrieved September 19, 2021.
""Chris Paul exits Game 5 with right hamstring injury"". NBA.com. May 24, 2018. Retrieved September 23, 2024.
""Warriors reach 4th straight NBA Finals with win over Houston"". ESPN. Associated Press. May 28, 2018. Archived from the original on September 19, 2021. Retrieved May 29, 2018.
Wojnarowski, Adrian (July 1, 2018). ""Rockets, Chris Paul agree to four-year, $160M maximum contract"". ESPN. Retrieved July 9, 2018.
""Led by bench, Clippers hang on to beat Rockets 115-112"". ESPN. Associated Press. October 21, 2018. Retrieved October 21, 2018.
""Rockets Medical Update"". NBA.com. December 21, 2018. Retrieved December 22, 2018.
""Harden scores 40 in Rockets' 103-98 comeback win over Magic"". ESPN. Associated Press. January 27, 2019. Retrieved January 28, 2019.
""Without ill James Harden, Rockets hold off Warriors 118-112"". ESPN. Associated Press. February 23, 2018. Retrieved February 24, 2018.
Tjarks, Jonathan (March 13, 2019). ""How Much Does Chris Paul Have Left?"". The Ringer. Archived from the original on October 3, 2021. Retrieved October 3, 2021.
Uggetti, Paolo (May 10, 2019). ""Boys, Bye: Three Big Offseason Questions Facing the Rockets"". The Ringer. Archived from the original on October 3, 2021. Retrieved October 3, 2021.
""Oklahoma City Acquires Chris Paul, Two First-Round Draft Picks and the Right to Two Swap Picks"". NBA.com. July 16, 2019. Archived from the original on November 7, 2021.
Spears, Marc J. (December 4, 2019). ""Chris Paul OK in Oklahoma City after being shocked by Rockets trade: 'I love to hoop'"". Andscape. Archived from the original on November 7, 2021. Retrieved November 7, 2021.
""Mitchell has 32 and 12, leads Jazz over Thunder 100-95"". ESPN. Associated Press. October 24, 2019. Archived from the original on November 7, 2021. Retrieved October 24, 2019.
""Oklahoma City's Paul and Houston's Westbrook headline reserves for 2020 NBA All-Star Game"". NBA.com. January 30, 2020. Archived from the original on November 7, 2021. Retrieved February 24, 2020.
""Spurs stop 5-game slide with 114-106 victory over Thunder"". ESPN.com. February 11, 2020. Retrieved February 24, 2020.
""2019-20 Oklahoma City Thunder Roster and Stats"". Basketball Reference. Sports Reference. Archived from the original on November 7, 2021. Retrieved November 7, 2021.
Kidane, Benyam (September 1, 2020). ""NBA Playoffs 2020: Chris Paul comes up clutch as Oklahoma City Thunder force Game 7 against the Houston Rockets"". Sporting News. Archived from the original on November 7, 2021. Retrieved November 7, 2021.
Mannix, Chris (September 3, 2020). ""James Harden, Rockets Close Out Thunder in Thrilling Game 7"". Sports Illustrated. Retrieved September 23, 2024.
Crain, Nick (May 25, 2021). ""Thunder Trade: Looking Back at the Chris Paul Deal with Suns"". Sports Illustrated. Archived from the original on November 7, 2021. Retrieved November 7, 2021.
""Suns complete trade for Chris Paul, Abdel Nader"". NBA.com. November 16, 2020. Retrieved November 16, 2020.
""Booker hits winning 3 in return as Suns edge Mav 109-108"". ESPN.com. February 1, 2021. Retrieved January 25, 2022.
""Paul has 19 assists, Suns rally to beat Pelicans 132-114"". ESPN.com. February 19, 2021. Retrieved April 20, 2021.
""Harden, Lillard headline 2021 NBA All-Star reserves"". NBA.com. February 23, 2021. Retrieved April 20, 2021.
""Chris Paul & Devin Booker Named NBA All-Stars"". NBA.com. February 27, 2021. Retrieved February 27, 2021.
""Suns roll past LeBron-less Lakers for 111-94 win"". ESPN.com. March 21, 2021. Retrieved March 22, 2021.
Maloney, Jack (March 21, 2021). ""Suns' Chris Paul becomes sixth player in NBA history to record 10,000 career assists"". CBSSports.com. Retrieved March 22, 2021.
""Chris Paul has another big night, Suns rout Nuggets 123-98"". ESPN.com. June 9, 2021. Retrieved January 25, 2022.
Salvador, Joseph (June 13, 2021). ""Chris Paul Scores 37 Points at 36 Years Old to Sweep Nuggets"". Sports Illustrated. Retrieved June 13, 2021.
Charania, Shams (June 16, 2021). ""Suns' Chris Paul enters NBA's COVID-19 health and safety protocols"". Retrieved June 16, 2021.
McMenamin, Dave (June 25, 2021). ""Chris Paul grateful to be back from COVID-19 absence but not satisfied with performance in Phoenix Suns' loss"". ESPN.com. Retrieved June 27, 2021.
Baer, Jack (June 30, 2021). ""NBA playoffs: Chris Paul's 41 points put away Clippers, Suns advance to first NBA Finals since 1993"". news.yahoo.com. Retrieved July 1, 2021.
Ward-Henninger, Colin (June 30, 2021). ""Chris Paul earns first NBA Finals berth with masterful Game 6 performance as Suns' improbable run continues"". CBSSports.com. Retrieved July 1, 2021.
Greif, Andrew (June 30, 2021). ""Clippers have no Finals answer, eliminated by Suns in Game 6"". Los Angeles Times. Retrieved July 1, 2021.
""Paul carries Suns past Giannis, Bucks in NBA Finals opener"". ESPN.com. July 6, 2021. Retrieved July 6, 2021.
McMenamin, Dave (July 21, 2021). ""Phoenix Suns star Chris Paul, 36, ready to 'get back to work,' not considering retirement after NBA Finals loss"". ESPN.com. Retrieved July 21, 2021.
""Chris Paul expected to be ready for Phoenix Suns training camp after wrist surgery, source says"". ESPN. August 2, 2021. Retrieved March 22, 2022.
Brandt, David (August 7, 2021). ""Chris Paul signs deal to return to Suns"". NBA.com. Retrieved October 16, 2021.
""Dwight, AD downplay confrontation in Lakers' loss to Suns"". ESPN.com. October 22, 2021. Retrieved January 25, 2022.
""Paul now 3rd in all-time assists, Suns beat Pelicans 112-100"". ESPN.com. November 2, 2021. Retrieved January 25, 2022.
""Suns push past Pistons, win franchise record 18th straight"". ESPN.com. December 2, 2021. Retrieved January 25, 2022.
""Booker, Paul lead Suns past depleted Jazz, 115-109"". ESPN.com. January 24, 2022. Retrieved January 25, 2022.
""Paul, Booker help NBA-best Suns roll to 9th straight win"". ESPN.com. January 28, 2022. Retrieved January 30, 2022.
""NBA-best Suns rally for 10th straight win, top Spurs 115-110"". ESPN.com. January 30, 2022. Retrieved January 31, 2022.
""Young has 43 points, Hawks end Suns' 11-game winning streak"". ESPN.com. February 3, 2022. Retrieved February 7, 2022.
""Kia MVP Ladder: Joel Embiid passes Nikola Jokic for No. 1"". nba.com. February 4, 2022. Retrieved February 4, 2022.
""2022 NBA All-Star reserves revealed!"". NBA. Retrieved April 16, 2022.
""Suns top Bucks 131-107 in rematch of last year's NBA Finals"". ESPN.com. February 10, 2022. Retrieved February 11, 2022.
""Paul's back, Suns clinch top seed with 140-130 win in Denver"". ESPN.com. March 24, 2022. Retrieved March 26, 2022.
Guinhawa, Angelo (April 1, 2022). ""Suns star Chris Paul beats out Gary Payton, nearing Michael Jordan territory for biggest NBA thief"". ClutchPoints. Retrieved April 1, 2022.
""The Chris Paul Effect: Franchise-record wins follow wherever he plays"". NBA.com. April 7, 2022.
""NBA 2021-22 Regular Season Standings"". NBA.com. April 15, 2022. Retrieved April 15, 2022.
""""Classic Chris"" stellar down stretch, Suns beat Pels 110-99"". ESPN.com. April 17, 2022. Retrieved April 25, 2022.
Salao, Renzo (April 17, 2022). ""Suns' Chris Paul passes Steve Nash for epic NBA record after monster takeover vs. Pelicans"". ClutchPoints. Retrieved April 18, 2022.
""Paul, Ayton help Booker-less Suns beat Pelicans 114-111"". ESPN.com. April 22, 2022. Retrieved April 25, 2022.
""Chris Paul sets NBA Playoffs record, doesn't miss in 14 field-goal attempts"". NBA.com. April 28, 2022. Retrieved April 28, 2022.
""Chris Paul passes Tony Parker for 5th all-time in playoff assists"". NBA.com. May 2, 2022. Retrieved May 3, 2022.
""Chris Paul blows fifth 2-0 series lead of career, an NBA record, and the legacy birds are going to be singing"". CBSSports.com. May 16, 2022. Retrieved May 16, 2022.
""Suns beat Clips 112-95, Paul 3rd NBA player with 11K assists"". ESPN.com. October 23, 2022. Retrieved November 20, 2022.
""Devin Booker scores 30 points, Suns beat Rockets 124-109"". ESPN.com. October 30, 2022. Retrieved November 20, 2022.
""Paul scores season-high 28, Suns roll past Lakers 130-104"". ESPN.com. December 19, 2022. Retrieved December 20, 2022.
""Jokic scores 41, authors triple-double in Nuggets' OT victory"". ESPN.com. December 26, 2022. Retrieved December 27, 2022.
""Paul returns, Suns hold on for 112-110 win over Grizzlies"". ESPN.com. January 22, 2023. Retrieved January 23, 2023.
""Paul, Bridges help Suns escape Spurs in overtime, 128-118"". ESPN.com. January 28, 2023. Retrieved January 30, 2023.
""Suns top Kings 120-109 with Durant watching from bench"". ESPN.com. February 14, 2023. Retrieved February 19, 2023.
""Chris Paul passes Michael Jordan for 3rd place on all-time steals list"". NBA.com. February 17, 2023. Retrieved February 17, 2023.
""Paul make2017–18 Gols 7 3s, Suns beat Nuggets for 7th straight win"". ESPN.com. April 6, 2023. Retrieved April 7, 2023.
""Wizards Agree to Trade Beal to Phoenix, Acquire Paul, Shamet and Draft Picks"". NBA.com. June 24, 2023. Retrieved June 24, 2023.
""Warriors Acquire 12-Time All-Star Chris Paul In Trade With Wizards"". NBA.com. July 6, 2023. Retrieved July 6, 2023.
""Booker, Durant lead Suns past Curry and Warriors 108-104 in season opener"". ESPN.com. October 25, 2023. Retrieved November 2, 2023.
""Curry scores 24 with four 3's late to lead Warriors to 106-95 win over Rockets"". ESPN.com. October 30, 2023. Retrieved October 30, 2023.
McCauley, Janie (January 6, 2024). ""Chris Paul fractures left hand in Warriors' victory, will undergo surgery next week"". NBA.com. Retrieved January 6, 2024.
""Warriors Waive Guard Chris Paul"". NBA.com. June 30, 2024. Retrieved July 1, 2024.
""Spurs Sign 11-Time All-NBA Guard Chris Paul"". NBA.com. July 7, 2024. Retrieved July 10, 2024.
""USA Basketball: Chris Paul"". USA Basketball Official Website. June 1, 2014. Archived from the original on August 8, 2014. Retrieved August 4, 2014.
""Wade scores 32 as U.S. beats Argentina"". ESPN. Associated Press. September 2, 2006. Archived from the original on August 6, 2014. Retrieved August 4, 2014.
""United States 118, Spain 107"". ESPN. Associated Press. August 24, 2008. Archived from the original on September 8, 2013. Retrieved August 4, 2014.
""Chris Paul Olympic Stats"". Basketball Reference. Sports Reference. Archived from the original on August 6, 2014. Retrieved August 4, 2014.
""Kevin Durant, U.S. pull through in final as Spain can't rain on parade"". ESPN. Associated Press. August 12, 2012. Archived from the original on April 11, 2013. Retrieved August 4, 2014.
""#NBArank 3: Chris Paul"". ESPN. October 22, 2013. Archived from the original on February 13, 2014. Retrieved February 13, 2014.
Pelton, Kevin (September 18, 2013). ""L.A. Clippers: 2013-14 roster (Subscription Required)"". ESPN Insider. ESPN. Retrieved February 13, 2014.
Slater, Anthony. ""NBA 75: At No. 30, Chris Paul is the ultimate floor general, whose lasting influence is an attitude"".
Kavner, Rowan (December 2, 2014). ""Paul Off To Historic Pace Handling The Ball"". NBA.com. Archived from the original on November 26, 2021. Retrieved June 28, 2017.
Goldsberry, Kirk (March 11, 2015). ""Monster of the Midrange: Don't Sleep on Chris Paul's Deadly Elbow Jumper"". Grantland. Archived from the original on March 11, 2015. Retrieved August 19, 2015.
Goldsberry, Kirk (February 24, 2015). ""Department of Defense"". Grantland. Archived from the original on February 24, 2015. Retrieved August 19, 2015.
""The World's Highest-Paid Athletes"". Forbes. Archived from the original on August 6, 2014. Retrieved May 11, 2021.
Turner, Broderick (February 19, 2014). ""Clippers' Blake Griffin, Chris Paul among top NBA endorsement earners"". Los Angeles Times. Retrieved August 4, 2014.
Nudd, Tim (April 29, 2014). ""How Chris Paul Became the NBA's Most Gifted Endorser(s)"". Adweek. Archived from the original on November 27, 2021. Retrieved July 14, 2017.
Geddes, Ryan (July 19, 2007). ""Chris Paul Gets NBA 2K8 Cover"". IGN. Archived from the original on November 27, 2021. Retrieved August 4, 2014.
""Chris Paul elected president of NBA players union"". NBA.com. Associated Press. Archived from the original on August 11, 2014. Retrieved August 4, 2014.
Goodman, Jeff (July 25, 2014). ""Chris Paul: Boycott a real possibility"". ESPN. Archived from the original on July 25, 2014. Retrieved August 4, 2014.
Morales, Valerie (July 29, 2014). ""NBA Players Make History, A Woman Will Lead Their Union"". Lake Show Life. Archived from the original on August 6, 2014. Retrieved August 4, 2014.
Wojnarowski, Adrian (August 7, 2021). ""Portland Trail Blazers' CJ McCollum elected NBPA president"". ESPN. Archived from the original on November 27, 2021. Retrieved August 7, 2021.
""Is TST the Future of Soccer?"". Connect Meetings. October 18, 2022.
Allen, Quinn. ""Chris Paul's wife: Jada Crawley"". ClutchPoints. Retrieved November 28, 2021.
""Daughter Camryn born to Chris, Jada Paul"". WXII-TV. August 17, 2012. Archived from the original on August 16, 2014. Retrieved August 16, 2014.
""Chris Paul On Family Feud: Hornets Point Guard Appears On Game Show (Video)"". HuffPost. November 2, 2011. Archived from the original on November 28, 2021. Retrieved June 28, 2017.
Eichenhofer, Jim (August 27, 2008). ""Ask Chris Paul: 2008 Offseason, Part 1"". NBA.com. Archived from the original on February 10, 2014. Retrieved August 16, 2014.
Martinez, Michael (December 3, 2012). ""Paul's bowling passion leads to PBA ownership"". Fox Sports West. MSN. Archived from the original on April 10, 2013. Retrieved February 23, 2013.
""ESPN To Air Chris Paul's Annual Bowling Fundraiser"". Winston-Salem Chronicle. January 23, 2013. Archived from the original on April 12, 2013. Retrieved February 23, 2013.
""2013 Chris Paul PBA Celebrity All-Star Invitational"". Chris Paul Foundation. February 3, 2013. Archived from the original on June 16, 2013. Retrieved February 23, 2013.
""Hornets Point Guard Chris Paul and His Foundation Feed 1000 Families"". Black Athlete Sports Network. December 3, 2007. Archived from the original on May 9, 2013. Retrieved February 23, 2013.{{cite web}}:  CS1 maint: unfit URL (link)
""Chris Paul purchases ownership in Winston-Salem Dash"". Winston-Salem Dash Official Website. April 10, 2018. Archived from the original on November 28, 2021. Retrieved April 10, 2018.
""Paul vs. Paul Thursday Night At Joel Coliseum"". Wake Forest University Press Release. November 3, 2004. Archived from the original on January 20, 2009. Retrieved July 29, 2011.
Turner, Jamie (February 15, 2009). ""Basket brothers: Cavaliers' LeBron James, Hornets' Chris Paul share a tight off-court bond"". Cleveland.com. Archived from the original on January 19, 2013. Retrieved August 16, 2014.
""One River Place Condos, New Orleans Warehouse District Luxury Condos"". New Orleans Condo Trends. May 18, 2008. Archived from the original on February 21, 2014. Retrieved October 29, 2013.
Palmer, Chris (February 2008). ""Debutante Baller"". ESPN The Magazine. Archived from the original on July 18, 2012. Retrieved May 29, 2011.
Starostinetskaya, Anna (February 10, 2021). ""NBA Star Chris Paul Just Made It Easier to Support Vegan Black-Owned Brands"". VegNews. Archived from the original on December 11, 2021. Retrieved June 15, 2021.
Songco, Dijo (June 13, 2021). ""Chris Paul's massive transformation after vegan diet will surprise you"". ClutchPoints. Archived from the original on December 11, 2021. Retrieved June 15, 2021.
""Look: Chris Paul in Cap and Gown, Set to Graduate from College Today"". December 16, 2022.
Egan, Elizabeth (July 6, 2023). ""Chris Paul Knows All About the Cycle of Life"". The New York Times. Retrieved September 23, 2024.
IC Staff. ""May, Felton Named First-Team All-ACC"". Inside Carolina. Archived from the original on August 8, 2014. Retrieved August 4, 2014.
","
Harrison Barnes

Harrison Bryce Jordan Barnes (born May 30, 1992) is an American professional basketball player for the San Antonio Spurs of the National Basketball Association (NBA). He played college basketball for the North Carolina Tar Heels before being selected by the Golden State Warriors in the first round of the 2012 NBA draft with the seventh overall pick. Barnes won an NBA championship with the Warriors in 2015. He also won a gold medal as a member of the 2016 U.S. Olympic team.
Barnes (right) with Kyrie Irving while playing for the United States Harrison Barnes was rated as the number 1 player in the class of 2010 by Scout.com and in the ESPNU 100. He was rated as the number 2 player by Rivals.com. In his junior year, Barnes and teammate Doug McDermott led Ames High School to an Iowa 4A state championship where he had 24 points and 8 rebounds in the final, capping off a 26–0 season. In his senior year, Barnes and McDermott led Ames to a 27–0 season and a second straight Iowa 4A state championship becoming Iowa's big-school class's first team to go undefeated in consecutive seasons. In the finals he scored 19 points against Southeast Polk. He averaged 27.1 points, 10.4 rebounds, 4.0 steals and 4.0 assists during his senior year and was selected to the USA Today All-USA First Team. Barnes capped off his Ames High School career as their all-time leading scorer with 1,787 points. Barnes played in the 4th annual Boost Mobile Elite 24 Hoops Classic where he scored 18 points for Skip to My Lou.
On January 20, 2010, it was announced that Barnes was selected to the 2010 Junior National Select Team. The team played at the 2010 Nike Hoop Summit at the Rose Garden in Portland, Oregon, on April 10. He was also selected to play in the 2010 McDonald's All-American Game where he led the West team to a 107–104 victory. He scored a team high 18 points and was named co-MVP with Jared Sullinger. He also played in the 2010 Jordan Brand Classic where he was named co-MVP with Kyrie Irving. On March 10, 2010, Barnes won the Morgan Wootten Player of the Year Award, which goes to the nation's top player.
Barnes completed nine advanced placement credits before graduating high school.
Barnes played for All Iowa Attack and Howard Pulley Panthers (MN) on the AAU Circuit, along with football prospect Seantrel Henderson.
Barnes considered offers from Duke, Iowa State, Kansas, North Carolina, Oklahoma, and UCLA. Barnes unofficially visited Kansas twice, for Late Night in the Phog in October 2008 and a spring game against Tennessee. Barnes took official visits to North Carolina, Duke, Kansas, UCLA, and Oklahoma, but he did not take an official visit to Iowa State; since he lived only a mile from campus, he chose to unofficially visit instead. On November 13, 2009, Barnes Skyped coach Roy Williams of North Carolina to announce his decision to join the Tar Heels.
Barnes playing in the Carrier Classic game in November 2011 Barnes had 21 points in his North Carolina debut in an exhibition game in the Bahamas against the Commonwealth Bank Giants. UNC won the game 130–87. Overall, Barnes averaged 22 points and 6.5 rebounds per game for UNC in the Bahamas. On November 1, 2010, Barnes was named a preseason All-American by the AP. Barnes had 14 points and 4 rebounds in his North Carolina debut vs. Lipscomb. He recorded his first career double double on December 11, 2010, scoring 19 points and snatching 10 rebounds in a 96–91 victory over Long Beach State University. Barnes developed a knack for coming up clutch in the later portion of his freshman season, like when he scored eight of his twelve points in the closing minutes to help the Tar Heels beat Virginia Tech. Barnes made the eventual game winning, three-point shot against Miami to give the Tar Heels the lead with 6.6 seconds remaining in the game. Just weeks later in the Tar Heels game at Florida State, Barnes nailed a three-point shot to give the Tar Heels the victory. Barnes' second season with the Tar Heels was also successful.  He led the team in scoring 16 of their 38 games, helping the team to the ACC regular season title, the final of the ACC tournament, and the elite 8 of the NCAA tournament. Barnes set a career high of 26 points against Boston College on February 1, 2011. He surpassed this mark on March 12, 2011, in an ACC tournament game against Clemson, scoring 40 points while also grabbing 8 rebounds. Additionally, Barnes's 40-point performance set the record for points by a freshman in an ACC Tournament game. On April 18, 2011, Barnes announced that he would return to North Carolina for his sophomore season despite being projected as a lottery pick for the 2011 NBA draft. Barnes was seen as the potential first pick along with Jared Sullinger, Kyrie Irving and Derrick Williams .
Barnes was the ninth player in school history to earn ACC Rookie of Year recognition and the fourth to do so under coach Roy Williams. Barnes scored the most points as a freshman in the ACC tournament since Phil Ford scored 78 points in 1975. In the NCAA tournament, he scored 84 points, the most points of any UNC freshman in history.
On March 29, 2012, Barnes announced that he was entering the 2012 NBA draft along with Tyler Zeller, Kendall Marshall, and John Henson. He worked out with four teams: Cleveland Cavaliers, Charlotte Bobcats, Washington Wizards, and Toronto Raptors. He was selected 7th overall by the Golden State Warriors.
Warriors coach Mark Jackson said that Harrison Barnes was able to defend all five positions on the floor. In game four of the second round of the 2013 NBA Playoffs on May 12, Barnes scored 26 points and added 10 rebounds. On May 14, the NBA named Barnes to the 2012–13 All-Rookie first team. Barnes also placed sixth in NBA Rookie of the Year voting, in a tie with Chris Copeland (8 points total).
With the arrival of Andre Iguodala, Barnes became a reserve player. Barnes again participated in BBVA Compass Rising Stars Challenge. He was chosen as a starter for Team Hill. Barnes finished the game with 16 points, 3 rebounds, 3 assists and 2 steals in 23 minutes in the team's win. On April 16, 2014, Barnes scored a career-high 30 points against the Denver Nuggets in the final regular season game for the Warriors. The Warriors finished the regular season with a 51–31 record, going into the playoffs as the sixth seed in the West, but went on to lose to the Los Angeles Clippers 4–3 in the first round.
Under new head coach Steve Kerr, Barnes moved back into the starting lineup and had an immediate impact. On March 18, 2015, he scored a season-high 25 points in a 114–95 win over the Atlanta Hawks. On April 2, he hit a running shot in the lane with less than a second remaining, lifting the Warriors to a 107–106 win over the Phoenix Suns.
In the 2015 NBA Playoffs, Barnes had a quiet breakout performance in the Warriors' series against the Memphis Grizzlies. He averaged 12.8 points per game, while shooting 54.4% from the field, a performance lauded by many basketball insiders due to the reputation of the Grizzlies' defense. In Games 4, 5, and 6, Barnes made several key plays in clutch situations. When the Warriors were losing by double digits in the first quarter of Game 5, Barnes got the comeback started with several key shots, which turned into a rout once teammate Stephen Curry was able to shoulder much of the load. On May 27, in the Warriors' Western Conference Finals clinching Game 5 win, Barnes scored 24 points to help lead his team to the NBA Finals for the first time in 40 years. Barnes won his first NBA championship with the Warriors after they defeated the Cleveland Cavaliers in the 2015 NBA Finals in six games.
Barnes helped the Warriors go 17–0 to start the season before a sprained left ankle ruled him out for 16 straight games. He returned to action on January 4 against the Charlotte Hornets, scoring eight points off the bench in a 111–101 win. On April 7, Barnes scored 21 points against the San Antonio Spurs, scoring in double figures for a ninth straight game, a career high. The win made the Warriors the second team in NBA history to win 70 games in a season. The Warriors went on to win an NBA record 73 games, eclipsing the 72–10 record set by the 1995–96 Chicago Bulls.
Through the first two rounds of the playoffs, Barnes shot just 36% from the field. In the Western Conference Finals against the Oklahoma City Thunder, Barnes shot 48% from the field while averaging 8.7 points per game to help the Warriors defeat the Thunder in seven games after overcoming a 3–1 deficit to advance to the 2016 NBA Finals. In Game 1 of the NBA Finals against the Cleveland Cavaliers, Barnes had a 13-point performance to help the Warriors win 104–89. Despite the Warriors going up 3–1 in the series following a Game 4 win, they went on to lose the series in seven games to become the first team in NBA history to lose the championship series after being up 3–1. Barnes only shot 16% in the last three games.
On July 9, 2016, Barnes signed a four-year, $94 million contract with the Dallas Mavericks. He made his debut for the Mavericks in their season opener on October 26, recording 19 points and nine rebounds in a 130–121 overtime loss to the Indiana Pacers. Two days later, he scored a career-high 31 points in a 106–98 loss to the Houston Rockets. He bested that mark on November 6, scoring 34 points in an 86–75 overtime win over the Milwaukee Bucks. Barnes scored 30 points or more seven times during the 2016–17 season, including five 31-point games. After never finishing better than fourth in scoring in his four seasons with the Golden State Warriors, Barnes led the Mavericks with a career-best 19.2 points per game.
Barnes would again lead the Mavericks in scoring in 2017–2018, though the team finished 24–58 and 13th of 15 teams in the Western Conference. On November 7, 2017, Barnes scored a season-high 31 points against the Washington Wizards. He tied that mark on November 20 against the Boston Celtics. Two days later, Barnes banked a 30-footer as the horn sounded to lift the Mavericks to a 95–94 victory over the Memphis Grizzlies. Barnes led the Mavericks with 22 points, nine of them coming in the fourth quarter to help Dallas thwart a late Memphis comeback. On December 26, 2017, he tied his career high with his sixth double-double of the season after registering 16 points and 10 rebounds in a 98–93 win over the Toronto Raptors. He previously achieved it in Golden State's championship season of 2014–15. On January 10, 2018, he had 13 of his 25 points in the fourth quarter of the Mavericks' 115–111 win over the Charlotte Hornets. He made all five of his shots in the fourth quarter and added 11 rebounds. He finished the season with eight double-doubles, setting a new personal best.
Barnes missed the first four games of the 2018–19 season because of a strained right hamstring. In his season debut on October 26, he shot 5 for 17 and scored 14 points in a 116–107 loss to the Raptors. On December 2, he scored a season-high 30 points in a 114–110 win over the Los Angeles Clippers. On December 31, he scored 25 points and matched his career high with seven 3-pointers in nine attempts in a 122–102 loss to the Oklahoma City Thunder.
On February 6, 2019, while in the middle of a game for Dallas against the Charlotte Hornets, Barnes was traded to the Sacramento Kings in exchange for Zach Randolph and Justin Jackson. He made his debut for the Kings two days later, scoring 12 points in a 102–96 win over the Miami Heat. Barnes signed a four-year, $85 million contract extension with the Sacramento Kings following the 2019 season.
On October 20, 2021, Barnes scored a game-leading 36 points, including a career-high eight three-point shots, during a 124–121 win over the Portland Trail Blazers. On October 27, Barnes hit a game-winning fadeaway three pointer to secure victory for the Kings against the Phoenix Suns, 110–107.
On November 20, 2022, Barnes scored 27 points and grabbed nine rebounds during a 137–129 win over the Detroit Pistons.
On July 8, 2024, Barnes was traded to the San Antonio Spurs in a three-team trade, which also included the Sacramento Kings and the Chicago Bulls.
In June 2016, Barnes was named in the United States national team for the 2016 Summer Olympics. He helped Team USA win the gold medal in Rio, and in four games, he averaged 4.3 points and 2.1 rebounds per game.
In August 2019, Barnes was named as part of the United States national team for the 2019 FIBA World Cup. He helped team USA to a 6–2 record and a seventh-place finish in the tournament, losing in the quarter-final round to France and in the fifth place game to Serbia before rallying to win the seventh place game against Poland. Barnes averaged 11.6 points and 4.6 rebounds per game.
Barnes is a Christian. He is also a teetotaler; he had his first sip of alcohol after winning the 2015 NBA Finals. On July 29, 2017, he married Brittany Johnson at Rosecliff in Newport, Rhode Island.
On September 15, 2022, Barnes' high school alma mater honored him for his career and community support by naming the gymnasium and basketball court at the new high school after him and electing him to the school's Hall of Fame.
""College Basketball Recruiting – ESPNU 100"". ESPN. Archived from the original on February 14, 2010. Retrieved August 24, 2010.
""Yahoo Sports: Rivals.com Ranking – Rivals150 for class of 2010"". Rivalshoops.rivals.com. Archived from the original on February 14, 2010. Retrieved August 24, 2010.
""Top-Rated Basketball Recruit Harrison Barnes Chooses North Carolina"". Daily Contributor. November 13, 2009. Retrieved August 24, 2010.
Halley, Jim (April 21, 2010). ""2010 All-USA boys basketball: Harrison Barnes leads the way"". USA Today. Retrieved September 11, 2011.
""Carolina-bound Barnes named Mr. Basketball"". Times Republican. March 16, 2010. Archived from the original on March 7, 2012. Retrieved August 24, 2010.
Calle, Franklyn (August 22, 2009). ""Elite 24 Recap"". Slam Online. Archived from the original on July 10, 2010. Retrieved August 24, 2010.
Ceglinsky, Sean (January 20, 2010). ""It's the USA Against Everyone Else"". Slam Online. Retrieved August 24, 2010.
""McDonald's All-American night: Knight's 3-pointer wins it for the West – MaxPreps News"". Maxpreps.com. March 31, 2010. Retrieved August 24, 2010.
""Jordan Brand Classic"". Nike.com. February 18, 2010. Archived from the original on September 1, 2010. Retrieved August 24, 2010.
Halley, Jim (March 10, 2010). ""Iowa's Harrison Barnes named Morgan Wootten Player of the Year"". USA Today. Retrieved August 24, 2010.
Brown, Daniel (May 17, 2015). ""Harrison Barnes' Approval Rating Through the Roof"". San Jose Mercury News. Retrieved May 21, 2015.
""Barnes chooses Tar Heels"". ESPN. November 13, 2009. Retrieved August 24, 2010.
""Scout.com: Barnes to UNC"". Northcarolina.scout.com. November 13, 2009. Archived from the original on October 6, 2012. Retrieved August 24, 2010.
Temple, Jesse (May 4, 2009). ""Pump N Run 'n' done"". KUsports.com. Retrieved August 24, 2010.
""The Daily Reflector"". Reflector.com. Archived from the original on October 6, 2018. Retrieved August 24, 2010.
""Impressive debut for Barnes in the Bahamas – ACC Insider – Archive"". Wilmington Star News. Wilmington, North Carolina. August 11, 2010. Archived from the original on November 6, 2012. Retrieved August 24, 2010.
Perry Missner (August 14, 2010). ""Harrison Barnes shines in Bahamas"". College Fantasy Hoops Insider. Archived from the original on July 8, 2011. Retrieved August 24, 2010.
Jim O'Connell (November 1, 2010). ""Singler, Pullen top AP preseason All-America team"". Yahoo! News. Retrieved November 3, 2010.
""Super freshman Harrison Barnes scores 14 as UNC rolls in opener"". ESPN News. November 12, 2010. Archived from the original on November 14, 2010. Retrieved November 12, 2010.
""Harrison Barnes Records First Career Double Double"". CarolinaUpdate.com. December 12, 2010. Archived from the original on August 13, 2011. Retrieved January 3, 2011.
""Virginia Tech Hokies vs. North Carolina Tar Heels – Recap – January 13, 2011"". ESPN. January 13, 2011. Archived from the original on January 24, 2013. Retrieved July 11, 2012.
""North Carolina Tar Heels vs. Miami (FL) Hurricanes – Recap – January 26, 2011"". ESPN. January 26, 2011. Archived from the original on January 31, 2011. Retrieved July 11, 2012.
""Barnes' 3 gives No. 13 UNC win at Florida State"". USA Today. March 2, 2011. Retrieved July 11, 2012.
""Tar Heels seal spot in ACC final as Harrison Barnes scores season-high 40"". ESPN News. March 12, 2011. Archived from the original on March 15, 2011. Retrieved March 12, 2011.
""Barnes' decision hints at larger shift"". ESPN.com. April 18, 2011. Retrieved February 15, 2022.
Wang, Gene (June 19, 2012). ""Harrison Barnes works out for Wizards"". The Washington Post.
""Press Pass: Mark Jackson"". National Basketball Association. April 27, 2013. Retrieved April 27, 2013.
Lepper, Geoff (May 12, 2013). ""Notebook: Warriors 97, Spurs 87"". National Basketball Association. Archived from the original on June 2, 2015. Retrieved May 12, 2013.
""Lillard headlines 2012–13 All-Rookie Team"". National Basketball Association. May 14, 2013. Archived from the original on June 7, 2013. Retrieved May 14, 2013.
""Portland's Lillard named 2012–13 Kia NBA Rookie of the Year"". NBA.com. Archived from the original on January 18, 2018. Retrieved July 28, 2013.
""Lillard, Carter-Williams headline 2014 Rising Stars Challenge"". National Basketball Association. January 29, 2014. Retrieved April 17, 2014.
""Team Hill at Team Webber"". National Basketball Association. February 14, 2014. Archived from the original on February 15, 2014. Retrieved April 17, 2014.
""Hawks at Warriors"". NBA.com. Archived from the original on September 25, 2017. Retrieved April 3, 2015.
""Suns at Warriors"". NBA.com. Archived from the original on October 3, 2015. Retrieved April 3, 2015.
Goldsberry, Kirk (May 21, 2015). ""Bay Area Bellwether: How the Improvement of Harrison Barnes Mirrors Golden State's Ascent"".
""Rockets at Warriors"". NBA.com. Archived from the original on May 29, 2015. Retrieved May 28, 2015.
""Hornets vs Warriors"". NBA.com. Archived from the original on January 27, 2017. Retrieved January 5, 2016.
""Spurs vs Warriors"". NBA.com. Archived from the original on April 8, 2016. Retrieved April 8, 2016.
""Cavaliers vs Warriors"". NBA.com. Archived from the original on June 3, 2016.
""Mavericks sign forward Harrison Barnes"". mavs.com. July 9, 2016. Retrieved July 9, 2016.
""Done deal: SF Harrison Barnes signs four-year, $94 million deal with Mavericks"". The Dallas Morning News. July 6, 2016. Retrieved July 6, 2016.
""Turner's opening act leads Pacers past Mavs, 130–121 in OT"". ESPN. October 26, 2016. Retrieved October 26, 2016.
""Rockets top Mavs 106–98 with Nowitzki out for home opener"". ESPN. October 28, 2016. Retrieved October 29, 2016.
""Barnes scores career-high 34, Mavs beat Bucks 86–75 in OT"". ESPN. November 6, 2016. Retrieved November 6, 2016.
""Harrison Barnes 2016–17 Game Log"". Basketball-Reference.com. Retrieved January 22, 2018.
""Harrison Barnes 2017–18 Game Log"". Basketball-Reference.com. Retrieved January 22, 2018.
""Barnes' 30-footer at the horn lifts Mavs over Grizzlies"". ESPN. November 22, 2017. Retrieved November 22, 2017.
""Barea, Mavs end another Raptors 6-game streak with 98–93 win"". ESPN. December 26, 2017. Retrieved December 26, 2017.
""Barnes, Ferrell lead Mavericks past Hornets 115–111"". ESPN. January 10, 2018. Retrieved January 10, 2018.
""Harrison Barnes advanced stats"". National Basketball Association. Retrieved May 29, 2018.
""Lowry has 20 as Raptors win 6th straight, beat Mavs 116–107"". ESPN. October 26, 2018. Retrieved October 27, 2018.
""Barnes, Jordan star in Mavericks' 114–110 win over Clippers"". ESPN. December 2, 2018. Retrieved December 3, 2018.
""Westbrook rebounds with triple-double as Thunder beat Mavs"". ESPN. December 31, 2018. Retrieved January 1, 2019.
""Mavericks top Hornets 99–93 as Dallas deals Barnes to Kings"". ESPN. February 6, 2019. Retrieved February 7, 2019.
""Kings Acquire Forward Harrison Barnes"". National Basketball Association. February 6, 2019. Retrieved February 7, 2019.
""Kings come back from 11 down in fourth to beat Heat 102–96"". ESPN. February 8, 2019. Retrieved February 8, 2019.
""Source: Harrison Barnes, Kings agree to four-year, $85M contract"". RSN. June 30, 2019. Retrieved April 27, 2023.
""Spurs Acquire Harrison Barnes"". NBA.com. July 8, 2024. Retrieved July 8, 2024.
""Report: Ames native Harrison Barnes named to Team USA"". USA Today.
""Harrison Barnes"". Archived from the original on August 10, 2015.
""ACSMA Announces 2010–11 Individual Awards for ACC Men's Basketball"". theacc.com. March 8, 2011. Archived from the original on December 9, 2012.
""BASKETBALL: Faith guides phenom"". Iowa State Daily. December 10, 2009. Archived from the original on October 22, 2021. Retrieved May 31, 2016.
""Harrison Barnes's first sip of alcohol was Warriors' victory champagne"". Sports Illustrated. June 17, 2015. Retrieved May 31, 2016.
""UNC in NBA: Harrison Barnes gets married over weekend"". Fansided. July 29, 2017. Archived from the original on July 30, 2017. Retrieved July 30, 2017.
""Harrison Barnes humbled by Ames High gym dedication: NBA star enters school's Hall of Fame"". Ames Tribune. September 16, 2022. Retrieved September 19, 2022.
","
Phil Jackson

This is the latest accepted revision, reviewed on 15 August 2024.
This article is about the basketball coach. For other people with the same name, see Philip Jackson (disambiguation).
Philip Douglas Jackson (born September 17, 1945) is an American former professional basketball player, coach, and executive. A power forward, Jackson played 12 seasons in the National Basketball Association (NBA), winning championships with the New York Knicks in 1970 and 1973. Regarded as one of the greatest coaches of all time, Jackson was the head coach of the Chicago Bulls from 1989 to 1998, leading them to six NBA championships. He then coached the Los Angeles Lakers from 1999 to 2004 and again from 2005 to 2011; the team won five league titles under his leadership. Jackson's 11 NBA titles as a coach surpassed the previous record of nine set by Red Auerbach. He holds numerous other records as a coach, such as most postseason wins (229), and most NBA Conference titles (13).
Jackson is known for his use of Tex Winter's triangle offense as well as a holistic approach to coaching that was influenced by Eastern philosophy, garnering him the nickname ""Zen Master"". Jackson cited Robert Pirsig's book Zen and the Art of Motorcycle Maintenance as one of the major guiding forces in his life. He also applied Native American spiritual practices as documented in his book Sacred Hoops. He is the author of several candid books about his teams and his basketball strategies. In 2007, Jackson was inducted into the Basketball Hall of Fame. In 1996, as part of celebrations for the NBA's 50th anniversary, Jackson was named one of the 10 greatest coaches in league history.
Jackson retired from coaching in 2011 and joined the Knicks as an executive in March 2014. He was dismissed as the Knicks' team president in 2017.

Early life

Jackson was born in Deer Lodge, Montana on September 17, 1945. His parents, Charles and Elisabeth Funk Jackson, were Assemblies of God ministers. Elisabeth came from a long line of German Mennonites before her conversion to the Assemblies of God. In the churches that they served, his father, Charles, generally preached on Sunday mornings and his mother on Sunday evenings. Eventually, his father became a ministerial supervisor. Phil, his two brothers, and his half-sister grew up in a remote area of Montana in an austere environment, in which no dancing or television was allowed. Jackson did not see his first movie until he was a senior in high school, and went to a dance for the first time in college. Growing up, he assumed he would become a minister.
Jackson attended high school in Williston, North Dakota, where he played varsity basketball and led the team to a state title. He also played football, was a pitcher on the baseball team, and threw the discus in track and field competitions. The high school now has a sports complex named after him. His brother Chuck speculated years later that the three Jackson sons threw themselves passionately into athletics because it was the only time they were allowed to do what other children were doing. Jackson attracted the attention of several baseball scouts. Their notes found their way to future NBA coach Bill Fitch, who had previously coached baseball, and had been doing some scouting for the Milwaukee Braves. Fitch took over as head basketball coach at the University of North Dakota in the spring of 1962, during Jackson's junior year of high school.

College career

Bill Fitch successfully recruited Jackson to the University of North Dakota, where he was a member of the Sigma Alpha Epsilon fraternity. Jackson did well there, helping the Fighting Sioux to third- and fourth-place finishes in the NCAA Division II tournament in his sophomore and junior years (1965 and 1966). Both years, they were beaten by the Southern Illinois Salukis. Jackson's future Knicks teammate Walt Frazier was the Salukis' biggest star, but the two only faced off in 1965, as Frazier was academically ineligible in 1966.

Professional career


New York Knicks (1967–1978)

Jackson circa 1968 In 1967, Jackson was drafted in the second round by the New York Knicks. While he was a good all-around athlete, with unusually long arms, he was limited offensively but compensated with intelligence and hard work on defense. Jackson eventually established himself as a fan favorite and one of the NBA's leading substitutes, although he had very little playing time. He was a top reserve on the Knicks team that won the NBA title in 1973. Jackson did not play during New York's 1969–70 championship season due to spinal fusion surgery; however, he authored a book entitled Take It All, a photo diary of the Knicks' 1970 championship run.
Soon after the 1973 title, several key starters retired, creating an opening for Jackson in the starting lineup. In the 1974–75 NBA season, Jackson and the Milwaukee Bucks' Bob Dandridge shared the lead for total personal fouls, with 330 each. Jackson lived in Leonia, New Jersey, during this time.

New Jersey Nets (1978–1980)

After crossing the Hudson in 1978 to play two seasons for the New Jersey Nets, Jackson retired as a player after the 1979–80 NBA season.

Coaching career


CBA and Puerto Rico (1982–1987)

In the years immediately following the end of his playing career, Jackson coached in professional leagues like the Continental Basketball Association (CBA) and Puerto Rico's National Superior Basketball (BSN). While in the CBA, he won his first coaching championship, leading the Albany Patroons to their first title in 1984. Jackson was named the CBA Coach of the Year in 1985. In Puerto Rico, he coached the Piratas de Quebradillas (1984 and 1987) and the Gallitos de Isabela (1984–1986). He regularly sought NBA jobs, but was turned down. Jackson had acquired a reputation for being sympathetic to the counterculture during his playing years, which may have scared off potential NBA employers.

Chicago Bulls (1987–1998)

In 1987, Jackson was hired as an assistant coach by the Chicago Bulls under Doug Collins. He was promoted to head coach after Collins was fired in 1989. It was around this time that he met Tex Winter and became a devotee of Winter's triangle offense. Over nine seasons, Jackson coached the Bulls to six championships, winning three straight championships over separate three-year periods. The ""three-peat"" was the first since the Boston Celtics won eight titles in a row from 1959 through 1966.
Michael Jordan and Jackson in 1997  Jackson and the Bulls made the playoffs every year, and failed to win the title only three times. Michael Jordan's first retirement after the 1992–1993 season marked the end of the first ""three-peat"", and although Jordan returned just before the 1995 playoffs, it was not enough to prevent a playoff elimination by the Orlando Magic.
Despite the Bulls' success, tension between Jackson and Bulls general manager Jerry Krause grew. Some believed that Krause felt under-recognized for building a championship team and believed that Jackson was indebted to him for giving him his first NBA coaching job. In the summer of 1997, Jackson was not invited to the wedding of Krause's stepdaughter, although all of the Bulls' assistant coaches were, as was Tim Floyd, then head coach at Iowa State, Jackson's eventual successor. After contentious negotiations, Jackson was signed for the 1997–98 season only. Krause announced the signing by emphasizing that Jackson would not be rehired even if the Bulls won the 1997–98 title. Jackson then told Krause that he seemed to be rooting for the other side, to which Krause responded, ""I don't care if it's 82-and-0 this year, you're fucking gone."" Krause publicly portrayed Jackson as a two-faced character who had very little regard for his assistant coaches.
After the Bulls' final title of the Jordan era in 1998, Jackson left the team vowing never to coach again. However, after taking a year off, he decided to give it another chance with the Los Angeles Lakers in 1999.

Los Angeles Lakers (1999–2004, 2005–2011)

Jackson took over a talented Lakers team and immediately produced results as he had done in Chicago. In his first year in Los Angeles, the Lakers went 67–15 during the regular season to top the league. Reaching the conference finals, they eliminated the Portland Trail Blazers in a tough seven-game series and then won the 2000 NBA championship by beating the Indiana Pacers.
With the talented superstar duo of Shaquille O'Neal and Kobe Bryant, the strong supporting cast of Glen Rice, Derek Fisher, Rick Fox, Devean George, A.C. Green, Robert Horry, and Brian Shaw, and the assistance of former Bulls Horace Grant, Ron Harper, and John Salley, Jackson led the Lakers to two additional titles in 2001 and 2002, against the Philadelphia 76ers and New Jersey Nets, adding up to his third three-peat as head coach. The main serious challenge the Lakers faced was from their conference rival, the Sacramento Kings.
Phil Jackson coaching the Lakers However, injuries, weak bench play, and public tension between Bryant and O'Neal slowed the team down, and they were beaten in the second round of the 2003 NBA Playoffs by the eventual champion San Antonio Spurs. Afterward, Jackson clashed frequently with Bryant. While remarkably efficient in Jackson's ""triangle offense"", Bryant had a personal distaste for Jackson's brand of basketball and subsequently called it ""boring"". In games, Bryant would often disregard the set offense completely to experiment with his own one-on-one moves, infuriating the normally calm Jackson. Bryant managed to test Jackson's patience enough that the ""Zen Master"" even demanded that Bryant be traded, although Lakers management rejected the request.
Prior to the 2003–04 season, the Lakers signed NBA star veterans Karl Malone and Gary Payton, who had been franchise players for the Utah Jazz and the Seattle SuperSonics, respectively, leading to predictions by some that the team would finish with the best record in NBA history. But from the first day of training camp, the Lakers were beset by distractions. Bryant's trial for sexual assault, continued public sniping between O'Neal and Bryant, and repeated disputes between Jackson and Bryant all affected the team during the season. Despite these distractions, the Lakers beat the defending champion Spurs en route to advancing to the 2004 NBA Finals and were heavy favorites to regain the title. However, they were upset by the Detroit Pistons, who used their strong defense to dominate the Lakers, winning the title four games to one. This marked the first time in ten attempts as head coach that Jackson had lost in the NBA Finals.
On June 18, 2004, three days after the loss to the Pistons, the Lakers announced that Jackson would leave his position as Lakers coach. Jackson was seeking to double his salary from $6 million to $12 million on his expiring contract. He had a contract offer outstanding from the Lakers, but he had not acted on it. Winter said Jackson announced at the All-Star break that he would not want to return to the Lakers if Bryant returned. Many fans attributed Jackson's departure directly to the wishes of Bryant, as Lakers owner Dr. Jerry Buss reportedly sided with Bryant. Jackson, Bryant, and Buss all denied that Bryant had made any explicit demand regarding Jackson. However, O'Neal, upon hearing General Manager Mitch Kupchak's announcement of the team's willingness to trade O'Neal and its intention to keep Bryant, indicated that he felt the franchise was indeed pandering to Bryant's wishes with the departure of Jackson. O'Neal's trade to the Miami Heat was the end of the ""Trifecta"" that had led the Lakers to three championship titles.
That fall, Jackson released The Last Season, a book that describes his point of view of the tensions that surrounded the 2003–04 Lakers team. The book was pointedly critical of Kobe Bryant.
Without Jackson and O'Neal, the Lakers were forced to become a faster-paced team on the court. Though they achieved some success in the first half of the season, injuries to several players including Kobe Bryant and Lamar Odom forced the team out of contention, going 34–48 in 2004–05 and missing the playoffs for the first time in 11 years. Rudy Tomjanovich, Jackson's successor as coach, resigned midway through the season after coaching just 41 games, citing health issues not related to his past bout with bladder cancer, which immediately led to speculation that the Lakers might bring Jackson back.
On June 15, 2005, preceding the 2005–06 season, the Lakers rehired Jackson. Jackson subsequently led the Lakers to a seventh-seed playoff berth for the 2006 playoffs. Once again promoting the notion of selfless team play embodied by the triangle offense, the team achieved substantial results, especially in the last month of the season. Jackson also worked very seamlessly with Bryant, who had earlier shown his desire to bring back Jackson to the bench. Bryant's regular-season performance won him the league scoring title and made him a finalist in MVP voting. However, the Lakers faced a tough 2006 first-round matchup against the second-seeded Phoenix Suns, who were led by eventual MVP winner Steve Nash. The Lakers jumped out to a 3–1 lead following a dramatic last-second shot by Bryant in overtime to win game four, but the Suns recovered to win the last three and take the series. It was the first time that a Jackson-coached team had failed to reach the second round of the playoffs.
Jackson (right) in 2008, standing next to Lakers assistant coach Frank Hamblen (left) On January 7, 2007, Jackson won his 900th game, then placing him 9th on the all-time win list for NBA coaches. With this win, Jackson became the fastest to reach 900 career wins, doing so in only 1,264 games and beating Pat Riley's previous record of 900 in 1,278 games.
On December 12, 2007, after announcing he would return to his position as coach just a few days prior, Jackson inked a 2-year contract extension to continue his tenure with the Los Angeles Lakers through the end of the 2009–2010 season.
During the 2007–08 season, the Lakers were able to obtain Pau Gasol in a trade with the Memphis Grizzlies. With another star to pair with Bryant, Jackson coached the Lakers to an appearance in the 2008 NBA Finals against the Boston Celtics. Boston went on to win the series 4–2, in the process handing Jackson and the Lakers their worst playoff loss ever in Game 6, a 39-point defeat. It was only the second time in 11 appearances that Jackson had lost an NBA Finals.
On December 25, 2008, Jackson became the sixth coach to win 1,000 games, with the Lakers defeating the Celtics in their first matchup since the last year's finals. He was the fastest to win 1,000 games, surpassing Pat Riley, who had taken 11 more games than Jackson.
Jackson again coached the Lakers to the NBA Finals in 2009, defeating the Utah Jazz, Houston Rockets, and Denver Nuggets in the process. In the Finals, the Lakers defeated the Orlando Magic 4–1, clinching Jackson's 10th NBA championship as head coach and surpassing the record for most championships won by a head coach previously held by him and Red Auerbach.
On February 3, 2010, Jackson recorded his 534th win as Lakers head coach, surpassing Pat Riley to become the most successful coach in franchise history. The Lakers would go on to a fifth consecutive playoff berth in 2010. They defeated the Oklahoma City Thunder, Utah Jazz, and Phoenix Suns in the playoffs before defeating the Boston Celtics in the 2010 NBA Finals, earning Jackson his 11th NBA championship as head coach and his fifth with the Lakers.
On July 1, 2010, Jackson, after giving it tremendous thought and consulting with his doctors over health concerns, announced that he would return to coach the Lakers for the 2010–11 season. On August 2, 2010, Jackson signed a new contract with the Lakers to return for what he mentioned was ""his last stand"", meaning the 2010–11 season would be his last. In January 2011, he reiterated that it would be his final season, explaining that in the past there was the possibility that maybe he would reconsider. ""This year, there's no maybe"", said Jackson. He retired after the Lakers were swept out of the playoffs in the conference semifinals by that season's eventual NBA champions, the Dallas Mavericks, meaning that he would not get a fourth three-peat (after previously achieving that feat in 1993, 1998 and 2002). In his final news conference that season, he noted that he did not have much of a relationship with Jerry or Jim Buss, and said, ""When I leave here, I don't anticipate Lakers management will call me up and ask my advice.""
After the Lakers fired Jackson's successor, Mike Brown, early in the 2012–13 season, they first approached Jackson to replace Brown. Jackson requested two days to consider the opening. He believed the Lakers would wait for his response, but the Lakers thought it was understood they would continue their search. The next day, the team talked with Mike D'Antoni and hired him in a unanimous decision by the front office. They felt D'Antoni's fast-paced style of play made him a ""great fit"" for the team, more suitable than Jackson's structured triangle offense. Jerry Buss' preference has always been for the Lakers to have a wide-open offense. In the two games leading up to D'Antoni's signing, Lakers fans at Staples Center had chanted ""We Want Phil!""

Executive career


New York Knicks (2014–2017)

In 2014, Jackson was in discussions for months with the New York Knicks regarding an executive position with the team. On March 18, he was introduced as the president of the Knicks after signing a five-year, $60 million contract.
On April 21, 2014, over one week after the conclusion of the season, Mike Woodson and his entire staff were fired by Jackson. The Knicks finished the season with a 37–45 record and finished 9th in the Eastern Conference standings.
On June 9, 2014, the Knicks hired Derek Fisher as the head coach. Fisher had played under Phil Jackson as a Laker and won five championships together.
On June 25, 2014, the Knicks traded guard Raymond Felton along with former NBA Defensive Player of the Year Tyson Chandler to the Dallas Mavericks. In return, the Knicks received Shane Larkin, José Calderón, Samuel Dalembert, and Wayne Ellington along with two picks for the following day's draft. The trade was the first one that he executed as a front office executive. On June 26, as part of the 2014 NBA draft, the Knicks selected Cleanthony Early as the 34th overall pick and Thanasis Antetokounmpo as the 51st overall pick, using the draft picks received in the trade from the Mavericks. The Knicks also acquired Louis Labeyrie, an additional second-round draft pick, after he was traded by the Pacers.
On January 7, 2015, the Knicks set a franchise record with 13 straight losses. The Knicks fell 101–91 to the Washington Wizards, giving New York its longest losing streak in the franchise's 69-year history. This record was extended to 16 straight losses after the NBA Global Games loss against the Milwaukee Bucks in London. They ended the season with a franchise-worst record of 17–65.
On June 25, 2015, the Knicks drafted Latvian Kristaps Porziņģis with the fourth overall pick in the 2015 NBA draft; he signed his rookie-scale contract with the Knicks on July 30, 2015. On that same night, the Knicks traded Tim Hardaway Jr. for the 19th pick in the draft, which would become Jerian Grant. Porziņģis was an NBA All-Rookie First Team selection for the 2016 season.
On November 14, 2016, Jackson was criticized for using the word ""posse"" to describe Cleveland Cavaliers small forward LeBron James and his business associates during a situation that occurred during James' tenure with the Miami Heat, via ESPN.com's Jackie MacMullan.
On June 28, 2017, the Knicks officially announced a mutual decision to part ways with Jackson. The speculated reasoning for the parting of ways was Jackson's attempted buying-out of Carmelo Anthony and his very public strife with Porziņģis. Jackson was replaced by his former subordinate Steve Mills.

Awards

Jackson won the 1996 NBA Coach of the Year Award. In the same year, he was named one of the ten greatest NBA coaches of all time by vote in an unranked compilation. At the time he was in his 8th year coaching; in the seven years prior he coached 574 games and won 414, with only 160 losses, and had a win–loss percentage of 72.1% – the highest of any coach on the list at that time. He continued his success in his later career; cumulative careers in perspective, he retains the highest win–loss percentage of any coach on this list at 70.4% (1155 wins, 485 losses).
In 2002 and 2010 the United States Sports Academy awarded Jackson the Amos Alonzo Stagg Coaching Award.
Jackson is a recipient of the state of North Dakota's Roughrider Award.

Personal life

Jackson has five children and eight grandchildren. He married his first wife, Maxine, in 1967. They divorced in 1972. He married his second wife, June, in 1974, but they divorced in 2000. He dated Jeanie Buss, the daughter of Lakers owner Jerry Buss, whom he met in 1999. The two became engaged in 2013. On December 27, 2016, they announced the termination of their engagement in a joint statement on Twitter.
While he was the coach of the Chicago Bulls, he lived in Bannockburn, Illinois. He lived in Playa del Rey, Los Angeles when he was the coach of the Los Angeles Lakers. While he was the president of basketball operations of the New York Knicks, he lived in Midtown Manhattan, New York City. He currently resides in Flathead Lake, Montana.
He has 26 hours of graduate study in psychology.
Jackson said he has used marijuana and LSD in the past. In 2010, he said he did not believe that prisons should be filled with people prosecuted for marijuana, but called California's Proposition 19, which would have legalized marijuana, poorly written. Jackson is also a Deadhead, a fan of the Grateful Dead, and attended some of their concerts in the 1970s and 1990s.
In a 1990 interview with the Chicago Tribune, Jackson said that he did not care for preachers who browbeat the audience, describing his religious views as, ""I've always liked the concept of God being beyond anything that the human mind can conceive. I think there is a pantheistic-deistic-American Indian combination religion out there for Americans. That rings true to me.""
Jackson was diagnosed with prostate cancer in March 2011. He told the Lakers players in May 2011, when they were involved in a second-round playoff series against the Mavericks. Jackson decided to delay his surgery until after the playoffs.
In 2020, he was a subject of the documentary miniseries The Last Dance, alongside Michael Jordan, Scottie Pippen, Steve Kerr and Dennis Rodman.
Jackson no longer watches the NBA, saying in April 2023 that it had become too political. ""People want to see sports as non-political,"" he said.

Career statistics


Playing


NBA


Regular season


Playoffs


Head coaching record

Jackson has had a winning record every year as a head coach, and currently has the highest winning percentage of any Hall of Fame coach, and the highest of any NBA coach coaching 500 games or more. Along with his NBA-record 11 championships, he is the only coach to win at least 10 championships in any of North America's major professional sports: the records are respectively 6 titles in the NFL, 9 titles in the NHL and 7 titles in MLB.
At the end of the 2010 season he had the fifth-most wins of any NBA coach, and was one of only six to have over 1,000 wins. Of those six he was the only one who had not coached over 1,900 games, and the only one not included in the top 10 total games coached.

Books

Jackson, Phil; Charley Rosen (1975). Maverick: More Than a Game. Chicago: Playboy Press. ISBN 0872234398. Jackson, Phil; Hugh Delehanty (1995). Sacred Hoops: Spiritual Lessons of a Hardwood Warrior. New York: Hyperion. ISBN 0786862068. Jackson, Phil; Rosen, Charley (2001). More Than a Game. New York: Seven Stories Press. ISBN 9781583220603. Jackson, Phil; Michael Arkush (2004). The Last Season: A Team in Search of Its Soul. New York: Penguin Press. ISBN 1594200351. Jackson, Phil (2009). The Los Angeles Lakers: 50 Amazing Years in the City of Angels. San Leandro: Time Capsule Press. ISBN 978-0982324202. Jackson, Phil (2010). Journey to the Ring: Behind the Scenes with the 2010 NBA Champion Lakers. San Leandro: Time Capsule Press. ISBN 978-0982324226. Jackson, Phil (2013). Eleven Rings: The Soul of Success. New York: Penguin Press. ISBN 9781594205118.

See also


References


Further reading


External links


Contents

","
Lavoy Allen

Lavoy Allen (born February 4, 1989) is an American former professional basketball player. He was selected in the second round, 50th overall pick in the 2011 NBA draft by the Philadelphia 76ers. Allen is the son of a truck driver, and did not play much basketball until eighth grade. He attended Pennsbury High School, where he was coached by Oliver Aaron. Rivals.com ranked him the 14th best center in his class, and Scout.com named him the 110th overall prospect. Allen committed to Temple University and coach Fran Dunphy.
Temple reached the NCAA tournament in all four seasons that Allen played there. He was a three-time All-Atlantic 10 Defensive Team honoree and a two-time All-Atlantic 10 First Team recipient. In his junior year, he became the first Temple player to average a double-double since Ollie Johnson accomplished the feat in 1970–71. Allen declared for early entry in the 2010 NBA draft, but withdrew prior to the May 8 deadline. As a senior, Allen surpassed Johnny Baum as the all-time leading rebounder in Temple history. He was the recipient of the Robert V. Geasey Trophy honoring the Philadelphia Big Five Player of the Year. Dunphy has said that Allen ""might be the smartest player I've ever coached.""

Early life

Allen was born in Trenton, New Jersey on February 4, 1989. His mother is Paula Allen and his father, Dave Allen, is a truck driver. When he was nine years old, Lavoy moved to Morrisville, Pennsylvania, and struggled to make friends in his new surroundings. He did not play much organized basketball until eighth grade. In an interview, Allen admitted he was not very good in the beginning, and focused on passing the ball to a better teammate. His initial motivation was how schoolchildren mocked him for his height yet not being able to dunk. ""I could barely jump over the Sunday paper,"" he said.

High school career

He attended Pennsbury High School, where he was coached by Frank Sciolla. Former Temple player Dalton Pepper was his high school teammate. In ninth grade, Allen decided that he wanted to be great, and put in much more practice time. He became a starter on the varsity team in his sophomore year. As a junior, he averaged 12 points and nine rebounds per game, and was named a Top 150 player in his class by Hoop Scoop.
In his senior season, Allen posted per-game averages of 13 points, 9.6 rebounds, 3.2 assists, 3 blocks, and 2 steals. Under Allen, Pennsbury reached the second round of the PIAA playoffs before losing to Harrisburg High School. He was named to the Second Team all-Southeastern Pennsylvania at the conclusion of the season. Allen tried out for the USA U-19 basketball team, but did not make the final cut. Rivals.com ranked him the 14th best center in his class, and Scout.com named him the 110th overall prospect. He worked at a day care facility to earn enough money to bring his date to the senior prom. On November 8, 2006, Allen committed to Temple, over Division I scholarship offers from Rutgers, Saint Joseph's, and La Salle. Along with Dayton signee Chris Wright, Allen was one of two ESPN 100 prospects in the class of 2008 to sign with an Atlantic 10 program.

College career


Freshman

Coming into his freshman season, Allen was selected to the Preseason All-Atlantic 10 Rookie Team. He was seen as an answer for Temple's rebounding and interior scoring struggles from the previous 12–18 season. In his first college basketball game, Allen scored eight points and grabbed nine rebounds in a loss to #7 Tennessee. From November 18 through December 9, 2007, he scored in double figures in six consecutive games. On February 10, 2008, Allen's season-high 20 points led Temple to an 80–70 overtime victory over the UMass Minutemen. Allen was benched in the February 17 game against Dayton due to missing a study assignment.
The Owls finished the season 21–13, and made the NCAA tournament for the first time since 2001, receiving a 12 seed by the selection committee. In the first round, they bowed out to fifth-seeded Michigan State 72–61. In that game, Allen notched his first double-double of 13 points and 11 rebounds, and also drained his first two collegiate three-pointers. He led the team in blocks with a total of 52, and finished second in field goal percentage (.558), third in rebounds per game (5.7), and fourth in points per game (8.1). Allen was selected to the All-Atlantic 10 Rookie Team.

Sophomore

As a sophomore, Allen increased his scoring average to 10.9 points per game, second on the team, and again led the team in blocks with 1.56 per game. He shot a team-best .579 from the floor, and his .618 field goal percentage in league games led the Atlantic 10. In addition, he led the team and finished third in the Atlantic 10 in rebounding with 9.0 rebounds per game. He had 14 double-doubles on the season. In the Owls' game against Lafayette, Allen broke his thumb and was forced to miss the next game against Buffalo. His season-high 23 points came on February 8, when the Owls defeated the Rhode Island Rams 68–62; Allen also had 13 rebounds. The following day, Allen received his first Philadelphia Big 5 player of the week honors. He would again be honored as Big 5 player of the week on February 23, following a 20-point and season-high 18 rebound performance against St. Bonaventure.
At the end of the regular season, Allen was named to the All-Atlantic 10 Third Team and All-Atlantic 10 Defensive Team. He helped Temple to its second consecutive Atlantic 10 Tournament title and NCAA Tournament appearance. In the championship game over Duquesne, Allen contributed 10 points and 14 rebounds. He posted 10 points and 11 rebounds against Arizona State in an 2009 NCAA tournament round of 64 loss.

Junior

Allen attempts a free throw on February 28, 2010, with Temple. Allen was a Preseason All-Atlantic 10 First Team selection in his junior year. He averaged 11.5 points and 10.7 rebounds per game, becoming the first Temple player to average a double-double since Ollie Johnson accomplished the feat in 1970–71. Allen's 10.9 rebounds per game average in Atlantic 10 conference games was bested only by Fordham's Chris Gaston and Duquesne's Damian Saunders. In addition, he led Temple in field goal percentage at .536. He scored 10 points and snatched 17 rebounds in the Owls' upset of #3 Villanova on December 19. In a 65–53 win over La Salle on February 28, 2010, Allen scored 17 points and grabbed 21 rebounds, a career high and the most by an Owl since Joe Newman pulled down 24 on February 5, 1973. With the victory, Temple clinched the Philadelphia Big Five title with a perfect 4–0 record. Allen became the 46th Temple player to score 1,000 points in his career in a game against George Washington. This earned him Atlantic 10 (co-)player of the week honors for the week of March 7.
Led by Allen, Temple enjoyed a 29–5 season, captured a share of the Atlantic 10 conference regular season championship with a 14–2 record, and culminated in a third consecutive Atlantic 10 conference tournament title and an automatic bid to the NCAA tournament. In the NCAA Tournament, Temple was seeded fifth and matched up with 12 seed Cornell in the first round. Allen had 11 points, but his Owls were upset by the Big Red 78–65. Following the season, Allen was selected to the All-Atlantic 10 First Team and All-Atlantic 10 Defensive Team. He was recognized as an All-Fourth District first-team selection by the National Association of Basketball Coaches making him eligible for the State Farm Division I All-America teams. Since the Atlantic 10 Conference was its own district, this is equivalent to being named first team All-Atlantic 10 by the NABC. The U.S. Basketball Writers Association named Allen to the 10-man All-District II team covering college basketball players in the states of New York, New Jersey, Delaware. the District of Columbia, Pennsylvania, and West Virginia.
Allen briefly flirted with the 2010 NBA draft. He declared for early entry in the draft, but did not hire an agent. After one workout with the Portland Trail Blazers, Allen was told to return to school to work on his offensive game. On May 8, Allen officially pulled his name out of consideration for the draft. He did so on the final day allowed by the NCAA to ensure collegiate eligibility.

Senior

Allen was named to the 20-man USA Select team, which played with and against the USA National team from July 19-24. Prior to his senior campaign, he was on the preseason John R. Wooden Award and Naismith College Player of the Year watchlists. He was a preseason All-Atlantic 10 First Team and Defensive Team selection. On December 6, Allen was named Atlantic 10 co-player of the week after recording back-to-back double-doubles against Central Michigan and Maryland, both Temple victories. He sprained his ankle in a game against Fordham on February 9, 2011, and was forced to miss the following game versus the Dayton Flyers. In the February 20 game against Saint Joseph's, Allen became Temple's all-time leader in rebounds. Allen snatched 12 boards to pass Temple radio analyst Johnny Baum's career 1,042 rebounds. He received conference player of the week honors for the week of February 28. Allen scored a career-high 24 points to top La Salle in the regular season finale, earning him Atlantic 10 Player of the Week recognition on March 6.
Temple finished with a 26–8 record in Allen's senior season and earned a berth to the 2011 NCAA Division I men's basketball tournament. This time, they defeated Penn State in the round of 64 before falling to San Diego State in double overtime. Allen had 12 points and 11 rebounds in his final game as a Temple Owl. He was named to the All-Atlantic 10 First Team and Defensive Team at the conclusion of the regular season. Allen was the recipient of the Robert V. Geasey Trophy honoring the Philadelphia Big Five Player of the Year.
Behind Chris Gaston of Fordham, Allen finished second in conference in rebounding average with an 8.4 mark in league play, and was fifth in the Atlantic 10 in blocks. In addition, he averaged 11.6 points per game, second on the team. For his career, he pulled down 1,147 rebounds and scored 1,421 points, 24th in Temple history. Temple coach Fran Dunphy has said that Allen ""might be the smartest player I've ever coached in terms of positioning and understanding the game – just his knowledge.""

College statistics


Professional career


2011 NBA draft

On April 1, 2011, Allen participated in the 2011 Reese's College All-Star Game held at the Reliant Center in Houston, Texas. He contributed 11 points and eight rebounds as his East team lost to the West 113–108. Chad Ford of ESPN said that Allen was the 99th best prospect in the 2011 NBA draft. Allen sprained his ankle in a workout with his hometown Philadelphia 76ers and was forced to miss the next workout with the New Jersey Nets. The Sixers were not overly concerned with the injury, as they drafted him in the second round with the 50th pick on June 23. Allen became the 32nd Temple product to be drafted and the first since the New York Knicks selected Mardy Collins with the 29th pick in 2006.

Strasbourg IG (2011)

On July 15, 2011, he signed a contract with Strasbourg IG of France's LNB Pro A. The contract included an opt-out clause when the NBA settled its lockout, set to expire on January 30, 2012. Allen joined former Richmond foes Kevin Anderson and Justin Harper on Strasbourg IG. He made his debut on October 7, scoring 10 points and pulling down four rebounds in a 77–74 victory over Cholet Basket. The following game, against SLUC Nancy Basket, he grabbed a season-high 13 rebounds and also added 12 points. Allen's season-high 19 points came on November 10, when Strasbourg IG defeated Chorale Roanne Basket 93–80. In nine games, Allen averaged 10.1 points and 7.2 rebounds per game.

Philadelphia 76ers (2011–2014)


Rookie season

When the NBA ended its lockout, Allen opted-out of his French contract to sign a contract with the Philadelphia 76ers on December 9, the first day of training camp. Allen made his NBA debut during the 76ers' 97–62 win over the Toronto Raptors on January 7, 2012, and grabbed two rebounds. He first saw significant playing time on the January 23 game against the Washington Wizards due to injuries to centers Spencer Hawes and Nikola Vucevic. Allen responded by scoring 10 points on 5–5 shooting and pulling down six rebounds en route to a 103–83 victory. He recorded a season-high 15 points on February 1 against the Chicago Bulls, and a season-high 12 rebounds against the Milwaukee Bucks on April 25. In 41 regular season games and 15 as a starter, Allen averaged 4.1 points and 4.2 rebounds per game.
Allen raised his averages in the playoffs to 6.3 points and 4.9 rebounds per game. Coach Doug Collins named him the starting center in the playoff opener against the Bulls. In his first playoff game, Allen sprained his thumb, but the injury was not considered severe. In Game 2 of the series, he nearly posted a double double with 11 points and nine rebounds. The 76ers advanced past the Bulls to face the Boston Celtics in the conference semifinals. Allen hit the ""shot of [his] life"" to help the 76ers defeat the Celtics 82–81 in the second game of the series. With the score tied and four minutes left, Andre Iguodala passed the ball to Allen, who hit a 22-foot jumper as the shot clock expired. He earned his postseason minutes partially because of his ability to guard Celtics star Kevin Garnett. The Sixers pushed the series to seven games, but ultimately lost to the Celtics.

2012–13 season

On July 11, 2012, Allen re-signed with the Philadelphia 76ers to a reported two-year, $6 million contract. He missed two days of training camp to attend to his girlfriend, who gave birth to his son Kai on October 4. He started the majority of games for the 76ers in his sophomore season at center due to the absence of Andrew Bynum. Allen averaged 5.8 points and 5.0 rebounds in his second season with the 76ers.

2013–14 season

Allen missed an exhibition game due to a knee injury. He was criticized for missing a practice in October 2013 due to oversleeping. He mainly played backup power forward during the season. Allen missed four games in January 2014 due to a strained right calf. In 51 games, Allen posted averages of 5.2 points and 5.4 rebounds per game.

Indiana Pacers (2014–2017)

On February 20, 2014, Allen and Evan Turner were traded to the Indiana Pacers in exchange for Danny Granger and a second-round draft pick. In eight minutes per game, Allen averaged 2.9 points and 2.4 rebounds per game. Allen scored 13 points in a match against the 76ers on March 14 and contributed 12 points and 11 rebounds last game of the regular season versus the Orlando Magic. He married in the summer of 2014.
On July 11, 2014, Allen re-signed with the Pacers. He was most effective earlier in the season due to injuries of other players. He missed a January 31, 2015, game against the Sacramento Kings due to a sore knee. Allen mainly played as a backup power forward and averaged 5.0 points and 5.1 rebounds in his first full season with the Pacers and was the Pacers' most active offensive rebounder.
On July 27, 2015, Allen re-signed once again with the Pacers.
In Game 2 of the 2017 NBA playoffs versus the Cleveland Cavaliers, Allen inscribed ""Go Pacers"" of the Cavaliers' home court. In June 2017, the Pacers declined the $3.5 million team option for Allen, which made him an unrestricted free agent.

Northern Arizona Suns (2018)

Allen signed with the Zhejiang Golden Bulls in China in November 2017 but never joined the team. In February 2018 he was picked up by the Northern Arizona Suns of the NBA G League. In his second game on February 11, Allen had 14 points and 12 rebounds. He followed up this performance with 12 points and 12 rebounds the next game. On the season, Allen averaged 9.0 points, 6.3 rebounds and 2.4 assists per game, shooting 58.2 percent from the field.

Capital City Go-Go (2018–2019)

On August 22, 2018, Allen was selected by the Capital City Go-Go of the G League in the 2018 expansion draft. On September 20, 2018, the Washington Wizards signed Allen for training camp. He was waived by the Wizards on October 14, but he was added to the roster of the Wizards’ G League affiliate, the Capital City Go-Go.

NBA career statistics


Regular season


Playoffs


References


External links


2011 NBA draft


Contents

","
Jahlil Okafor

Jahlil Obika Okafor (/ˈdʒɑː liːl/; born December 15, 1995) is a Nigerian-American professional basketball player for the Capitanes de Arecibo of the Baloncesto Superior Nacional (BSN). He played his freshman season of college basketball for the 2014–15 Duke national championship team. He was selected with the third overall pick in the 2015 NBA draft by the Philadelphia 76ers.
Okafor had been heavily recruited before high school and was at the top of the recruiting rankings for several years. He played high school basketball in Chicago, Illinois for Whitney M. Young Magnet High School, where he earned high school national player of the year awards from McDonald's, USA Today and Parade. Okafor signed with Duke as a package with Tyus Jones, with widespread recognition as the preseason Collegiate National Player of the Year. At Duke, he earned the USBWA National Freshman of the Year and ACC Player of the Year, and a unanimous 2015 NCAA Men's Basketball All-American first-team selection.

Early life and career

Okafor was born in Fort Smith, Arkansas. His father, Chukwudi, known as Chuck, is a second-generation Nigerian American of Igbo descent, and his mother, Dacresha Lanett Benton, was Bantu-American and European-American. As a youth, Okafor split time between his mother's home in the town of Moffett, Oklahoma and his father's home in Chicago. When he was 9 years old, his mother contracted bronchitis and died two weeks later from a collapsed lung. Okafor permanently moved in with his father to the South Side of Chicago and then to Rosemont. Okafor attended Rosemont Elementary. The adjustment was difficult because he was shy and so tall that other students thought he was put in the class for having failed. In November 2008, during seventh grade he matched his father's height of 6 feet 5 inches (1.96 m). Later the family moved to Chicago's North Side so that Okafor could attend Whitney Young High School.
As a 6-foot-7-inch (2.01 m) eighth-grader, Okafor was recruited by DePaul Blue Demons men's basketball in violation of National Collegiate Athletic Association (NCAA) recruiting rules when DePaul Athletic Director Jean Lenti Ponsetto made public comments about an offer. Initially, interim coach Tracy Webster, made an oral offer on January 30 outside the DePaul locker room at Allstate Arena. The offer was noted online by ESPNChicago.com and picked up by the press, leading to the problematic statements by Ponsetto. In February 2010, Ponsetto confirmed in a statement:
This is a young guy we've been talking with for a long time, and who has been to games and we have a relationship with because his uncle works for the Rosemont Police Department...I think it's a prospect who has grown up around DePaul basketball. I think he's probably a fan and someone who has been a fan for some time, since we have played in Rosemont for the last 30 years.

High school career


Freshman and sophomore seasons

Okafor and Whitney Young teammate Paul White were regarded as the best incoming freshmen in the Chicago metropolitan area, according to the Chicago Sun-Times's Joe Henricksen. They joined a team with six returning seniors that had finished as state runners up the prior year. Along with 6 ft 10 in (2.08 m) sophomore Thomas Hamilton Jr. and White, Okafor was part of a trio of Whitney Young players ranked in the top 10 of their respective national classes by ESPNU. Entering the season, Whitney Young was considered to resemble a college team due to its size and athleticism. That year, Okafor feels he was not one of the ""key players"" on the team, but attending tournaments with elite players such as Austin Rivers and Michael Kidd-Gilchrist inspired him to be one.
Following his freshman season, Okafor was regarded as the second best college basketball prospect in the Chicago area behind Jabari Parker. The scouting report on him was that he possessed an improved midrange jump shot, nimble feet, soft hands and physical skills at 6-foot-9-inch (2.06 m) that made him a mismatch against almost any high school competitor. Prior to his sophomore season Dave Spahn of SLAM Magazine described Okafor as a player with the footwork and ambidexterity to dominate his opponents, placing him in the conversation for the role of best player in the national class of 2014. In August 2011, ESPN ranked him as the third best player in the class of 2014.
Okafor and White were featured in Ball So Hard, the first documentary short by Life + Times.
On December 22, in front of an audience that included John Calipari, Rick Pitino, Derrick Rose and Anthony Davis at the UIC Pavilion, Okafor had 20 points (10 in the fourth quarter), 9 rebounds and 3 blocked shots against cross-town rival Simeon and its star Parker in a 62–55 loss.
Following the season, the Chicago Sun-Times named him to the Class 4A All-State first team along with Parker, Keith Carter, Darius Paul and Fred VanVleet. The Chicago Tribune named him to its second team All-State team. The Associated Press named him to its Class 4A second team. He was also selected by the Chicago Public League Basketball Coaches Association to its 25-man boy's All-City team. The Chicago Sun-Times named him to its All-Public League second team as well as its All-area 20-man team. By the end of his sophomore season, he started appearing on ballots from ESPN HS's 10-person panel for the Mr. Basketball USA award as the best high school basketball player in the country. He was one of twenty sophomores chosen as Underclass All-Americans by ESPN HS.

Junior season

Okafor jumping for a rebound against Simeon Career Academy on January 26, 2013 In June 2012, Sports Illustrated named him one of their ""Future Game Changers"", a group of fourteen young athletes who are considered to be the brightest talents of their respective sport (such as Sarah Hendrickson, Jabrill Peppers, and Taylor Townsend). On September 19, Calipari offered Okafor a scholarship to play for Kentucky, joining Ohio State, Michigan State, Louisville, Illinois, Duke, North Carolina, Florida and Arizona as programs that have offered Okafor.
Okafor was one of 10 USA Today preseason All-USA selections (along with Aaron Gordon, Andrew Harrison, Aaron Harrison, Kasey Hill, Jones, Parker, Julius Randle, Noah Vonleh, Andrew Wiggins). Okafor was named as one of the top 5 Illinois Mr. Basketball contenders (along with Parker, Kendrick Nunn, Sterling Brown and Malcolm Hill) prior to the season by the Chicago Tribune's Mike Helfgot. Whitney Young was the number eight ranked team in the MaxPreps.com national preseason poll. Young entered the season ranked fourteenth in the nation according to ESPN.
On December 20 Okafor and Young lost in overtime to Dakari Johnson's ESPN #1-ranked Montverde Academy. Young was ranked #9 at the time. On January 19, Okafor led Young to an 85–52 victory over Long Beach Polytechnic High School at the Hoophall Classic with 26 points, 7 rebounds and 3 blocks. The victory gave Young a 7–1 record against nationally ranked teams for the year, moving Young to #2 in the USA Today rankings as they prepared for the January 26 crosstown showdown against Simeon and Parker.
In the Chicago Public High School League playoffs February 15 finals contest against Morgan Park High School Okafor tallied 19 points, 14 rebounds and 7 blocked shots, including a game-saving block against Billy Garrett Jr., in a 60–56 overtime Public League Championship game victory over Morgan Park.
Okafor was recognized as a 2013 All-Public League first team selection by the Chicago Sun-Times along with Nunn, Parker, Alexander and Billy Garrett, Jr. On February 28, he was named the Chicago Sun-Times Player of the Year. On March 25, Okafor finished as runner-up in the Illinois Mr. Basketball voting to Parker by a 315–277-point margin, including a 43–40 first place vote margin. On April 17, he was a first team All-USA selection by USA Today along with Wiggins, Aaron Harrison, Randle and Parker. Following the demise of ESPN HS, HighSchoolHardwood.com undertook several honoraria selections. Although MaxPreps.com did not select him as a first team All-American, they did select him as a Junior All-American along with Stanley Johnson, Joel Berry, Jones, and Emmanuel Mudiay.

Senior season

Okafor dunking during the 2014 McDonald's All-American Boys Game Following his time with Team USA, Okafor participated in the Nike Pro-Am Chi-League, the All-Peach Jam, and the Adidas Nations event. He made his verbal commitment on ESPNU to Duke basketball on November 15, jointly with Tyus Jones. Prior to his senior season, USA Today named him to its 10-man preseason All-USA team along with Alexander, Stanley Johnson, Jones, Trey Lyles, Mudiay, Malik Newman, Kelly Oubre, D'Angelo Russell, and Myles Turner. On November 21, Winslow committed to Duke, giving them the number one recruiting class in the nation with Jones, Okafor, Winslow and Grayson Allen all committed. Okafor was joined on the Chicago Tribune's preseason Illinois Mr. Basketball top 5 by Alexander, Jalen Brunson, Tyler Ulis and Keita Bates-Diop.
Okafor dominated the December 27–30, Les Schwab Invitational hosted by Liberty High School by leading the tournament in scoring (31) and rebounding (12.5) and finished 2013 atop the three major recruiting databases (ESPN, Rivals and Scout). Young went 2–2 in the tournament, losing to Rainier Beach High School as well as losing to Oregon's defending Class 6A state champions West Linn High School. On January 4 at the Cancer Research Classic in Wheeling, West Virginia, Okafor earned the tournament MVP based on a 24-point 9-rebound performance against Mudiay's Prime Prep Academy.
Okafor and Young reached an anticipated city championship matchup with Curie and Alexander at the Jones Convocation Center. Okafor had 16 points, 14 rebounds and 3 blocks. Curie won the city championship 69–66 in quadruple overtime as Okafor had 16 points before fouling out with 2:13 remaining in regulation. The CPL Championship game was attended by Mayor of Chicago Rahm Emanuel and was the lead story on the late edition of SportsCenter.
On March 14, Okafor posted 35 points and 13 rebounds in a 75–66 victory over St. Rita of Cascia High School (who featured Kentucky-bound Charles Matthews), earning Young its first sectional title since 2009 and leaving them one victory away from the final four. On March 18, Okafor led Young to a 58–32 victory over Loyola Academy with 12 points, 12 rebounds, 7 assists and 3 blocks. On March 21 Okafor's 33 points and 14 rebounds enabled Young to overcome a record setting 56-point performance by Brunson with a 75–68 victory over Stevenson High School. On March 22, Okafor and Young won the IHSA Class 4A state championship by defeating Benet Academy 46–44. Okafor only produced 8 points, 6 rebounds and 3 assists as he battled Xavier-bound Sean O'Mara.
Okafor earned co-MVP (with Justin Jackson) of the April 2, 2014, McDonald's All-American Game after posting 17 points and 7 rebounds, including the go ahead dunk with fewer than 40 seconds remaining, for the winning west team in a 105–102 victory. On April 12, he posted a 14-point 10-rebound double-double in an 84–73 Team USA Nike Hoops Summit victory over the world team. On April 18 in the Jordan Brand Classic, he earned co-MVP with (Alexander) by posting 29 points and 9 rebounds.
Okafor was selected to the 10-man Team USA for the 17th annual Nike Hoop Summit on April 12, 2014, at the Moda Center. He was also selected to the 24-player 37th annual April 2, 2014 McDonald's All-American Boys Game at the United Center. He was recognized as first team All-City along with teammate White, Alexander, Louis Adams, Jr. of Orr, and Luwane Pipkins of Bogan High School by the Chicago Sun-Times. On February 18, he became one of three finalists for the Naismith Prep Player of the Year Award along with Alexander and Stanley Johnson.
He was selected as the 2014 National Player of the Year from among the 20 Parade All-Americans. He was also recognized by the McDonald's All-American Game organization as its 2014 Morgan Wootten National Player of the Year. USA Today recognized Okafor as its national player of the year when naming its All-USA Boys Basketball Team along with Alexander, Oubre, Mudiay, and Stanley Johnson. Okafor beat Alexander in the Illinois Mr. Basketball voting by a 492–402 vote. He earned first team All-American recognition from MaxPreps on April 13. Okafor was named the 2013–14 Chicago Tribune/WGN Ch. 9 Athlete of the Year.

Rankings

Okafor's last Chicago Public High School League basket, which was against Cliff Alexander in the 2014 championship game In 2011, center Dakari Johnson was named National Freshman of the Year by ESPN HS. In the following months, Okafor beat out Johnson for a spot on the 2011 FIBA Americas Under-16 Championship Team USA. Okafor spent his sophomore season ranked as the number one center and second best player in the national class of 2014 by SLAM Magazine behind Andrew Wiggins, according to SLAM's Franklyn Calle. In January 2012 during his sophomore season, he was ranked third in the class by ESPNU. By April, he was ranked second. By the end of his second year, there was talk that with Jabari Parker Chicago might produce the number one high school player in the country in back to back years, something that they had come close to with Mark Aguirre and Isiah Thomas in the late 1970s. Also in the 1981 NBA draft Aguirre and Thomas were selected first and second, respectively. On October 25, 2012, Andrew Wiggins announced that he was reclassifying into the class of 2013, which cleared the way for Okafor to assume the number one ranking in the Rivals.com ranking for the class of 2014. As of November 2012, he was listed number one in the national class of 2014 by Rivals.com and number two by ESPN. He remained number one according to Rivals with its March 14, 2013 rankings update, following his junior season.

College career

Okafor played one season of college basketball for Duke. He was selected as Preseason Player of the Year by CBSSports.com, NBCSports.com, SB Nation, and ESPN analyst Fran Fraschilla. Okafor was a Preseason All-American first team selection by USA Today, CBSSports.com, NBCSports.com, Athlon Sports, Bleacher Report, Sporting News, SB Nation, Sports Illustrated, and the Associated Press. In its preseason top 100 player ranking, Okafor was listed at number 3 by ESPN. For the 2014–15 Atlantic Coast Conference men's basketball season, the conference media selected him as the ACC Preseason Rookie of the Year and as a Preseason All-ACC Team selection. He finished second in the conference Preseason Player of the Year voting to Marcus Paige. He was also listed as a John R. Wooden Award Preseason Top 50 candidate. He was also named to the Oscar Robertson Trophy and Wayman Tisdale Award Watch Lists.
Okafor opened the season as ACC Freshman of the Week on November 17. In his first three games he shot 25-for-30 on his field goal attempts. He was again named ACC Freshman of the Week on November 24 and December 1. He had his first two 20-point performances in the Coaches vs. Cancer Classic with 24 points against Furman on November 26 and 21 against Army on November 30. On December 15 with a 25-point and 20-rebound performance against Elon, Okafor became the first Duke freshman to record 20 rebounds in a game and the second ACC freshman to record 20 points and 20 rebounds in a game, joining Joe Smith. The performance earned Okafor his fourth ACC Rookie of the Week Award and first Wayman Tisdale National Freshman of the Week recognitions. He then scored a season-high 28 points against Boston College on January 3, earning his fifth ACC Rookie of the Week, first ACC Player of the Week, and second Wayman Tisdale National Freshman of the Week recognition the following day. He was again ACC Rookie of the Week on January 12 and 19. He was named to the John R. Wooden Award Midseason Top 25 list on January 14. After sitting out a game due to an ankle injury, Okafor posted a career-high 30 points in an overtime win against Virginia Tech on February 25.
Following the season, Okafor was named Atlantic Coast Conference Men's Basketball Player of the Year by both the ACC coaches and media and ACC Freshman of the year. He was the first freshman to win ACC Player of the Year. He was also a first team All-ACC selection and among the first trio to be selected to the All-ACC Freshman first team (along with Jones and Winslow). He was named USBWA National Freshman of the Year and the 2015 USBWA Freshman All-America Team by the United States Basketball Writers Association (USBWA). Okafor was a unanimous 2015 NCAA Men's Basketball All-American first-team selection by The Sporting News, USBWA, National Association of Basketball Coaches, and Associated Press. He contributed to a national championship with 10 points, including 2 key baskets in the final minutes, in the championship game of the 2015 NCAA Men's Division I Basketball Tournament, despite spending much of the game in foul trouble while defending Frank Kaminsky of Wisconsin. Okafor finished as runner-up to Kaminsky in the John R. Wooden Award voting (3385–3060). On April 9, Okafor declared for the 2015 NBA draft.

Professional career


Philadelphia 76ers (2015–2017)


2015–16 season

Okafor with the 76ers in 2016 On June 25, 2015, Okafor was selected with the third overall pick in the 2015 NBA draft by the Philadelphia 76ers. After debuting with a 20-point NBA Summer League performance on July 6, Okafor signed a two-year contract with the 76ers on July 7, with team options for two additional seasons. He debuted for the 76ers, logging 26 points, 7 rebounds and two blocks, against the Boston Celtics on October 28. On November 9, he posted his first career double-double with 21 points and 15 rebounds against his hometown Chicago Bulls.
After the 76ers got off to an 0–16 start to the season, Okafor was involved in a street fight with taunting individuals on November 25 in Boston. On November 30, with additional reports surfacing that Okafor had been involved in various controversial and dangerous off-the-court situations, the 76ers agreed to a request to assign a security guard to accompany Okafor in public. On December 1, Okafor and the 76ers defeated the Los Angeles Lakers 103–91. The win ended the longest losing streak in the history of major professional sports in the United States (28 games going back to the prior season) and the worst start in NBA history (tied with the 2009–10 New Jersey Nets at 0–18). The next day, video surfaced on TMZ of a second fight in Boston from November. Okafor was subsequently suspended by the 76ers for two games. He returned from suspension against the San Antonio Spurs on December 7, recording 10 points and 4 rebounds off the bench in a 119–68 defeat. On January 27, 2016, he was named to the 2016 NBA All-Star Game weekend Rising Stars Challenge lineup.
In February, the 76ers had Okafor and Nerlens Noel swap positions as Okafor moved from center to power forward. On February 6, he recorded 22 points and a season-high 17 rebounds in a 103–98 win over the Brooklyn Nets. On February 21 against the Dallas Mavericks, Okafor posted a career-high 31 points in a 129–103 loss. On February 28, Okafor posted 26 points against the Orlando Magic, but he endured a shin contusion in a collision with teammate Isaiah Canaan that was only expected to sideline him for a game. As he missed his fifth consecutive game, 76ers head coach Brett Brown noted that Okafor had a CT scan on his knee. On March 11, Okafor was ruled out for the rest of the season after tests revealed that he had sustained a small tear of the meniscus in his right knee.
Okafor finished fifth in the 2016 NBA Rookie of the Year Award voting and earned NBA All-Rookie First Team honors.

2016–17 season

After the first week of the 2016–17 NBA season, the 76ers exercised the third-year team option on Okafor's rookie scale contract. Okafor began the season on a 16-minute cap to be played over ""smaller segments"" and restriction from back-to-back game participation following the re-aggravation of his meniscus injury. His cap was soon raised to 24 minutes. He was cleared to play unrestricted prior to the November 21 contest against the Miami Heat. On January 14, 2017, Okafor, who had not played in the 76ers' previous three games, scored a then season-high 26 points in a 109–93 loss to the Washington Wizards. He was selected to participate in the Rising Stars Challenge event during All-Star weekend. On February 25, 2017, he had a season-high 28 points and grabbed 10 rebounds in a 110–109 loss to the New York Knicks. On March 31, 2017, after missing the previous four games, he was ruled out for the rest of the season with right knee soreness.

2017–18 season

On November 1, 2017, Okafor revealed that he would welcome a trade or buyout from the 76ers, after the team decided to not pick up the fourth-year, $6.3 million option on Okafor's rookie deal, after having tried to trade him for some time. Once the 76ers decided not to pick up Okafor's option, it gave him the right to be a free agent following the season. He saw time in only two games in the first 5 weeks of the season. After the 76ers could not reach a trade, the team opted to not reach a contract buyout agreement. It was later revealed that Okafor, along with several others associated with the 76ers, had been the subject of a disinformation campaign by the wife of then-General Manager Bryan Colangelo, using confidential information from the GM to denigrate Okafor and excuse the team's unwillingness to trade him.

Brooklyn Nets (2017–2018)

On December 7, 2017, Okafor was traded, along with Nik Stauskas and a 2019 second round draft pick, to the Brooklyn Nets in exchange for Trevor Booker. In his debut for the Nets on December 15, 2017 (his 22nd birthday), Okafor had 10 points and four rebounds in 23 minutes in a 120–87 loss to the Toronto Raptors. He had played just 25 minutes all season for the 76ers. Following his debut, the Nets decided to get him back into playing shape before putting him in games again. His next game came on January 3 against the Minnesota Timberwolves, where he scored two points in 11 minutes. Three days later, he had 12 points in 13 minutes in an 87–85 loss to the Boston Celtics. On January 27, he scored a team-high 21 points in a 111–97 loss to the Timberwolves. Following the season, he became an unrestricted free agent.

New Orleans Pelicans (2018–2020)

On August 9, 2018, Okafor signed with the New Orleans Pelicans. On December 19, he posted a season-high 17 points in 13 minutes against the Milwaukee Bucks. On January 19, the Pelicans announced that Anthony Davis endured an index finger sprain that would sideline him 1–2 weeks. With the increased playing time Okafor set sequential season-high totals in a January 21 105–85 win over the Memphis Grizzlies (season-high 20 points and season-high-tying 10 rebounds), a January 26 126–114 loss to the San Antonio Spurs (24 points and 15 rebounds), and a January 29 121–116 win over the Houston Rockets (27 points) with 12 rebounds. On January 23, he posted a career-high 6 blocks against the Detroit Pistons. In the last game of the Pelicans' season, Okafor scored 30 points against the Golden State Warriors.
On June 20, 2019, Okafor's team option was picked up by the Pelicans. On October 31, he scored 26 points in a 122–107 win against the Denver Nuggets. On January 13, 2020, he had 25 points and 14 rebounds in a 117–110 overtime win against the Pistons. On January 28, Okafor announced that he would change his number from 8 to honor Kobe Bryant. He would wear the number 9 for the rest of the season.

Detroit Pistons (2020–2021)

On December 1, 2020, Okafor signed with the Detroit Pistons.
On September 4, 2021, he and Sekou Doumbouya were traded to the Brooklyn Nets in exchange for DeAndre Jordan. Five days later, the Nets waived Okafor.
On September 22, 2021, Okafor signed with the Atlanta Hawks. However, he was waived on October 11.

Zhejiang Lions (2022)

On February 23, 2022, Okafor signed with the Zhejiang Lions. His G League rights were acquired by the Mexico City Capitanes in September 2022.

Capitanes de Ciudad de México (2022–2023)

On November 4, 2022, Okafor was named to the opening night roster for the Capitanes de Ciudad de México.
On February 4, 2023, Okafor's rights were traded, along with Shabazz Napier, Bruno Caboclo, and Matt Mooney to the Delaware Blue Coats in exchange for Skylar Mays, Justin Robinson, and Raphiael Putney. However, he never played for Delaware.

Casademont Zaragoza (2023–present)

On July 17, 2023, Okafor signed with Casademont Zaragoza of the Liga ACB.

Capitanes de Arecibo (2024–present)

On February 7, 2024, Okafor signed with Capitanes de Arecibo.
On June 13, 2024, Okafor was drafted by the Valley Suns in the 2024 NBA G League expansion draft.

Career statistics


NBA


Regular season


College career


National team career


US national team

In October 2010, he successfully tried out for USA Basketball's 2011–12 USA Developmental National Team. In June 2011, he qualified for the 12-man United States team at the 2011 FIBA Americas Under-16 Championship along with Simeon rivals Parker and Nunn. In the gold medal game, Okafor made all of his field goal attempts posting 18 points and 14 rebounds. For the tournament, his 46 rebounds over 5 games ranked him second on the United States team (to Aaron Gordon) and third at the Championships in rebounding.
He was a member of USA Basketball's 12-man Team USA at the 2012 FIBA Under-17 World Cup with Parker and Nunn again. His listed height was 6 feet 11 inches (2.11 m). At a two-game four-team preliminary exhibition tournament in Las Palmas, Canary Islands the week before the championship began, he was named tournament MVP. He was also named the MVP of the 2012 FIBA Under-17 World Cup, for the gold medal-winning United States team. Okafor posted 17 points and 8 rebounds in the gold medal game. Over the course of the tournament, he was the second-leading scorer, with 13.6 points per game, and second-leading rebounder for the United States, with 8.2 rebounds per game.
On May 21, 2013, USA Basketball announced the roster of 24 players, including Okafor, who had accepted invitations to the June 14–19, 2013, USA Basketball Men's U19 World Cup team training camp. The camp was used to select the 12-man team for the June 27 – July 7, 2013 FIBA Under-19 World Championship in Czech Republic. Okafor made the final roster that was announced on June 18. The team won the gold medal, and Okafor made the All-Tournament team, along with teammate and tournament MVP Gordon. He led the tournament with 77% field goal percentage, and he was the only player on the All-Tournament Team who would return to high school. However, coaches Billy Donovan and Shaka Smart told him his weak link was his conditioning.

Nigerian national team

On 23 February 2020, Jahlil Okafor told ESPN's Marc J. Spears that he would represent the Nigeria national team at the 2020 Summer Olympics. He averaged 9 points over three games in the group stage.

Personal life

Okafor (center) at his November 2013 verbal commitment press conference with his father Chukwudi and aunt Chinyere Okafor-Conley. Jahlil and Chukwudi are wearing Duke University baseball caps to signify his commitment. His mother, Dacresha Lanett Benton, died when he was 9 years old, leaving him to be raised by his father Chukwudi and aunt Chinyere Okafor-Conley, whom he refers to as his ""auntie mom."" His father's full name is Chukwudi Obika Okafor. His parents met in Fort Smith, Arkansas when Chuck played basketball for a local junior college. ""My deepest fear is losing someone else close to me,"" Jahlil told Chicago magazine. ""That's something I think about way more than I should.""
He has an older sister, Jalen, and two younger brothers named Jamonte and Ashondre. His father has five Chicago-area siblings. His uncle works for the police department in Rosemont, Illinois. His father, who is known as Chuck Okafor, is 6 feet 5 inches (1.96 m) and played power forward for Westark Community College, West Texas A&M University and Carl Albert State College. His parents had basketball scholarships at Carl Albert State College at the same time. Chuck had been an All-City High School basketball player for Bowen High School. His mother also played college basketball.
Okafor plays chess and the saxophone as well as the tuba. In junior high, he participated in the stage crew for a musical. He is a distant cousin of fellow NBA player Emeka Okafor. He is of Nigerian descent through his paternal grandfather who moved to the U.S. from Nigeria at the age of 20. Okafor traveled to Nigeria when he was in seventh grade.
Okafor has been practicing hot yoga since the 2016–17 season. He used to be a vegan so that he could prevent his knees from swelling, but he changed his diet when he realized that there was a deficiency in his iron. Okafor has his own chef to make sure that he gets a sufficient amount of protein in his diet. After going to a sleep lab during the 2019 offseason, Okafor was diagnosed with sleep apnea and now uses a CPAP machine, which has improved his quality of sleep.

References


External links


Contents

","
Kevin Durant

Kevin Wayne Durant (born September 29, 1988), also known by his initials KD, is an American professional basketball player for the Phoenix Suns of the National Basketball Association (NBA). Widely regarded as one of the greatest players in NBA history, Durant has won two NBA championships, an NBA Most Valuable Player Award, two Finals MVP Awards, two NBA All-Star Game Most Valuable Player Awards, four NBA scoring titles, the NBA Rookie of the Year Award, been named to 11 All-NBA teams (including six First Teams), and selected 14 times as an NBA All-Star. In 2021, Durant was named to the NBA 75th Anniversary Team. As a member of the U.S. men's national team, Durant has won four gold medals in the Olympics (2012, 2016, 2020 and 2024). In 2024, he became the leading scorer in Team USA's men's Olympic basketball history, the first Team USA player to win four Olympic gold medals, and the first male athlete to win four gold medals in a team sport. He also won gold at the 2010 FIBA World Championship.
Durant was a heavily recruited high school prospect widely regarded as the second-best player in his class. He played one season of college basketball for the Texas Longhorns, where he won numerous year-end awards and became the first freshman to be named Naismith College Player of the Year. Durant was selected as the second overall pick by the Seattle SuperSonics in the 2007 NBA draft. He played nine seasons with the franchise (which became the Oklahoma City Thunder in 2008) and led them to a Finals appearance in 2012. He later signed with the Golden State Warriors in 2016, who won a record 73 regular season games the previous year. Durant won consecutive NBA championships and NBA Finals MVP Awards in 2017 and 2018. After sustaining an Achilles injury in the 2019 NBA Finals, Durant joined the Brooklyn Nets as a free agent that summer. Following disagreements with the Nets' front office, he requested a trade during the 2022 offseason and was traded to the Suns the following year.
Off the court, Durant is one of the highest-earning basketball players in the world, due in part to endorsement deals with companies such as Foot Locker and Nike. He has developed a reputation for philanthropy and regularly leads the league in All-Star votes and jersey sales. In 2018, Durant was among Time's 100 most influential people in the world. In recent years, he has contributed to The Players' Tribune as both a photographer and writer. In 2012, Durant ventured into acting, appearing in the film Thunderstruck.
Durant was born on September 29, 1988, in Washington, D.C., to Wanda (née Durant) and Wayne Pratt. When Durant was an infant, his father deserted the family; Wanda and Wayne eventually divorced, and Durant's grandmother, Barbara Davis, helped raise him. By age 13, Durant's father reentered his life and traveled the country with him to basketball tournaments. Durant has a sister, Brianna, and two brothers, Tony and Rayvonne.
Durant and his siblings grew up in Prince George's County, Maryland, on the eastern outskirts of Washington, D.C. He was unusually tall from a young age, and reached 6 ft 0 in (1.83 m) in height while still in middle school (age 10–12). Growing up, Durant wanted to play for his favorite team, the Toronto Raptors, which included his favorite player, Vince Carter. Durant played Amateur Athletic Union (AAU) basketball for several teams in the Maryland area and was teammates with future NBA players Michael Beasley, Greivis Vásquez, and Ty Lawson, the first of whom Durant remains friends with to this day. During this time, he began wearing #35 as his jersey number in honor of his AAU coach, Charles Craig, who was murdered at the age of 35.
After playing two years of high school basketball at National Christian Academy and one year at Oak Hill Academy, Durant transferred to Montrose Christian School for his senior year, growing 5 inches (13 cm) before the start of the season and beginning the year at 6 ft 7 in (2.01 m).
Prior to the start of the season, Durant committed to the University of Texas at Austin. He had visited University of Connecticut and University of North Carolina, and said that he considered Duke University, University of Kentucky and University of Louisville. When Durant was asked why he chose a college with a lesser-known program, Durant said, ""Wanted to set my own path.""
At the end of the year, Durant was named the Washington Post All-Met Basketball Player of the Year, as well as the Most Valuable Player of the 2006 McDonald's All-American Game. He was widely regarded as the second-best high school prospect of 2006, behind Greg Oden.
Durant had stated that he would have declared for the 2006 NBA draft if the NBA had not introduced the one-and-done rule, where his favorite team growing up, the Toronto Raptors, had the first overall pick.
For the 2006–07 college season, Durant—who had grown to 6 ft 9 in (2.06 m)—averaged 25.8 points, 11.1 rebounds, and 1.3 assists per game for the Texas Longhorns. Texas finished the season with a 25–10 record overall and a 12–4 record in conference. Awarded a #4 seed in the NCAA Tournament, Texas won its first round match-up against New Mexico State but was upset in the second round by USC despite a 30-point and 9-rebound performance from Durant. For his outstanding play, Durant was recognized as the unanimous national player of the year, winning the John R. Wooden Award, the Naismith College Player of the Year Award, and all eight other widely recognized honors and awards. This made Durant the first freshman to win any of the national player of the year awards. Following the season, he declared for the NBA draft. Durant's No. 35 jersey was later retired by the Longhorns.
Durant was selected as the second overall pick in the 2007 NBA draft by the Seattle SuperSonics, after Greg Oden was selected by the Portland Trail Blazers with the first pick of the draft. In his first regular season game, the 19-year-old Durant registered 18 points, five rebounds, and three steals against the Denver Nuggets. On November 16, he made the first game-winning shot of his career in a game against the Atlanta Hawks.
At the end of the 2007–08 NBA season, Durant was named the NBA Rookie of the Year following averages of 20.3 points, 4.4 rebounds and 2.4 assists per game. He joined Carmelo Anthony and LeBron James as the only teenagers in league history to average at least 20 points per game over an entire season.
Following Durant's rookie season, the Supersonics relocated to Oklahoma City, becoming the Thunder and switching to new colors – blue, orange, and yellow. The team also drafted UCLA guard Russell Westbrook, who would form an All-Star combination with Durant in later years. At the 2009 NBA All-Star Weekend, he set a Rookie Challenge record with 46 points. By the end of the 2008–09 NBA season, Durant had raised his scoring average by five points from the prior season to 25.3 points per game, and was considered a strong candidate for the Most Improved Player Award, eventually finishing third in the voting. Durant continued to grow during his first few years in the NBA, finally reaching a height of 6 ft 11 in (2.11 m).
During the 2009–10 season, Durant was selected to his first NBA All-Star Game. Behind his play, the Thunder improved their record by 27 wins from the previous year and defied expectations to make the playoffs. With a scoring average of 30.1 points per game, Durant became the youngest NBA scoring champion and was selected to his first All-NBA team. In his playoff debut, Durant scored 24 points in a Game 1 loss to the Los Angeles Lakers. Oklahoma City would go on to lose the series in six games, but the team's performance led many analysts to label them as an upcoming title contender.
Prior to the start of the 2010–11 season, Durant announced via Twitter that he had signed a five-year contract extension with the Thunder worth approximately $86 million. For the second consecutive year, Durant led the NBA in scoring, averaging 27.7 points a game. Behind his leadership, the Thunder won 55 games and earned the fourth seed in the Western Conference. In the 2011 NBA playoffs, Oklahoma City defeated the Denver Nuggets and Memphis Grizzlies en route to a Conference Finals match-up against the Dallas Mavericks, losing in five games.
On February 19 of the lockout-shortened 2011–12 season, Durant recorded his first career 50-point game, scoring 51 points against the Denver Nuggets. At the All-Star Game, he scored 36 points and was awarded the NBA All-Star Game Most Valuable Player Award. Durant finished the year with a scoring average of 28 points per game, representing his third straight scoring title. Behind his play, the Thunder won 47 games and entered the 2012 NBA playoffs as the Western Conference's second seed. In Game 1 of the first round against the Dallas Mavericks, Durant hit a game-winner with 1.5 seconds remaining. Oklahoma City would go on to defeat Dallas 4–0, the Lakers 4–1, and the San Antonio Spurs 4–2 before losing to the Miami Heat 1–4 in the 2012 NBA Finals. For the NBA Finals, Durant led all players with 30.6 points per game, doing so on a 54.8 shooting rate.
With a scoring average of 28.1 points per game to finish the 2012–13 season, Durant failed to defend his scoring title; however, with a 51 percent shooting rate, a 41.6 percent three point shooting rate, and a 90.5 free throw shooting rate, Durant became the youngest player in NBA history to join the 50–40–90 club. Finishing the year with a 60–22 record, the Thunder earned the first seed in the Western Conference. In the first round of the 2013 NBA playoffs against the Houston Rockets, Westbrook tore his meniscus, forcing him to miss the remainder of the postseason. Without Westbrook, Durant was given more responsibility, averaging a career-high 30.8 points per game throughout the playoffs, the Thunder defeated Houston 4–2 but were eliminated in the second round 1–4 by the Memphis Grizzlies.
In January of the 2013–14 season, Durant averaged 35.9 points per game while scoring 30 or more points in 12 straight games, including a career-high 54 points against the Golden State Warriors. In April, he surpassed Michael Jordan's record for consecutive games scoring 25 points or more at 41. The Thunder finished the year with 59 wins and Durant was voted the NBA Most Valuable Player behind averages of 32 points, 7.4 rebounds, and 5.5 assists per game. To begin the first round of the 2014 NBA playoffs, he struggled against the physical play of the Grizzlies, converting on only 24 percent of his field goals in game 4. Through five games, the Thunder trailed the series 3–2, prompting The Oklahoman to dub Durant ""Mr. Unreliable"". He responded by scoring 36 points in a Game 6 victory. Oklahoma City eventually eliminated Memphis and the Los Angeles Clippers before losing to the San Antonio Spurs in the Western Conference Finals in six games.
Prior to the start of the 2014–15 season, Durant was diagnosed with a Jones fracture in his right foot and was ruled out for six to eight weeks. Durant subsequently missed the first 17 games of the year, making his season debut for the Thunder on December 2 against the New Orleans Pelicans. On December 18, Durant injured his ankle against the Golden State Warriors, returning to action on December 31 against the Phoenix Suns to score a season-high 44 points. Durant then sprained his left big toe in late January. On February 22, he was sidelined again after undergoing a minor procedure to help reduce pain and discomfort in his surgically repaired right foot, and on March 27, Durant was officially ruled out for the rest of the season after deciding to undergo foot surgery. In just 27 games, he averaged 25.4 points, 6.6 rebounds, and 4.1 assists per game.
To begin the 2015–16 season, Durant and Westbrook reached several historical milestones together, including becoming the first pair of teammates to each score at least 40 points in a single game since 1996, doing so in a win over the Orlando Magic on October 30. For the year, Durant averaged 28.2 points, 8.2 rebounds, 5.0 assists, and 1.2 blocks per game, leading the Thunder to 55 wins and the third seed in the West. In Game 2 of the first round of the 2016 NBA playoffs against the Mavericks, Durant scored 21 points but converted only seven out of 33 shots in the worst postseason shooting performance of his career, both by shooting percentage and by number of shots missed. After defeating Dallas, Oklahoma City moved on to face the San Antonio Spurs in the second round, falling behind 2–1 to start the series. In Game 4, Durant tied his playoff career high with 41 points in a Thunder win. Oklahoma City eventually defeated the Spurs in six games, drawing a matchup with the record-setting 73-win Golden State Warriors in the Conference Finals. Despite going up 3–1, the Thunder were ousted in seven games, with Durant providing 27 points in Game 7.
On July 4, Durant announced his intentions to sign with the Golden State Warriors in The Players' Tribune. The move was received negatively by fans and pundits, who felt Durant took the easy route by forming a superteam with a Warriors squad coming off a record-setting 73-win season in 2016 and a championship in 2015, further compounded by the Thunder's blown 3-1 series lead against those same Warriors. On July 7, Durant officially signed with Golden State on a two-year, $54.3 million contract with a player option after the first year. Reflecting on the move for Sports Illustrated, Ben Golliver wrote, ""He chose an ideal roster fit and a shot at playing for the highest-scoring offense the NBA has seen in decades. He chose life alongside Stephen Curry and Klay Thompson, the greatest shooting backcourt in history, and he chose to go against Andre Iguodala and Draymond Green, two elite defenders, in practices rather than in Western Conference finals games."" Durant made his debut for the Warriors on October 25 against the San Antonio Spurs, scoring a team-high 27 points in a blowout loss. On November 26, he recorded 28 points, 10 rebounds, five assists, and a career-high six blocked shots in a win over the Minnesota Timberwolves, becoming the first player in team history to finish with at least 25 points, 10 rebounds, five assists, and five blocks in a single game. On February 11, in his first game back in Oklahoma City since leaving for Golden State, Durant scored 34 points while being booed throughout the night as he helped the Warriors defeat the Thunder for the third time that year. In March, Durant suffered a Grade 2 MCL sprain and a tibial bone bruise in his left knee, which forced him to miss the final 19 games of the season. The Warriors finished the 2016–17 season with a 67–15 record and entered the playoffs as the first seed.
Durant returned from injury in time for the 2017 NBA playoffs and helped the Warriors advance to their third consecutive Finals, while also becoming the first team in league history to start the postseason 12–0. In Game 1 of the series, Durant had 38 points, eight rebounds, and eight assists to lead the Warriors past LeBron James and the defending champion Cleveland Cavaliers. Durant then helped the Warriors go up 3–0 in the series with a 31-point effort in Game 3, including the go-ahead 3-pointer with 45.3 seconds left in regulation. In Game 5, he scored 39 points to go with seven rebounds and five assists in a series-clinching win. For the Finals, Durant was the Golden State's top scorer in every game, averaging 35.2 points, 8.4 rebounds, and 5.4 assists while shooting 55.5 percent from the field, 47.4 percent from three-point range, and 92.7 percent from the free throw line. He was subsequently named the NBA Finals MVP. The Warriors finished the playoffs with a 16–1 record, the best postseason winning percentage in NBA history.
After the 2017 NBA Finals, Durant declined his $27.7 million player option and became an unrestricted free agent. On July 25, he re-signed with the Warriors for less money than the maximum, which helped the franchise create enough salary cap space to keep their core roster intact and add free agents.
On January 10, Durant scored 40 points in a loss to the Los Angeles Clippers, becoming the second-youngest player in league history to reach the 20,000-point milestone. On January 23, he registered a career-high 14 assists in a win over the New York Knicks. On February 14, Durant scored a season-high 50 points in a loss to the Trail Blazers. In March, he missed games with a fractured rib, joining teammates Stephen Curry and Klay Thompson on the sidelines for the back-end of the season. The Warriors eventually finished the year with 58 wins and Durant set a career high for blocks in season with 119.
In Game 1 of the Western Conference Finals, Durant scored 37 points during a 119–106 victory over the higher-seeded Houston Rockets. Through six games, the Warriors found themselves trailing 3–2, and Durant was criticized for contributing to Golden State's struggles by playing too much in isolation. The Warriors staved off elimination in Game 6, and in Game 7, Durant scored 34 points, helping Golden State return to the Finals with a series-clinching victory. In Game 3 of the 2018 NBA Finals, Durant recorded a playoff career-high 43 points, 13 rebounds, and seven assists in a win over the Cleveland Cavaliers, leading the Warriors to a 3–0 advantage. Golden State ultimately swept Cleveland and clinched a second straight championship; with averages of 28.8 points, 10.8 rebounds, and 7.5 assists, Durant also won his second Finals MVP Award.
On July 7, 2018, Durant re-signed with the Warriors, on a reported two-year, $61.5 million contract, which included a player option for the second year.
During an overtime loss to the Clippers on November 12, Green cursed out Durant over his upcoming free agency status after the season, and he was suspended for the much-publicized blowup. On November 29, Durant scored a season-high 51 points in a 131–128 overtime loss to the Toronto Raptors, thus scoring 40 or more in his third straight game. With Curry and Green sidelined for most of November, the Warriors finished the month with a 15–8 record and five straight road losses after starting the season at 10–1.
In Game 5 of the first round of the playoffs, he scored a playoff career-high 45 points in a 129–121 loss to the Los Angeles Clippers. In Game 6, he set a new playoff career high with 50 points in a 129–110 win to close out the series. During Game 5 of the Western Conference semifinals against the Houston Rockets, Durant suffered a right calf strain, subsequently missing Game 6, in which the Warriors won the series, as well as the entire Western Conference Finals against the Portland Trail Blazers, which the Warriors won in a four-game sweep.
After missing nine games with the strained right calf, Durant returned to action in Game 5 of the 2019 NBA Finals against Toronto, and scored 11 points in the first quarter. However, he was lost for the game two minutes into the second quarter when trying to drive by former teammate Serge Ibaka and suffered an Achilles tendon injury, falling and grabbing his lower right calf. Durant limped off the court and was helped to the locker room. The Warriors won the game 106–105 to cut the Raptors' series lead to 3–2. However, the Warriors went on to lose Game 6 by a score of 114–110, ending their quest for a three-peat.
On June 30, 2019, Durant announced that he planned to sign with the Brooklyn Nets after the July moratorium ended on July 6. On July 1, Golden State CEO Joe Lacob announced that Durant's No. 35 will no longer be issued by the Warriors. Durant signed with Brooklyn on July 7, in a sign-and-trade deal. Durant did not appear at all in the 2019–20 season and later revealed that he had decided shortly after his June 2019 injury that he would be sitting out the entire 2019–20 season. On March 17, 2020, Durant and three other Nets players tested positive for COVID-19. On April 1, it was announced that Durant was cleared and had recovered.
On December 22, 2020, Durant made his Nets debut, putting up 22 points, five rebounds, three assists, and three steals, in a 125–99 win over his former team, the Golden State Warriors. On January 14, 2021, James Harden was traded to the Nets in a blockbuster four-team deal, reuniting Durant with his former Thunder teammate. On January 16, 2021, Durant scored a season-high 42 points in a 122–115 win over the Orlando Magic. On February 5, due to health and safety protocols, Durant came off the bench for the first time in his career in a 117–123 loss to the Toronto Raptors. In February, Durant suffered a hamstring injury, which forced him to miss 23 games. On April 2, the NBA fined Durant $50,000 for private messages he sent through social media to actor Michael Rapaport in a feud. Durant made his return on April 7, 2021, scoring 17 points off the bench in a 139–119 win over the New Orleans Pelicans.  The Nets finished the season with a 48–24 record, and the second seed in the East.
In Game 4 of the first round of the playoffs, Durant scored 42 points in a 141–126 win over the Boston Celtics to take a 3–1 lead in the series. In Game 5, he scored 24 points in a 123–109 win to close out the series. In Game 1 against the Milwaukee Bucks in the conference semifinals, Durant had 29 points and 10 rebounds in a 115–107 victory. In Game 5, he put up 49 points, 17 rebounds, and 10 assists, leading the Nets to a 114–108 comeback victory. In Game 7, Durant dropped 48 points, nine rebounds, and six assists, including a two-pointer to send the game into overtime, in the 115–111 loss. His 48 points were the most in a Game 7 in NBA playoff history at the time.
On August 8, 2021, Durant signed a four-year, $198 million extension with the Nets.
On October 22, Durant recorded his thirteenth career triple-double, and first as a Net with 29 points, 15 rebounds, and 12 assists in a 114–109 comeback win over the Philadelphia 76ers. On November 10, Durant scored 30 points on 11-for-12 shooting in a 123–90 win over the Orlando Magic. On December 12, Durant scored a then season-high 51 points in a 116–104 win over the Detroit Pistons. On December 14, Durant recorded his fourteenth career triple-double with 34 points, 13 rebounds, and 11 assists in a 131–129 overtime win over the Toronto Raptors. On December 16, Durant scored 34 points, grabbed 11 rebounds, and dished out eight assists in a 114–105 win against the 76ers. On January 15, 2022, during a 120–105 victory over the New Orleans Pelicans, Durant exited in the second quarter after suffering a left knee injury, later revealed to be a sprained MCL, and was subsequently ruled out for four to six weeks.
On March 3, his first game back from injury Durant scored 31 points in a 113–107 loss to the Miami Heat. Two days later, he became the 23rd player in NBA history to reach 25,000 points. On March 13, Durant scored a then season-high 53 points and set a career-high for field goal attempts with 37, grabbed six rebounds, delivered nine assists along with two steals in a 110–107 win over the New York Knicks. It was his 60th career 40-point performance and his eighth career 50-point performance. On March 21, Durant put up 37 points, nine rebounds, and eight assists in a 114–106 win over the Utah Jazz and moved past Jerry West into 22nd place on the NBA all-time career scoring list. On March 29, Durant scored 41 points, grabbed 11 rebounds, delivered five assists along with three blocks in a 130–123 win over the Detroit Pistons. On April 2, he scored a career-high 55 points on 19-of-28 shooting from the field and also had made a career high 8-of-10 3-pointers in a 122–115 loss to the Atlanta Hawks. On April 10, in the final game of the regular season, Durant recorded his sixteenth career triple-double with a career-high 16 assists and added 20 points, 10 rebounds in a 134–126 win over the Indiana Pacers to lock up 7th spot for the play-in tournament.
On April 12, Durant in his first play-in appearance scored 25 points, grabbed 5 rebounds, dished out 11 assists along with 2 steals, and 3 blocks in a 115–108 win over the Cleveland Cavaliers to secure the #7-seed spot for the playoffs. In Game 1 of the first round of the playoffs against the Boston Celtics, Durant passed Jerry West for eighth place on the NBA all-time playoff career scoring list. Brooklyn would go on to lose to Boston in four games despite Durant's 39-point, 7-rebound and 9-assist outing in the 116–112 close-out loss in Game 4. Over the first three contests, he would be held to just under 37% shooting from the field, including a 4-of-17 shooting performance in Game 2, in a series dominated by the Celtics' top-ranked defense as Durant was swept for the first time in his 14-year NBA career.
On June 30, 2022, it was reported that Durant had requested a trade from the Nets. Durant's preferred trade destinations were the Phoenix Suns and the Miami Heat. The favorites to land Durant were the Toronto Raptors and Boston Celtics, two teams which he had also been interested in. On August 24, 2022, Durant rescinded his trade request after meeting with Nets management.
On October 24, Durant scored 37 points on 14-for-20 shooting from the field in a 134–124 loss against the Memphis Grizzlies and moved past Alex English into 20th place on the NBA all-time career scoring list. On October 31, Durant recorded 36 points, nine rebounds, and seven assists in a 116–109 win over the Indiana Pacers. He passed Vince Carter for 19th on the NBA all-time career scoring list. Durant scored at least 25 points in each of the first seven games of the season, the most in franchise history. On November 9, Durant posted a triple-double with 29 points, 12 rebounds and 12 assists in an 112–85 win over New York Knicks. His rebounds and assists were both season highs. On November 17, Durant scored 35 points in a 109–107 win over the Portland Trail Blazers. He became just the 19th player all-time to reach 26,000 career points. Durant also tied Michael Jordan for the sixth most consecutive 25-point games to start a season with 16. On November 23, Durant passed Kevin Garnett for 18th place on the NBA all-time career scoring list in an 112–98 win over the Toronto Raptors. On November 29, Durant scored a season-high 45 points on 19-of-24 shooting from the field and added seven rebounds and five assists in 109–102 win over the Orlando Magic.
On December 18, Durant scored a career-high 26 of his 43 points in the third quarter, helping the Nets overcome a 17-point halftime deficit in a 124–121 victory over the Detroit Pistons. He was 8-of-10 from the floor, going 3 of 3 on 3-pointers and 7 of 7 from the free-throw line as he outscored the Pistons 26–25 in the third quarter. Durant has scored at least 40 points in his last three games against Detroit - the first player to do that since Rick Barry in the 1966–67 season. Durant also passed John Havlicek and Paul Pierce for 16th place on the NBA all-time career scoring list. On December 26, Durant put up 32 points, nine rebounds, and five assists in a 125–117 win over the Cleveland Cavaliers and moved past Tim Duncan for 15th on the NBA all-time career scoring list. In the next game, Durant had 26 points, a season-high 16 rebounds and 8 assists, and the Brooklyn Nets won their 10th straight game, 108–107 over the Atlanta Hawks. On January 3, despite Durant's 44-point outing on 15-of-22 shooting, 5-of-10 from three and 9-of-9 from the free throw line, the Chicago Bulls ended Brooklyn's 12-game winning streak. On January 8, Durant passed Dominique Wilkins for No. 14 on the NBA all-time career scoring list, though he ultimately exited the game against Miami with a right knee injury. The Nets closed out a 102–101 victory for their 18th win in 20 games. On January 26, Durant was named an Eastern Conference starter for the 2023 NBA All-Star Game, marking his thirteenth overall selection and eleventh as a starter.
On February 9, 2023, the Nets traded Durant, along with T. J. Warren, to the Phoenix Suns in exchange for Mikal Bridges, Cameron Johnson, Jae Crowder, four unprotected first-round picks, and a 2028 first-round pick swap. Although Durant wanted to continue wearing No. 7 as he did in Brooklyn, the number was retired by the Suns in honor of Kevin Johnson. As a result, Durant announced that he would return to wearing the No. 35 jersey, which he had worn throughout his college and professional career prior to joining the Nets.
After being listed out since January 8 with a right knee injury, Durant made his Suns debut on March 1 against the Charlotte Hornets. He put up 23 points on 10-of-15 shooting in 27 minutes, contributing to the Suns' 105–91 win. On March 3 against the Chicago Bulls, Durant had another efficient night, scoring 20 points on 7-of-10 shooting. In addition, he moved up to 13th on the all-time scoring list, surpassing Oscar Robertson. Against the Dallas Mavericks on March 5, Durant led all scorers with 37 points, going 12-of-17 from the field and hitting the game-winning jump shot with 11.7 seconds left, guiding the Suns to a narrow 130–126 victory. Prior to his expected home debut against the Oklahoma City Thunder on March 8, Durant slipped on the court during pregame warmups and injured his left ankle. He was ruled out roughly 15 minutes before the opening tip-off. A day later, the Suns announced that Durant had suffered a left ankle sprain and would be re-evaluated in three weeks. After missing the last 10 games, he made his return on March 29 against the Minnesota Timberwolves. In his home debut, Durant put up 16 points and eight rebounds in 29 minutes, contributing to a 107–100 win. In his eight games with Phoenix, Durant finished with an 8–0 record, averaging 26.0 points in 33.6 minutes per game and helping the Suns finish fourth in the Western Conference. He also finished the regular season shooting over 55% from the field, over 40% from three-point range, and over 90% from the free throw line, becoming the first player in NBA history to achieve those shooting splits in a season.
On April 16, Durant in his Suns playoff debut posted a near triple-double with 27 points, 9 rebounds and a playoff career-high 11 assists in a 115–110 loss against the Los Angeles Clippers. In Game 4 of the Suns' first-round playoff series against the Clippers, Durant logged 31 points, 11 rebounds and six assists in a 129–124 win, to lead the Suns to a 3–1 series lead. Four days later in Game 5 against the Clippers, Durant scored 31 points in a 136–130 win to close out the series. In Game 2 of the Western Conference semifinals against the Denver Nuggets, Durant passed Karl Malone to climb into seventh place for NBA postseason scoring. Four days later, Durant recorded 39 points, nine rebounds and eight assists in a 121–114 Game 3 win. The Suns eventually lost the series to the eventual NBA champion Nuggets in six games. However, throughout Denver's entire championship run, Phoenix was the only team to win more than one game against the Nuggets in a single playoff series.
On October 31, 2023, Durant put up 26 points in a 115–114 loss to the San Antonio Spurs. He passed Hakeem Olajuwon for 12th on the all-time career scoring list and became the 12th player all-time to reach 27,000 career points. On November 17, Durant recorded 38 points, nine rebounds and nine assists on 15-of-22 shooting from the field in a 131–128 win over the Utah Jazz. On November 21, Durant put up 31 points in a 120–107 win over the Portland Trail Blazers. He also passed Elvin Hayes for 11th place on the all-time career scoring list. On December 1, Durant put up 30 points and 11 assists in a 119–111 loss to the reigning NBA champion Denver Nuggets in a rematch of the previous season's Western Conference Semi-Finals. He also passed Moses Malone for 10th place on the all-time career scoring list. On December 27, Durant put up his 18th career triple-double, dropping 27 points, 10 rebounds and tying his career-high with 16 assists in a 129–113 victory over the Houston Rockets.
On January 21, 2024, Durant scored 40 points and grabbed nine rebounds on 18-of-25 shooting from the field in a 117–110 win over the Indiana Pacers. He became the first Sun and the 14th player in NBA history to score 40 points with zero free throw attempts. On January 22, Durant put up 43 points, six rebounds, and eight assists alongside a game-winning mid-range jumpshot in a 115–113 win over the Chicago Bulls. On January 25, Durant was named a Western Conference starter for the 2024 NBA All-Star Game, marking his fourteenth overall selection and twelfth as a starter. On January 31, Durant made his return to Brooklyn for the first time since getting traded. In the game, Durant finished with 33 points, eight assists, and five rebounds in a 136–120 victory over the Brooklyn Nets. On February 23, Durant put up 28 points, 11 rebounds, and eight assists in a 114–110 loss to the Rockets. He also passed Carmelo Anthony for 9th place on the all-time career scoring list. On March 9, Durant scored a season-high 45 points along with 10 rebounds and assists in a 117–107 loss against the Boston Celtics. On March 20, Durant passed Shaquille O'Neal for eighth place on the all-time scoring list, finishing with 22 points in the Suns' 115–102 victory over the Philadelphia 76ers.
In February 2007, Durant received an invitation to the United States national team training camp. Despite a strong performance, he was cut from the team when its roster was trimmed to its twelve-player limit. Coach Mike Krzyzewski cited the experience of the remaining players as the deciding factor in making the cut. Durant was finally selected to the national team at the 2010 FIBA World Championship and became their leader as other All-Stars were unavailable, a role he downplayed. At the tournament, he led Team USA to its first FIBA World Championship since 1994, earning tournament MVP honors in the process. Durant's final averages for the competition were 22.8 points, 6.1 rebounds, 1.8 assists, and 1.4 steals per game in nine games. In December, Durant was named 2010 USA Basketball Male Athlete of the Year for the first time in his career.
At the 2012 Olympics, Durant set the record for total points scored in an Olympic basketball tournament. With averages of 19.5 points, 5.8 rebounds, 2.6 assists, and 1.6 steals per game, he helped the national team go undefeated en route to a gold medal. In the tournament's final game, Durant led all scorers with 30 points. Less than a month before the start of the 2014 FIBA Basketball World Cup, Durant announced that he would be dropping out of the competition, citing mental and physical exhaustion as reasons for his departure. He rejoined Team USA on the 2016 Olympic team, where he led them to a gold medal. Durant's final averages for the competition were 19.4 points, 5.0 rebounds and 3.5 assists per game in eight games. In recognition of his performances, Durant was named the 2016 co-USA Basketball Male Athlete of the Year, along with Carmelo Anthony, for the second time in his career.
Durant committed to playing on the 2020 Olympic team, delayed until 2021 due to the COVID-19 pandemic. He entered the Games ranked second in U.S. men's Olympic basketball history with 311 career points, needing 25 to match Anthony's record of 336. He broke Anthony's record on July 31 against the Czech Republic, and led the unheralded U.S. squad to a gold medal, with FIBA naming him the tournament's MVP. Durant's 20.7 points per game set a U.S. Olympic men's single-competition record for points averaged, and he tied Carmelo Anthony for most Olympic gold medals (three). Durant is also one of just four U.S. male basketball athletes to play in three or more Olympics. In recognition of his accomplishments in the tournament, Durant was named 2021 USA Basketball Male Athlete of the Year for the third time in his career.
In 2024, aged 35, Durant made his fourth Olympic appearance on the 2024 Olympic team. He missed all of the exhibition games due to a calf injury he suffered, making his first appearance with the new-look squad against Serbia. On August 4, Durant became the United States' all-time rebounding leader at the Olympics, surpassing Carmelo Anthony, in a win against Puerto Rico. On August 7, he became the United States' all-time Olympic scoring leader, surpassing Lisa Leslie of the women's team, in a quarterfinal win against Brazil. Team USA won the gold medal in a rematch against France, making Durant the first and only four-time gold medalist in men's basketball.
From 2010 to 2024, Durant played with the senior men's United States national team in 37 official games, in major FIBA tournaments, averaging 18.8 points, 4.9 rebounds and 2.9 assists. Overall, he brought home five gold medals as member of the national team: four from Olympic tournaments and one from the 2010 FIBA World Championship. Durant, who has led the US in scoring in three of his four Olympic appearances and at the 2010 FIBA World Championship, owns nine U.S. Olympic men's career records, including the top spot for points (518), points averaged (18.5), rebounds (137), field goals made (173) and attempted (326), 3-point field goals made (88) and attempted (175), free throws made (84) and attempted (96). 
Durant playing in a game between the Drew League and the Goodman League in August 2011 Durant's height is officially listed as 6 ft 11 in (2.11 m) and his primary position is small forward. In December 2016, Durant stated that his height in shoes was actually 7 ft 0 in (2.13 m) and that he understated his height in order to be listed as a small forward, rather than a power forward. Durant's career averages are 27.3 points, 7.1 rebounds, and 4.3 assists per game. Widely regarded as one of the greatest players of all time, Durant has earned All-NBA honors 11 times (2010–2014, 2016–2019, 2022, 2024) and was voted rookie of the year in his debut season. He has also won an MVP Award and finished second in the voting thrice, a trend that he has expressed frustration over.
Durant is best known for his prodigious scoring ability. From 2010 to 2014, he won four scoring titles, becoming one of only two players to win four scoring titles in a five-year span. Early in his career, his playing style was isolation-driven, but Durant quickly developed into an excellent off-ball player who was capable of scoring from the outside as well. By 2013, he was shooting at a historically great clip, which helped him become one of only nine members of the 50–40–90 club. This ability to impact the offense in a variety of ways helped Durant remain effective and improve an already elite offense upon joining the Warriors in 2016. Throughout his career, Durant's height and 7 ft 4 in (2.24 m) wingspan have created matchup problems for defenses as he is able to get off a clean shot regardless of the situation. Upon beating his man or gaining momentum, Durant also becomes a strong finisher at the rim; for example, he converted 72.2% of shots in the paint in 2012.
Early in Durant's career, he was criticized for his slim build, defense, and passing. Over time, Durant grew as a playmaker, increasing his assist numbers every year from 2010 to 2014, though his overall vision still lagged behind the league's best passers'. Durant also showed defensive improvement, with opponents averaging just .62 points per isolation play against him in 2014, the best success rate for defensive players who faced at least 100 isolations that season. Upon going to Golden State, Durant developed into a more reliable off-ball defender and rim protector, and in 2018 was considered for the NBA Defensive Player of the Year Award.
Durant during a flag football game at Oklahoma State University in 2011 Durant is very close with his mother, Wanda, a relationship that was detailed in the Lifetime movie The Real MVP: The Wanda Durant Story. During his time with the Thunder, Durant described himself as a ""high school kid"" who enjoys playing video games in his spare time. Durant is a Christian who attended Baptist schools. He has religious tattoos on his stomach, wrist, and back. Durant owns several properties in the Oklahoma City area and listed his primary residence, located in the affluent Club Villa neighborhood, for sale for $1.95 million in 2013. That same year, Durant opened a restaurant, KD's Southern Cuisine, in the Bricktown neighborhood and briefly became engaged to Monica Wright, a WNBA player. In 2016, Durant was a credentialed photographer for The Players' Tribune at Super Bowl 50.
Durant was formerly represented by agents Aaron Goodwin and Rob Pelinka. He left Pelinka in 2013 and signed with the Roc Nation group, headed by Jay-Z. Durant has endorsement deals with Nike, Sprint, Gatorade, Panini, General Electric, and 2K Sports. In 2012, he tried his hand at acting, appearing in the children's film Thunderstruck. In 2013, Durant earned $35 million, making him the fourth-highest-earning basketball player that year. In an interview with Sports Illustrated, Durant claimed that, despite his high earnings potential, ""global marketing and all that stuff"" does not interest him.
One of the most popular players in the NBA, Durant's jersey regularly ranks as one of the league's best-selling and he is consistently one of the top All-Star vote-getters. Early in his career, Durant developed a reputation for his kind demeanor; in 2013, Foot Locker released a series of commercials calling him the ""nicest guy in the NBA"", and become a beloved figure in Oklahoma City, known for his ""nice escapades"" toward the Thunder's staff. In 2014, Durant partnered with KIND snacks and launched StrongAndKind.com to show ""being kind is not a sign of weakness."" Since leaving the Thunder, Durant has become more outspoken and controversial; for example, he was involved in a Twitter back-and-forth with CJ McCollum in July 2018. Durant has admitted to feeling more genuine in Golden State as opposed to Oklahoma City, where he was ""just trying to please everybody."" Durant is very active on Twitter, often engaging in chippy comments with fans and members of the media.
Throughout his career, Durant has participated in philanthropic causes. In 2013, he pledged $1 million to the American Red Cross for the victims of the 2013 Moore tornado. Durant's generosity inspired the Thunder and Nike to match his donation. Durant is also a spokesperson for the Washington, D. C. branch of P'Tones Records, a nationwide non-profit after-school music program.
In 2017, Durant became involved with YouTube. In February, he visited YouTube's headquarters for a speaking engagement. On April 7, 2017, Durant created a YouTube account and soon began to upload live stream vlogs onto it. In his first vlog, Durant detailed, ""I'm so excited because I got off social media. I got off the Instagram, Twitter, all that stuff, just to distance myself a bit. But somebody talked me into getting on the YouTube."" As of June 2020, Durant's YouTube channel has received over 790,000 subscribers and 38 million video views. On February 13, 2018, Deadline reported that Durant, in partnership with producer Brian Grazer's Imagine Television, will create a basketball-themed scripted drama for Apple.
In 2017, Durant and business partner Rich Kleiman founded Thirty Five Ventures. In 2020, Thirty Five Ventures produced Basketball County, a documentary about youth basketball in Durant's home county of Prince George's County, Maryland. Durant served as an executive producer and appeared in interviews. Thirty Five Ventures' work Two Distant Strangers won the 2021 Academy Award for Short Film (Live Action).
Durant was included in Time magazine's 100 Most Influential People of 2018.
On June 15, 2020, Durant became a minority owner of MLS side Philadelphia Union, acquiring a 5% stake with the possibility to add another 5% in the near future.
In August 2021, Durant announced a partnership between his multimedia company Boardroom and the cannabis technology company Weedmaps through which an original content series would be developed and Weedmaps would become an official sponsor of Boardroom. Durant said of the partnership: ""I think it's far past time to address the stigmas around cannabis that still exist in the sports world as well as globally. This partnership is going to help us continue to normalize those conversations, as well as create content, events, and a lot more through our Boardroom media network.""
In May 2021, Durant (through Thirty Five Ventures) was announced as an investor in Just Women's Sports, an American media platform dedicated to women's sports. Durant credited the platform with showing ""fans exactly how good these players are and why they're worth watching.""
On October 29, 2021, Swagger (TV series) was released, inspired by Durant's life story. Durant also served as the executive producer.
On December 22, 2021, Durant had signed a deal with Coinbase to serve as a brand ambassador.
In October 2022, Durant joined fellow professional athletes LeBron James, Tom Brady, and Drew Brees as an investor in a professional pickleball team with his business partner, Rich Kleiman, via their Thirty Five Ventures (35V) firm.
Martin, Gus (July 23, 2020). ""Ranking The Top 10 Pure Scorers In NBA History"". Fadeaway World. Retrieved August 8, 2024.
Cohen, Ben (2021). ""Kevin Durant Is The Best Player in the NBA Again"". The Wall Street Journal. Archived from the original on June 28, 2021. Retrieved June 29, 2021.
Zagoria, Adam (2021). ""Nets' Kevin Durant Earns Praise As 'Best Player In The World' After 'Historic' Triple-Double In Game 5"". Forbes. Archived from the original on June 29, 2021. Retrieved June 29, 2021.
Devine, Dan (2021). ""Kevin Durant Re-stakes His Claim As the Greatest Hooper Alive"". The Ringer. Archived from the original on June 29, 2021. Retrieved June 29, 2021.
Medina, Mark (2023). ""LeBron James calls Kevin Durant 'One of the best ever'"". The Sporting Tribune. Archived from the original on December 2, 2023. Retrieved December 2, 2023.
""NBA 75th Anniversary Team announced"". NBA. Archived from the original on October 25, 2021. Retrieved October 26, 2021.
""U.S. men's basketball team takes fifth-straight gold medal after win over France in Paris at 2024 Olympics"". NBC New York. Retrieved August 10, 2024.
""Kevin Durant becomes first four-time gold medalist in men's Olympic basketball"". Basket News. Retrieved August 10, 2024.
""Kevin Durant Wins Historic 4th Gold Medal for USA vs. France at 2024 Paris Olympics"". Bleacher Report. Retrieved August 10, 2024.
""Kevin Durant NBA & ABA Stats"". Basketball Reference. Archived from the original on October 14, 2021. Retrieved May 27, 2013.
Breen, Matt (2012). ""2012 Olympics: Kevin Durant's father cheers from afar after bumpy journey back into his son's life"". The Washington Post. Archived from the original on February 2, 2015. Retrieved February 1, 2015.
Wharton, David (March 18, 2007). ""Sweet Youth"". Los Angeles Times. Archived from the original on February 2, 2015.
Hernández, Arelis (November 25, 2015). ""Kevin Durant's new sneakers honor Prince George's. Why is the county offended?"". Washington Post. Archived from the original on July 30, 2017. Retrieved June 2, 2017.
""Kevin Durant Biography"". JockBio. Archived from the original on June 25, 2014. Retrieved May 28, 2013.
Allen, Percy (May 19, 2008). ""Childhood friends Michael Beasley and Kevin Durant could become Sonics teammates"". The Seattle Times. Archived from the original on September 16, 2010. Retrieved May 16, 2022.
""UT's Durant: righteous talent SPORTSDAY"" (PDF). University of Texas Athletics. Archived from the original (PDF) on September 26, 2007. Retrieved July 25, 2007.
Schwartz, Nick (April 15, 2015). ""Kevin Durant says he considered going to Duke or Kentucky instead of Texas"". For The Win. Archived from the original on October 23, 2020. Retrieved March 14, 2021.
""OKC Thunder: What can Kevin Durant's time in Austin teach us about his free-agency future?"". Southwest Times Record. June 27, 2016. Retrieved June 15, 2024.
""2006 McDonald's All-American Game Rosters"". Scout.com. Archived from the original on November 4, 2013. Retrieved May 28, 2013.
""McDonald's Greatest All-Americans"". ESPN. Archived from the original on September 27, 2014. Retrieved May 16, 2022.
Roberts, Ben (January 22, 2018). ""Duke has the top three basketball recruits in the country. Has that ever happened?"". Kentucky.com. Archived from the original on August 24, 2018. Retrieved September 12, 2020.
""Basketball Recruiting: Top Recruits"". Scout. Archived from the original on March 21, 2007. Retrieved March 7, 2007.
""Prospect Ranking: Final Rivals150 Class of 8181"". Rivals.com. May 2, 2006. Archived from the original on April 30, 2008. Retrieved March 7, 2007.
""Kevin Durant against one-and-done rule; would have entered NBA out of high school"". CBS Sports. February 23, 2018. Archived from the original on August 20, 2022. Retrieved August 20, 2022.
Archives, RaptorsHQ- (May 2, 2006). ""Draft 2006 - Who's In, Who's Out"". Raptors HQ. Archived from the original on August 20, 2022. Retrieved August 20, 2022.
""NCAA Division I Basketball Standings – 2006–07"". ESPN. Archived from the original on September 28, 2014. Retrieved May 16, 2022.
""Young pours in 22 points for USC in blowout of Texas"". ESPN. Associated Press. March 18, 2007. Archived from the original on September 28, 2014. Retrieved May 16, 2022.
""Kevin Durant Wins 2007 John R. Wooden Award"". John R. Wooden Award. Archived from the original on February 11, 2017. Retrieved February 10, 2017.
""Kevin Durant Wins 2007 Naismith Award"". Big 12 Sports. April 2, 2007. Archived from the original on April 4, 2012. Retrieved February 10, 2017.
""Kevin Durant (2007)"". University of Texas Sports. August 17, 2007. Archived from the original on February 11, 2017. Retrieved February 10, 2017.
""Longhorns' Freshman Durant Named NABC Division I Player of the Year"" (PDF) (Press release). National Association of Basketball Coaches. March 21, 2007. Archived (PDF) from the original on August 8, 2013. Retrieved February 10, 2017.
""USBWA names Durant, Bennett as player, coach of the year"" (Press release). United States Basketball Writers Association. March 27, 2007. Archived from the original on September 28, 2014. Retrieved March 27, 2007.
""Durant Named Player of the Year"" (Press release). Commonwealth Athletic Club of Kentucky. March 27, 2007. Archived from the original on June 30, 2017. Retrieved February 10, 2017.
""Durant is first freshman named AP player of year"". ESPN. Associated Press. March 30, 2007. Archived from the original on February 11, 2017. Retrieved February 10, 2017.
""Sporting News college basketball Players of the Year, 1943–present"". Sporting News. Archived from the original on February 11, 2017. Retrieved February 10, 2017.
""Kevin Durant"". John R. Wooden Award. Archived from the original on February 11, 2017. Retrieved February 10, 2017.
""Durant leaving Texas for NBA"". ESPN. April 10, 2007. Archived from the original on September 28, 2014. Retrieved May 16, 2022.
Rosner, Mark (July 3, 2007). ""Durant's jersey to be retired"". Austin American-Statesman. Archived from the original on July 8, 2007. Retrieved July 3, 2007.
""2007 NBA Draft"". Basketball-Reference.com. Archived from the original on July 23, 2016. Retrieved August 11, 2023.
""October 31, 2007 SuperSonics 103, Nuggets 120"". ESPN. October 31, 2007. Archived from the original on October 18, 2012. Retrieved May 16, 2022.
""Wilkins scores 41, but Durant's 3-pointer clinches Sonics' double-OT win"". ESPN. November 16, 2007. Archived from the original on September 29, 2014. Retrieved May 16, 2022.
""Kevin Durant NBA Bio"". NBA. Archived from the original on January 4, 2014. Retrieved January 8, 2014.
""Oklahoma City will be named Thunder, wear blue, orange, yellow"". ESPN.com. Associated Press. September 3, 2008. Archived from the original on February 9, 2016. Retrieved May 16, 2022.
""Russell Westbrook NBA Stats"". Basketball Reference. Archived from the original on May 6, 2011. Retrieved February 19, 2015.
""Durant goes for 46 as Sophomores again beat Rookies"". NBA. Archived from the original on February 27, 2013. Retrieved May 27, 2013.
""Pacers' Granger wins Kia Most Improved Player Award"". NBA. Archived from the original on October 19, 2014. Retrieved March 2, 2014.
Mutoni, Marcel (December 14, 2016). ""Kevin Durant Finally Admits He's 7 Feet Tall"". Slam. Archived from the original on January 6, 2017.
""Gasol lifts Lakers past Thunder and into the second round"". ESPN. Archived from the original on September 30, 2014. Retrieved May 16, 2022.
""Expert predictions: OKC Thunder"". ESPN. October 21, 2009. Archived from the original on September 30, 2014. Retrieved May 16, 2022.
Latzke, Jeff. ""Durant becomes NBA's youngest scoring champ"". Yahoo! Sports. Archived from the original on November 6, 2013. Retrieved May 27, 2013.
""Gasol, Bynum dominate inside as Lakers hold off Thunder in Game 1"". ESPN. Archived from the original on September 30, 2014. Retrieved May 16, 2022.
""2010 NBA Playoffs Summary"". Basketball Reference. Archived from the original on June 22, 2013. Retrieved May 27, 2013.
Adande, J.A. (May 2010). ""Thunder could turn to reign"". ESPN. Archived from the original on September 30, 2014. Retrieved May 16, 2022.
Durant, Kevin [@KDTrey5] (July 7, 2010). ""Exstension for 5 more years wit the #thunder....God Is Great, me and my family came a long way...I love yall man forreal, this a blessing!"" (Tweet) – via Twitter.
""Durant, Thunder agree on extension"". ESPN. July 7, 2010. Archived from the original on October 1, 2014. Retrieved May 16, 2022.
""2010–11 Scoring leaders: Points per game"". National Basketball Association. Archived from the original on August 9, 2013. Retrieved March 14, 2012.
""NBA Standings – 2010–11"". ESPN. Archived from the original on October 1, 2014. Retrieved May 16, 2022.
""2011 NBA Playoffs Summary"". Basketball Reference. Archived from the original on June 22, 2013. Retrieved May 27, 2013.
Rohde, John. ""Oklahoma City Thunder: Performance against Mavericks only Kevin Durant's second 50-plus point game"". The Oklahoman. Archived from the original on October 1, 2014. Retrieved May 16, 2022.
Latzke, Jeff (February 19, 2012). ""Kevin Durant Scores 51 Points: Thunder Top Nuggets, 124–118 (Video)"". HuffPost. Archived from the original on November 14, 2013. Retrieved May 27, 2013.
""Thunder's Durant captures All-Star Game MVP"". ESPN.com. Associated Press. February 27, 2012. Archived from the original on October 1, 2014. Retrieved August 11, 2023.
""Kevin Durant wins third straight NBA scoring title as Kobe Bryant concedes"". CBS Sports. April 27, 2012. Archived from the original on October 1, 2014. Retrieved May 16, 2022.
""NBA Standings – 2011–12"". ESPN. Archived from the original on October 1, 2014. Retrieved May 16, 2022.
""Kevin Durant's last-second jumper lifts Thunder by Mavs in Game 1"". ESPN. April 28, 2012. Archived from the original on November 11, 2020. Retrieved December 14, 2020.
""2012 NBA Playoffs Summary"". Basketball Reference. Archived from the original on May 18, 2013. Retrieved May 27, 2013.
""2012 NBA Finals Composite Box Score"". Basketball Reference. Archived from the original on June 23, 2013. Retrieved May 27, 2013.
Eberts, Wescott (April 17, 2013). ""Kevin Durant joins the exclusive 50–40–90 club"". Burnt Orange Nation. Archived from the original on October 1, 2014. Retrieved May 27, 2013.
""2012–2013 Conference Regular Season Standings"". NBA. Archived from the original on April 5, 2010. Retrieved May 27, 2013.
""2013 NBA Playoffs Summary"". Basketball Reference. Archived from the original on June 20, 2013. Retrieved May 27, 2013.
Wallace, Michael (April 27, 2013). ""Russell Westbrook to miss playoffs"". ESPN.com. Associated Press. Archived from the original on October 1, 2014. Retrieved May 16, 2022.
Lowe, Zach (April 26, 2013). ""Thunder Struck: Russell Westbrook's Injury and What It Means for Oklahoma City"". Grantland. Archived from the original on October 1, 2014. Retrieved February 19, 2015.
""Kevin Durant's 30-point streak ends at 12 in Thunder's rout of Nets"". ESPN. Archived from the original on March 4, 2016. Retrieved May 16, 2022.
""Notebook: Thunder 127, Warriors 121"". NBA. January 17, 2014. Archived from the original on October 2, 2014. Retrieved January 18, 2014.
""Durant surpasses Jordan record"". ESPN UK. Archived from the original on September 14, 2016. Retrieved May 16, 2022.
Stein, Marc (May 6, 2014). ""Kevin Durant wins first MVP award"". ESPN. Archived from the original on October 2, 2014. Retrieved May 16, 2022.
""Oklahoma City Thunder at Memphis Grizzlies Box Score, April 26, 2014"". Basketball Reference. Archived from the original on October 19, 2016. Retrieved July 31, 2016.
Lee, Michael. ""Kevin Durant remains hungry for NBA title in wake of latest loss, says Thunder's window still open"". The Washington Post. Archived from the original on June 4, 2014. Retrieved June 8, 2014.
""Kevin Durant's 36 points, 10 boards help Thunder take Griz to Game 7"". ESPN. Archived from the original on October 8, 2014. Retrieved May 16, 2022.
""Spurs beat Thunder in OT, advance to NBA Finals vs. Heat"". CBSSports.com. May 31, 2014. Archived from the original on July 14, 2014. Retrieved June 8, 2014.
Brunt, Cliff (October 12, 2014). ""Thunder's Durant to miss 6–8 weeks with foot fracture"". NBA. Associated Press. Archived from the original on January 2, 2015. Retrieved December 20, 2014.
Martel, Brett (December 2, 2014). ""Durant returns, but Pelicans down Thunder 112–104"". NBA. Archived from the original on November 19, 2015. Retrieved February 8, 2015.
Young, Royce (December 19, 2014). ""Kevin Durant (ankle) day to day"". ESPN. Archived from the original on October 14, 2015. Retrieved May 16, 2022.
Sellars, Tony (December 31, 2014). ""Durant, Thunder beat Suns in OT"". NBA. Archived from the original on October 17, 2015. Retrieved April 8, 2015.
Evans, Murray (February 6, 2015). ""Davis has 41, hits 3 at buzzer to lift Pelicans over Thunder"". NBA. Archived from the original on October 19, 2015. Retrieved February 8, 2015.
""Kevin Durant Injury Update"". NBA. February 22, 2015. Archived from the original on October 25, 2015. Retrieved February 22, 2015.
""Kevin Durant Injury Update"". NBA. March 27, 2015. Archived from the original on October 30, 2015. Retrieved March 27, 2015.
Ogden, Rob (October 30, 2015). ""Russell Westbrook, Kevin Durant are first duo to each score 40 since Michael Jordan and Scottie Pippen"". Chicago Sun Times. Archived from the original on November 17, 2015. Retrieved May 16, 2022.
Kramer, Daniel (October 31, 2015). ""Kevin Durant and Russell Westbrook Combine for 91 Points in 2OT Win vs. Magic"". Bleacher Report. Archived from the original on June 27, 2018. Retrieved March 15, 2018.
""Westbrook rallies Thunder past Nuggets, 122–112"". NBA. December 27, 2015. Archived from the original on February 2, 2017. Retrieved March 15, 2018.
""2015–16 NBA Season Summary"". Basketball Reference. Archived from the original on April 1, 2019. Retrieved February 19, 2017.
""Dallas beats Oklahoma City 85–84, ties series 1–1"". NBA. April 18, 2016. Archived from the original on April 19, 2016. Retrieved April 18, 2016.
""Durant scores 41 points, Thunder beat Spurs to tie series"". NBA. May 8, 2016. Archived from the original on May 12, 2016. Retrieved May 8, 2016.
""Stephen Curry, Warriors back to NBA Finals after finishing off OKC"". ESPN.com. Associated Press. May 31, 2016. Archived from the original on July 26, 2018. Retrieved February 19, 2017.
Durant, Kevin (July 4, 2016). ""My Next Chapter"". The Players' Tribune. Archived from the original on July 4, 2016. Retrieved July 4, 2016.
Gregory, Sean (July 4, 2016). ""Why Kevin Durant's Decision Is Worth Cheering For"". Time. Archived from the original on July 4, 2016. Retrieved July 4, 2016.
Zillgitt, Jeff (July 4, 2016). ""How Kevin Durant's decision to join Warriors affects the NBA"". USA Today. Archived from the original on July 4, 2016. Retrieved July 4, 2016.
Maloney, Jack (September 19, 2017). ""Kevin Durant says he initially regretted his decision to join the Warriors"". CBS Sports. Archived from the original on December 30, 2018. Retrieved February 4, 2018.
""Durant in new documentary: Bullies say 'I took the easy way out'"". NBC Sports. July 11, 2017. Archived from the original on March 20, 2019. Retrieved May 4, 2018.
Botkin, Brad (February 9, 2020). ""Kevin Durant explains why he left Thunder for Warriors, says he was tired of being only shooter"". CBS Sports. Archived from the original on March 28, 2020. Retrieved March 28, 2020.
Golliver, Ben (July 4, 2016). ""Golden Decision: Kevin Durant shakes up the NBA with move to the Warriors"". Sports Illustrated. Archived from the original on December 25, 2018. Retrieved February 4, 2018.
""Warriors Sign Free Agent Forward Kevin Durant"". NBA. July 7, 2016. Archived from the original on July 9, 2016. Retrieved July 10, 2016.
""Kevin Durant to sign with Warriors"". ESPN. July 4, 2016. Archived from the original on May 19, 2017. Retrieved July 7, 2016.
McCauley, Janie (July 7, 2016). ""Splash! Kevin Durant finalizes two-year deal with Warriors"". Yahoo! Sports. Archived from the original on July 11, 2016. Retrieved July 7, 2016.
""Leonard, Spurs spoil Durant's Warriors debut with blowout"". ESPN. October 25, 2016. Archived from the original on March 20, 2019. Retrieved October 26, 2016.
""Warriors eventually find flow without Green, beat Minnesota"". ESPN. November 26, 2016. Archived from the original on August 4, 2018. Retrieved November 27, 2016.
""Durant leads Warriors to win in return to Oklahoma City"". ESPN. February 11, 2017. Archived from the original on August 4, 2018. Retrieved February 12, 2017.
""Kevin Durant Injury Update"". NBA. March 1, 2017. Archived from the original on August 5, 2018. Retrieved March 1, 2017.
""Durant shines in return from 19-game absence, knee injury"". ESPN. April 8, 2017. Archived from the original on August 4, 2018. Retrieved April 8, 2017.
""2016–17 NBA Standings"". Basketball-Reference. Archived from the original on March 17, 2019. Retrieved November 4, 2017.
""Curry's 36 points leads Warriors to sweep Spurs, 129–115"". ESPN. May 22, 2017. Archived from the original on March 20, 2019. Retrieved May 22, 2017.
""Kevin Durant drops 38 as Warriors rout Cavs in Game 1 of Finals"". ESPN. June 1, 2017. Archived from the original on September 8, 2018. Retrieved June 1, 2017.
""Durant's dagger 3 lifts Warriors over Cavs in Game 3"". ESPN. June 7, 2017. Archived from the original on September 25, 2018. Retrieved June 8, 2017.
""Cleveland Cavaliers at Golden State Warriors Box Score, June 12, 2017"". June 12, 2017. Archived from the original on August 4, 2018. Retrieved February 4, 2018.
Devine, Dan (June 13, 2017). ""Kevin Durant is your 2017 NBA Finals MVP"". Yahoo.com. Archived from the original on September 25, 2018. Retrieved June 13, 2017.
Blinebury, Fran (June 13, 2017). ""Golden State Warriors forward Kevin Durant claims Finals MVP"". NBA. Archived from the original on July 27, 2018. Retrieved June 13, 2017.
""Warriors (16–1) Record Best Postseason Winning Percentage in NBA History"". Bleacher Report. June 14, 2017. Retrieved May 10, 2018.
Nathan, Alec (June 30, 2017). ""Kevin Durant Reportedly Declines Warriors Contract Option, Expected to Re-Sign"". BleacherReport.com. Archived from the original on June 30, 2017. Retrieved July 21, 2017.
Winfield, Kristian (July 3, 2017). ""Kevin Durant will take nearly $7 million pay cut to keep the Warriors together"". SBNation.com. Archived from the original on July 4, 2017. Retrieved July 21, 2017.
""Warriors Re-Sign Curry, Durant, Iguodala, Livingston, Pachulia and West to Contracts"". NBA. July 25, 2017. Archived from the original on July 28, 2017. Retrieved July 25, 2017.
""Lou Williams scores career-high 50, Clippers beat Warriors"". ESPN. January 10, 2018. Archived from the original on January 11, 2018. Retrieved January 10, 2018.
""Stephen Curry, Warriors use big second half to beat Knicks"". ESPN. January 23, 2018. Archived from the original on January 25, 2018. Retrieved January 24, 2018.
""Lillard has 44, Blazers overcome Durant's 50, beat Warriors"". ESPN. February 14, 2018. Archived from the original on February 16, 2018. Retrieved February 15, 2018.
""Injured Warriors play short, don't have enough against Kings"". ESPN. March 16, 2018. Archived from the original on March 17, 2018. Retrieved March 16, 2018.
""After Curry goes down, Durant rallies Warriors past Spurs"". ESPN. March 8, 2018. Archived from the original on March 10, 2018. Retrieved March 9, 2018.
""Durant's 37 lead Warriors over Rockets 119–106"". ESPN. May 14, 2018. Archived from the original on May 15, 2018. Retrieved May 14, 2018.
Kevin Durant is reverting to old habits as Warriors get pushed to brink of elimination, Tim (May 25, 2018). ""Kevin Durant is reverting to old habits as Warriors get pushed to brink of elimination"". Chicago Tribune. Archived from the original on May 26, 2018. Retrieved August 4, 2018.
""Warriors reach 4th straight NBA Finals with win over Houston"". ESPN. May 28, 2018. Archived from the original on May 29, 2018. Retrieved May 29, 2018.
""Durant has 43, Warriors take 3–0 NBA Finals lead over Cavs"". ESPN. June 6, 2018. Archived from the original on June 7, 2018. Retrieved June 6, 2018.
""Durant Carries Warriors Over Cavs in Game 3"". NBA. June 6, 2018. Archived from the original on June 10, 2018. Retrieved June 6, 2018.
""Dub Dynasty: Warriors sweep Cavaliers for second straight title"". ESPN. June 8, 2018. Archived from the original on June 9, 2018. Retrieved June 9, 2018.
""Warriors Re-sign Forward Kevin Durant"". NBA. July 7, 2018. Archived from the original on July 7, 2018. Retrieved July 7, 2018.
Johnson, Dalton (December 24, 2018). ""Kevin Durant wants 'as much money as I can' on next free agency contract"". NBC Sports. Archived from the original on March 20, 2019. Retrieved May 9, 2019.
Shelburne, Ramona (June 4, 2019). ""How Draymond Green found his zen"". ESPN. Archived from the original on June 10, 2019. Retrieved June 11, 2019.
Spears, Marc J. (June 30, 2019). ""Kendrick Perkins on Kevin Durant: 'Finally, he got his own team'"". Andscape. Archived from the original on July 2, 2019. Retrieved July 2, 2019.
""Leonard scores 37, Raptors beat Warriors 131–128 in OT"". ESPN. Associated Press. November 29, 2018. Archived from the original on November 30, 2018. Retrieved November 29, 2018.
""Curry injured, Bucks snap Warriors' 8-game win streak"". ESPN. November 8, 2018. Archived from the original on November 29, 2018. Retrieved November 29, 2018.
""Lou Williams, Clippers force Game 6 against champ Warriors"". ESPN. April 24, 2019. Archived from the original on May 10, 2019. Retrieved April 25, 2019.
""Durant has 50, Warriors beat Clippers 129–110; Rockets next"". ESPN. April 26, 2019. Archived from the original on January 12, 2021. Retrieved April 27, 2019.
""Kerr confirms KD out remainder of Rockets series"". ESPN. May 9, 2019. Archived from the original on May 9, 2019. Retrieved May 9, 2019.
Conway, Tyler (June 3, 2019). ""Steve Kerr: 'Feasible' Kevin Durant Could Return from Injury After 1 Practice"". Bleacher Report. Archived from the original on June 2, 2019. Retrieved June 4, 2019.
""Warriors hang on to stay alive, win Game 5 of NBA Finals"". ESPN. June 10, 2019. Archived from the original on November 6, 2021. Retrieved June 10, 2019.
Stein, Marc (June 10, 2019). ""How the Warriors Survived Game 5 of the N.B.A. Finals"". The New York Times. Archived from the original on June 11, 2019. Retrieved June 11, 2019.
""Warriors Quest for 3-Peat Denied"". NBA. June 13, 2019. Archived from the original on April 29, 2021. Retrieved April 29, 2021.
Carroll, Charlotte (June 30, 2019). ""Durant's 'The Boardroom' Gains Thousands of Followers With Free Agency Announcement"". Sports Illustrated. Archived from the original on November 6, 2021. Retrieved July 2, 2019.
""Warriors CEO Joe Lacob releases statement on Kevin Durant"". NBA. July 1, 2019. Archived from the original on July 1, 2019. Retrieved July 2, 2019.
""Brooklyn Nets Acquire 10-Time All-Star and Two-Time NBA Champion Kevin Durant"". NBA. July 7, 2019. Archived from the original on July 8, 2019. Retrieved July 29, 2021.
Spears, Marc J. (June 5, 2020). ""Kevin Durant rules himself out for remainder of 2019–20 season: 'Best for me to wait'"". ESPN. Archived from the original on January 13, 2021. Retrieved December 2, 2020.
Fernandez, Gabriel (March 17, 2020). ""Coronavirus live updates: Four Brooklyn Nets players test positive for COVID-19; 2020 French Open postponed"". CBS Sports. Archived from the original on March 17, 2020. Retrieved March 17, 2020.
""Nets' Kevin Durant on Positive COVID-19 Test: 'I'm Alive. That's It...I'm Good'"". Bleacher Report. Archived from the original on September 6, 2023. Retrieved September 6, 2023.
Andrews, Malika (December 22, 2020). ""Kevin Durant returns in grand style as Brooklyn Nets open season with emphatic home win"". ESPN. Archived from the original on December 23, 2020. Retrieved December 23, 2020.
Ibarrola, Kriel (December 22, 2020). ""5 crazy stats in the Nets' blowout win vs. Warriors in opening night"". ClutchPoints. Archived from the original on December 24, 2020. Retrieved December 23, 2020.
""Brooklyn Nets Acquire James Harden"". Brooklyn Nets. January 14, 2021. Archived from the original on January 14, 2021. Retrieved November 27, 2021.
""Magic vs. Nets - Game Recap - January 16, 2021 - ESPN"". ESPN. Archived from the original on November 27, 2021. Retrieved November 27, 2021.
Papke, Grey (February 5, 2021). ""This is why Kevin Durant made his first career appearance off the bench Friday"". Yardbarker. Archived from the original on November 27, 2021. Retrieved November 27, 2021.
""Nets' Kevin Durant fined $50,000 by NBA for 'derogatory language'"". The Guardian. April 2, 2021. Archived from the original on April 2, 2021. Retrieved April 2, 2021.
""KD 'dives right into action,' goes 5-for-5 in return"". ESPN. April 8, 2021. Archived from the original on November 27, 2021. Retrieved November 27, 2021.
""Nets vs. Celtics - Game Recap - May 30, 2021 - ESPN"". ESPN. Archived from the original on November 27, 2021. Retrieved November 27, 2021.
""Celtics vs. Nets - Game Recap - June 1, 2021 - ESPN"". ESPN. Archived from the original on November 27, 2021. Retrieved November 27, 2021.
""Durant, Irving carry Nets in opener after Harden hurt"". ESPN. June 5, 2021. Retrieved June 11, 2021.
Bontemps, Tim (June 16, 2021). ""KD's 49-point triple-double saves 'wounded' Nets"". ESPN. Archived from the original on June 16, 2021. Retrieved June 16, 2021.
Windhorst, Bryan (June 16, 2021). ""NBA playoffs 2021: Kevin Durant reminded the world that he's capable of anything on the court"". ESPN. Archived from the original on June 16, 2021. Retrieved June 16, 2021.
Guinhawa, Angelo (June 19, 2021). ""Nets star Kevin Durant's LeBron James-like feat proves he's a big-stage player"". ClutchPoints. Archived from the original on June 20, 2021. Retrieved June 19, 2021.
Bontemps, Tim (August 6, 2021). ""Durant signs 4-year, $198M extension with Nets"". ESPN.com. Archived from the original on August 8, 2021. Retrieved August 8, 2021.
Conway, Tyler (October 22, 2021). ""Kevin Durant Triple-Doubles as Nets Rally Past Joel Embiid, 76ers with Late Run"". Bleacher Report. Archived from the original on October 23, 2021. Retrieved October 22, 2021.
""Nets vs. Magic - Game Recap - November 10, 2021 - ESPN"". ESPN. Archived from the original on December 13, 2021. Retrieved December 13, 2021.
""Nets vs. Pistons - Game Recap - December 12, 2021 - ESPN"". ESPN. Archived from the original on December 13, 2021. Retrieved December 13, 2021.
""Durant drops 14th career triple-double to help 8-man Nets overcome Raptors in OT"". CBC.ca. December 14, 2021. Archived from the original on December 15, 2021. Retrieved December 15, 2021.
""Durant makes a statement for the Nets against the Philadelphia 76ers"". MARCA.com. December 17, 2021. Archived from the original on December 17, 2021. Retrieved December 17, 2021.
""Kevin Durant (left knee sprain) set to undergo MRI, while Brooklyn Nets 'hope for the best outcome'"". ESPN. January 15, 2021. Archived from the original on January 25, 2022. Retrieved January 25, 2022.
""Sources: Brooklyn Nets expect Kevin Durant to miss 4-6 weeks with sprained MCL"". ESPN. January 16, 2021. Archived from the original on January 25, 2022. Retrieved January 25, 2022.
""Adebayo, Heat bench spoil Durant's return"". NBA. March 4, 2022. Archived from the original on March 4, 2022. Retrieved March 4, 2022.
""Jayson Tatum scores 54 points to fuel Celtics past Nets, ties Larry Bird's team record for most 50-point games"". CBS Sports. March 6, 2022. Archived from the original on April 24, 2023. Retrieved March 6, 2022.
""Durant erupts for 53 points as Nets hold off Knicks"". NBA. March 13, 2022. Archived from the original on March 13, 2022. Retrieved March 13, 2022.
""Durant, Nets dominate 2nd half for easy win in Utah"". NBA. March 22, 2022. Archived from the original on March 22, 2022. Retrieved March 22, 2022.
""Durant pours in 41 points, rallies Nets past Pistons"". NBA. March 30, 2022. Archived from the original on March 30, 2022. Retrieved March 30, 2022.
""Hawks overcome Durant's 55, seize lead for 8th place"". NBA. April 3, 2022. Archived from the original on April 3, 2022. Retrieved April 3, 2022.
""Nets drop Pacers, secure No. 7 spot in Play-In Tournament"". NBA. April 10, 2022. Archived from the original on April 10, 2022. Retrieved April 10, 2022.
""Behind Irving, Nets hold off Cavs in Play-In matchup"". NBA. April 13, 2022. Archived from the original on April 18, 2022. Retrieved April 17, 2022.
""Tatum's buzzer-beating layup stuns Nets in Game 1 thriller"". NBA. April 16, 2022. Archived from the original on May 7, 2022. Retrieved April 17, 2022.
""Brooklyn Nets' Kevin Durant struggles again from field as Boston Celtics take 2-0 lead"". ESPN. April 21, 2022. Archived from the original on April 26, 2022. Retrieved April 26, 2022.
""Kevin Durant struggles again as Brooklyn Nets fall into 3-0 series hole against Boston Celtics"". ESPN. April 23, 2022. Archived from the original on April 25, 2022. Retrieved April 26, 2022.
""Jayson Tatum scores 29 as Boston Celtics complete sweep of Brooklyn Nets"". ESPN. April 25, 2022. Archived from the original on April 26, 2022. Retrieved April 26, 2022.
""Nic Claxton shatters embarrassing Shaq record as Nets get swept by Celtics"". April 25, 2022. Archived from the original on May 6, 2022. Retrieved May 6, 2022.
""Ben Simmons vanishes as furore erupts before Nets implode in playoffs"". April 26, 2022.
Bontemps, Tim (June 30, 2022). ""Agent: Durant has requested trade from Nets"". ESPN.com. Archived from the original on June 30, 2022. Retrieved July 2, 2022.
Goldberg, Rob. ""NBA Rumors: Kevin Durant Requests Nets Trade; Suns, Heat Seen as 'Preferred' Teams"". Bleacher Report. Archived from the original on January 6, 2023. Retrieved January 6, 2023.
Kasabian, Paul. ""NBA Rumors: Kevin Durant 'Is at Least Open' to Possibility of Raptors Trade from Nets"". Bleacher Report. Archived from the original on January 6, 2023. Retrieved January 6, 2023.
Salvador, Joseph. ""Durant Ends Trade Request After Meeting With Nets Management"". Sports Illustrated. Archived from the original on August 29, 2022. Retrieved August 29, 2022.
""Bane and Morant score 38 each as Grizzlies beat Nets 134–124"". ESPN.com. October 24, 2022. Archived from the original on October 25, 2022. Retrieved October 25, 2022.
""Durant's 36 lifts slumping Nets to second win of the season"". ESPN.com. October 31, 2022. Archived from the original on November 3, 2022. Retrieved November 4, 2022.
""Durant, Nets pound Knicks 112–85 after promoting Vaughn"". ESPN.com. November 9, 2022. Archived from the original on November 10, 2022. Retrieved November 9, 2022.
""O'Neale scores on late tip, Nets top Trail Blazers 109–107"". ESPN.com. November 17, 2022. Archived from the original on November 19, 2022. Retrieved November 19, 2022.
""Irving scores 29, Nets beat depleted Raptors 112–98"". ESPN.com. November 23, 2022. Archived from the original on November 24, 2022. Retrieved November 25, 2022.
""Durant scores 45, carries Nets to 109–102 win over Magic"". ESPN.com. November 28, 2022. Archived from the original on November 30, 2022. Retrieved November 30, 2022.
""Kevin Durant, Kyrie Irving lead Nets past Pistons, 124–121"". ESPN.com. December 18, 2022. Archived from the original on December 31, 2022. Retrieved December 21, 2022.
Stinar, Ben (December 20, 2022). ""Kevin Durant Made Incredible NBA History Twice On Sunday Night"". si.com. Archived from the original on December 27, 2022. Retrieved December 27, 2022.
Guinhawa, Angelo (December 26, 2022). ""Nets star Kevin Durant breaks Tim Duncan record in historic scoring climb"". ClutchPoints. Archived from the original on December 27, 2022. Retrieved December 26, 2022.
""Nets win 10th straight, beating short-handed Hawks 108–107"". ESPN.com. December 28, 2022. Archived from the original on December 29, 2022. Retrieved December 29, 2022.
""Durant scores 44, but Bulls snap Nets' 12-game win streak"". ESPN.com. January 3, 2023. Archived from the original on January 5, 2023. Retrieved January 6, 2023.
""Kevin Durant passes Dominique Wilkins for 14th on all-time scoring list"". NBA.com. January 9, 2023. Archived from the original on January 9, 2023. Retrieved January 9, 2023.
""2023 NBA All-Star starters announced"". NBA.com. Archived from the original on January 27, 2023. Retrieved January 29, 2023.
""Suns Complete Trade For Kevin Durant, T.J. Warren"". NBA.com. February 9, 2023. Archived from the original on February 25, 2023. Retrieved February 9, 2023.
""Kevin Durant believes Suns can find chemistry quickly"". Arizona Sports. February 19, 2023. Archived from the original on March 1, 2023. Retrieved August 9, 2023.
Windhorst, Brian (February 28, 2023). ""Kevin Durant to debut for Suns on Wednesday vs. Hornets"". ESPN.com. Archived from the original on February 28, 2023. Retrieved February 28, 2023.
""Kevin Durant scores 23 points in Charlotte in Suns debut"". ESPN.com. Associated Press. March 1, 2023. Archived from the original on March 2, 2023. Retrieved March 2, 2023.
Maloney, Jack (March 4, 2023). ""Suns' Kevin Durant passes Oscar Robertson for 13th place on NBA's all-time scoring list"". CBS Sports. Archived from the original on March 4, 2023. Retrieved March 4, 2023.
""Kevin Durant passes Oscar Robertson for 13th in career points"". NBA.com. Archived from the original on March 4, 2023. Retrieved March 4, 2023.
""Durant tiebreaker lifts Suns over Mavs in showcase of stars"". ESPN. Archived from the original on March 5, 2023. Retrieved March 5, 2023.
""Kevin Durant (ankle) injured during warmups, misses home Suns debut"". NBA.com. Archived from the original on March 9, 2023. Retrieved March 9, 2023.
Greenawalt, Tyler (March 10, 2023). ""Suns' Kevin Durant will miss at least 3 weeks with ankle injury"". Yahoo Sports. Archived from the original on March 10, 2023. Retrieved March 10, 2023.
Rankin, Duane. ""Phoenix Suns live updates: Kevin Durant scores 16 points in home debut, Suns top T-Wolves"". azcentral.com. Archived from the original on February 10, 2024. Retrieved March 30, 2023.
Druin, Donnie (March 30, 2023). ""Suns Top Timberwolves in Kevin Durant's Home Debut"". Sports Illustrated. Archived from the original on March 30, 2023. Retrieved March 30, 2023.
""Kevin Durant will not 'make too much of' 8-0 start with Suns"". uk.sports.yahoo.com. April 7, 2023. Archived from the original on April 9, 2023. Retrieved April 9, 2023.
Washington, Lina (April 6, 2023). ""Phoenix Suns turn focus to 2023 NBA Playoffs"". 12news.com. Archived from the original on April 9, 2023. Retrieved April 9, 2023.
Stinar, Ben (April 11, 2023). ""Kevin Durant Is The First Player In NBA History To Do This"". Sports Illustrated. Archived from the original on April 13, 2023. Retrieved April 14, 2023.
""Leonard scores 38 to lead Clippers past Durant, Suns 115-110"". ESPN.com. April 16, 2023. Archived from the original on April 17, 2023. Retrieved April 16, 2023.
""Durant scores 31, Suns beat Clippers 112-100 for 3-1 lead"". ESPN. April 22, 2023. Archived from the original on April 24, 2023. Retrieved April 26, 2023.
""Booker scores 47, leads Suns past Clippers to win series"". ESPN. April 25, 2023. Archived from the original on April 26, 2023. Retrieved April 26, 2023.
""Suns Forward Kevin Durant Makes History vs Nuggets"". Sports Illustrated. May 5, 2023. Archived from the original on May 15, 2023. Retrieved May 15, 2023.
""Booker scores 47, Durant adds 39, Suns beat Nuggets 121-114"". ESPN.com. May 6, 2023. Archived from the original on May 15, 2023. Retrieved May 15, 2023.
""Nuggets blow past Suns 125-100, advance to Western Conference finals"". ESPN.com. Associated Press. May 12, 2023. Archived from the original on May 15, 2023. Retrieved May 15, 2023.
Villas, Rexwell (October 31, 2023). ""Suns' Kevin Durant made Spurs' Victor Wembanyama witness his astonishing milestone achievement"". ClutchPoints. Archived from the original on November 1, 2023. Retrieved October 31, 2023.
""Durant scores 38 and Booker has a career-best 15 assists to boost the Suns past the Jazz"". ESPN.com. November 18, 2023. Archived from the original on November 18, 2023. Retrieved November 18, 2023.
""Kevin Durant passes Elvin Hayes for 11th place on NBA's career scoring list"". NBA.com. November 22, 2023. Archived from the original on November 22, 2023. Retrieved November 22, 2023.
""Kevin Durant enters top 10 all-time scoring leaderboard, passing Moses Malone"". NBA.com. December 2, 2023. Archived from the original on December 2, 2023. Retrieved December 2, 2023.
""Kevin Durant has 18th career triple-double, Suns beat Rockets 129-113 to end losing streak"". USA Today. Archived from the original on December 28, 2023. Retrieved December 28, 2023.
Allred, Damon (January 22, 2024). ""Kevin Durant named Western Conference Player of the Week"". Bright Side Of The Sun. Archived from the original on January 23, 2024. Retrieved January 23, 2024.
Abhishek, Aharon (January 22, 2024). """"Going to be aggressive"": Kevin Durant asserts Suns Big 3 will punish teams for playing them 1v1"". Sportskeeda. Archived from the original on January 22, 2024. Retrieved January 23, 2024.
Pagaduan, Jedd (January 22, 2024). ""Suns: Kevin Durant's insane 43 points, game-winner to complete comeback has fans hyped"". Clutchpoints. Archived from the original on January 23, 2024. Retrieved January 22, 2024.
""2024 NBA All-Star starters announced"". NBA.com. Archived from the original on January 27, 2024. Retrieved January 27, 2024.
Bontemps, Tim (February 2024). ""Kevin Durant returns to Brooklyn: 'Pointless' to ponder what-ifs"". ESPN. Archived from the original on February 1, 2024. Retrieved February 1, 2024.
""Fred VanVleet, Jabari Smith Jr. help Rockets hold off Suns, 114-110"". ESPN. February 23, 2024. Retrieved February 29, 2024.
Allen, Quinn (February 24, 2024). ""Suns' Kevin Durant surpasses Carmelo Anthony on NBA all-time scoring list"". ClutchPoints. Retrieved February 24, 2024.
""Jayson Tatum, Jaylen Brown lead Celtics past Suns 117-107, snapping rare 2-game skid"". ESPN.com. March 9, 2024. Retrieved March 10, 2024.
""Kevin Durant moves past Shaquille O'Neal for No. 8 on NBA's all-time scoring list"". NBA.com. Retrieved March 21, 2024.
Tomasson, Chris (February 17, 2007). ""Dantley given Hall of Fame support"". Rocky Mountain News. Archived from the original on February 19, 2007. Retrieved March 7, 2007. Colangelo said he plans to invite University of Texas player Kevin Durant to Team USA training camp this summer.
McMenamin, Dave (July 25, 2007). ""Team USA: Durant Better Than Advertised"". NBA.com. Archived from the original on August 8, 2007. Retrieved July 31, 2007.
Mahoney, Brian (August 26, 2007). ""Durant, Collison dropped from U.S. team"". USA Today. Archived from the original on May 11, 2008. Retrieved August 29, 2007.
Sheridan, Chris (August 2, 2010). ""Kevin Durant: The Reluctant Face of Team USA"". ESPN. Archived from the original on July 25, 2010. Retrieved December 12, 2010.
""USA – Durant Named Tournament MVP"" (Press release). FIBA. September 12, 2010. Archived from the original on March 1, 2012. Retrieved September 12, 2010.
""Kevin Durant"". USA Basketball. Archived from the original on October 8, 2014. Retrieved January 29, 2014.
""USA BASKETBALL NAMES KEVIN DURANT 2010 MALE ATHLETE OF THE YEAR"". TeamUSA. December 15, 2010. Archived from the original on September 20, 2022. Retrieved September 21, 2022.
""Updates from the London 2012 closing ceremonies –"". USA Today. December 8, 2012. Archived from the original on April 30, 2013. Retrieved July 4, 2013.
Stein, Marc (August 12, 2012). ""Instant Analysis: Team USA 107, Spain 100"". ESPN. Archived from the original on October 8, 2014. Retrieved May 16, 2022.
Freeman, Eric. ""Kevin Durant totally dropped out of Team USA because of the Paul George injury"". Yahoo! Sports. Archived from the original on August 27, 2016. Retrieved July 31, 2016.
""USA Men's National Team"". USA Basketball. Archived from the original on August 1, 2016. Retrieved July 31, 2016.
""Carmelo Anthony And Kevin Durant Share 2016 USA Basketball Male Athlete Of The Year Award"". USA Basketball. December 7, 2016. Archived from the original on December 9, 2016. Retrieved December 7, 2016.
""Team USA Men's Basketball Tracker: Durant, Tatum Headline Stars Committed to Tokyo"". Sports Illustrated. June 21, 2021. Archived from the original on November 6, 2021. Retrieved June 24, 2021.
""Kevin Durant"". USAB.com. Archived from the original on July 24, 2021. Retrieved June 26, 2021.
Kaskey-Blomain, Michael (June 21, 2021). ""Team USA basketball: Nets' Kevin Durant, James Harden expected to play in Tokyo Olympics, per reports"". CBS Sports. Archived from the original on June 26, 2021. Retrieved June 26, 2021.
Reynolds, Tim (June 22, 2021). ""AP source: Harden commits to US Olympic men's team for Tokyo"". Associated Press. Archived from the original on June 26, 2021. Retrieved June 26, 2021.
""Kevin Durant becomes top scorer in U.S. men's Olympic basketball history"". ESPN. Associated Press. July 31, 2021. Archived from the original on July 31, 2021. Retrieved July 31, 2021.
""USA Men's National Team"". USA Basketball. Archived from the original on August 27, 2021. Retrieved August 31, 2021.
""Kevin Durant Named 2021 USA Basketball Male Athlete of the Year"". USA Basketball. Archived from the original on May 28, 2023.
""Kevin Durant to lead Team USA at Tokyo Olympics"". The Times of India. June 28, 2021. ISSN 0971-8257. Archived from the original on October 5, 2023.
Golliver, Ben (August 9, 2021). ""MVP Kevin Durant headlines FIBA's 'All-Star Five' in men's basketball"". The Washington Post. Retrieved August 9, 2021.
Kasabian, Paul. ""Kevin Durant Out for USA vs. Canada Exhibition with Calf Injury Ahead of Olympics"". Bleacher Report. Retrieved July 30, 2024.
""LeBron elite passing unlocks Puerto Rico puzzle"". www.fiba.basketball. August 3, 2024. Retrieved August 4, 2024.
Powell, Shaun (August 3, 2024). ""10 all-time best Olympic players on Team USA since 1992"". NBA.com. Retrieved August 11, 2024.
Reynolds, Tim (August 7, 2024). ""Kevin Durant becomes USA's Olympic all-time leading scorer"". NBA.com. Retrieved August 8, 2024.
""Kevin DURANT - Player Profile"". FIBA.basketball. August 10, 2021. Archived from the original on September 20, 2022. Retrieved September 19, 2022.
""Kevin Durant Named 2021 USA Basketball Male Athlete of the Year"". USA Basketball. December 17, 2021. Archived from the original on December 18, 2021. Retrieved September 20, 2022.
Lyles, Harry Jr. (June 12, 2017). ""How tall is Kevin Durant?"". SBNation.com. Archived from the original on February 12, 2020. Retrieved April 7, 2020.
""SLAM's Top 100 Players Of All-Time: 50-11"". SLAM. May 1, 2018. Archived from the original on September 24, 2022. Retrieved September 21, 2022.
""Ranking the top 74 NBA players of all time: Nos. 40–11"". ESPN. May 12, 2020. Archived from the original on December 19, 2021. Retrieved September 21, 2022.
""The 30 Best NBA Players of All Time, Ranked"". Complex. June 17, 2022. Archived from the original on March 12, 2022. Retrieved September 21, 2022.
""76 greatest NBA players ever: The HoopsHype list"". HoopsHype. September 19, 2022. Archived from the original on September 19, 2022. Retrieved September 21, 2022.
""LeBron James named 2009–10 NBA MVP presented by Kia"". NBA. Archived from the original on May 3, 2013. Retrieved July 28, 2013.
Reynolds, Tim. ""LeBron James wins 3rd NBA MVP award"". Yahoo! News. Archived from the original on November 5, 2013. Retrieved July 28, 2013.
""James wins 4th Kia MVP award in near unanimous vote"". NBA. Archived from the original on June 21, 2013. Retrieved July 28, 2013.
Golliver, Ben. ""Kevin Durant sick of second, working for first with help of advanced stats"". The Point Forward. Archived from the original on October 25, 2013. Retrieved November 3, 2013.
Hollinger, John (September 17, 2012). ""OKC Thunder: 2012–13 roster"". ESPN Insider. Archived from the original on October 10, 2014. Retrieved November 3, 2013.
Babb, Steven (April 17, 2014). ""Kevin Durant Enters Michael Jordan Territory with 4th Scoring Title in 5 Years"". Bleacher Report. Archived from the original on March 11, 2018. Retrieved March 10, 2018.
Taylor, Ben (March 5, 2018). ""Backpicks GOAT: #26 Kevin Durant"". Back Picks. Archived from the original on March 11, 2018. Retrieved March 10, 2018.
Lowe, Zach (February 15, 2013). ""The Not Quite Midseason Awards"". Grantland. Archived from the original on October 10, 2014. Retrieved May 27, 2013.
Pelton, Kevin (September 19, 2013). ""Okla. City Thunder: 2013–14 roster"". ESPN Insider. Archived from the original on October 10, 2014. Retrieved May 16, 2022.
""Kevin Durant Draft Express Profile"". Draft Express Profile. Archived from the original on October 10, 2014. Retrieved November 3, 2013.
Young, Royce. ""John Hollinger on Kevin Durant (and others)"". Daily Thunder. Archived from the original on October 16, 2014. Retrieved November 3, 2013.
Pelton, Kevin (April 11, 2014). ""Roy Hibbert for Defensive POY"". ESPN Insider. Archived from the original on October 10, 2014. Retrieved May 16, 2022.
Tjarks, Jonathan (February 13, 2018). ""Kevin Durant's Defensive Player of the Year Candidacy Isn't Perfect, but It's Real"". The Ringer. Archived from the original on May 23, 2021. Retrieved March 10, 2018.
Petski, Denise (February 3, 2016). ""Lifetime Sets Movie About Kevin Durant's Mom; Queen Latifah Produces, Cassandra Freeman Stars"". Deadline. Archived from the original on March 14, 2020. Retrieved April 17, 2020.
Young, Royce (July 29, 2009). ""Kevin Durant on his hobbies, Twitter and who could beat him 1-on-1"". Daily Thunder. Archived from the original on January 3, 2013. Retrieved June 2, 2013.
""Kevin Durant"". Archived from the original on October 10, 2014. Retrieved February 9, 2014.
Brown, Kevin (August 18, 2021). ""Durant sheds light on how changing high schools influenced FA decisions"". NBC Sports. Archived from the original on August 5, 2023. Retrieved August 5, 2023.
Carmichael, Emma (July 25, 2011). ""Kevin Durant Is Not Ashamed Of His ""Business"" Tats"". Deadspin. Archived from the original on May 23, 2021. Retrieved July 8, 2021.
""Durant's ink shows who's got his back"". Archived from the original on October 10, 2014. Retrieved February 9, 2014.
Freeman, Eric. ""Kevin Durant is selling his house in Oklahoma City for a mere $1.95 million"". Yahoo! Sports. Archived from the original on October 5, 2013. Retrieved March 2, 2014.
Kenny, Michael (December 15, 2013). ""Kevin Durant's new restaurant is changing the game"". The Norman Transcript. Archived from the original on March 3, 2014.
""Kevin Durant, Monica Wright engaged"". ESPN. July 8, 2013. Archived from the original on October 10, 2014. Retrieved May 16, 2022.
Mandell, Nina (February 18, 2015). ""Kevin Durant broke off his engagement because he 'didn't love her the right way'"". USA Today. Archived from the original on April 18, 2017. Retrieved April 18, 2017.
Freeman, Eric (February 7, 2016). ""Kevin Durant works as credentialed photographer at Super Bowl 50"". Yahoo! Sports. Archived from the original on February 22, 2016. Retrieved July 5, 2016.
Durant, Kevin (February 8, 2016). ""My View From Super Bowl 50"". The Players' Tribune. Archived from the original on July 7, 2016. Retrieved July 5, 2016.
""Kevin Durant splits from longtime agent"". ESPN. February 18, 2012. Archived from the original on October 10, 2014. Retrieved May 16, 2022.
Amick, Sam (June 7, 2013). ""Kevin Durant leaves agent, may work with Jay-Z"". USA Today. Archived from the original on October 10, 2014. Retrieved June 8, 2013.
Rovell, Darren (June 24, 2013). ""Jay-Z's agency lands Kevin Durant"". ESPN. Archived from the original on October 10, 2014. Retrieved June 25, 2013.
Badenhausen, Kurt. ""Kevin Durant Is On The Verge Of Global Stardom"". Forbes. Archived from the original on April 1, 2013. Retrieved June 2, 2013.
""Thunderstruck: Why was the Thunder's Kevin Durant chosen for a movie?"". The Oklahoman. Archived from the original on October 10, 2014. Retrieved May 16, 2022.
Golliver, Ben. ""LeBron James passes Kobe Bryant on SI's 'Fortunate 50′ highest-earning athletes list"". Sports Illustrated. Archived from the original on June 7, 2013. Retrieved June 2, 2013.
""The NBA's Top-Selling Jerseys"". Sports Illustrated. Archived from the original on May 16, 2022. Retrieved May 16, 2022.
""Curry starts in first All-Star Game; LeBron top vote-getter"". NBA. Archived from the original on January 27, 2014. Retrieved March 2, 2014.
Astramskas, David. ""Commercial: Kevin Durant is the ""nicest guy in the NBA"" & wanted for dunking"". Ball Is Life. Archived from the original on October 10, 2014. Retrieved June 2, 2013.
Young, Royce (February 28, 2014). ""Kevin Durant is, in fact, very nice"". CBS Sports. Archived from the original on March 2, 2014. Retrieved May 16, 2022.
Broussard, Chris. ""Strong and Kind movement"". ESPN. Archived from the original on March 13, 2014. Retrieved March 2, 2014.
Bontemps, Tim (July 26, 2018). ""The contentious relationship between Kevin Durant and NBA Twitter continues"". The Washington Post. Archived from the original on November 9, 2020. Retrieved August 4, 2018.
Mansfield, Aaron (August 2, 2018). ""Kevin Durant on Why He Was a 'Phony' in Oklahoma City"". Complex Networks. Archived from the original on August 3, 2018. Retrieved August 4, 2018.
"""". X (formerly Twitter). Archived from the original on July 21, 2023. Retrieved September 2, 2023. {{cite web}}: External link in |title= (help)
Mansfield, Aaron C. ""A Timeline of Kevin Durant's Most Epic Twitter Moments"". Complex. Archived from the original on September 2, 2023. Retrieved September 2, 2023.
Xchange, Sports (May 21, 2013). ""Durant donates $1 million to tornado victims"". Chicago Tribune. Archived from the original on May 22, 2013. Retrieved May 21, 2013.
Devine, Dan. ""Kevin Durant taps Nike to donate $1M in products, sneaker profits to Oklahoma tornado relief"". Yahoo! Sports. Archived from the original on June 5, 2013. Retrieved June 2, 2013.
""Kevin Durant and P'Tones Records Apply for the Pepsi Refresh Grant"". Kevindurant35.com. Archived from the original on July 13, 2011. Retrieved June 16, 2011.
Williams, Alex (February 18, 2017). ""How Kevin Durant Became Silicon Valley's Hottest Start-up"". The New York Times. Archived from the original on February 27, 2017. Retrieved April 26, 2017.
""Kevin Durant – YouTube about page"". Kevin Durant. YouTube. Archived from the original on May 26, 2017. Retrieved April 26, 2017.
Burns, Mark J. (April 17, 2017). ""Kevin Durant creates YouTube channel to show 'different side'"". Sports Illustrated. Archived from the original on April 26, 2017. Retrieved April 26, 2017.
""NBA Superstar Kevin Durant Teams With Brian Grazer On Apple Scripted Series"". Deadline Hollywood. February 13, 2018. Archived from the original on February 13, 2018. Retrieved February 13, 2018.
Zucker, Joseph. ""Rich Kleiman: Kevin Durant '100 Percent Undecided' on Future Amid Knicks Rumors"". Bleacher Report. Archived from the original on May 12, 2021. Retrieved June 18, 2021.
Malkin, Marc (February 1, 2021). ""Kevin Durant and Rich Kleiman Announce New Video Series for Boardroom (EXCLUSIVE)"". Archived from the original on March 4, 2021. Retrieved June 18, 2021.
Cash, Meredith. ""Take a tour of Kevin Durant and Rich Kleiman's swanky New York City office space for Thirty Five Ventures"". Insider.
Shelburne, Ramona (February 11, 2019). ""Inside The Boardroom: How Kevin Durant made himself into a mogul"". ESPN. Archived from the original on June 24, 2021. Retrieved August 3, 2021.
Langmann, Brady (May 15, 2020). ""A County in Maryland Produces a Wild Number of Basketball Stars. This Documentary Wants to Know Why"". Esquire. Archived from the original on May 19, 2020. Retrieved May 15, 2020.
""The 93rd Academy Awards – 2021 Winners & Nominees"". Oscars.org. April 25, 2021. Archived from the original on July 13, 2020. Retrieved June 21, 2021.
""Kevin Durant and (Possibly) the Greatest Basketball Team of All Time"". The New York Times Magazine. June 2, 2021. Archived from the original on June 20, 2021. Retrieved June 21, 2021.
Cue, Eddy. ""Kevin Durant: The World's 100 Most Influential People"". Time. Archived from the original on September 30, 2020. Retrieved September 23, 2020.
Sigal, Jonathan (June 15, 2020). ""NBA star Kevin Durant joins Philadelphia Union ownership group, becomes community partner"". MLS Soccer. Archived from the original on July 9, 2021. Retrieved July 2, 2021.
Zillgitt, Jeff (August 19, 2021). ""Brooklyn's Kevin Durant partnering with Weedmaps to eliminate the stigma of weed use"". USA Today. Archived from the original on August 19, 2021. Retrieved August 19, 2021.
""Weedmaps Announces Multi-Year Partnership with Kevin Durant, Thirty Five Ventures, and Boardroom"" (Press release). Irvine, California. Business Wire. August 19, 2021. Archived from the original on August 20, 2021. Retrieved August 20, 2021.
Windhorst, Brian (August 19, 2021). ""Kevin Durant aims to destigmatize marijuana use with new partnership"". ESPN. Archived from the original on August 20, 2021. Retrieved August 19, 2021.
""Kevin Durant, Elena Delle Donne and Arike Ogunbowale among new investors in Just Women's Sports"". Just Women's Sports. May 10, 2021. Retrieved October 16, 2023.
D'Addario, Daniel (October 27, 2021). ""'Swagger' Turns Kevin Durant's Life Story Into a Modern-Day Basketball Drama With Heart: TV Review"". Variety.
""NBA Future Hall of Famer Kevin Durant Signs Brand Ambassador Deal With Coinbase"". CryptoGlobe. Retrieved December 23, 2021.
Golden, Jessica (October 20, 2022). ""Kevin Durant is the latest athlete to buy a Major League Pickleball team"". CNBC. Retrieved October 20, 2022.
Daniels, Tim (October 20, 2022). ""Kevin Durant Buys Pro Pickleball Expansion Team; LeBron James Among League Owners"". Bleacher Report. Retrieved October 20, 2022.
Brown, Chip (March 22, 2007). ""Durant named NABC player of the year"". Dallas Morning News. Archived from the original on September 30, 2007. Retrieved March 22, 2007.
""John R. Wooden Award announces the 2006–07 All-American Team"". John R. Wooden Award. March 27, 2007. Archived from the original on May 2, 2007. Retrieved March 28, 2007.
""Durant is first freshman named AP player of year"". ESPN. Associated Press. March 31, 2007. Archived from the original on August 9, 2013. Retrieved May 16, 2022.
Brown, Chip (March 27, 2007). ""Durant, Law on All-America team"". Dallas Morning News. Archived from the original on September 27, 2007. Retrieved March 27, 2007.
","
Steve Kerr

This is the latest accepted revision, reviewed on 11 August 2024.
For the Scottish footballer, see Steven Kerr. For the Scottish politician, see Stephen Kerr.
Stephen Douglas Kerr (born September 27, 1965) is an American professional basketball coach and former player who is the head coach for the Golden State Warriors of the National Basketball Association (NBA) and the U.S. national team. He is known as one of the most accurate three-point shooters in NBA history and holds the record for highest three-point percentage. Kerr is also a nine-time NBA champion, having won five titles as a player and four as head coach of the Warriors. He was named one of the 15 Greatest Coaches in NBA History.
Kerr played college basketball for the Arizona Wildcats. He was a two-time first-team all-conference player in the Pac-10 (now known as the Pac-12) and earned All-American honors as a senior in 1988. In the 1987–88 season, Kerr set the NCAA single-season three-point field goal percentage record (57.3%). Selected by the Phoenix Suns in the second round of the 1988 NBA draft, Kerr played 15 seasons in the NBA. He won five NBA championships as a player—three with the Chicago Bulls and two with the San Antonio Spurs—and retired as the all-time NBA leader in single-season three-point shooting percentage and career three-point shooting percentage.
Following his retirement as a player, Kerr became a minority owner of the Phoenix Suns as part of a group led by Robert Sarver that purchased the team in 2004. In June 2007, Phoenix named Kerr the team's president of basketball operations and general manager. Kerr announced he was leaving the position in June 2010. After stepping down from his post with the Suns, Kerr worked as a color commentator for NBA on TNT until 2014.
In May 2014, Kerr was named head coach of the Golden State Warriors. Under his leadership, the franchise entered the most successful period in its history, reaching the NBA Finals six times and winning four championships (in 2015, 2017, 2018, and 2022). The 2015–16 Warriors won an unprecedented 73 games, breaking the record for the most wins in an NBA season, which was formerly held by the 1995–96 Bulls which he also played for.

Early life and international play

Kerr was born in Beirut, Lebanon, to Malcolm H. Kerr, a Lebanese-born American academic who specialized in the Middle East, and his wife, Ann (Zwicker). He has three siblings. His grandfather, Stanley Kerr, volunteered with the Near East Relief after the Armenian genocide and rescued women and orphans in Aleppo and Marash before eventually settling in Beirut. Kerr spent much of his childhood in Lebanon and other Middle Eastern countries. While in Beirut in the summer of 1983, he met a number of US Marines who were later killed in the Beirut barracks bombings. Kerr attended Cairo American College in Egypt, the American Community School in Beirut, Lebanon, and Palisades High School (now Palisades Charter High School) in Los Angeles, graduating in 1983.
Malcolm Kerr was killed by members of the Islamic Jihad on January 18, 1984 at the age of 52 while he was serving as president of the American University of Beirut. Malcolm Kerr was shot twice in the back of his head by gunmen using suppressed handguns in the hallway outside his office. Steve was only 18 years old at the time, and a college freshman; regarding his father's death, Kerr has said: ""Before my father was killed, my life was impenetrable. Bad things happened to other people.""
In the summer of 1986, Kerr was named to U.S. national team that competed in the FIBA World Championship in Spain. The team won the title for the first time since 1954, and was the last American men's senior squad not to feature NBA players that had won a major international tournament. Kerr suffered a knee injury during the competition.

College career

Kerr in 1987 Minimally recruited out of high school, Kerr played basketball at the University of Arizona from 1983 to 1988. Kerr injured his knee playing in the 1986 FIBA World Championship, forcing him to miss the Wildcats' entire 1986–87 season.
During pre-game warmups at arch-rival Arizona State University in 1988, Kerr was taunted by Sun Devils fans with chants that included ""PLO"" and ""Where’s your father?"" Though tearful, Kerr led the Wildcats to victory, scoring 20 points in the first half, making all six of his three-point attempts. Arizona State athletic director Charles Harris sent a letter of apology to Kerr a few days later. Along with fellow All-American teammate Sean Elliott, Kerr helped the Wildcats reach the Final Four of the 1988 NCAA tournament. A two-time first-team All-Pac-10 selection, he also set an NCAA single-season record for 3-point percentage (57.3%, 114–199) in 1987–88.[a] The NCAA introduced the three-point shot while he was redshirting. In his only collegiate season with the three-point shot, he established standards that formerly stood as Pac-12 records for nearly two decades: single-season three-point shots made (114; stood until Salim Stoudamire posted 120 in 2005), Pac-12 tournament run three-point field goal percentage (.750, min 5 made; Marcus Williams, .833, 2006). Kerr led the Pac-10 in free throw shooting in 1985–86 (89.9%).
Kerr graduated from the University of Arizona in 1988 with a Bachelor of General Studies, with an emphasis on history, sociology, and English.

Professional career


Phoenix Suns (1988–1989)

Kerr was selected by the Phoenix Suns in the second round of the 1988 NBA draft. He was chosen as the 50th overall pick. He averaged 2.6 points per game for the Suns in his rookie season.

Cleveland Cavaliers (1989–1992)

In 1989, Kerr was traded to the Cleveland Cavaliers for draft consideration. In more than three seasons with the Cavaliers, he set the team's franchise single-season (.507, 1989–90) and career three-point field goal percentage (.472) records.

Orlando Magic (1992–1993)

In December 1992, Kerr was traded to the Orlando Magic for draft considerations. He averaged 2.6 points per game during his tenure with Orlando.

Chicago Bulls (1993–1998)

In 1993, Kerr signed with the Chicago Bulls. He played five seasons for the Bulls and typically came off of the bench, playing the role of three-point shooting specialist. The Bulls made the playoffs in the 1993–94 and 1994–95 seasons, but without Michael Jordan's presence for all of 1994 and much of 1995, the team was unable to advance to the Finals. However, with Jordan back full-time for the 1995–96 season, the Bulls set a then-NBA record of 72–10 and defeated the Seattle SuperSonics in the 1996 NBA Finals in six games.
In 1997, the Bulls logged a 69–13 regular-season record and reached the 1997 NBA Finals, where they faced the Utah Jazz. At the end of Game 6, with the score tied at 86, Kerr took a pass from Jordan and made a 17-foot jump shot to win the championship for the Bulls. Kerr also won the Three-Point Contest at the 1997 NBA All-Star Weekend.
In the last minute of Game Two of the 1998 NBA Finals against Utah, Kerr missed a three-pointer, grabbed his own rebound, and made a pass to Jordan. Jordan made a crucial three-point play, putting the Bulls in the lead for good and helping the team tie the series at one game apiece.[citation needed] The Bulls went on to win the series in six games.
Kerr set the Bulls' franchise single-season (.524, 1994–95) and career three-point field goal percentage (.479) records. During his tenure with the Bulls, Kerr averaged 8.2 points per game on 50.7% shooting.

San Antonio Spurs (1999–2001)

In January 1999, Kerr was acquired by the San Antonio Spurs in a sign-and-trade deal with the Bulls, whereby Chuck Person and a first-round pick in the 2000 NBA draft was sent to Chicago. The Spurs reached the 1999 NBA Finals and won their first NBA Championship with a 4–1 series victory over the New York Knicks. Kerr and Frank Saul were the only two players in NBA history to have won three championships with two different teams in consecutive seasons, until Patrick McCaw, whom Kerr later coached with the Warriors, achieved the same feat in 2019.

Portland Trail Blazers (2001–2002)

On July 24, 2001, Kerr was traded to the Portland Trail Blazers alongside Derek Anderson in a deal that brought Steve Smith to the Spurs. Kerr would remain in Portland for the 2001–02 season, playing in 65 games and averaging 4.1 points per game.

Return to San Antonio (2002–2003)

On August 2, 2002, Kerr was traded back to San Antonio along with Erick Barkley and a 2003 second-round pick. In return, the Trail Blazers received Charles Smith, Amal McCaskill, and Antonio Daniels. Kerr played in nearly every game (75) the following year, which was his final season in the league. In Game 6 of the 2003 Western Conference Finals against the Dallas Mavericks, Kerr made four second-half three-pointers that helped the Spurs win the game and eliminate Dallas from the playoffs. The Spurs eventually won the NBA championship by beating the New Jersey Nets during the 2003 NBA Finals in six games.

Retirement

Kerr announced his retirement after the 2003 NBA Finals. During his NBA career, Kerr won five NBA championships. He retired as the league's all-time leader in single-season three-point shooting percentage (.524 in 1994–95) and career three-point shooting percentage (.454). As of 2024, Kerr is the only NBA player to win four straight NBA titles after 1969.

Broadcaster and commentator

In 2003, Kerr became a broadcast analyst for Turner Network Television (TNT), offering commentary alongside analyst Marv Albert. During his tenure, Kerr performed a segment sponsored by Coors Light called Steve's Refreshing Thoughts in which he brought up interesting facts in NBA history. This segment continued through sponsorship and became known as Steve Wonders, sponsored by Sprint. In the same time period, Kerr also contributed to Yahoo! as an NBA commentator.
Kerr has provided his voice for the in-game commentary of EA Sports video games NBA Live 06, NBA Live 07, NBA Live 08, NBA Live 09 and NBA Live 10 with Albert. He has also provided his voice as a color analyst for NBA 2K12, NBA 2K13, NBA 2K14 and NBA 2K15. Kerr remained a commentator in NBA 2K15 despite becoming the Golden State Warriors coach for the 2014–15 season several months prior to the game's release. His commentary also appears during All-Star play in the seventh gen port of NBA 2K16.
Kerr left broadcasting in 2007 to become general manager for the Phoenix Suns, but it was confirmed on June 28, 2010, that he would return as an NBA analyst for TNT starting with the 2010–11 NBA season. In 2011, he also called the NCAA Men's Division I Basketball Championship on Turner Sports and CBS, teaming up with lead broadcasters Jim Nantz and Clark Kellogg for the First Four and Final Four games, and with Albert in other rounds. Kerr was also a regular contributor to the website Grantland from 2011 until it closed in 2015.
In 2023, Kerr portrayed a cartoon version of himself on the animated series Clone High, where he was the judge of a fictitious reality show called Tropical Hospital.

Executive career


Phoenix Suns (2004–2010)

On April 15, 2004, Kerr was announced as a member of a potential group of buyers that would acquire his old team, the Phoenix Suns, from Jerry Colangelo for $300 million. Kerr became part of Suns management, acting as a consultant. During the 2006 NBA All-Star Weekend, he was a member of the San Antonio team that won the Shooting Stars Competition.
On June 2, 2007, Kerr announced that he would become the general manager of the Phoenix Suns beginning with the 2007–08 season. In 2008, the Suns traded forward Shawn Marion and guard Marcus Banks to the Miami Heat in exchange for Shaquille O'Neal. The Suns were eliminated by the San Antonio Spurs in five games in the first round of the playoffs. On December 10, 2008, Kerr continued to remake the Suns roster by trading Boris Diaw, Raja Bell, and Sean Singletary to the Charlotte Bobcats in exchange for Jason Richardson, Jared Dudley, and the Bobcats' 2010 second-round draft pick, which was used to draft Gani Lawal of Georgia Tech. On June 25, 2009, he traded O'Neal to the Cleveland Cavaliers for Ben Wallace, Sasha Pavlovic, a future second-round draft pick and cash.
On May 5, 2010, the Suns wore their ""Noche Latina"" Los Suns jerseys in Game 2 against the Spurs to be united against the controversial Arizona immigration law. Kerr himself compared the law to Nazi Germany.
In 2010, Kerr left the Suns as president of basketball operations and general manager. He continued to own less than one percent of the Suns' organization until 2014, when he decided to coach the Golden State Warriors.[citation needed]

Coaching career


Golden State Warriors (2014–present)

Kerr in 2015 On May 14, 2014, Kerr reached an agreement to become the head coach for the Golden State Warriors, succeeding Mark Jackson in a five year $25 million deal. Kerr coached in the 2014 Summer League for the Warriors. During the 2014–15 season, the team's offense employed elements of the triangle offense from his playing days in Chicago under Phil Jackson, the spacing and pace of Gregg Popovich in San Antonio, and the uptempo principles Mike D'Antoni and later Alvin Gentry used in Phoenix when Kerr was the general manager.
After the Warriors beat the Houston Rockets to win their 14th consecutive game, Kerr became the first coach to start his career with a 19–2 record. This beat out Al Cervi and his 18–2 start with the Syracuse Nationals. On December 10, 2014, Kerr became the first NBA rookie head coach to win 21 of his first 23 games. He was named the head coach of the Western Conference team for the 2015 NBA All-Star Game after the Warriors had the best record in the conference. On April 4, the Warriors beat the Dallas Mavericks 123–110 to clinch home-court advantage throughout the playoffs, and Kerr got his 63rd win of the season to become the highest winning rookie head coach in NBA history, passing Tom Thibodeau and his 62 wins with the Chicago Bulls in the 2010–11 season. In the NBA Coach of the Year voting, Kerr was the runner-up to Mike Budenholzer.[citation needed]
The Warriors ultimately finished with one of the best regular seasons in NBA history, and the greatest in the team's 69-year history. They ended with an overall record of 67–15, becoming the 10th team to win 67 or more games in a single season. It was the first time the Warriors had ever won as many as 60 games in a season; their previous high was 59 in the 1975–76 season. They also ended with a 39–2 home record, which is tied for the second-best home record in NBA history. The Warriors were first in defensive efficiency for the season and second in offensive efficiency, barely missing the mark that the Julius Erving–led Sixers achieved by being first in both offensive and defensive efficiency. The Warriors became the first team in NBA history to have two win streaks over 15 at home (18 and 19).[citation needed]
In the opening round of the playoffs against the New Orleans Pelicans, Kerr led the Warriors to their first four-game playoff sweep since the 1975 NBA Finals. Afterwards, the team beat the Memphis Grizzlies (4–2, in the second round). Down 2–1 in the series, Kerr made an unconventional adjustment in Game 4 to leave the Grizzlies' Tony Allen open and have his defender, center Andrew Bogut, guard the interior. Kerr's strategy was lauded after Allen, Memphis' best wing defender but a poor jump-shooter, was benched and limited to 16 minutes after missing wide open shots. The Warriors then defeated the Houston Rockets (4–1, in the Western Conference finals), making the NBA Finals for the first time in 40 years.
The Warriors faced the Cleveland Cavaliers in the 2015 NBA Finals. Kerr and coach David Blatt were both in their first season as NBA head coaches, and this was the first time a pair of rookie head coaches faced each other in the NBA Finals since the NBA's first year of existence, in 1947 with Eddie Gottlieb of the Philadelphia Warriors and Harold Olsen of the Chicago Stags competing. After the Warriors went down 2–1 to Cleveland, Kerr started swingman Andre Iguodala in place of Bogut, jump-starting their stagnant offense for a 103–82 road victory that evened the series. It was Iguodala's first start of the season, and the small unit came to be known as the Death Lineup. After the game, Kerr admitted to lying to the press in response to pregame questions about potential changes to his starting lineup. The Warriors went on to win the championship in six games, defeating the Cavaliers, giving Kerr his sixth championship and his first as a head coach.
After the first two days of the defending champion Warriors' training camp, Kerr took an indefinite leave of absence to rehabilitate his back, which had caused problems since the 2015 NBA Finals. Around this time, assistant coach Luke Walton assumed Kerr's coaching duties. Kerr missed all of 2015 and most of January 2016, although technically the NBA credited Walton's win–loss record to Kerr. Kerr said ""I think it's ridiculous"", when asked about getting all of Walton's wins. On January 22, 2016, Kerr returned to coaching after missing 43 games, but warned he might need to miss games occasionally if there was a recurrence of the headaches and pain related to the spinal fluid leak that sidelined him. The Warriors went 39–4 with interim coach Luke Walton. The Warriors went 34–5 after Kerr returned to coaching, and the team broke the 1995–96 Chicago Bulls 72–10 record by winning 73 games. Kerr became the first person in NBA history to be a part of 70-win teams as a player and head coach and was named 2015–16 NBA Coach of the Year. Kerr led the Warriors to the 2016 NBA Finals, where they would again face the Cleveland Cavaliers, but the Warriors lost in seven games despite a 3–1 lead.
Kerr in 2017 On November 20, 2016, the NBA announced that Kerr had been fined $25,000 for public criticism of officiating during a radio interview with KNBR 680 three days prior. He missed time during the 2017 playoffs due to recurring back issues. Associate head coach Mike Brown acted as acting head coach during periods of Kerr's absence, and Brown continued head coaching into the playoffs leading the Warriors to a 13–0 record in the postseason. Kerr returned in Game 2 of the 2017 NBA Finals, where the Warriors defeated the Cleveland Cavaliers in five games. The Warriors finished the playoffs with a 16–1 record, the best postseason winning percentage in NBA history. Kerr is the fourth coach in NBA history to win two championships in his first three seasons of coaching. He won his third championship as a head coach when the Warriors swept the Cleveland Cavaliers in four games during the 2018 NBA Finals to give Kerr his eighth championship of his career. The Warriors reached their fifth straight Finals under Kerr in 2019, but were defeated by the Toronto Raptors in six games. During Game 5, starting power forward Kevin Durant tore his Achilles, and in Game 6, starting shooting guard Klay Thompson tore his ACL.
During the 2019–20 season, with Thompson out for the year and franchise point guard Stephen Curry only playing five games due to a hand injury, the Warriors finished with the worst record (15–50) in the league. It marked the first time in Kerr's coaching career that he had missed the playoffs. In 2020–21, with Thompson still out due to an Achilles tear but Curry healthy, the Warriors qualified for the newly implemented play-in tournament, but ultimately did not qualify for the playoffs for the second straight season. The Warriors returned to the playoffs in 2021–22 and reached the 2022 NBA Finals. They defeated the Boston Celtics in six games, giving Kerr his fourth championship as a head coach and his ninth championship overall.
In the 2022–23 season, Kerr and the Warriors reached the Western Conference Semifinals, where they were defeated in six games by the Los Angeles Lakers.

United States national team

Kerr was an assistant coach on the gold medal-winning 2020 United States men's Olympic basketball team. In December 2021, he was named head coach of the U.S. men's basketball team. In 2023, Kerr led the United States team to a disappointing fourth place finish at the FIBA World Cup as the U.S. failed to win a medal for the second consecutive tournament after an overtime loss to Canada in the bronze medal game, 127–118. Despite finishing fourth at the 2023 FIBA World Cup, it was the first U.S. men's basketball team to lose three games at the World Cup or Olympics since 2004. 

2024 Summer Olympics

At the 2024 Summer Olympic Men's Basketball Tournament, Kerr coached the US Team to its fifth consecutive gold medal at Paris' Bercy Arena in a win over host country France.  This was a reprise of the win over the French Team at the Tokyo Olympics. 

Legacy

Kerr is the first head coach in NBA history to lead his team to 67 or more wins in three consecutive seasons. Kerr was named one of the Top 15 Coaches in NBA History in 2022, when the league commemorated its 75th anniversary.

Personal life

Kerr married Margot Brennan, his college sweetheart, in 1990. They have three children. He is a keen soccer fan and an avid supporter of Liverpool F.C. In 2023, Kerr bought a minority stake in La Liga club RCD Mallorca.

Political views and activism

Prior to and following the 2016 United States presidential election, Kerr has been publicly critical of Donald Trump. In an interview following that election, he voiced the opinion that Trump's rise to power was based on insults against women and minorities. He compared Trump's campaign performances and the crude responses of his supporters to the sensationalism of The Jerry Springer Show. Kerr made clear his ""disgust"" with Trump's disrespectful public discourse and disappointment with Trump's leadership of the country. On October 27, 2020, an ad created by the anti-Trump Republican Lincoln Project Super PAC was first broadcast. In it, along with Philadelphia 76ers coach Doc Rivers, Kerr endorsed Joe Biden for President in the November presidential election. In the advertisement, he said, ""I stand for truth over lies"", ""categorically reject white supremacy"", and ""believe a presidency should be transparent.""
Kerr has been a strong supporter of gun control, expressing criticism with the government's response to school shootings. On May 24, 2022, during a press conference for Game 4 of the NBA's 2022 Western Conference finals after that day's Robb Elementary School shooting in Texas where 19 children and two teachers were murdered by a gunman wielding semi-automatic weapons, Kerr reiterated these points emotionally. He said, regarding the filibuster, that Republicans in the U.S. Senate were ""holding us hostage"", by using it to prevent a vote on gun control legislation.
Kerr has voiced support for the Black Lives Matter movements across the United States, praising the efforts of peaceful protests and hopes that more people will take action to stand up to systemic racial injustice to black people.

Career statistics


NBA


Regular season


Playoffs


College career


Head coaching record


NBA


Early life and international play


Awards and honors


NBA


NCAA


Records


NBA


Chicago Bulls (1993–1998)


Cleveland Cavaliers (1989–1992)


NCAA


See also


Notes


References


External links


Contents

","
Jamal Crawford

Aaron Jamal Crawford (born March 20, 1980) is an American former professional basketball player who played in the National Basketball Association (NBA) from 2000 to 2020. Nicknamed ""J-Crossover"", he is regarded as one of the best ball handlers in NBA history. Crawford was named NBA Sixth Man of the Year three times, a record he shares with Lou Williams.
Among other distinctions, Crawford was once the NBA’s all-time leader in career four-point plays. On April 9, 2019, he became not only the oldest player to score 50+ points in an NBA game, but also the first player to have 50-point outings with four franchises. The 51-point tally also reached the most points ever scored by a reserve. In NBA history, Crawford ranks 21st with four 50+ point games accrued (tied with 9 others, including George Mikan and Larry Bird) and 10th all-time in career three-point field goals made (2,221). Crawford is the second player in NBA history to have scored 10,000+ career points off the bench. In 2021, he began providing commentary on NBA League Pass.

High school career

Growing up in South Seattle, Crawford played for Rainier Beach High, a school that has produced a number of other NBA and college players such as Doug Christie, Nate Robinson, Terrence Williams, Kevin Porter Jr., and Dejounte Murray. Jamal led the Vikings to capture the 1998 Washington Interscholastic Activities Association (WIAA) State Championship. In 2001, Rainier Beach retired his number 23 jersey to commemorate his impact; and in 2018, it inducted him into its Hall of Fame to honor his legacy.

College career

Having earned a scholarship to the University of Michigan, Crawford committed to play college basketball with the Wolverines under coach Brian Ellerbe. At the start of the 1999–00 season, however, he incurred a six-game suspension from the National Collegiate Athletic Association (NCAA); it retroactively ruled that his high school living arrangement had breached its bylaws on amateurism.[note 1] The controversial ruling was protested by the university, although to no avail. After the suspension, Crawford joined the starting lineup and went on to average 16.6 points, 4.5 assists, and 2.8 rebounds on the season. Following his freshman campaign, he declared for the 2000 NBA draft.

Professional career


Chicago Bulls (2000–2004)

Crawford was selected 8th overall in the 2000 NBA draft by the Cleveland Cavaliers but was then traded to the Chicago Bulls in a draft-day deal that included the rights to Chris Mihm. In his first year as a Bull, in 2000–01, Crawford struggled with his shot, converting only 35.2 percent from the field. Even so, the rookie was able to score in double-digits 10 times. He averaged 4.6 points, 1.5 rebounds, and 2.3 assists across 61 games (8 starting).
In his second NBA season, 2001–02, injury limited Crawford to 23 games (6 starting). Nevertheless, he improved across nearly all statistical categories by averaging 9.3 points, 1.5 rebounds, and 2.4 assists as well as by converting 44.8 percent of his attempts from behind the arc.
In his third campaign with the Bulls, 2002–03, Crawford emerged as a key component of coach Bill Cartwright's offense. His per-game averages improved further to 10.7 points, 2.3 rebounds, 4.2 assists, and 1 steal across 80 games (31 starting). The Bulls would miss the playoffs with a 30–52 record.
His fourth NBA season, 2003–04, would be his last in Chicago. Promoted to starting shooting guard, Crawford averaged 17.3 points, 3.5 rebounds, 5.1 assists, and 1.4 steals per contest.  On April 11, 2004, he came away with 50 points against the Toronto Raptors in his third to last game as a Bull. The Bulls won in overtime, 114–108, but not before Crawford made 6 three-pointers and recorded 24 points in the fourth quarter alone. Before the start of the 2004–05 season, he was traded, along with Jerome Williams, to the New York Knicks in exchange for Dikembe Mutombo, Othella Harrington, Frank Williams, and Cezary Trybanski.

New York Knicks (2004–2008)

Crawford with the New York Knicks Crawford joined another young and rebuilding team in the New York Knicks. In his first year with the franchise, the 2004–05 season, he played 70 games (67 starting) and averaged 17.7 points, 2.9 rebounds, 4.3 assists, and 1.4 steals per contest. His scoring exceeded 20 points in many games, to include a notable win over the Charlotte Bobcats on December 4 where he had 41 points on 17-of-25 shooting. The Knicks would fall short of the playoffs.
In his second year in New York City, the 2005–06 season, he took a reduced sixth man role under head coach Larry Brown. Though it took some time, Crawford ended up embracing the new role. He average 14.3 points, 3.1 rebounds, and 3.8 assists across 79 games (27 starting). The Knicks, with a record of 23–59, fell short of the playoffs.
Deciding to go in a new direction in 2006–07, the Knicks replaced Larry Brown with Isiah Thomas as head coach, the team's fourth replacement of that position in three years. Crawford was limited to 59 games (36 starting) due to an ACL injury; but he averaged 17.6 points, 3.2 rebounds, and 4.4 assists on the season.
In 2007–08, he was put back in the starting lineup for all 80 games that he played. He averaged 20.6 points, 2.6 rebounds, and 5 assists. Crawford provided the 23–59 Knicks with one of the few bright spots on January 26, 2007: He scored a career-high 52 points, with 16 of his shots being made consecutively and 8 of his three-pointers being one short of the franchise record set in 2002 by Latrell Sprewell.
In 2008–09, he would play only 11 games for the Knicks before being dealt to the Golden State Warriors in a trade for Al Harrington.

Golden State Warriors (2008–2009)

Crawford with the Warriors Crawford proved an ideal fit in the run-and-gun offense of coach Don Nelson due to his three-point shooting and ball-handling ability as well as court-vision. He played in 54 games for the Warriors in 2008–09 and started in each one. Crawford averaged nearly 20 points per contest as well as 4.4 assists and 1.5 rebounds.  During a 110–103 victory over the Charlotte Bobcats on December 20, 2008, Crawford scored 50 points; thus he became the fourth player in NBA history—after only Wilt Chamberlain, Bernard King, and Moses Malone—to score 50+ points with three teams. At the end of the season, the Atlanta Hawks acquired Crawford in a trade for guards Acie Law and Speedy Claxton.

Atlanta Hawks (2009–2011)

Crawford joined the Atlanta Hawks for their 2009–10 season. On January 15, he made a three-point shot at the buzzer to clinch a 102–101 victory over the Phoenix Suns. In a win over the Los Angeles Clippers on February 3, 2010, Crawford set an all-time NBA record for most career four-point plays, surpassing Reggie Miller. Backing up All-Star guard Joe Johnson and Mike Bibby, he averaged 18 points, 2.5 rebounds, and 2 assists off the bench. Crawford was a leading candidate for the NBA Sixth Man of the Year Award and won the award in 2010. The Hawks, led by Joe Johnson, Josh Smith, Al Horford, Mike Bibby, as well as by Crawford, qualified for the playoffs; this clinching was to be his first trip to the playoffs. The Hawks would advance past the Milwaukee Bucks in seven games. Crawford led all scorers in the decisive game seven with 22 points. The team was subsequently swept by the Orlando Magic with a prime Dwight Howard at its helm.
Crawford in 2011 In the 2010–11 season, the Hawks fired coach Mike Woodson to bring on Larry Drew. Though Crawford was coming off the bench and saw his averages decline from 2009–10, he had a solid season of averaging 14.2 points, 1.7 rebounds, and 3.2 assists per game. He was yet again in consideration for the Sixth Man of the Year Award. Having made it to the playoffs as the 5th seed in the Eastern Conference, the Hawks beat the Orlando Magic in a close series, but not before Crawford made the game-clinching three-pointer with six seconds left in Game 3. Thus the Hawks advanced to the conference semifinals, though they were then eliminated by the Chicago Bulls in six games.

Portland Trail Blazers (2011–2012)

Crawford signed with the Portland Trail Blazers on December 15, 2011. He averaged nearly 14 points in 60 games while leading the league in free throw percentage with a career-high 92.7 percent in the lockout-shortened season.

Los Angeles Clippers (2012–2017)

On July 11, 2012, Crawford signed with the Los Angeles Clippers.
Crawford being defended by Trevor Ariza  In the 2012–13 season, Crawford posted 16.5 points, 1.7 rebounds, 2.5 assists, and 29.3 minutes in the 76 games he played. He also finished 2nd place in voting for the 2013 NBA Sixth Man of the Year Award, edged out by J. R. Smith. In the opening round of the playoffs, the Clippers were defeated by the Memphis Grizzlies in six games. During the playoffs that year, he averaged 10.8 points, 2 rebounds, and 1.7 assists.
In the 2013–14 season, Crawford led the league's reserve players in scoring with 18.6 points per contest to go along with 3.2 assists and 2.3 rebounds. He came off the bench in 45 of 69 games he played in.
On May 8, 2014, Crawford won the 2014 NBA Sixth Man of the Year Award, his second time of winning the honor. Crawford also helped the Clippers finish with their best record in franchise history (57–25).
On December 8, 2014, during the last quarter of a game against the Phoenix Suns that the Clippers clinched 121–120 in overtime, Crawford was called for a loose ball foul after getting tangled with Suns' guard Eric Bledsoe at midcourt. Upon saying something to referee Mark Lindsay, Crawford received a technical, along with his first-ever ejection in his 976-game career.
During a win over the Phoenix Suns on November 2, 2015, Crawford eclipsed 16,000 points. On November 14, he scored a game-high 37 points in a 101–96 victory over the Detroit Pistons. On January 10, 2016, he recorded his 46th four-point play of his career in a 114–111 overtime win over the New Orleans Pelicans. On April 8, 2016, he made a three-pointer with 0.2 seconds left and finished with 30 points in the Clippers' 102–99 overtime victory over the Utah Jazz. On April 19, he was named NBA Sixth Man of the Year for the third time in his career. At 36 years old, he broke his own record, set in 2014, as the oldest winner of the award.
Crawford re-signed with the Clippers on July 8, 2016. By making two of four three-pointers against the New Orleans Pelicans on December 2, 2016, Crawford (1,962) passed Vince Carter (1,961) for No. 6 on the NBA's all-time list for made three-pointers. With a three-pointer at the 2:06 mark of the second quarter in the Clippers' 118–109 loss to the Toronto Raptors on February 6, 2017, Crawford became the sixth NBA player to reach 2,000 made three-pointers. He joined Ray Allen, Reggie Miller, Jason Terry, Vince Carter and Paul Pierce in the 2000 club. During the game, he also passed Eddie Johnson for No. 2 in career NBA bench scoring. His tally of 9,572 bench points trails only Dell Curry's 11,147. He also surpassed Magic Johnson for 74th in career points scored. On February 11 against Charlotte, he scored 22 points while shooting 5-of-8 on three-pointers. Crawford (2,009) subsequently passed Vince Carter (2,006) for fifth-most three-pointers made in NBA history.
On July 6, 2017, the Clippers traded Crawford and a 2018 first-round pick to the Atlanta Hawks as part of a salary dump that cleared the way to acquire Danilo Gallinari from the Denver Nuggets by a sign-and-trade deal. The Hawks waived Crawford the following day.

Minnesota Timberwolves (2017–2018)

On July 19, 2017, Crawford signed with the Minnesota Timberwolves. Debuting for the Timberwolves during their season-opener on October 18, 2017, Crawford scored 10 points in a 107–99 loss to the San Antonio Spurs. Two days later, he scored all 17 of his points in the fourth quarter and made a 3-pointer with 27.5 seconds left to help the Timberwolves hold off the Utah Jazz 100–97 in their home-opener. During a 108–107 victory over the Portland Trail Blazers on December 18, 2017, Crawford made a season-high 23 points in only 23 minutes, with 16 of them scored in the fourth quarter. On March 30, 2018, he had a 24-point effort in a 93–92 win over the Dallas Mavericks. In June 2018, Crawford won the Twyman-Stokes Teammate of the Year Award.

Phoenix Suns (2018–2019)

Crawford signed with the Phoenix Suns on October 17, 2018.  During a 128–110 victory over the New York Knicks on December 17, Crawford dished out a career-high 14 assists. On January 6, 2019, in a 119–113 loss to the Charlotte Hornets, he finished with 16 points to join Dell Curry as the only NBA players to record 11,000+ career points as a reserve. Per 36 minutes in the 2018–19 season, Crawford averaged 15.1 points to go along with a career-high of 6.8 assists. In league history, only John Stockton has averaged more assists per 36 minutes in their 19th or later season.  
On April 9, 2019, in a 120–109 season finale loss to the Dallas Mavericks, Crawford made NBA history by recording 51 points in his fourth 50-point game. At 39 years old and 20 days, he thus broke two NBA records: the oldest player to tally 50+ points—held by Michael Jordan at 38 years and 315 days since December 29, 2001—as well as the most points scored by a player not in the starting lineup, held by Nick Anderson with 50 points since April 23, 1993. During the game, Crawford shot 18-of-30 (60%) from the field, 7-of-13 (53.8%) from three-point range, and 8-of-9 (88.9%) from the free-throw line. He also had 5 rebounds, 5 assists, 1 steal, and 1 block coming off the bench. Down by as much as 31 in the third quarter, he rallied Phoenix back into the game, scoring 12 points in succession and bringing the score to 107–103 with 3:39 minutes left in the game. By scoring 28 and 27 points in the previous two games, Crawford joined Kobe Bryant as the only players in league history to record three consecutive 25+ point games in their 19th season or later. He also became the only player in NBA history to record 50 points in a game with four different teams.

Brooklyn Nets (2020)

On July 9, 2020, the Brooklyn Nets announced that they had signed Crawford as a substitute player for the remainder of the 2019–20 season. Four Nets players opted out of the NBA reboot in Orlando due to the COVID-19 pandemic, which led to Crawford's signing. He made his team debut on August 4, 2020, against the Milwaukee Bucks, becoming the oldest active player in the NBA at the time at 40 years and 137 days old, as well as  the oldest Nets player to ever appear in a game. He also became the eighth player in NBA history to appear in a game in 20 different seasons, joining Vince Carter, Kevin Garnett, Dirk Nowitzki, Robert Parish, Kevin Willis, Kareem Abdul-Jabbar, and Kobe Bryant. He recorded five points and three assists in five minutes before leaving the game with a left hamstring injury. It was his only appearance for the Nets in their eight regular-season games and he did not play in their four playoff games.
His one appearance for the Nets was ultimately his final NBA game, as Crawford did not play for any team during the 2020–21 or 2021–22 seasons, as he officially announced his retirement from the league on March 21, 2022.

Broadcasting career

Crawford started doing game broadcasts for NBA League Pass alongside Quentin Richardson in November 2021.

Personal life

Crawford married his long-time girlfriend Tori Lucas on August 23, 2014. Among those to attend his wedding were Clippers teammates Blake Griffin, Matt Barnes, Chris Paul, DeAndre Jordan, and Spencer Hawes; also in attendance were NBA players Nate Robinson, a fellow Seattleite, and Isaiah Thomas, likewise from the Puget Sound area.
A staple of the Seattle basketball community, Crawford has organized secret workouts around the city, recruiting a revolving cast of elite-level participants that include the likes of Zach LaVine and Kyrie Irving. Part of his legacy has been as a benefactor to his hometown. Among other charitable community activities, Crawford  provides a platform for local players aspiring to progress from amateur status to professional through ""The Crawsover"" league. This Pro–am summer-league at Seattle Pacific University is among the most prestigious in the country, yet admission is free. Pros such as NBA All-Stars Chris Paul and Kevin Durant have participated in the past.
Crawford makes a cameo in the music video for the song ""Feelin Myself"" by Seattle rapper, Kid Sensation, along with cameos by Sir Mix-A-Lot, Wanz (from Macklemore's ""Thrift Shop""), EDawg, and Northwest DJ's Nasty-Nes (Sir Mix-A-Lot, Eazy E), GrandMixer GMS (Tairrie B, JJ Hudson), DJ Tee, Garin Moore, and KUBE 93's DJ Royboy.

Career statistics


NBA


Regular season


Playoffs


College career


Notes


See also


References


External links


Contents

","
Kermit Washington

Kermit Alan Washington (born September 17, 1951) is an American former professional basketball player. Washington is best remembered for punching opposing player Rudy Tomjanovich during an on-court fight in 1977.  Washington was not a highly coveted player coming out of high school. He averaged four points per game during his senior season at Coolidge Senior High School. He improved rapidly once at American University, and became one of only seven players in NCAA history to average 20 points and 20 rebounds throughout the course of his career.
A big defensive forward, Washington was known for his ability to gather rebounds. He averaged 9.2 points and 8.3 rebounds per game in ten National Basketball Association (NBA) seasons and played in the All-Star Game once. Washington was drafted by the Los Angeles Lakers with the fifth overall pick in the 1973 NBA draft. He played sparingly his first three seasons, and sought the help of retired basketball coach Pete Newell before his fourth season. Under Newell's tutelage, Washington's game rapidly improved and he became a starter for several teams. He played for the Lakers, Boston Celtics, San Diego Clippers, Portland Trail Blazers and Golden State Warriors.

Early life

Kermit Washington's mother Barbara graduated from Miner Teachers’ College (later subsumed into University of the District of Columbia); his father Alexander was an X-ray technician. When he was three years old, his parents had a fight in which his uncle was violently attacked with an iron. His parents soon divorced, with his father awarded custody of the children. His mother, who suffered from bipolar disorder, then took him and his older brother Eric from their father on an ill-advised sojourn for which they were poorly prepared. Struggling to find money to feed the children, she eventually called their father, who came and took them back. His stay with his father did not last long, and he and his brother were passed around to various relatives on both sides of the family.
Washington was a shy child. The only time he recalled feeling a sense of self-worth was when his great-grandmother on his father's side had the pair for a while. According to Washington, she loved the boys but was extremely strict, domineering, and at times, physically abusive. After his father remarried, the children moved back in with him and his new wife. Washington felt a sense of optimism for the first time, saying ""I thought it was our dream come true. All our lives we had seen nice families on TV. Real ones. Now we were going to be a real family."" However, he again felt unwanted this time by his stepmother. As a small child, Washington said that he had no recollections of ever being hugged, and only felt close to his younger brother, Chris. Washington was a poor student who hated school throughout most of his childhood. He had to retake many of his classes in summer school to raise his grades. When he entered high school he played football merely so he could be around a close friend, and have someone to walk home with at night as he was terrified of walking home alone.
As a senior in high school, Washington stood 6 ft 4 in (1.93 m) but weighed a mere 150 lbs. After some rare positive feedback by his biology teacher, Barbara Thomas, he began to study and put forth a greater effort in that class. He quickly became a solid student in biology but poor in all other subjects. When Thomas became his home room teacher and saw his grades in other classes she encouraged him to try hard in all of his courses. Washington rapidly improved his marks, making the honor roll in his senior year.
His basketball performance in high school was unimpressive. He came off the bench to average four points per game (ppg). His stepmother informed him that when he graduated from high school he would be thrown out of the house. He trained for three hours a day toward the end of his senior season, and showed up uninvited at a playground game featuring top high school players from Washington and Pennsylvania, where he talked his way into the game. Tom Young, who had recently left his job as an assistant coach at the University of Maryland to become head coach at American University, saw him play there, and although Washington did not perform particularly well, Young was impressed by his hustle and how he ignored the poor treatment he received from the people who organized the game.

College years

During the summer between his senior year of high school and his freshman year of college, Washington grew four inches. He began weight training, and ran the steps in his seven-story dormitory building wearing a weighted vest to improve endurance. Washington became more extroverted in college, so much so that he later said his life could be separated into two parts—his pre-college life and his life after college. He has frequently described his college years as ""the happiest time in my life."" He began dating his future wife Pat when he was a freshman. They met after she noticed him accidentally scoring four consecutive points for the opposing team in a freshman basketball game. She pursued him even though he often remained silent when she spent time with him. A lot of the emergence of Washington's personality is credited to Pat, who encouraged him to be more outgoing and overcome his low self-esteem. Washington spent a lot of his free time practicing in the gym. He played playground basketball in the summer, and was on several Urban League teams. He averaged 19.4 points and 22.3 rebounds on his freshman team at American. Pat helped him with his grades—despite the fact that he had done well his senior year of high school he was still far behind; he did not even know what a paragraph was when he entered college or how to write a report.
He averaged 18.6 points on 46.8 percent shooting and 20.5 rebounds in his first year of varsity basketball. He still played a somewhat unaggressive or ""soft"" brand of basketball, and it was hurting his chances of being drafted by a professional team. Between his sophomore and junior years he began lifting weights with Trey Coleman, a former football player from the University of Nebraska who was studying as an undergrad at American. Coleman encouraged him to be more aggressive on the court, and Washington told him that it was not in his nature. Coleman admonished him, telling him he could not afford to be ""cool"" on the court given his talent level if he wanted to join the pro ranks. Washington was named an academic All-American his junior year. He averaged 21.0 points on 54.4 percent shooting and an NCAA-leading 19.8 rebounds in his junior season. He was drafted after his junior season by the New York Nets of the American Basketball Association (ABA) and offered a four-year contract for $100,000 a year, which astonished him. He decided to stay at American with coach Young for his senior season because he felt he owed the school which had given him a chance when he was coming out of a difficult period in high school. He was offered an invite to try for the 1972 Olympic basketball team after the season, but did not make the squad.
Washington was one of the best players in the country going into his senior season. He marveled at newspaper reports in the Washington Post that mentioned ""coaches of opposing teams and how they were planning to stop Kermit Washington."" He led the nation in rebounding again in his senior season. He was a second team All-American, and helped American into the National Invitation Tournament (NIT). In the last game of his college career, Washington needed to score 39 points to average 20 points and 20 rebounds a game for his career in college. He became extremely nervous before the game and could neither eat nor sleep. The game set American University attendance records, and Washington felt light on his feet when he was introduced before the raucous crowd. He managed to score 40 points and in so doing, became just the seventh player to reach the 20/20 mark. He was thrown a party, and there was a campus wide celebration after the game. He graduated with a 3.37 GPA and a degree in sociology. Washington was a two-time Academic All-American, who taught courses in social sciences his senior year.

Professional career


Los Angeles Lakers (1973–1977)

Washington was drafted fifth overall by the Los Angeles Lakers in the 1973 NBA draft. A week before the team began training camp, Pat and Kermit were married. They invited neither of their families; they just drove together to LA's city hall for the ceremony. He had a difficult time making the transition from college center to NBA power forward. Washington also had played in a primarily zone defense system in college and was not versed in man-to-man defense, which is more common in the NBA. He arrived on a team which had legend Jerry West, who was in the waning stages of a career that would result in his becoming the silhouette seen on the NBA's logo. Washington admits that he was terrified of West, and felt anxiety every time he made a mistake in front of him. Though healthy, he played in only 45 games and averaged 8.9 minutes a game his rookie season. He hurt his back that year but kept quiet about it, fearing he would be ""labeled soft."" The injury would bother him the rest of his career. He continued to struggle in his second season, and discovered that finding individual coaching in the professional game at that time was difficult. Between the rigorous schedule, and the coaches assuming players already knew how to play for the most part when they entered the league, no one, including head coach Bill Sharman, was willing to work with him on a one-on-one basis.
Los Angeles acquired Kareem Abdul-Jabbar in 1975. ""He was my hero"", Washington later said. ""It was a dream come true."" Abdul-Jabbar would later play an important role in the fight that changed Washington's life. Entering his fourth season, Washington knew the only thing keeping him in the league was his guaranteed contract and that the Lakers had essentially written him off. The organization felt he had the requisite physical skills, so they ascribed his failure to excel to mental deficiencies. Washington was particularly disturbed when in a game against Golden State, he got into an awkward collision with Rick Barry, upon which Barry remarked: ""Listen, you better learn how to play this game."" The criticism especially bothered Washington because he felt Barry's rebuke was correct. Desperate to improve, he contacted Pete Newell at the recommendation of an agent. Newell was a retired pro and college coach who worked in a front office position with the Lakers, and had drafted Washington when he was then the team's GM. In truth, while Newell says he felt some responsibility considering he drafted him, he was involved in many player transactions over the course of his long career, and was not especially attached to Washington. He was surprised by this request, however, and unhappy with his new highly marginalized job within the organization, so Newell agreed to meet Washington for individual drills. He scheduled the practices very early in the morning to test Washington's dedication, thinking a professional athlete would not bother to get up at that hour every day. Washington showed up without complaint and Newell put him through intense training sessions. Newell is often seen as a kind, gentlemanly person, who is considered one of the most important figures in the history of the game of basketball. In private practice, however, he could be an intense, unforgiving teacher, and he was even more unforgiving than usual with Washington as he felt that if he were to offer his services for free he would only do so if the player was willing to train maniacally.
Newell had Washington watch tapes of Paul Silas, who was a rebounding forward for the Boston Celtics, and convinced him to have more confidence in his offensive game. He reworked Washington's game from the ground up, and in so doing established a name for himself as a tremendous coach of big men—he would later conduct a yearly ""Big Man Camp"" in Hawaii which was attended by hundreds of NBA players.
Los Angeles had acquired Kareem Abdul-Jabbar, and Washington's style of play complemented him, as Abdul-Jabbar was not an especially physical player. Washington played well, averaging 9.7 points and 9.3 rebounds; however, he struggled with tendinitis in his knee the entire season. His wife pleaded with him to sit out some games, but he took painkillers and kept playing. Washington finally tore the patella tendon in a late season game against Denver. ""I could feel it tearing inside. I looked down, and my kneecap was hanging on the side of my leg."" Doctors covered his entire leg in a cast and told him his basketball career was most likely over.
Newell was the person to bring Washington out of the despair Kermit felt when he heard his playing career was probably over. Newell forced him through even more grueling training sessions the following summer, after some of which, Washington strongly considered quitting. His leg had atrophied from the injury and he was scared of re-injuring it during their training sessions. Newell ignored his pleas and told him that if he ever wanted to play again he had to train more than before and work even harder. Washington came back to play the following season and performed well; through the first 25 games he was averaging career highs in points (11.6) and rebounds (10.8). He had been featured in the NBA preview edition of Sports Illustrated (which was dedicated to enforcers that year) before the season and was praised therein for his intimidating nature and fighting skills. The magazine had posed Washington shirtless in a boxing stance as part of a picture layout entitled, ""Nobody, but Nobody, Is Gonna Hurt My Teammates.""

The Rudy Tomjanovich incident

On December 9, 1977, during an NBA game between the Lakers and the Houston Rockets, a scuffle broke out among several players at midcourt.
The events that precipitated the fight have been frequently debated, and variously interpreted. Two months earlier, on opening night of the season, the Lakers played the Milwaukee Bucks. Bucks center Kent Benson elbowed Abdul-Jabbar in the stomach, and Abdul-Jabbar appeared to be in intense pain. Abdul-Jabbar then punched Benson from behind, breaking Benson's jaw and his own hand. Washington got into a brawl with several Buffalo Braves players a few games later. In the December game, at the beginning of the game's second half, Lakers guard Norm Nixon missed a shot. Houston's Kevin Kunnert and Washington both contended for the rebound, which Kunnert eventually got and passed out to teammate John Lucas. Their battle for the rebound was more physical than usual, however. Abdul-Jabbar became involved and wrestled with Kunnert. As a result, Kermit Washington stayed behind in the backcourt in order to watch over and make sure nothing happened. After the two disengaged, Washington grabbed Kunnert's shorts in order to prevent him from getting back over on offense quickly. Kunnert threw an elbow that hit Washington on the upper arm and this move spun him around so that he was facing Washington. What happened next is disputed: Washington, several Lakers, and Rocket forward Robert Reid insisted that Kunnert punched him, Kunnert said Washington swung first after he attempted to free himself from Washington's grasp. The referee who saw the action saw merely a ""scuffle"" between Kunnert and Abdul-Jabbar followed by the one between Kunnert and Washington then Washington's punch. Both Washington and Abdul-Jabbar reject this account.
Abdul-Jabbar then ran up behind Kunnert and grabbed his arms to try to pull him away from the scuffle. But this only left him defenseless for Washington's first punch, which hit Kunnert in the head and brought him down on one knee.
Washington saw Tomjanovich running toward the altercation. Not knowing that he intended to break up the fight, Washington hit Tomjanovich with a short right-hand punch. The blow, which took Tomjanovich by surprise, fractured his face about one-third of an inch (8 mm) away from his skull and left Tomjanovich unconscious in a pool of blood in the middle of the arena. Abdul-Jabbar likened the sound of the punch to a melon being dropped onto concrete. Tomjanovich had a reputation around the league as a peacemaker. Players involved say that right after Tomjanovich collapsed, the absence of sound at the arena, which was filled with shocked fans, was ""the loudest silence you have ever heard."" Reporters heard the sound of the punch all the way in the second floor press box, and some rushed to the playing floor in disbelief.
Tomjanovich was able to get up and walk around, however, and on the way into the locker room he saw Washington. Tomjanovich says that he became aggressive and asked Washington why he punched him. Washington yelled something inaudible about Kunnert, and they were broken up by two security personnel. Tomjanovich was in no condition to fight despite his aggression; besides having the bone structure of his face detached from his skull and suffering a cerebral concussion and broken jaw and nose, he was leaking blood and spinal fluid into his skull capsule. His skull was fractured in such a way that Tomjanovich could taste the spinal fluid leaking into his mouth. He later recalled that at the time of the incident, he believed the scoreboard had fallen on him. The doctor who worked on Tomjanovich said ""I have seen many people with far less serious injuries not make it,"" and likened the surgery to Scotch-taping together a badly shattered eggshell.

Aftermath

Worsening matters for Washington, the only available replay of the incident showed just his punch, not the scuffle that preceded it. This made the attack appear unprovoked, and Saturday Night Live, then watched by an average of 30 to 35 million people, replayed the punch countless times as a gag, having cast member Garrett Morris comically defend the punch. It was also the subject of a New York Times editorial and investigated on CBS News by Walter Cronkite. Washington was fined $10,000, and suspended for 60 days, missing 26 games; then the longest suspension for an on-court incident in NBA history. Tomjanovich missed the rest of the season, and the Rockets felt Washington should have been suspended for the same period of time.
On-court fights had been all too common in the 1970s, often including bench-clearing brawls. In the season opener, when Abdul-Jabbar punched Benson, no suspension had been levied. However, Washington's punch resulted in the league enacting strict penalties for on-court fights. Former NBA commissioner David Stern, then the NBA's chief counsel, later said that the incident made NBA officials realize that ""you couldn't allow men that big and that strong to go around throwing punches at each other."" Currently, any player who throws a punch at another player—even if he misses—is automatically ejected from the game, and suspended for at least his team's next game. The league added a third referee to its game crew after the season; this referee would have trailed the play and could have called a foul when Washington grabbed Kunnert's shorts, thereby potentially stopping the play and preventing the melee that succeeded it.
Washington received no support from the Lakers front office, aside from a single call the day after the fight from Cooke, and was sent torrents of hate mail filled with racial epithets. He was advised by police not to order room service when he played again, as it was feared he would be poisoned. Larry Fleisher, head of the Players' Association, wanted Washington to appeal his suspension, an idea which he originally considered, but ultimately rejected. Although many players around the league sympathized with Washington and said that he had a good reputation off the court, he and his wife became ostracized. They had a two-year-old daughter, and Washington's wife was eight months pregnant with the couple's first son at the time of the punch. His wife recalls she and her children were treated like pariahs after the incident. Her obstetrician refused her service because she was Washington's wife, and her friends asked her what kind of person Washington was that he could commit such an act. The only person who contacted them was Newell. Later in the year Washington went to Newell's home with a big-screen television which he insisted Newell accept.
Bob Ryan wrote a column on Washington in 1978. Ryan later said, ""You couldn't not like the guy when you sat down and talked with him. ... He never wanted to hurt Rudy the way he did. ... I felt bad for him."" The article endeared Washington to Celtics fans. The relationship was short-lived, however; he was traded after playing just 32 games for the team. On December 27, 1977, just two weeks after the incident, Washington was traded to the Boston Celtics. Red Auerbach, Boston's general manager, lived in the Washington, D.C. area, and had been a longtime fan of Washington's. His wife, Pat, stayed behind as the couple had two young children, and Washington would be staying in a hotel. While he waited for his reinstatement, which he thought would not occur until the next season, he became depressed and fell out of shape. He pulled himself together, and began running up and down the flights of stairs of the 29-story hotel.
Years later, Jerry West, who was the Lakers coach at the time, told John Feinstein he still wanted Washington on the roster. Then-general manager Bill Sharman said he was ""on the fence."" Cooke, however, decided to move on.
Washington started alongside Hall of Fame center Dave Cowens, who enjoyed playing with Washington, remarking, ""It's great fun, you can always hear him grunt when he's rebounding."" Auerbach said, ""Kermit was fighting a battle he couldn't win. Nothing he could say or do was going to change the way people perceived him because of that moment. I wanted him to feel at home with us, to feel wanted."" Washington won Boston fans over immediately. His acceptance was aided by a glowing article Bob Ryan of The Boston Globe wrote on the player after researching his life and spending some time with him. After the season, Washington took less money to re-sign with the Celtics over the Denver Nuggets.

Boston Celtics (1977–1978)

Kunnert signed with Boston before the 1978–79 season even though Washington was on the team because the Celtics offered him the most money. There remained a mostly quiet discord between the two as Washington felt Kunnert never properly acknowledged his role in the fight.

San Diego Clippers (1978–1979)

Washington and Kunnert were involved in one of the more unusual player transactions in NBA history. Celtics owner Irv Levin wanted to move closer to his home, and business interests, in California but also wanted to continue to own an NBA team. To solve this problem, he and John Y. Brown, Jr., owner of the Buffalo Braves NBA team, exchanged franchises. Washington and Kunnert were two of four Celtics sent to Buffalo as part of the deal. Levin then moved the Buffalo Braves to San Diego, where they were renamed the San Diego Clippers.
In November 1978, San Diego played in Houston. Tomjanovich scored 26 points and collected 11 rebounds while Washington had six and two. Before the game, the Clippers coach, Gene Shue, had suggested to the Rockets coach, Tom Nissalke, that the players shake hands at center court prior to tipoff. Tomjanovich rejected the idea.

Portland Trail Blazers (1979–1982)

After a year in San Diego, Washington was traded again. Levin decided to acquire Portland center Bill Walton even though Walton had missed the entire 1978–79 season due to broken bones in his foot. Since the Blazers and Clippers could not agree on compensation, the commissioner's office made the final decision, sending Washington, Kunnert, and Randy Smith to Portland in exchange for Walton. This became the second time Washington and Kunnert were part of the same trade.
Portland had strongly desired Washington, and their general manager Stu Inman, was a close friend of Pete Newell's. Inman had worked hard through Newell to let Washington know that they intended this to be the last time he was traded, which Washington desired since the media coverage and re-locations had been hard on Pat and the children. To his great relief, the city of Portland welcomed Washington with open arms.
During the same off-season, Tomjanovich and the Rockets' civil suit vs. the Lakers occurred. Houston's side argued that Los Angeles had failed to control Washington. During the trial, numerous players and coaches who were at the game testified. Kunnert testified during the trial and contradicted Washington's testimony, angrily branding him a liar. While the two were playing for San Diego their wives became close friends, but their relationship only worsened over time; Washington believed the NBA was keeping Kunnert on the team to prevent him from suing him. Jack Ramsay, Portland's coach, however, said that he chose Kunnert over San Diego center Swen Nater when his team was asked by the league to submit a list of players they considered fair compensation for Walton.
Washington shared time at the Trail Blazers power forward spot with Maurice Lucas at first, but after Lucas' trade to the New Jersey Nets, he became the full-time starter. He played three seasons in Portland, during which he earned a spot in the 1980 NBA All-Star Game, after some of the top players sat out due to injury. During that All-Star weekend, which was held in Landover, Maryland, nearby American U. held a halftime ceremony in which they retired Washington's number. He was named a team captain for the following season. In his post-punch career, numerous players, coaches, and officials noted that he became less aggressive on the court out of fear of getting into another fight; something he never did. Washington started experiencing pain in his back and knees during the 1980–81 season. The pain became unbearable during the 1981–82 season, and he retired in January 1982 after missing all but 20 games.

Golden State Warriors (1987)

In 1987, after more than five years out of the league, Washington attempted a comeback with the Warriors, but lasted only eight games on the roster (playing in six of them) before being cut.

NBA career statistics


Regular season


Playoffs


Retirement

Since retiring, Washington has run restaurants and is a founder and operator of a number of charitable organizations. He ran a restaurant in the Portland metropolitan just north of Portland in Vancouver, Washington with former Trail Blazer Kevin Duckworth, called ""Le Slam."" The restaurant closed in 2001. He has also served in a coaching role with Stanford University, and worked at Pete Newell's ""Big Man Camp"" for 15 years. In 1995, he founded The 6th Man Foundation, otherwise known as Project Contact Africa. In August 1994, Washington accompanied a team of doctors and nurses on a humanitarian mission to Goma, Zaire, working in a refugee camp for people fleeing the Rwandan Civil War. ""It was a sad, sad sight"", Washington later recalled, ""a sight I'll never forget.""
After his career, Washington has complained of treatment he has received in relation to his punching of Tomjanovich. Washington has sought to portray himself as a victim of the fight and appears to have exaggerated some of the misfortunes that came his way as a result of it. Washington told The New York Times that he has been refused work as a coach time and again. However, Tom Davis hired him as an assistant coach at Stanford, and Davis wanted to bring him to Iowa when he went to coach there. Washington stayed at Stanford and later quit his assistant coaching position, and he subsequently worked as strength and conditioning coach for the Portland Trail Blazers.
Washington also claimed that American University cut off contact with him after he punched Tomjanovich. However, when he tried to become athletic director of American in 1995, the school offered to hire him as assistant to the athletic director, since Washington had no front office experience. When confronted about this Washington stated: ""I didn't see why I couldn't be the AD so they could use my name out front and then have someone with more experience be my assistant."" John Feinstein and others have suggested that the most lasting damage caused by the fight between Washington and Tomjanovich has been to Washington's self-image, and his supposed refusal to accept responsibility for his actions in that fight. Pat later said it went deeper than that, as when she met him in college:
It was very hard for him to show affection. Sometimes I would ask him directly if he really cared about me, and he would say something like, ""I think you're really nice."" It was hard for him to be more open than that. He had never really been nurtured, never really been loved. I came to believe if I nurtured him enough, if I loved him enough, he would get past all that. But I don't believe he ever really did.
In the early 2010s, Washington lived in the Washington, D.C. area, where he was employed as a regional representative of the National Basketball Players Association.

Fraud conviction

On May 25, 2016, Washington was indicted for embezzling roughly $500,000 meant for children in Africa. On December 4, 2017, he pled guilty to three counts: one of aggravated identity theft, and two of making a false statement in a tax return. Washington used the charity to launder money he received as kickbacks. Washington, as a regional representative for the National Basketball Players Association, referred NBA players to San Diego attorney Ronald Mix, who then made donations to the charity, but were actually illegal referral payments. Washington then withdrew this money for personal spending. Washington failed to report this money as income on his tax return. In July 2018, he was sentenced to six years in federal prison for charity fraud. He was released in October 2022.[citation needed]

Personal life

His older brother Eric, a former St. Louis Cardinals player, committed suicide in 1984.

See also


References


External links


Contents

","
Trayce Jackson-Davis

Trayce Jackson-Davis (né Davis; born February 22, 2000), more commonly referred to by his initials ""TJD"", is an American professional basketball player for the Golden State Warriors of the National Basketball Association (NBA). He played college basketball for the Indiana Hoosiers. He was selected 57th overall in the 2023 NBA draft.
Jackson-Davis grew up in Greenwood, Indiana. When he was four, he fractured his skull in a home accident with a resistance band; the surgery left him with scars above both ears. When he was six, an accident with a golf club fractured his cheekbone and eye socket, requiring placement of a titanium screw.
In middle school, he played on the B team; his play greatly improved after a growth spurt in the summer before he started 9th grade.
Jackson-Davis attended Center Grove High School in Greenwood. As a junior in 2017–18, he averaged 21.9 points, 9.4 rebounds, 4.1 blocks, and 2.6 assists per game while shooting 67.0 percent from the field; he helped his team to a 20-win season, county and sectional titles and the 4A regional final. In AAU basketball, on the Spiece Indy Heat, he averaged 19.1 points, 7.1 rebounds, and 1.8 assists per game while shooting 59.1% from the field. During his senior season, he led the Trojans to a 21–8 record and a berth in the Class 4A state tournament semifinals. He averaged 21.6 points, 9.3 rebounds, 2.9 blocks, 1.7 assists and one steal per game through 29 games. He entered the state semifinals with 1,768 career points. On January 24, 2019, Jackson-Davis was announced as a McDonald's All-American to participate in the 2019 game, where he finished with 7 points, 5 rebounds, and 1 block in 14 minutes.
He was rated as a four-star recruit by Rivals, 247Sports, and ESPN. During his high school career Jackson-Davis was recruited by numerous high-profile schools, including Indiana, Michigan State, UCLA, Ohio State, Purdue, Xavier, among others. On November 30, 2018, Jackson-Davis committed to playing college basketball for Indiana after narrowing his choices down to Indiana, Michigan State, and UCLA.
Jackson-Davis made his college debut for Indiana during the 2019–20 season with eight points and six rebounds in a 98–65 win over Western Illinois. Jackson-Davis was named Big Ten co-freshman of the week on November 18, after contributing 20 points, eight rebounds and three blocked shots against North Alabama. He was again named conference freshman of the week on December 2 after scoring 21 points and grabbing 11 rebounds in a victory over Louisiana Tech. On February 19, 2020, Jackson-Davis set career highs with 27 points and 16 rebounds in a 68–56 win over Minnesota. At the close of the regular season, Jackson-Davis was named to the Third Team All-Big Ten by the coaches and media as well as the All-Freshman Team. He averaged 13.5 points, 8.4 rebounds and 1.8 blocks per game as a freshman. He finished second in the league in field goal percentage (56.6%), and seventh in blocked shots (1.9) and rebounds (8.4). Jackson-Davis, who started in each game his freshman season, was one of only four freshman in the country to lead his team in scoring, rebounding, free throw percentage and blocks.
As a sophomore during the 2020–21 season, Jackson-Davis averaged 19.1 points and 9.0 rebounds per game. Jackson-Davis garnered several awards at the close of the season. He was named a third team All-American by the Sporting News, NABC and USBWA; an honorable mention All-American (AP); All-Big Ten (First Team by media and AP; Second Team by coaches); and a Wooden Award Finalist.
In the offseason prior to Jackson-Davis's junior year, the 2021–22 season, Mike Woodson was hired as head coach of the Hoosiers and Jackson-Davis announced he was returning for his junior season. On November 27, 2021, he scored a career-high 43 points in a 90–79 win over Marshall, becoming the first Indiana player to score at least 40 points in 27 years. On November 30, 2021, he had 31 points, 16 rebounds and three blocks in a 112–110 double-overtime loss to Syracuse. Jackson-Davis was named to the Second Team All-Big Ten and Big Ten All-Defensive Team. As a junior, he averaged 18.3 points, 8.1 rebounds and 2.3 blocks per game. He became the second player in Indiana history (with Alan Henderson with 1,500 points, 750 rebounds, and 150 blocks, and ranked 15th on Indiana's all-time scoring list with 1,588 points, ninth in rebounds (797), seventh in blocked shots (178), and seventh in field-goal percentage (55.8%). On April 9, 2022, Jackson-Davis declared for the 2022 NBA draft while maintaining his college eligibility. On May 20, 2022, Jackson-Davis announced his withdrawal from the draft and his return to Indiana.
Heading in Jackson-Davis's senior year, the 2022–23 season, he garnered substantial national recognition. He was named, among other things, a Blue Ribbon Preseason First Team All-American, Associated Press Preseason All-American, Almanac Preseason Second Team All-American, CBS Sports Preseason Second Team All-American, Big Ten Preseason Player of the Year, Preseason All-Big Ten Team, and The Athletic Preseason Second Team All-American. His January averages of 23 points, over 14 rebounds and over three blocked shots, was one of only 3 (Shaquille O'Neal and Tim Duncan) such months in the last 25 years. On February 7, 2023, Jackson-Davis scored 20 points and posted 18 rebounds in a 66–60 win against Rutgers, in the process surpassing the 2,000-point mark. He became the first person to win four consecutive Big Ten Player of the Week awards since the award's inception in 1981–82.
In his senior season, Jackson-Davis averaged career bests in points (20.9), rebounds (10.8), assists (4.0), and blocked shots (2.9), helping to lead Indiana to a second-straight NCAA Tournament appearance. His scoring average marked the highest for a Hoosier since Eric Gordon (in 2007-08), his rebounding figure was the highest since Steve Downing (in 1972-73), and his block number was the most since Dean Garrett (in 1987-88).
Jackson-Davis was awarded the Karl Malone Award for the nation's top power forward, along with being named to the Oscar Robertson Trophy Late Season Watch List, the John R. Wooden Men's National Ballot, and the Naismith Trophy Defensive Player of the Year semifinalist list. TJD was also a unanimous choice for the All-Big Ten First Team by the coaches, media, and Associated Press while also collecting All-Big Ten Defensive Team honors.
Jackson-Davis finished his Indiana career as the program's all-time leader in rebounds (1,143) and blocked shots (270), third on the all-time scoring list (2,258), and third in double-doubles (50).
Jackson-Davis played for the United States under-18 basketball team at the 2018 FIBA Under-18 Americas Championship. He helped his team win the gold medal.
Jackson-Davis was drafted 57th overall by the Golden State Warriors in the second round in the 2023 NBA draft. The pick was initially held by the Washington Wizards, who traded the rights to Jackson-Davis for cash considerations on draft night.
Jackson-Davis made his regular-season debut against the Sacramento Kings on October 27, 2023, where he only played 5 minutes and recorded one rebound. Against the New Orleans Pelicans on October 30, Jackson-Davis recorded 13 points, 9 rebounds and 4 blocks in a 130–102 win. On December 19, Jackson-Davis achieved his first double-double, recording 10 points, 13 rebounds and 3 blocks in a 132–126 overtime win against the Boston Celtics. Jackson-Davis recorded a second straight double-double against the Washington Wizards on December 22, having 10 points and 15 rebounds in a 129–118 victory. Jackson-Davis recorded 15 points, 6 rebounds and 4 blocks in a blowout 125-90 win against the Milwaukee Bucks on March 6, with three of those blocks being against Giannis Antetokounmpo. On April 4, Jackson-Davis recorded a career-high 20 points, combined with 5 rebounds and 4 assists in a 133-110 blowout win against the Houston Rockets.
During the 2023-2024 season, Jackson-Davis averaged 1.1 blocks per game, which was 4th among rookies.
Jackson-Davis is the biological son of Dale Davis (former Indiana Pacers power forward/center). However, he was raised by his mother and his stepfather, former NFL running back Raymond Jackson. Originally, Jackson-Davis just went by the last name of Davis; however, entering his freshman year of high school, he decided to hyphenate his last name and add ""Jackson"". He stated, ""When I got to high school, I didn't think it was fair. Ray raised me my whole life, so I did Jackson-Davis. They both want the best out of me, but I would say they do it at different angles."" Jackson-Davis has a sister, Arielle Bellian (née Jackson), and two brothers. His brother Shaun played basketball in Europe and for the Harlem Globetrotters; his younger brother Tayven Jackson was a high school teammate at Center Grove, and went on to play quarterback in college for the University of Tennessee for one year before transferring to Indiana University.
On March 15, 2019, Jackson-Davis was honored as the Indiana Gatorade Player of the Year. He received the award not only for his athletic abilities, but also for his academic discipline in maintaining a B average, and his exemplary character in which he volunteered locally as a youth basketball coach and at the Wheeler Mission Center in Indianapolis, serving the homeless and those in need.
Kroichick, Ron (February 23, 2024). ""Warriors' Trayce Jackson-Davis bears scars of childhood scares: 'He's a walking miracle'"". San Francisco Chronicle.
""Trayce Jackson-Davis"". USA Basketball. January 15, 2019. Archived from the original on March 31, 2019. Retrieved March 30, 2019.
""2018 – 2019 INDIANA BOYS BASKETBALL PLAYER OF THE YEAR: Tracye Jackson-Davis"". Gatorade Player of the Year. March 15, 2019. Retrieved March 30, 2019.
Schumann, Mike (January 24, 2019). ""Indiana Signee Trayce Jackson-Davis is Named a McDonald's All-American"". The Daily Hoosier. Retrieved March 30, 2019.
""Trayce Jackson-Davis Recruit Interests"". 24/7 Sports. November 30, 2018. Retrieved March 30, 2019.
Osterman, Zach (November 30, 2018). ""IU basketball lands commitment from Center Grove big man Trayce Jackson-Davis"". Retrieved March 30, 2019.
""Hoosiers rout Leathernecks 98–65 in opening night hit"". ESPN. Associated Press. November 5, 2019. Retrieved November 6, 2019.
""Indiana, Michigan State and Ohio State Earn Weekly Men's Basketball Honors"". Bigten.org. CBS Interactive. November 18, 2019. Archived from the original on December 9, 2019. Retrieved November 19, 2019.
""Indiana, Maryland, Michigan Claim Weekly Men's Basketball Honors"". Bigten.org. CBS Interactive. December 2, 2019. Archived from the original on December 3, 2019. Retrieved December 3, 2019.
""Jackson-Davis career game leads Indiana past Minnesota 68–56"". ESPN. Associated Press. February 19, 2020. Retrieved February 25, 2020.
""Big Ten Unveils Men's Basketball Postseason Honors on BTN"" (Press release). Big Ten Conference. March 9, 2020. Archived from the original on March 9, 2020. Retrieved March 9, 2020.
Beas, Mike (September 9, 2020). ""Jackson-Davis eager for sophomore season"". Daily Journal. Retrieved December 8, 2021.
Rabjohns, Jeff (October 25, 2021). ""Indiana's Trayce Jackson-Davis named AP Preseason All-American"". 247 Sports. Retrieved December 8, 2021.
""Indiana's Trayce Jackson-Davis to return for junior season"". The Athletic. April 2, 2021. Retrieved December 8, 2021.
""Jackson-Davis scores 43, Indiana tops Marshall 90–79"". ESPN. Associated Press. November 27, 2021. Retrieved December 8, 2021.
Curtis, Mike (December 1, 2021). ""Syracuse thwarts herculean effort by future NBA draft pick Trayce Jackson-Davis: 'This guy is a beast'"". The Post-Standard. Retrieved December 8, 2021.
""2021–22 Big Ten Men's Basketball Postseason Honors Announced"" (Press release). Big Ten Conference. March 8, 2022. Archived from the original on March 8, 2022. Retrieved March 8, 2022.
Schumann, Mike (April 9, 2022). ""Trayce Jackson-Davis declares for 2022 NBA Draft"". The Daily Hoosier. Retrieved April 19, 2022.
Borzello, Jeff (May 20, 2022). ""Trayce Jackson-Davis returning to Indiana Hoosiers after withdrawing from NBA draft"". ESPN. Retrieved July 30, 2022.
""Trayce Jackson-Davis named preseason first team All-American by Blue Ribbon"". Inside the Hall. August 22, 2022. Retrieved August 22, 2022.
""Trayce Jackson-Davis named preseason Associated Press first team All-American"". insidethehall.com. October 24, 2022. Retrieved October 24, 2022.
""Jackson-Davis Tabbed Preseason All-American by The Almanac"". iuhoosiers.com. Retrieved October 3, 2022.
""Indiana basketball: Trayce Jackson-Davis adds another preseason All-American honor"". 247sports.com. Retrieved October 21, 2022.
""Indiana's Trayce Jackson-Davis Named Big Ten Preseason Player of the Year"". Big Ten Conference. Archived from the original on October 6, 2022. Retrieved October 6, 2022.
""Trayce Jackson-Davis awarded preseason All-American recognition from The Athletic"". idsnews.com. Retrieved October 25, 2022.
Brew, Tom (February 3, 2023). ""Mike Woodson Scoffs at Thought Zach Edey, Trayce Jackson-Davis Aren't NBA Players"". Sports Illustrated. Retrieved February 16, 2023.
Cronin, Joe (February 8, 2023). ""Trayce Jackson-Davis scores 2,000 career points as Indiana rolls through Rutgers 66–60"". wiux.org. Retrieved February 19, 2023.
""Jackson-Davis, Hood-Schifino Named Players of the Week. The Hoosiers are March Madness hopefuls as they enter the tournament as a 4 seed looking to knock off Kent State in the First round of the tournament"". Indiana University. February 13, 2023. Retrieved February 16, 2023.
""USA claim the FIBA U18 Americas 2018 Championship"". Sporting News. June 19, 2018. Retrieved April 5, 2019.
Ankony, Jack (October 31, 2023). ""Trayce Jackson-Davis Has Big Night For Golden State Warriors in 130-102 Win"". Sports Illustrated Indiana Hoosiers News, Analysis and More. Retrieved December 20, 2023.
Call III, Tommy (December 20, 2023). ""Rookie Report: Trayce Jackson-Davis notches first-career double-double in OT win vs. Celtics"". Warriors Wire. USA Today. Retrieved December 20, 2023.
""Warriors knock out Wizards, beat Jordan Poole"". Deadspin. December 23, 2023. Retrieved December 23, 2023.
Beas, Mike (January 9, 2018). ""Center Grove standout is making the best of both worlds"". Daily Journal. Retrieved March 30, 2019.
"
