db_name,joined_rows,ground_truth_key_value,schema,domain
Player_0,[],"{'name': 'Antonius Cleveland  ', 'birth_date': '1994/2/2', 'nationality': 'American  ', 'age': 31, 'team': 'Lokomotiv Kuban  ', 'position': nan, 'draft_pick': 0.0, 'draft_year': 0.0, 'college': 'Southeast Missouri State University  ', 'nba_championships': 0.0, 'mvp_awards': 0, 'olympic_gold_medals': 0.0, 'fiba_world_cup': 0.0, 'ID': 1}","[{'table_name': 'player', 'columns': [{'name': 'id', 'type': 'INTEGER', 'primary_key': True}, {'name': 'name', 'type': 'TEXT'}, {'name': 'draft_year', 'type': 'REAL'}, {'name': 'college', 'type': 'TEXT'}, {'name': 'position', 'type': 'TEXT'}]}, {'table_name': 'team', 'columns': [{'name': 'id', 'type': 'INTEGER', 'primary_key': True}, {'name': 'name', 'type': 'TEXT'}]}, {'table_name': 'achievement', 'columns': [{'name': 'id', 'type': 'INTEGER', 'primary_key': True}, {'name': 'player_id', 'type': 'INTEGER', 'foreign_key': True, 'foreign_key_table': 'player', 'foreign_key_column': 'id'}, {'name': 'nba_championships', 'type': 'BOOLEAN'}, {'name': 'mvp_awards', 'type': 'BOOLEAN'}, {'name': 'olympic_gold_medals', 'type': 'BOOLEAN'}]}, {'table_name': 'draft', 'columns': [{'name': 'id', 'type': 'INTEGER', 'primary_key': True}, {'name': 'player_id', 'type': 'INTEGER', 'foreign_key': True, 'foreign_key_table': 'player', 'foreign_key_column': 'id'}, {'name': 'year', 'type': 'INTEGER'}]}]",Player
Player_1,[],"{'name': 'Jay Vincent Jay Fletcher Vincent  ', 'birth_date': '1959/6/10', 'nationality': 'American  ', 'age': 66, 'team': 'Los Angeles Lakers', 'position': 'Frontcourt', 'draft_pick': 24.0, 'draft_year': 1981.0, 'college': 'Michigan State Spartans  ', 'nba_championships': 0.0, 'mvp_awards': 0, 'olympic_gold_medals': 0.0, 'fiba_world_cup': 0.0, 'ID': 2}","[{'table_name': 'player', 'columns': [{'name': 'id', 'type': 'INTEGER', 'primary_key': True}, {'name': 'name', 'type': 'TEXT'}, {'name': 'draft_year', 'type': 'REAL'}, {'name': 'college', 'type': 'TEXT'}, {'name': 'position', 'type': 'TEXT'}]}, {'table_name': 'team', 'columns': [{'name': 'id', 'type': 'INTEGER', 'primary_key': True}, {'name': 'name', 'type': 'TEXT'}]}, {'table_name': 'achievement', 'columns': [{'name': 'id', 'type': 'INTEGER', 'primary_key': True}, {'name': 'player_id', 'type': 'INTEGER', 'foreign_key': True, 'foreign_key_table': 'player', 'foreign_key_column': 'id'}, {'name': 'nba_championships', 'type': 'BOOLEAN'}, {'name': 'mvp_awards', 'type': 'BOOLEAN'}, {'name': 'olympic_gold_medals', 'type': 'BOOLEAN'}]}, {'table_name': 'draft', 'columns': [{'name': 'id', 'type': 'INTEGER', 'primary_key': True}, {'name': 'player_id', 'type': 'INTEGER', 'foreign_key': True, 'foreign_key_table': 'player', 'foreign_key_column': 'id'}, {'name': 'year', 'type': 'INTEGER'}]}]",Player
Player_2,[],"{'name': 'Nikola Radi?evi?  ', 'birth_date': '1994/4/25', 'nationality': 'Serbian  ', 'age': 31, 'team': 'Cedevita Olimpija  ', 'position': 'Backcourt', 'draft_pick': 57.0, 'draft_year': 2015.0, 'college': ' ', 'nba_championships': 0.0, 'mvp_awards': 0, 'olympic_gold_medals': 0.0, 'fiba_world_cup': 0.0, 'ID': 3}","[{'table_name': 'player', 'columns': [{'name': 'id', 'type': 'INTEGER', 'primary_key': True}, {'name': 'name', 'type': 'TEXT'}, {'name': 'draft_year', 'type': 'REAL'}, {'name': 'college', 'type': 'TEXT'}, {'name': 'position', 'type': 'TEXT'}]}, {'table_name': 'team', 'columns': [{'name': 'id', 'type': 'INTEGER', 'primary_key': True}, {'name': 'name', 'type': 'TEXT'}]}, {'table_name': 'achievement', 'columns': [{'name': 'id', 'type': 'INTEGER', 'primary_key': True}, {'name': 'player_id', 'type': 'INTEGER', 'foreign_key': True, 'foreign_key_table': 'player', 'foreign_key_column': 'id'}, {'name': 'nba_championships', 'type': 'BOOLEAN'}, {'name': 'mvp_awards', 'type': 'BOOLEAN'}, {'name': 'olympic_gold_medals', 'type': 'BOOLEAN'}]}, {'table_name': 'draft', 'columns': [{'name': 'id', 'type': 'INTEGER', 'primary_key': True}, {'name': 'player_id', 'type': 'INTEGER', 'foreign_key': True, 'foreign_key_table': 'player', 'foreign_key_column': 'id'}, {'name': 'year', 'type': 'INTEGER'}]}]",Player
Player_3,[],"{'name': 'Fran Curran Francis Hugh Curran Sr.', 'birth_date': '1922/9/9', 'nationality': 'American', 'age': 103, 'team': 'Rochester Royals', 'position': nan, 'draft_pick': 0.0, 'draft_year': 0.0, 'college': 'University of Notre Dame', 'nba_championships': 0.0, 'mvp_awards': 0, 'olympic_gold_medals': 0.0, 'fiba_world_cup': 0.0, 'ID': 4}","[{'table_name': 'player', 'columns': [{'name': 'id', 'type': 'INTEGER', 'primary_key': True}, {'name': 'name', 'type': 'TEXT'}, {'name': 'draft_year', 'type': 'REAL'}, {'name': 'college', 'type': 'TEXT'}, {'name': 'position', 'type': 'TEXT'}]}, {'table_name': 'team', 'columns': [{'name': 'id', 'type': 'INTEGER', 'primary_key': True}, {'name': 'name', 'type': 'TEXT'}]}, {'table_name': 'achievement', 'columns': [{'name': 'id', 'type': 'INTEGER', 'primary_key': True}, {'name': 'player_id', 'type': 'INTEGER', 'foreign_key': True, 'foreign_key_table': 'player', 'foreign_key_column': 'id'}, {'name': 'nba_championships', 'type': 'BOOLEAN'}, {'name': 'mvp_awards', 'type': 'BOOLEAN'}, {'name': 'olympic_gold_medals', 'type': 'BOOLEAN'}]}, {'table_name': 'draft', 'columns': [{'name': 'id', 'type': 'INTEGER', 'primary_key': True}, {'name': 'player_id', 'type': 'INTEGER', 'foreign_key': True, 'foreign_key_table': 'player', 'foreign_key_column': 'id'}, {'name': 'year', 'type': 'INTEGER'}]}]",Player
Player_4,[],"{'name': 'Mark Price  ', 'birth_date': '1964/2/15', 'nationality': 'American  ', 'age': 61, 'team': 'Orlando Magic', 'position': 'Backcourt', 'draft_pick': 25.0, 'draft_year': 1986.0, 'college': 'Georgia Tech  ', 'nba_championships': 0.0, 'mvp_awards': 0, 'olympic_gold_medals': 0.0, 'fiba_world_cup': 1.0, 'ID': 5}","[{'table_name': 'player', 'columns': [{'name': 'id', 'type': 'INTEGER', 'primary_key': True}, {'name': 'name', 'type': 'TEXT'}, {'name': 'draft_year', 'type': 'REAL'}, {'name': 'college', 'type': 'TEXT'}, {'name': 'position', 'type': 'TEXT'}]}, {'table_name': 'team', 'columns': [{'name': 'id', 'type': 'INTEGER', 'primary_key': True}, {'name': 'name', 'type': 'TEXT'}]}, {'table_name': 'achievement', 'columns': [{'name': 'id', 'type': 'INTEGER', 'primary_key': True}, {'name': 'player_id', 'type': 'INTEGER', 'foreign_key': True, 'foreign_key_table': 'player', 'foreign_key_column': 'id'}, {'name': 'nba_championships', 'type': 'BOOLEAN'}, {'name': 'mvp_awards', 'type': 'BOOLEAN'}, {'name': 'olympic_gold_medals', 'type': 'BOOLEAN'}]}, {'table_name': 'draft', 'columns': [{'name': 'id', 'type': 'INTEGER', 'primary_key': True}, {'name': 'player_id', 'type': 'INTEGER', 'foreign_key': True, 'foreign_key_table': 'player', 'foreign_key_column': 'id'}, {'name': 'year', 'type': 'INTEGER'}]}]",Player
Player_5,[],"{'name': 'David Michineau  ', 'birth_date': '1994/6/6', 'nationality': 'French  ', 'age': 31, 'team': 'Bursaspor Basketbol  ', 'position': 'Backcourt', 'draft_pick': 0.0, 'draft_year': 2016.0, 'college': ' ', 'nba_championships': 0.0, 'mvp_awards': 0, 'olympic_gold_medals': 0.0, 'fiba_world_cup': 0.0, 'ID': 6}","[{'table_name': 'player', 'columns': [{'name': 'id', 'type': 'INTEGER', 'primary_key': True}, {'name': 'name', 'type': 'TEXT'}, {'name': 'draft_year', 'type': 'REAL'}, {'name': 'college', 'type': 'TEXT'}, {'name': 'position', 'type': 'TEXT'}]}, {'table_name': 'team', 'columns': [{'name': 'id', 'type': 'INTEGER', 'primary_key': True}, {'name': 'name', 'type': 'TEXT'}]}, {'table_name': 'achievement', 'columns': [{'name': 'id', 'type': 'INTEGER', 'primary_key': True}, {'name': 'player_id', 'type': 'INTEGER', 'foreign_key': True, 'foreign_key_table': 'player', 'foreign_key_column': 'id'}, {'name': 'nba_championships', 'type': 'BOOLEAN'}, {'name': 'mvp_awards', 'type': 'BOOLEAN'}, {'name': 'olympic_gold_medals', 'type': 'BOOLEAN'}]}, {'table_name': 'draft', 'columns': [{'name': 'id', 'type': 'INTEGER', 'primary_key': True}, {'name': 'player_id', 'type': 'INTEGER', 'foreign_key': True, 'foreign_key_table': 'player', 'foreign_key_column': 'id'}, {'name': 'year', 'type': 'INTEGER'}]}]",Player
Player_6,[],"{'name': 'Donta Hall  ', 'birth_date': '1997/8/7', 'nationality': 'American-born naturalized Azerbaijani  ', 'age': 28, 'team': 'Saski Baskonia', 'position': nan, 'draft_pick': 0.0, 'draft_year': 0.0, 'college': 'Alabama  ', 'nba_championships': 0.0, 'mvp_awards': 0, 'olympic_gold_medals': 0.0, 'fiba_world_cup': 0.0, 'ID': 7}","[{'table_name': 'player', 'columns': [{'name': 'id', 'type': 'INTEGER', 'primary_key': True}, {'name': 'name', 'type': 'TEXT'}, {'name': 'draft_year', 'type': 'REAL'}, {'name': 'college', 'type': 'TEXT'}, {'name': 'position', 'type': 'TEXT'}]}, {'table_name': 'team', 'columns': [{'name': 'id', 'type': 'INTEGER', 'primary_key': True}, {'name': 'name', 'type': 'TEXT'}]}, {'table_name': 'achievement', 'columns': [{'name': 'id', 'type': 'INTEGER', 'primary_key': True}, {'name': 'player_id', 'type': 'INTEGER', 'foreign_key': True, 'foreign_key_table': 'player', 'foreign_key_column': 'id'}, {'name': 'nba_championships', 'type': 'BOOLEAN'}, {'name': 'mvp_awards', 'type': 'BOOLEAN'}, {'name': 'olympic_gold_medals', 'type': 'BOOLEAN'}]}, {'table_name': 'draft', 'columns': [{'name': 'id', 'type': 'INTEGER', 'primary_key': True}, {'name': 'player_id', 'type': 'INTEGER', 'foreign_key': True, 'foreign_key_table': 'player', 'foreign_key_column': 'id'}, {'name': 'year', 'type': 'INTEGER'}]}]",Player
Player_7,[],"{'name': 'Erick Strickland  ', 'birth_date': '1973/11/25', 'nationality': 'American  ', 'age': 51, 'team': 'Milwaukee Bucks', 'position': nan, 'draft_pick': 0.0, 'draft_year': 0.0, 'college': 'University of Nebraska', 'nba_championships': 0.0, 'mvp_awards': 0, 'olympic_gold_medals': 0.0, 'fiba_world_cup': 0.0, 'ID': 8}","[{'table_name': 'player', 'columns': [{'name': 'id', 'type': 'INTEGER', 'primary_key': True}, {'name': 'name', 'type': 'TEXT'}, {'name': 'draft_year', 'type': 'REAL'}, {'name': 'college', 'type': 'TEXT'}, {'name': 'position', 'type': 'TEXT'}]}, {'table_name': 'team', 'columns': [{'name': 'id', 'type': 'INTEGER', 'primary_key': True}, {'name': 'name', 'type': 'TEXT'}]}, {'table_name': 'achievement', 'columns': [{'name': 'id', 'type': 'INTEGER', 'primary_key': True}, {'name': 'player_id', 'type': 'INTEGER', 'foreign_key': True, 'foreign_key_table': 'player', 'foreign_key_column': 'id'}, {'name': 'nba_championships', 'type': 'BOOLEAN'}, {'name': 'mvp_awards', 'type': 'BOOLEAN'}, {'name': 'olympic_gold_medals', 'type': 'BOOLEAN'}]}, {'table_name': 'draft', 'columns': [{'name': 'id', 'type': 'INTEGER', 'primary_key': True}, {'name': 'player_id', 'type': 'INTEGER', 'foreign_key': True, 'foreign_key_table': 'player', 'foreign_key_column': 'id'}, {'name': 'year', 'type': 'INTEGER'}]}]",Player
Player_8,[],"{'name': 'David Lattin  ', 'birth_date': '1943/12/23', 'nationality': 'American  ', 'age': 81, 'team': ' New Orleans Jazz', 'position': 'Frontcourt', 'draft_pick': 10.0, 'draft_year': 1967.0, 'college': 'Texas Western College  ', 'nba_championships': 0.0, 'mvp_awards': 0, 'olympic_gold_medals': 0.0, 'fiba_world_cup': 0.0, 'ID': 9}","[{'table_name': 'player', 'columns': [{'name': 'id', 'type': 'INTEGER', 'primary_key': True}, {'name': 'name', 'type': 'TEXT'}, {'name': 'draft_year', 'type': 'REAL'}, {'name': 'college', 'type': 'TEXT'}, {'name': 'position', 'type': 'TEXT'}]}, {'table_name': 'team', 'columns': [{'name': 'id', 'type': 'INTEGER', 'primary_key': True}, {'name': 'name', 'type': 'TEXT'}]}, {'table_name': 'achievement', 'columns': [{'name': 'id', 'type': 'INTEGER', 'primary_key': True}, {'name': 'player_id', 'type': 'INTEGER', 'foreign_key': True, 'foreign_key_table': 'player', 'foreign_key_column': 'id'}, {'name': 'nba_championships', 'type': 'BOOLEAN'}, {'name': 'mvp_awards', 'type': 'BOOLEAN'}, {'name': 'olympic_gold_medals', 'type': 'BOOLEAN'}]}, {'table_name': 'draft', 'columns': [{'name': 'id', 'type': 'INTEGER', 'primary_key': True}, {'name': 'player_id', 'type': 'INTEGER', 'foreign_key': True, 'foreign_key_table': 'player', 'foreign_key_column': 'id'}, {'name': 'year', 'type': 'INTEGER'}]}]",Player
Player_9,[],"{'name': 'Toby Kimball  ', 'birth_date': '1942/9/7', 'nationality': 'American  ', 'age': 83, 'team': ' New Orleans Jazz', 'position': 'Frontcourt', 'draft_pick': 0.0, 'draft_year': 0.0, 'college': 'University of Connecticut  ', 'nba_championships': 0.0, 'mvp_awards': 0, 'olympic_gold_medals': 0.0, 'fiba_world_cup': 0.0, 'ID': 10}","[{'table_name': 'player', 'columns': [{'name': 'id', 'type': 'INTEGER', 'primary_key': True}, {'name': 'name', 'type': 'TEXT'}, {'name': 'draft_year', 'type': 'REAL'}, {'name': 'college', 'type': 'TEXT'}, {'name': 'position', 'type': 'TEXT'}]}, {'table_name': 'team', 'columns': [{'name': 'id', 'type': 'INTEGER', 'primary_key': True}, {'name': 'name', 'type': 'TEXT'}]}, {'table_name': 'achievement', 'columns': [{'name': 'id', 'type': 'INTEGER', 'primary_key': True}, {'name': 'player_id', 'type': 'INTEGER', 'foreign_key': True, 'foreign_key_table': 'player', 'foreign_key_column': 'id'}, {'name': 'nba_championships', 'type': 'BOOLEAN'}, {'name': 'mvp_awards', 'type': 'BOOLEAN'}, {'name': 'olympic_gold_medals', 'type': 'BOOLEAN'}]}, {'table_name': 'draft', 'columns': [{'name': 'id', 'type': 'INTEGER', 'primary_key': True}, {'name': 'player_id', 'type': 'INTEGER', 'foreign_key': True, 'foreign_key_table': 'player', 'foreign_key_column': 'id'}, {'name': 'year', 'type': 'INTEGER'}]}]",Player
Player_10,[],"{'name': 'Derek Grimm  ', 'birth_date': '1974/8/3', 'nationality': 'American  ', 'age': 51, 'team': 'Sacramento Kings  ', 'position': 'Frontcourt', 'draft_pick': 0.0, 'draft_year': 0.0, 'college': 'University of Missouri  ', 'nba_championships': 0.0, 'mvp_awards': 0, 'olympic_gold_medals': 0.0, 'fiba_world_cup': 0.0, 'ID': 11}","[{'table_name': 'player', 'columns': [{'name': 'id', 'type': 'INTEGER', 'primary_key': True}, {'name': 'name', 'type': 'TEXT'}, {'name': 'draft_year', 'type': 'REAL'}, {'name': 'college', 'type': 'TEXT'}, {'name': 'position', 'type': 'TEXT'}]}, {'table_name': 'team', 'columns': [{'name': 'id', 'type': 'INTEGER', 'primary_key': True}, {'name': 'name', 'type': 'TEXT'}]}, {'table_name': 'achievement', 'columns': [{'name': 'id', 'type': 'INTEGER', 'primary_key': True}, {'name': 'player_id', 'type': 'INTEGER', 'foreign_key': True, 'foreign_key_table': 'player', 'foreign_key_column': 'id'}, {'name': 'nba_championships', 'type': 'BOOLEAN'}, {'name': 'mvp_awards', 'type': 'BOOLEAN'}, {'name': 'olympic_gold_medals', 'type': 'BOOLEAN'}]}, {'table_name': 'draft', 'columns': [{'name': 'id', 'type': 'INTEGER', 'primary_key': True}, {'name': 'player_id', 'type': 'INTEGER', 'foreign_key': True, 'foreign_key_table': 'player', 'foreign_key_column': 'id'}, {'name': 'year', 'type': 'INTEGER'}]}]",Player
Player_11,[],"{'name': 'Anthony Marshon Davis Jr.', 'birth_date': '1993/3/11', 'nationality': 'American', 'age': 32, 'team': 'Los Angeles Lakers', 'position': 'Frontcourt', 'draft_pick': 1.0, 'draft_year': 2012.0, 'college': 'Kentucky', 'nba_championships': 1.0, 'mvp_awards': 1, 'olympic_gold_medals': 2.0, 'fiba_world_cup': 1.0, 'ID': 12}","[{'table_name': 'player', 'columns': [{'name': 'id', 'type': 'INTEGER', 'primary_key': True}, {'name': 'name', 'type': 'TEXT'}, {'name': 'draft_year', 'type': 'REAL'}, {'name': 'college', 'type': 'TEXT'}, {'name': 'position', 'type': 'TEXT'}]}, {'table_name': 'team', 'columns': [{'name': 'id', 'type': 'INTEGER', 'primary_key': True}, {'name': 'name', 'type': 'TEXT'}]}, {'table_name': 'achievement', 'columns': [{'name': 'id', 'type': 'INTEGER', 'primary_key': True}, {'name': 'player_id', 'type': 'INTEGER', 'foreign_key': True, 'foreign_key_table': 'player', 'foreign_key_column': 'id'}, {'name': 'nba_championships', 'type': 'BOOLEAN'}, {'name': 'mvp_awards', 'type': 'BOOLEAN'}, {'name': 'olympic_gold_medals', 'type': 'BOOLEAN'}]}, {'table_name': 'draft', 'columns': [{'name': 'id', 'type': 'INTEGER', 'primary_key': True}, {'name': 'player_id', 'type': 'INTEGER', 'foreign_key': True, 'foreign_key_table': 'player', 'foreign_key_column': 'id'}, {'name': 'year', 'type': 'INTEGER'}]}]",Player
Player_12,[],"{'name': 'Brandan Keith Wright  ', 'birth_date': '1987/10/5', 'nationality': 'American  ', 'age': 37, 'team': 'Houston Rockets  ', 'position': nan, 'draft_pick': 8.0, 'draft_year': 2007.0, 'college': 'University of North Carolina at Chapel Hill  ', 'nba_championships': 0.0, 'mvp_awards': 0, 'olympic_gold_medals': 0.0, 'fiba_world_cup': 0.0, 'ID': 13}","[{'table_name': 'player', 'columns': [{'name': 'id', 'type': 'INTEGER', 'primary_key': True}, {'name': 'name', 'type': 'TEXT'}, {'name': 'draft_year', 'type': 'REAL'}, {'name': 'college', 'type': 'TEXT'}, {'name': 'position', 'type': 'TEXT'}]}, {'table_name': 'team', 'columns': [{'name': 'id', 'type': 'INTEGER', 'primary_key': True}, {'name': 'name', 'type': 'TEXT'}]}, {'table_name': 'achievement', 'columns': [{'name': 'id', 'type': 'INTEGER', 'primary_key': True}, {'name': 'player_id', 'type': 'INTEGER', 'foreign_key': True, 'foreign_key_table': 'player', 'foreign_key_column': 'id'}, {'name': 'nba_championships', 'type': 'BOOLEAN'}, {'name': 'mvp_awards', 'type': 'BOOLEAN'}, {'name': 'olympic_gold_medals', 'type': 'BOOLEAN'}]}, {'table_name': 'draft', 'columns': [{'name': 'id', 'type': 'INTEGER', 'primary_key': True}, {'name': 'player_id', 'type': 'INTEGER', 'foreign_key': True, 'foreign_key_table': 'player', 'foreign_key_column': 'id'}, {'name': 'year', 'type': 'INTEGER'}]}]",Player
Player_13,[],"{'name': 'Askia Rahman Jones  ', 'birth_date': '1971/12/3', 'nationality': 'American-Venezuelan  ', 'age': 53, 'team': 'Guaros de Lara', 'position': 'Backcourt', 'draft_pick': 0.0, 'draft_year': 0.0, 'college': 'Kansas State University  ', 'nba_championships': 0.0, 'mvp_awards': 0, 'olympic_gold_medals': 0.0, 'fiba_world_cup': 0.0, 'ID': 14}","[{'table_name': 'player', 'columns': [{'name': 'id', 'type': 'INTEGER', 'primary_key': True}, {'name': 'name', 'type': 'TEXT'}, {'name': 'draft_year', 'type': 'REAL'}, {'name': 'college', 'type': 'TEXT'}, {'name': 'position', 'type': 'TEXT'}]}, {'table_name': 'team', 'columns': [{'name': 'id', 'type': 'INTEGER', 'primary_key': True}, {'name': 'name', 'type': 'TEXT'}]}, {'table_name': 'achievement', 'columns': [{'name': 'id', 'type': 'INTEGER', 'primary_key': True}, {'name': 'player_id', 'type': 'INTEGER', 'foreign_key': True, 'foreign_key_table': 'player', 'foreign_key_column': 'id'}, {'name': 'nba_championships', 'type': 'BOOLEAN'}, {'name': 'mvp_awards', 'type': 'BOOLEAN'}, {'name': 'olympic_gold_medals', 'type': 'BOOLEAN'}]}, {'table_name': 'draft', 'columns': [{'name': 'id', 'type': 'INTEGER', 'primary_key': True}, {'name': 'player_id', 'type': 'INTEGER', 'foreign_key': True, 'foreign_key_table': 'player', 'foreign_key_column': 'id'}, {'name': 'year', 'type': 'INTEGER'}]}]",Player
Player_14,[],"{'name': 'Carrick Felix  ', 'birth_date': '1990/8/17', 'nationality': 'American  ', 'age': 35, 'team': ' Melbourne United', 'position': 'Backcourt', 'draft_pick': 33.0, 'draft_year': 2013.0, 'college': 'Arizona State  ', 'nba_championships': 0.0, 'mvp_awards': 0, 'olympic_gold_medals': 0.0, 'fiba_world_cup': 0.0, 'ID': 15}","[{'table_name': 'player', 'columns': [{'name': 'id', 'type': 'INTEGER', 'primary_key': True}, {'name': 'name', 'type': 'TEXT'}, {'name': 'draft_year', 'type': 'REAL'}, {'name': 'college', 'type': 'TEXT'}, {'name': 'position', 'type': 'TEXT'}]}, {'table_name': 'team', 'columns': [{'name': 'id', 'type': 'INTEGER', 'primary_key': True}, {'name': 'name', 'type': 'TEXT'}]}, {'table_name': 'achievement', 'columns': [{'name': 'id', 'type': 'INTEGER', 'primary_key': True}, {'name': 'player_id', 'type': 'INTEGER', 'foreign_key': True, 'foreign_key_table': 'player', 'foreign_key_column': 'id'}, {'name': 'nba_championships', 'type': 'BOOLEAN'}, {'name': 'mvp_awards', 'type': 'BOOLEAN'}, {'name': 'olympic_gold_medals', 'type': 'BOOLEAN'}]}, {'table_name': 'draft', 'columns': [{'name': 'id', 'type': 'INTEGER', 'primary_key': True}, {'name': 'player_id', 'type': 'INTEGER', 'foreign_key': True, 'foreign_key_table': 'player', 'foreign_key_column': 'id'}, {'name': 'year', 'type': 'INTEGER'}]}]",Player
Player_15,[],"{'name': 'Mychel Thompson  ', 'birth_date': '1988/6/1', 'nationality': 'American  ', 'age': 37, 'team': ' Santa Cruz Warriors', 'position': 'Backcourt', 'draft_pick': 0.0, 'draft_year': 0.0, 'college': 'Pepperdine University  ', 'nba_championships': 0.0, 'mvp_awards': 0, 'olympic_gold_medals': 0.0, 'fiba_world_cup': 0.0, 'ID': 16}","[{'table_name': 'player', 'columns': [{'name': 'id', 'type': 'INTEGER', 'primary_key': True}, {'name': 'name', 'type': 'TEXT'}, {'name': 'draft_year', 'type': 'REAL'}, {'name': 'college', 'type': 'TEXT'}, {'name': 'position', 'type': 'TEXT'}]}, {'table_name': 'team', 'columns': [{'name': 'id', 'type': 'INTEGER', 'primary_key': True}, {'name': 'name', 'type': 'TEXT'}]}, {'table_name': 'achievement', 'columns': [{'name': 'id', 'type': 'INTEGER', 'primary_key': True}, {'name': 'player_id', 'type': 'INTEGER', 'foreign_key': True, 'foreign_key_table': 'player', 'foreign_key_column': 'id'}, {'name': 'nba_championships', 'type': 'BOOLEAN'}, {'name': 'mvp_awards', 'type': 'BOOLEAN'}, {'name': 'olympic_gold_medals', 'type': 'BOOLEAN'}]}, {'table_name': 'draft', 'columns': [{'name': 'id', 'type': 'INTEGER', 'primary_key': True}, {'name': 'player_id', 'type': 'INTEGER', 'foreign_key': True, 'foreign_key_table': 'player', 'foreign_key_column': 'id'}, {'name': 'year', 'type': 'INTEGER'}]}]",Player
Player_16,[],"{'name': 'Marvin Roberts', 'birth_date': '1950/1/29', 'nationality': 'American', 'age': 75, 'team': nan, 'position': nan, 'draft_pick': 45.0, 'draft_year': 1971.0, 'college': 'Utah State University', 'nba_championships': 0.0, 'mvp_awards': 0, 'olympic_gold_medals': 0.0, 'fiba_world_cup': 0.0, 'ID': 17}","[{'table_name': 'player', 'columns': [{'name': 'id', 'type': 'INTEGER', 'primary_key': True}, {'name': 'name', 'type': 'TEXT'}, {'name': 'draft_year', 'type': 'REAL'}, {'name': 'college', 'type': 'TEXT'}, {'name': 'position', 'type': 'TEXT'}]}, {'table_name': 'team', 'columns': [{'name': 'id', 'type': 'INTEGER', 'primary_key': True}, {'name': 'name', 'type': 'TEXT'}]}, {'table_name': 'achievement', 'columns': [{'name': 'id', 'type': 'INTEGER', 'primary_key': True}, {'name': 'player_id', 'type': 'INTEGER', 'foreign_key': True, 'foreign_key_table': 'player', 'foreign_key_column': 'id'}, {'name': 'nba_championships', 'type': 'BOOLEAN'}, {'name': 'mvp_awards', 'type': 'BOOLEAN'}, {'name': 'olympic_gold_medals', 'type': 'BOOLEAN'}]}, {'table_name': 'draft', 'columns': [{'name': 'id', 'type': 'INTEGER', 'primary_key': True}, {'name': 'player_id', 'type': 'INTEGER', 'foreign_key': True, 'foreign_key_table': 'player', 'foreign_key_column': 'id'}, {'name': 'year', 'type': 'INTEGER'}]}]",Player
Player_17,[],"{'name': 'Kenneth ""Apple"" Green  ', 'birth_date': '1959/9/19', 'nationality': 'American  ', 'age': 66, 'team': 'New York Knicks  ', 'position': nan, 'draft_pick': 11.0, 'draft_year': 1981.0, 'college': 'Pan American University  ', 'nba_championships': 0.0, 'mvp_awards': 0, 'olympic_gold_medals': 0.0, 'fiba_world_cup': 0.0, 'ID': 18}","[{'table_name': 'player', 'columns': [{'name': 'id', 'type': 'INTEGER', 'primary_key': True}, {'name': 'name', 'type': 'TEXT'}, {'name': 'draft_year', 'type': 'REAL'}, {'name': 'college', 'type': 'TEXT'}, {'name': 'position', 'type': 'TEXT'}]}, {'table_name': 'team', 'columns': [{'name': 'id', 'type': 'INTEGER', 'primary_key': True}, {'name': 'name', 'type': 'TEXT'}]}, {'table_name': 'achievement', 'columns': [{'name': 'id', 'type': 'INTEGER', 'primary_key': True}, {'name': 'player_id', 'type': 'INTEGER', 'foreign_key': True, 'foreign_key_table': 'player', 'foreign_key_column': 'id'}, {'name': 'nba_championships', 'type': 'BOOLEAN'}, {'name': 'mvp_awards', 'type': 'BOOLEAN'}, {'name': 'olympic_gold_medals', 'type': 'BOOLEAN'}]}, {'table_name': 'draft', 'columns': [{'name': 'id', 'type': 'INTEGER', 'primary_key': True}, {'name': 'player_id', 'type': 'INTEGER', 'foreign_key': True, 'foreign_key_table': 'player', 'foreign_key_column': 'id'}, {'name': 'year', 'type': 'INTEGER'}]}]",Player
Player_18,[],"{'name': 'Gerald Madkins Jr.', 'birth_date': '1969/4/18', 'nationality': 'American', 'age': 56, 'team': 'Grand Rapids Hoops', 'position': nan, 'draft_pick': 0.0, 'draft_year': 0.0, 'college': 'University of California, Los Angeles', 'nba_championships': 0.0, 'mvp_awards': 0, 'olympic_gold_medals': 0.0, 'fiba_world_cup': 0.0, 'ID': 19}","[{'table_name': 'player', 'columns': [{'name': 'id', 'type': 'INTEGER', 'primary_key': True}, {'name': 'name', 'type': 'TEXT'}, {'name': 'draft_year', 'type': 'REAL'}, {'name': 'college', 'type': 'TEXT'}, {'name': 'position', 'type': 'TEXT'}]}, {'table_name': 'team', 'columns': [{'name': 'id', 'type': 'INTEGER', 'primary_key': True}, {'name': 'name', 'type': 'TEXT'}]}, {'table_name': 'achievement', 'columns': [{'name': 'id', 'type': 'INTEGER', 'primary_key': True}, {'name': 'player_id', 'type': 'INTEGER', 'foreign_key': True, 'foreign_key_table': 'player', 'foreign_key_column': 'id'}, {'name': 'nba_championships', 'type': 'BOOLEAN'}, {'name': 'mvp_awards', 'type': 'BOOLEAN'}, {'name': 'olympic_gold_medals', 'type': 'BOOLEAN'}]}, {'table_name': 'draft', 'columns': [{'name': 'id', 'type': 'INTEGER', 'primary_key': True}, {'name': 'player_id', 'type': 'INTEGER', 'foreign_key': True, 'foreign_key_table': 'player', 'foreign_key_column': 'id'}, {'name': 'year', 'type': 'INTEGER'}]}]",Player
Player_19,[],"{'name': 'Don Anielak  ', 'birth_date': '1930/11/1', 'nationality': 'American  ', 'age': 95, 'team': 'New York Knicks  ', 'position': nan, 'draft_pick': 26.0, 'draft_year': 1954.0, 'college': 'Southwest Missouri State University  ', 'nba_championships': 0.0, 'mvp_awards': 0, 'olympic_gold_medals': 0.0, 'fiba_world_cup': 0.0, 'ID': 20}","[{'table_name': 'player', 'columns': [{'name': 'id', 'type': 'INTEGER', 'primary_key': True}, {'name': 'name', 'type': 'TEXT'}, {'name': 'draft_year', 'type': 'REAL'}, {'name': 'college', 'type': 'TEXT'}, {'name': 'position', 'type': 'TEXT'}]}, {'table_name': 'team', 'columns': [{'name': 'id', 'type': 'INTEGER', 'primary_key': True}, {'name': 'name', 'type': 'TEXT'}]}, {'table_name': 'achievement', 'columns': [{'name': 'id', 'type': 'INTEGER', 'primary_key': True}, {'name': 'player_id', 'type': 'INTEGER', 'foreign_key': True, 'foreign_key_table': 'player', 'foreign_key_column': 'id'}, {'name': 'nba_championships', 'type': 'BOOLEAN'}, {'name': 'mvp_awards', 'type': 'BOOLEAN'}, {'name': 'olympic_gold_medals', 'type': 'BOOLEAN'}]}, {'table_name': 'draft', 'columns': [{'name': 'id', 'type': 'INTEGER', 'primary_key': True}, {'name': 'player_id', 'type': 'INTEGER', 'foreign_key': True, 'foreign_key_table': 'player', 'foreign_key_column': 'id'}, {'name': 'year', 'type': 'INTEGER'}]}]",Player
Player_20,[],"{'name': 'Philip Douglas Jackson  ', 'birth_date': '1945/9/17', 'nationality': 'American  ', 'age': 80, 'team': ' Los Angeles Lakers', 'position': 'Frontcourt', 'draft_pick': 2.0, 'draft_year': 1967.0, 'college': 'University of North Dakota  ', 'nba_championships': 13.0, 'mvp_awards': 0, 'olympic_gold_medals': 0.0, 'fiba_world_cup': 0.0, 'ID': 21}","[{'table_name': 'player', 'columns': [{'name': 'id', 'type': 'INTEGER', 'primary_key': True}, {'name': 'name', 'type': 'TEXT'}, {'name': 'draft_year', 'type': 'REAL'}, {'name': 'college', 'type': 'TEXT'}, {'name': 'position', 'type': 'TEXT'}]}, {'table_name': 'team', 'columns': [{'name': 'id', 'type': 'INTEGER', 'primary_key': True}, {'name': 'name', 'type': 'TEXT'}]}, {'table_name': 'achievement', 'columns': [{'name': 'id', 'type': 'INTEGER', 'primary_key': True}, {'name': 'player_id', 'type': 'INTEGER', 'foreign_key': True, 'foreign_key_table': 'player', 'foreign_key_column': 'id'}, {'name': 'nba_championships', 'type': 'BOOLEAN'}, {'name': 'mvp_awards', 'type': 'BOOLEAN'}, {'name': 'olympic_gold_medals', 'type': 'BOOLEAN'}]}, {'table_name': 'draft', 'columns': [{'name': 'id', 'type': 'INTEGER', 'primary_key': True}, {'name': 'player_id', 'type': 'INTEGER', 'foreign_key': True, 'foreign_key_table': 'player', 'foreign_key_column': 'id'}, {'name': 'year', 'type': 'INTEGER'}]}]",Player
Player_21,[],"{'name': 'Anthony Avent  ', 'birth_date': '1969/10/18', 'nationality': 'American  ', 'age': 56, 'team': ' PAOK Thessaloniki', 'position': 'Frontcourt', 'draft_pick': 15.0, 'draft_year': 1991.0, 'college': 'Seton Hall University  ', 'nba_championships': 0.0, 'mvp_awards': 0, 'olympic_gold_medals': 0.0, 'fiba_world_cup': 0.0, 'ID': 22}","[{'table_name': 'player', 'columns': [{'name': 'id', 'type': 'INTEGER', 'primary_key': True}, {'name': 'name', 'type': 'TEXT'}, {'name': 'draft_year', 'type': 'REAL'}, {'name': 'college', 'type': 'TEXT'}, {'name': 'position', 'type': 'TEXT'}]}, {'table_name': 'team', 'columns': [{'name': 'id', 'type': 'INTEGER', 'primary_key': True}, {'name': 'name', 'type': 'TEXT'}]}, {'table_name': 'achievement', 'columns': [{'name': 'id', 'type': 'INTEGER', 'primary_key': True}, {'name': 'player_id', 'type': 'INTEGER', 'foreign_key': True, 'foreign_key_table': 'player', 'foreign_key_column': 'id'}, {'name': 'nba_championships', 'type': 'BOOLEAN'}, {'name': 'mvp_awards', 'type': 'BOOLEAN'}, {'name': 'olympic_gold_medals', 'type': 'BOOLEAN'}]}, {'table_name': 'draft', 'columns': [{'name': 'id', 'type': 'INTEGER', 'primary_key': True}, {'name': 'player_id', 'type': 'INTEGER', 'foreign_key': True, 'foreign_key_table': 'player', 'foreign_key_column': 'id'}, {'name': 'year', 'type': 'INTEGER'}]}]",Player
Player_22,[],"{'name': 'Drew Edward Gordon  ', 'birth_date': '1990/7/12', 'nationality': 'American  ', 'age': 33, 'team': 'Philadelphia 76ers  ', 'position': 'Frontcourt', 'draft_pick': 0.0, 'draft_year': 0.0, 'college': 'UCLA  ', 'nba_championships': 0.0, 'mvp_awards': 0, 'olympic_gold_medals': 0.0, 'fiba_world_cup': 0.0, 'ID': 23}","[{'table_name': 'player', 'columns': [{'name': 'id', 'type': 'INTEGER', 'primary_key': True}, {'name': 'name', 'type': 'TEXT'}, {'name': 'draft_year', 'type': 'REAL'}, {'name': 'college', 'type': 'TEXT'}, {'name': 'position', 'type': 'TEXT'}]}, {'table_name': 'team', 'columns': [{'name': 'id', 'type': 'INTEGER', 'primary_key': True}, {'name': 'name', 'type': 'TEXT'}]}, {'table_name': 'achievement', 'columns': [{'name': 'id', 'type': 'INTEGER', 'primary_key': True}, {'name': 'player_id', 'type': 'INTEGER', 'foreign_key': True, 'foreign_key_table': 'player', 'foreign_key_column': 'id'}, {'name': 'nba_championships', 'type': 'BOOLEAN'}, {'name': 'mvp_awards', 'type': 'BOOLEAN'}, {'name': 'olympic_gold_medals', 'type': 'BOOLEAN'}]}, {'table_name': 'draft', 'columns': [{'name': 'id', 'type': 'INTEGER', 'primary_key': True}, {'name': 'player_id', 'type': 'INTEGER', 'foreign_key': True, 'foreign_key_table': 'player', 'foreign_key_column': 'id'}, {'name': 'year', 'type': 'INTEGER'}]}]",Player
Player_23,[],"{'name': 'Jarrett Jack  ', 'birth_date': '1983/10/28', 'nationality': 'American  ', 'age': 41, 'team': 'Detroit Pistons  ', 'position': nan, 'draft_pick': 22.0, 'draft_year': 2005.0, 'college': 'Georgia Tech  ', 'nba_championships': 0.0, 'mvp_awards': 0, 'olympic_gold_medals': 0.0, 'fiba_world_cup': 0.0, 'ID': 24}","[{'table_name': 'player', 'columns': [{'name': 'id', 'type': 'INTEGER', 'primary_key': True}, {'name': 'name', 'type': 'TEXT'}, {'name': 'draft_year', 'type': 'REAL'}, {'name': 'college', 'type': 'TEXT'}, {'name': 'position', 'type': 'TEXT'}]}, {'table_name': 'team', 'columns': [{'name': 'id', 'type': 'INTEGER', 'primary_key': True}, {'name': 'name', 'type': 'TEXT'}]}, {'table_name': 'achievement', 'columns': [{'name': 'id', 'type': 'INTEGER', 'primary_key': True}, {'name': 'player_id', 'type': 'INTEGER', 'foreign_key': True, 'foreign_key_table': 'player', 'foreign_key_column': 'id'}, {'name': 'nba_championships', 'type': 'BOOLEAN'}, {'name': 'mvp_awards', 'type': 'BOOLEAN'}, {'name': 'olympic_gold_medals', 'type': 'BOOLEAN'}]}, {'table_name': 'draft', 'columns': [{'name': 'id', 'type': 'INTEGER', 'primary_key': True}, {'name': 'player_id', 'type': 'INTEGER', 'foreign_key': True, 'foreign_key_table': 'player', 'foreign_key_column': 'id'}, {'name': 'year', 'type': 'INTEGER'}]}]",Player
Player_24,[],"{'name': 'Rick Hughes  ', 'birth_date': '1973/8/22', 'nationality': 'American  ', 'age': 52, 'team': ' HTV Basket', 'position': nan, 'draft_pick': 0.0, 'draft_year': 0.0, 'college': 'Thomas More College  ', 'nba_championships': 0.0, 'mvp_awards': 0, 'olympic_gold_medals': 0.0, 'fiba_world_cup': 0.0, 'ID': 25}","[{'table_name': 'player', 'columns': [{'name': 'id', 'type': 'INTEGER', 'primary_key': True}, {'name': 'name', 'type': 'TEXT'}, {'name': 'draft_year', 'type': 'REAL'}, {'name': 'college', 'type': 'TEXT'}, {'name': 'position', 'type': 'TEXT'}]}, {'table_name': 'team', 'columns': [{'name': 'id', 'type': 'INTEGER', 'primary_key': True}, {'name': 'name', 'type': 'TEXT'}]}, {'table_name': 'achievement', 'columns': [{'name': 'id', 'type': 'INTEGER', 'primary_key': True}, {'name': 'player_id', 'type': 'INTEGER', 'foreign_key': True, 'foreign_key_table': 'player', 'foreign_key_column': 'id'}, {'name': 'nba_championships', 'type': 'BOOLEAN'}, {'name': 'mvp_awards', 'type': 'BOOLEAN'}, {'name': 'olympic_gold_medals', 'type': 'BOOLEAN'}]}, {'table_name': 'draft', 'columns': [{'name': 'id', 'type': 'INTEGER', 'primary_key': True}, {'name': 'player_id', 'type': 'INTEGER', 'foreign_key': True, 'foreign_key_table': 'player', 'foreign_key_column': 'id'}, {'name': 'year', 'type': 'INTEGER'}]}]",Player
Player_25,[],"{'name': 'Lavoy Allen  ', 'birth_date': '1989/2/4', 'nationality': 'American  ', 'age': 36, 'team': 'Philadelphia 76ers  ', 'position': nan, 'draft_pick': 50.0, 'draft_year': 2011.0, 'college': 'Temple University  ', 'nba_championships': 0.0, 'mvp_awards': 0, 'olympic_gold_medals': 0.0, 'fiba_world_cup': 0.0, 'ID': 26}","[{'table_name': 'player', 'columns': [{'name': 'id', 'type': 'INTEGER', 'primary_key': True}, {'name': 'name', 'type': 'TEXT'}, {'name': 'draft_year', 'type': 'REAL'}, {'name': 'college', 'type': 'TEXT'}, {'name': 'position', 'type': 'TEXT'}]}, {'table_name': 'team', 'columns': [{'name': 'id', 'type': 'INTEGER', 'primary_key': True}, {'name': 'name', 'type': 'TEXT'}]}, {'table_name': 'achievement', 'columns': [{'name': 'id', 'type': 'INTEGER', 'primary_key': True}, {'name': 'player_id', 'type': 'INTEGER', 'foreign_key': True, 'foreign_key_table': 'player', 'foreign_key_column': 'id'}, {'name': 'nba_championships', 'type': 'BOOLEAN'}, {'name': 'mvp_awards', 'type': 'BOOLEAN'}, {'name': 'olympic_gold_medals', 'type': 'BOOLEAN'}]}, {'table_name': 'draft', 'columns': [{'name': 'id', 'type': 'INTEGER', 'primary_key': True}, {'name': 'player_id', 'type': 'INTEGER', 'foreign_key': True, 'foreign_key_table': 'player', 'foreign_key_column': 'id'}, {'name': 'year', 'type': 'INTEGER'}]}]",Player
Player_26,[],"{'name': 'Ed Dahler Edward Dahler Jr.', 'birth_date': '1926/1/31', 'nationality': 'American', 'age': 99, 'team': 'Philadelphia Warriors', 'position': nan, 'draft_pick': 14.0, 'draft_year': 1950.0, 'college': 'Duquesne', 'nba_championships': 0.0, 'mvp_awards': 0, 'olympic_gold_medals': 0.0, 'fiba_world_cup': 0.0, 'ID': 27}","[{'table_name': 'player', 'columns': [{'name': 'id', 'type': 'INTEGER', 'primary_key': True}, {'name': 'name', 'type': 'TEXT'}, {'name': 'draft_year', 'type': 'REAL'}, {'name': 'college', 'type': 'TEXT'}, {'name': 'position', 'type': 'TEXT'}]}, {'table_name': 'team', 'columns': [{'name': 'id', 'type': 'INTEGER', 'primary_key': True}, {'name': 'name', 'type': 'TEXT'}]}, {'table_name': 'achievement', 'columns': [{'name': 'id', 'type': 'INTEGER', 'primary_key': True}, {'name': 'player_id', 'type': 'INTEGER', 'foreign_key': True, 'foreign_key_table': 'player', 'foreign_key_column': 'id'}, {'name': 'nba_championships', 'type': 'BOOLEAN'}, {'name': 'mvp_awards', 'type': 'BOOLEAN'}, {'name': 'olympic_gold_medals', 'type': 'BOOLEAN'}]}, {'table_name': 'draft', 'columns': [{'name': 'id', 'type': 'INTEGER', 'primary_key': True}, {'name': 'player_id', 'type': 'INTEGER', 'foreign_key': True, 'foreign_key_table': 'player', 'foreign_key_column': 'id'}, {'name': 'year', 'type': 'INTEGER'}]}]",Player
Player_27,[],"{'name': 'Magic Johnson  ', 'birth_date': '1959/8/14', 'nationality': 'American  ', 'age': 66, 'team': 'Los Angeles Lakers', 'position': 'Backcourt', 'draft_pick': 1.0, 'draft_year': 1979.0, 'college': 'Michigan State  ', 'nba_championships': 5.0, 'mvp_awards': 3, 'olympic_gold_medals': 1.0, 'fiba_world_cup': 0.0, 'ID': 28}","[{'table_name': 'player', 'columns': [{'name': 'id', 'type': 'INTEGER', 'primary_key': True}, {'name': 'name', 'type': 'TEXT'}, {'name': 'draft_year', 'type': 'REAL'}, {'name': 'college', 'type': 'TEXT'}, {'name': 'position', 'type': 'TEXT'}]}, {'table_name': 'team', 'columns': [{'name': 'id', 'type': 'INTEGER', 'primary_key': True}, {'name': 'name', 'type': 'TEXT'}]}, {'table_name': 'achievement', 'columns': [{'name': 'id', 'type': 'INTEGER', 'primary_key': True}, {'name': 'player_id', 'type': 'INTEGER', 'foreign_key': True, 'foreign_key_table': 'player', 'foreign_key_column': 'id'}, {'name': 'nba_championships', 'type': 'BOOLEAN'}, {'name': 'mvp_awards', 'type': 'BOOLEAN'}, {'name': 'olympic_gold_medals', 'type': 'BOOLEAN'}]}, {'table_name': 'draft', 'columns': [{'name': 'id', 'type': 'INTEGER', 'primary_key': True}, {'name': 'player_id', 'type': 'INTEGER', 'foreign_key': True, 'foreign_key_table': 'player', 'foreign_key_column': 'id'}, {'name': 'year', 'type': 'INTEGER'}]}]",Player
Player_28,[],"{'name': 'Stanley M. Noszka  ', 'birth_date': '1920/9/19', 'nationality': ' ', 'age': 105, 'team': ' Boston Celtics', 'position': nan, 'draft_pick': 0.0, 'draft_year': 0.0, 'college': ' ', 'nba_championships': 0.0, 'mvp_awards': 0, 'olympic_gold_medals': 0.0, 'fiba_world_cup': 0.0, 'ID': 29}","[{'table_name': 'player', 'columns': [{'name': 'id', 'type': 'INTEGER', 'primary_key': True}, {'name': 'name', 'type': 'TEXT'}, {'name': 'draft_year', 'type': 'REAL'}, {'name': 'college', 'type': 'TEXT'}, {'name': 'position', 'type': 'TEXT'}]}, {'table_name': 'team', 'columns': [{'name': 'id', 'type': 'INTEGER', 'primary_key': True}, {'name': 'name', 'type': 'TEXT'}]}, {'table_name': 'achievement', 'columns': [{'name': 'id', 'type': 'INTEGER', 'primary_key': True}, {'name': 'player_id', 'type': 'INTEGER', 'foreign_key': True, 'foreign_key_table': 'player', 'foreign_key_column': 'id'}, {'name': 'nba_championships', 'type': 'BOOLEAN'}, {'name': 'mvp_awards', 'type': 'BOOLEAN'}, {'name': 'olympic_gold_medals', 'type': 'BOOLEAN'}]}, {'table_name': 'draft', 'columns': [{'name': 'id', 'type': 'INTEGER', 'primary_key': True}, {'name': 'player_id', 'type': 'INTEGER', 'foreign_key': True, 'foreign_key_table': 'player', 'foreign_key_column': 'id'}, {'name': 'year', 'type': 'INTEGER'}]}]",Player
Player_29,[],"{'name': 'Isiah Thomas  ', 'birth_date': '1961/4/30', 'nationality': 'American  ', 'age': 64, 'team': 'Detroit Pistons  ', 'position': 'Backcourt', 'draft_pick': 2.0, 'draft_year': 1981.0, 'college': 'Indiana Hoosiers  ', 'nba_championships': 2.0, 'mvp_awards': 1, 'olympic_gold_medals': 0.0, 'fiba_world_cup': 0.0, 'ID': 30}","[{'table_name': 'player', 'columns': [{'name': 'id', 'type': 'INTEGER', 'primary_key': True}, {'name': 'name', 'type': 'TEXT'}, {'name': 'draft_year', 'type': 'REAL'}, {'name': 'college', 'type': 'TEXT'}, {'name': 'position', 'type': 'TEXT'}]}, {'table_name': 'team', 'columns': [{'name': 'id', 'type': 'INTEGER', 'primary_key': True}, {'name': 'name', 'type': 'TEXT'}]}, {'table_name': 'achievement', 'columns': [{'name': 'id', 'type': 'INTEGER', 'primary_key': True}, {'name': 'player_id', 'type': 'INTEGER', 'foreign_key': True, 'foreign_key_table': 'player', 'foreign_key_column': 'id'}, {'name': 'nba_championships', 'type': 'BOOLEAN'}, {'name': 'mvp_awards', 'type': 'BOOLEAN'}, {'name': 'olympic_gold_medals', 'type': 'BOOLEAN'}]}, {'table_name': 'draft', 'columns': [{'name': 'id', 'type': 'INTEGER', 'primary_key': True}, {'name': 'player_id', 'type': 'INTEGER', 'foreign_key': True, 'foreign_key_table': 'player', 'foreign_key_column': 'id'}, {'name': 'year', 'type': 'INTEGER'}]}]",Player
Player_30,[],"{'name': 'Dan Anderson', 'birth_date': '1951/1/1', 'nationality': 'American', 'age': 74, 'team': 'Portland Trail Blazers', 'position': nan, 'draft_pick': 2.0, 'draft_year': 1974.0, 'college': nan, 'nba_championships': 0.0, 'mvp_awards': 0, 'olympic_gold_medals': 0.0, 'fiba_world_cup': 0.0, 'ID': 31}","[{'table_name': 'player', 'columns': [{'name': 'id', 'type': 'INTEGER', 'primary_key': True}, {'name': 'name', 'type': 'TEXT'}, {'name': 'draft_year', 'type': 'REAL'}, {'name': 'college', 'type': 'TEXT'}, {'name': 'position', 'type': 'TEXT'}]}, {'table_name': 'team', 'columns': [{'name': 'id', 'type': 'INTEGER', 'primary_key': True}, {'name': 'name', 'type': 'TEXT'}]}, {'table_name': 'achievement', 'columns': [{'name': 'id', 'type': 'INTEGER', 'primary_key': True}, {'name': 'player_id', 'type': 'INTEGER', 'foreign_key': True, 'foreign_key_table': 'player', 'foreign_key_column': 'id'}, {'name': 'nba_championships', 'type': 'BOOLEAN'}, {'name': 'mvp_awards', 'type': 'BOOLEAN'}, {'name': 'olympic_gold_medals', 'type': 'BOOLEAN'}]}, {'table_name': 'draft', 'columns': [{'name': 'id', 'type': 'INTEGER', 'primary_key': True}, {'name': 'player_id', 'type': 'INTEGER', 'foreign_key': True, 'foreign_key_table': 'player', 'foreign_key_column': 'id'}, {'name': 'year', 'type': 'INTEGER'}]}]",Player
Player_31,[],"{'name': 'Jahlil Okafor', 'birth_date': '1995/12/15', 'nationality': 'Nigerian-American', 'age': 30, 'team': 'Capitanes de Arecibo', 'position': nan, 'draft_pick': 3.0, 'draft_year': 2015.0, 'college': 'Duke', 'nba_championships': 1.0, 'mvp_awards': 0, 'olympic_gold_medals': 0.0, 'fiba_world_cup': 1.0, 'ID': 32}","[{'table_name': 'player', 'columns': [{'name': 'id', 'type': 'INTEGER', 'primary_key': True}, {'name': 'name', 'type': 'TEXT'}, {'name': 'draft_year', 'type': 'REAL'}, {'name': 'college', 'type': 'TEXT'}, {'name': 'position', 'type': 'TEXT'}]}, {'table_name': 'team', 'columns': [{'name': 'id', 'type': 'INTEGER', 'primary_key': True}, {'name': 'name', 'type': 'TEXT'}]}, {'table_name': 'achievement', 'columns': [{'name': 'id', 'type': 'INTEGER', 'primary_key': True}, {'name': 'player_id', 'type': 'INTEGER', 'foreign_key': True, 'foreign_key_table': 'player', 'foreign_key_column': 'id'}, {'name': 'nba_championships', 'type': 'BOOLEAN'}, {'name': 'mvp_awards', 'type': 'BOOLEAN'}, {'name': 'olympic_gold_medals', 'type': 'BOOLEAN'}]}, {'table_name': 'draft', 'columns': [{'name': 'id', 'type': 'INTEGER', 'primary_key': True}, {'name': 'player_id', 'type': 'INTEGER', 'foreign_key': True, 'foreign_key_table': 'player', 'foreign_key_column': 'id'}, {'name': 'year', 'type': 'INTEGER'}]}]",Player
Player_32,[],"{'name': 'Trent Tucker  ', 'birth_date': '1959/12/20', 'nationality': 'American  ', 'age': 65, 'team': 'Chicago Bulls  ', 'position': 'Backcourt', 'draft_pick': 6.0, 'draft_year': 1982.0, 'college': 'University of Minnesota  ', 'nba_championships': 1.0, 'mvp_awards': 0, 'olympic_gold_medals': 0.0, 'fiba_world_cup': 0.0, 'ID': 33}","[{'table_name': 'player', 'columns': [{'name': 'id', 'type': 'INTEGER', 'primary_key': True}, {'name': 'name', 'type': 'TEXT'}, {'name': 'draft_year', 'type': 'REAL'}, {'name': 'college', 'type': 'TEXT'}, {'name': 'position', 'type': 'TEXT'}]}, {'table_name': 'team', 'columns': [{'name': 'id', 'type': 'INTEGER', 'primary_key': True}, {'name': 'name', 'type': 'TEXT'}]}, {'table_name': 'achievement', 'columns': [{'name': 'id', 'type': 'INTEGER', 'primary_key': True}, {'name': 'player_id', 'type': 'INTEGER', 'foreign_key': True, 'foreign_key_table': 'player', 'foreign_key_column': 'id'}, {'name': 'nba_championships', 'type': 'BOOLEAN'}, {'name': 'mvp_awards', 'type': 'BOOLEAN'}, {'name': 'olympic_gold_medals', 'type': 'BOOLEAN'}]}, {'table_name': 'draft', 'columns': [{'name': 'id', 'type': 'INTEGER', 'primary_key': True}, {'name': 'player_id', 'type': 'INTEGER', 'foreign_key': True, 'foreign_key_table': 'player', 'foreign_key_column': 'id'}, {'name': 'year', 'type': 'INTEGER'}]}]",Player
Player_33,[],"{'name': 'Dwayne Kenneth Schintzius  ', 'birth_date': '1968/10/14', 'nationality': 'American  ', 'age': 57, 'team': ' Brevard Blue Ducks', 'position': 'Frontcourt', 'draft_pick': 24.0, 'draft_year': 1990.0, 'college': 'University of Florida  ', 'nba_championships': 0.0, 'mvp_awards': 0, 'olympic_gold_medals': 0.0, 'fiba_world_cup': 0.0, 'ID': 34}","[{'table_name': 'player', 'columns': [{'name': 'id', 'type': 'INTEGER', 'primary_key': True}, {'name': 'name', 'type': 'TEXT'}, {'name': 'draft_year', 'type': 'REAL'}, {'name': 'college', 'type': 'TEXT'}, {'name': 'position', 'type': 'TEXT'}]}, {'table_name': 'team', 'columns': [{'name': 'id', 'type': 'INTEGER', 'primary_key': True}, {'name': 'name', 'type': 'TEXT'}]}, {'table_name': 'achievement', 'columns': [{'name': 'id', 'type': 'INTEGER', 'primary_key': True}, {'name': 'player_id', 'type': 'INTEGER', 'foreign_key': True, 'foreign_key_table': 'player', 'foreign_key_column': 'id'}, {'name': 'nba_championships', 'type': 'BOOLEAN'}, {'name': 'mvp_awards', 'type': 'BOOLEAN'}, {'name': 'olympic_gold_medals', 'type': 'BOOLEAN'}]}, {'table_name': 'draft', 'columns': [{'name': 'id', 'type': 'INTEGER', 'primary_key': True}, {'name': 'player_id', 'type': 'INTEGER', 'foreign_key': True, 'foreign_key_table': 'player', 'foreign_key_column': 'id'}, {'name': 'year', 'type': 'INTEGER'}]}]",Player
Player_34,[],"{'name': 'Miles Julian Simon  ', 'birth_date': '1975/11/21', 'nationality': 'American  ', 'age': 49, 'team': 'Phoenix Suns  ', 'position': 'Backcourt', 'draft_pick': 0.0, 'draft_year': 0.0, 'college': 'University of Arizona  ', 'nba_championships': 1.0, 'mvp_awards': 0, 'olympic_gold_medals': 0.0, 'fiba_world_cup': 0.0, 'ID': 35}","[{'table_name': 'player', 'columns': [{'name': 'id', 'type': 'INTEGER', 'primary_key': True}, {'name': 'name', 'type': 'TEXT'}, {'name': 'draft_year', 'type': 'REAL'}, {'name': 'college', 'type': 'TEXT'}, {'name': 'position', 'type': 'TEXT'}]}, {'table_name': 'team', 'columns': [{'name': 'id', 'type': 'INTEGER', 'primary_key': True}, {'name': 'name', 'type': 'TEXT'}]}, {'table_name': 'achievement', 'columns': [{'name': 'id', 'type': 'INTEGER', 'primary_key': True}, {'name': 'player_id', 'type': 'INTEGER', 'foreign_key': True, 'foreign_key_table': 'player', 'foreign_key_column': 'id'}, {'name': 'nba_championships', 'type': 'BOOLEAN'}, {'name': 'mvp_awards', 'type': 'BOOLEAN'}, {'name': 'olympic_gold_medals', 'type': 'BOOLEAN'}]}, {'table_name': 'draft', 'columns': [{'name': 'id', 'type': 'INTEGER', 'primary_key': True}, {'name': 'player_id', 'type': 'INTEGER', 'foreign_key': True, 'foreign_key_table': 'player', 'foreign_key_column': 'id'}, {'name': 'year', 'type': 'INTEGER'}]}]",Player
Player_35,[],"{'name': 'Guy William Rodgers  ', 'birth_date': '1935/9/1', 'nationality': 'American  ', 'age': 90, 'team': 'Milwaukee Bucks  ', 'position': nan, 'draft_pick': 1.0, 'draft_year': 1958.0, 'college': 'Temple University  ', 'nba_championships': 0.0, 'mvp_awards': 0, 'olympic_gold_medals': 0.0, 'fiba_world_cup': 0.0, 'ID': 36}","[{'table_name': 'player', 'columns': [{'name': 'id', 'type': 'INTEGER', 'primary_key': True}, {'name': 'name', 'type': 'TEXT'}, {'name': 'draft_year', 'type': 'REAL'}, {'name': 'college', 'type': 'TEXT'}, {'name': 'position', 'type': 'TEXT'}]}, {'table_name': 'team', 'columns': [{'name': 'id', 'type': 'INTEGER', 'primary_key': True}, {'name': 'name', 'type': 'TEXT'}]}, {'table_name': 'achievement', 'columns': [{'name': 'id', 'type': 'INTEGER', 'primary_key': True}, {'name': 'player_id', 'type': 'INTEGER', 'foreign_key': True, 'foreign_key_table': 'player', 'foreign_key_column': 'id'}, {'name': 'nba_championships', 'type': 'BOOLEAN'}, {'name': 'mvp_awards', 'type': 'BOOLEAN'}, {'name': 'olympic_gold_medals', 'type': 'BOOLEAN'}]}, {'table_name': 'draft', 'columns': [{'name': 'id', 'type': 'INTEGER', 'primary_key': True}, {'name': 'player_id', 'type': 'INTEGER', 'foreign_key': True, 'foreign_key_table': 'player', 'foreign_key_column': 'id'}, {'name': 'year', 'type': 'INTEGER'}]}]",Player
Player_36,[],"{'name': 'Vernon Maxwell', 'birth_date': '1965/9/12', 'nationality': 'American', 'age': 60, 'team': 'Dallas Mavericks', 'position': 'Backcourt', 'draft_pick': 2.0, 'draft_year': 1988.0, 'college': 'University of Florida', 'nba_championships': 2.0, 'mvp_awards': 0, 'olympic_gold_medals': 0.0, 'fiba_world_cup': 0.0, 'ID': 37}","[{'table_name': 'player', 'columns': [{'name': 'id', 'type': 'INTEGER', 'primary_key': True}, {'name': 'name', 'type': 'TEXT'}, {'name': 'draft_year', 'type': 'REAL'}, {'name': 'college', 'type': 'TEXT'}, {'name': 'position', 'type': 'TEXT'}]}, {'table_name': 'team', 'columns': [{'name': 'id', 'type': 'INTEGER', 'primary_key': True}, {'name': 'name', 'type': 'TEXT'}]}, {'table_name': 'achievement', 'columns': [{'name': 'id', 'type': 'INTEGER', 'primary_key': True}, {'name': 'player_id', 'type': 'INTEGER', 'foreign_key': True, 'foreign_key_table': 'player', 'foreign_key_column': 'id'}, {'name': 'nba_championships', 'type': 'BOOLEAN'}, {'name': 'mvp_awards', 'type': 'BOOLEAN'}, {'name': 'olympic_gold_medals', 'type': 'BOOLEAN'}]}, {'table_name': 'draft', 'columns': [{'name': 'id', 'type': 'INTEGER', 'primary_key': True}, {'name': 'player_id', 'type': 'INTEGER', 'foreign_key': True, 'foreign_key_table': 'player', 'foreign_key_column': 'id'}, {'name': 'year', 'type': 'INTEGER'}]}]",Player
Player_37,[],"{'name': 'Tim Duncan', 'birth_date': '1976/4/25', 'nationality': 'American', 'age': 50, 'team': 'San Antonio Spurs', 'position': 'Frontcourt', 'draft_pick': 1.0, 'draft_year': 1997.0, 'college': 'Wake Forest University', 'nba_championships': 5.0, 'mvp_awards': 2, 'olympic_gold_medals': 0.0, 'fiba_world_cup': 0.0, 'ID': 38}","[{'table_name': 'player', 'columns': [{'name': 'id', 'type': 'INTEGER', 'primary_key': True}, {'name': 'name', 'type': 'TEXT'}, {'name': 'draft_year', 'type': 'REAL'}, {'name': 'college', 'type': 'TEXT'}, {'name': 'position', 'type': 'TEXT'}]}, {'table_name': 'team', 'columns': [{'name': 'id', 'type': 'INTEGER', 'primary_key': True}, {'name': 'name', 'type': 'TEXT'}]}, {'table_name': 'achievement', 'columns': [{'name': 'id', 'type': 'INTEGER', 'primary_key': True}, {'name': 'player_id', 'type': 'INTEGER', 'foreign_key': True, 'foreign_key_table': 'player', 'foreign_key_column': 'id'}, {'name': 'nba_championships', 'type': 'BOOLEAN'}, {'name': 'mvp_awards', 'type': 'BOOLEAN'}, {'name': 'olympic_gold_medals', 'type': 'BOOLEAN'}]}, {'table_name': 'draft', 'columns': [{'name': 'id', 'type': 'INTEGER', 'primary_key': True}, {'name': 'player_id', 'type': 'INTEGER', 'foreign_key': True, 'foreign_key_table': 'player', 'foreign_key_column': 'id'}, {'name': 'year', 'type': 'INTEGER'}]}]",Player
Player_38,[],"{'name': 'Walter Berry ', 'birth_date': '1964/5/14', 'nationality': 'American  ', 'age': 61, 'team': ' Panteras de Miranda', 'position': 'Frontcourt', 'draft_pick': 14.0, 'draft_year': 1986.0, 'college': ""St. John's University  "", 'nba_championships': 0.0, 'mvp_awards': 0, 'olympic_gold_medals': 0.0, 'fiba_world_cup': 0.0, 'ID': 39}","[{'table_name': 'player', 'columns': [{'name': 'id', 'type': 'INTEGER', 'primary_key': True}, {'name': 'name', 'type': 'TEXT'}, {'name': 'draft_year', 'type': 'REAL'}, {'name': 'college', 'type': 'TEXT'}, {'name': 'position', 'type': 'TEXT'}]}, {'table_name': 'team', 'columns': [{'name': 'id', 'type': 'INTEGER', 'primary_key': True}, {'name': 'name', 'type': 'TEXT'}]}, {'table_name': 'achievement', 'columns': [{'name': 'id', 'type': 'INTEGER', 'primary_key': True}, {'name': 'player_id', 'type': 'INTEGER', 'foreign_key': True, 'foreign_key_table': 'player', 'foreign_key_column': 'id'}, {'name': 'nba_championships', 'type': 'BOOLEAN'}, {'name': 'mvp_awards', 'type': 'BOOLEAN'}, {'name': 'olympic_gold_medals', 'type': 'BOOLEAN'}]}, {'table_name': 'draft', 'columns': [{'name': 'id', 'type': 'INTEGER', 'primary_key': True}, {'name': 'player_id', 'type': 'INTEGER', 'foreign_key': True, 'foreign_key_table': 'player', 'foreign_key_column': 'id'}, {'name': 'year', 'type': 'INTEGER'}]}]",Player
Player_39,[],"{'name': 'James Patrick Walsh  ', 'birth_date': '1930/8/29', 'nationality': 'American  ', 'age': 95, 'team': 'Philadelphia Warriors  ', 'position': 'Frontcourt', 'draft_pick': 0.0, 'draft_year': 0.0, 'college': 'Stanford University  ', 'nba_championships': 0.0, 'mvp_awards': 0, 'olympic_gold_medals': 1.0, 'fiba_world_cup': 0.0, 'ID': 40}","[{'table_name': 'player', 'columns': [{'name': 'id', 'type': 'INTEGER', 'primary_key': True}, {'name': 'name', 'type': 'TEXT'}, {'name': 'draft_year', 'type': 'REAL'}, {'name': 'college', 'type': 'TEXT'}, {'name': 'position', 'type': 'TEXT'}]}, {'table_name': 'team', 'columns': [{'name': 'id', 'type': 'INTEGER', 'primary_key': True}, {'name': 'name', 'type': 'TEXT'}]}, {'table_name': 'achievement', 'columns': [{'name': 'id', 'type': 'INTEGER', 'primary_key': True}, {'name': 'player_id', 'type': 'INTEGER', 'foreign_key': True, 'foreign_key_table': 'player', 'foreign_key_column': 'id'}, {'name': 'nba_championships', 'type': 'BOOLEAN'}, {'name': 'mvp_awards', 'type': 'BOOLEAN'}, {'name': 'olympic_gold_medals', 'type': 'BOOLEAN'}]}, {'table_name': 'draft', 'columns': [{'name': 'id', 'type': 'INTEGER', 'primary_key': True}, {'name': 'player_id', 'type': 'INTEGER', 'foreign_key': True, 'foreign_key_table': 'player', 'foreign_key_column': 'id'}, {'name': 'year', 'type': 'INTEGER'}]}]",Player
Player_40,[],"{'name': 'Tony Lorenzo Delk  ', 'birth_date': '1974/1/28', 'nationality': 'American  ', 'age': 51, 'team': 'New Mexico State', 'position': nan, 'draft_pick': 16.0, 'draft_year': 1996.0, 'college': 'Kentucky  ', 'nba_championships': 0.0, 'mvp_awards': 0, 'olympic_gold_medals': 0.0, 'fiba_world_cup': 0.0, 'ID': 41}","[{'table_name': 'player', 'columns': [{'name': 'id', 'type': 'INTEGER', 'primary_key': True}, {'name': 'name', 'type': 'TEXT'}, {'name': 'draft_year', 'type': 'REAL'}, {'name': 'college', 'type': 'TEXT'}, {'name': 'position', 'type': 'TEXT'}]}, {'table_name': 'team', 'columns': [{'name': 'id', 'type': 'INTEGER', 'primary_key': True}, {'name': 'name', 'type': 'TEXT'}]}, {'table_name': 'achievement', 'columns': [{'name': 'id', 'type': 'INTEGER', 'primary_key': True}, {'name': 'player_id', 'type': 'INTEGER', 'foreign_key': True, 'foreign_key_table': 'player', 'foreign_key_column': 'id'}, {'name': 'nba_championships', 'type': 'BOOLEAN'}, {'name': 'mvp_awards', 'type': 'BOOLEAN'}, {'name': 'olympic_gold_medals', 'type': 'BOOLEAN'}]}, {'table_name': 'draft', 'columns': [{'name': 'id', 'type': 'INTEGER', 'primary_key': True}, {'name': 'player_id', 'type': 'INTEGER', 'foreign_key': True, 'foreign_key_table': 'player', 'foreign_key_column': 'id'}, {'name': 'year', 'type': 'INTEGER'}]}]",Player
Player_41,[],"{'name': 'Calvin Ramsey  ', 'birth_date': '1937/7/13', 'nationality': 'American  ', 'age': 88, 'team': 'New York Knicks  ', 'position': 'Frontcourt', 'draft_pick': 13.0, 'draft_year': 1959.0, 'college': 'NYU  ', 'nba_championships': 0.0, 'mvp_awards': 0, 'olympic_gold_medals': 0.0, 'fiba_world_cup': 0.0, 'ID': 42}","[{'table_name': 'player', 'columns': [{'name': 'id', 'type': 'INTEGER', 'primary_key': True}, {'name': 'name', 'type': 'TEXT'}, {'name': 'draft_year', 'type': 'REAL'}, {'name': 'college', 'type': 'TEXT'}, {'name': 'position', 'type': 'TEXT'}]}, {'table_name': 'team', 'columns': [{'name': 'id', 'type': 'INTEGER', 'primary_key': True}, {'name': 'name', 'type': 'TEXT'}]}, {'table_name': 'achievement', 'columns': [{'name': 'id', 'type': 'INTEGER', 'primary_key': True}, {'name': 'player_id', 'type': 'INTEGER', 'foreign_key': True, 'foreign_key_table': 'player', 'foreign_key_column': 'id'}, {'name': 'nba_championships', 'type': 'BOOLEAN'}, {'name': 'mvp_awards', 'type': 'BOOLEAN'}, {'name': 'olympic_gold_medals', 'type': 'BOOLEAN'}]}, {'table_name': 'draft', 'columns': [{'name': 'id', 'type': 'INTEGER', 'primary_key': True}, {'name': 'player_id', 'type': 'INTEGER', 'foreign_key': True, 'foreign_key_table': 'player', 'foreign_key_column': 'id'}, {'name': 'year', 'type': 'INTEGER'}]}]",Player
Player_42,[],"{'name': 'Gene Dyker Eugene Walter Dyker  ', 'birth_date': '1930/2/17', 'nationality': 'American  ', 'age': 95, 'team': 'Milwaukee Hawks  ', 'position': 'Frontcourt', 'draft_pick': 0.0, 'draft_year': 1953.0, 'college': '  ', 'nba_championships': 0.0, 'mvp_awards': 0, 'olympic_gold_medals': 0.0, 'fiba_world_cup': 0.0, 'ID': 43}","[{'table_name': 'player', 'columns': [{'name': 'id', 'type': 'INTEGER', 'primary_key': True}, {'name': 'name', 'type': 'TEXT'}, {'name': 'draft_year', 'type': 'REAL'}, {'name': 'college', 'type': 'TEXT'}, {'name': 'position', 'type': 'TEXT'}]}, {'table_name': 'team', 'columns': [{'name': 'id', 'type': 'INTEGER', 'primary_key': True}, {'name': 'name', 'type': 'TEXT'}]}, {'table_name': 'achievement', 'columns': [{'name': 'id', 'type': 'INTEGER', 'primary_key': True}, {'name': 'player_id', 'type': 'INTEGER', 'foreign_key': True, 'foreign_key_table': 'player', 'foreign_key_column': 'id'}, {'name': 'nba_championships', 'type': 'BOOLEAN'}, {'name': 'mvp_awards', 'type': 'BOOLEAN'}, {'name': 'olympic_gold_medals', 'type': 'BOOLEAN'}]}, {'table_name': 'draft', 'columns': [{'name': 'id', 'type': 'INTEGER', 'primary_key': True}, {'name': 'player_id', 'type': 'INTEGER', 'foreign_key': True, 'foreign_key_table': 'player', 'foreign_key_column': 'id'}, {'name': 'year', 'type': 'INTEGER'}]}]",Player
Player_43,[],"{'name': 'Derrick Chievous  ', 'birth_date': '1967/7/3', 'nationality': 'American  ', 'age': 58, 'team': 'Cleveland Cavaliers  ', 'position': 'Frontcourt', 'draft_pick': 16.0, 'draft_year': 1988.0, 'college': 'University of Missouri  ', 'nba_championships': 0.0, 'mvp_awards': 0, 'olympic_gold_medals': 0.0, 'fiba_world_cup': 0.0, 'ID': 44}","[{'table_name': 'player', 'columns': [{'name': 'id', 'type': 'INTEGER', 'primary_key': True}, {'name': 'name', 'type': 'TEXT'}, {'name': 'draft_year', 'type': 'REAL'}, {'name': 'college', 'type': 'TEXT'}, {'name': 'position', 'type': 'TEXT'}]}, {'table_name': 'team', 'columns': [{'name': 'id', 'type': 'INTEGER', 'primary_key': True}, {'name': 'name', 'type': 'TEXT'}]}, {'table_name': 'achievement', 'columns': [{'name': 'id', 'type': 'INTEGER', 'primary_key': True}, {'name': 'player_id', 'type': 'INTEGER', 'foreign_key': True, 'foreign_key_table': 'player', 'foreign_key_column': 'id'}, {'name': 'nba_championships', 'type': 'BOOLEAN'}, {'name': 'mvp_awards', 'type': 'BOOLEAN'}, {'name': 'olympic_gold_medals', 'type': 'BOOLEAN'}]}, {'table_name': 'draft', 'columns': [{'name': 'id', 'type': 'INTEGER', 'primary_key': True}, {'name': 'player_id', 'type': 'INTEGER', 'foreign_key': True, 'foreign_key_table': 'player', 'foreign_key_column': 'id'}, {'name': 'year', 'type': 'INTEGER'}]}]",Player
Player_44,[],"{'name': 'Rik Smits  ', 'birth_date': '1966/8/23', 'nationality': 'Dutch  ', 'age': 59, 'team': 'Indiana Pacers  ', 'position': 'Frontcourt', 'draft_pick': 2.0, 'draft_year': 1988.0, 'college': 'Marist College  ', 'nba_championships': 0.0, 'mvp_awards': 0, 'olympic_gold_medals': 0.0, 'fiba_world_cup': 1.0, 'ID': 45}","[{'table_name': 'player', 'columns': [{'name': 'id', 'type': 'INTEGER', 'primary_key': True}, {'name': 'name', 'type': 'TEXT'}, {'name': 'draft_year', 'type': 'REAL'}, {'name': 'college', 'type': 'TEXT'}, {'name': 'position', 'type': 'TEXT'}]}, {'table_name': 'team', 'columns': [{'name': 'id', 'type': 'INTEGER', 'primary_key': True}, {'name': 'name', 'type': 'TEXT'}]}, {'table_name': 'achievement', 'columns': [{'name': 'id', 'type': 'INTEGER', 'primary_key': True}, {'name': 'player_id', 'type': 'INTEGER', 'foreign_key': True, 'foreign_key_table': 'player', 'foreign_key_column': 'id'}, {'name': 'nba_championships', 'type': 'BOOLEAN'}, {'name': 'mvp_awards', 'type': 'BOOLEAN'}, {'name': 'olympic_gold_medals', 'type': 'BOOLEAN'}]}, {'table_name': 'draft', 'columns': [{'name': 'id', 'type': 'INTEGER', 'primary_key': True}, {'name': 'player_id', 'type': 'INTEGER', 'foreign_key': True, 'foreign_key_table': 'player', 'foreign_key_column': 'id'}, {'name': 'year', 'type': 'INTEGER'}]}]",Player
Player_45,[],"{'name': 'Anthony Edwards', 'birth_date': '2001/8/5', 'nationality': 'American', 'age': 24, 'team': 'Minnesota Timberwolves', 'position': 'Backcourt', 'draft_pick': 1.0, 'draft_year': 2020.0, 'college': 'Georgia', 'nba_championships': 0.0, 'mvp_awards': 0, 'olympic_gold_medals': 1.0, 'fiba_world_cup': 0.0, 'ID': 46}","[{'table_name': 'player', 'columns': [{'name': 'id', 'type': 'INTEGER', 'primary_key': True}, {'name': 'name', 'type': 'TEXT'}, {'name': 'draft_year', 'type': 'REAL'}, {'name': 'college', 'type': 'TEXT'}, {'name': 'position', 'type': 'TEXT'}]}, {'table_name': 'team', 'columns': [{'name': 'id', 'type': 'INTEGER', 'primary_key': True}, {'name': 'name', 'type': 'TEXT'}]}, {'table_name': 'achievement', 'columns': [{'name': 'id', 'type': 'INTEGER', 'primary_key': True}, {'name': 'player_id', 'type': 'INTEGER', 'foreign_key': True, 'foreign_key_table': 'player', 'foreign_key_column': 'id'}, {'name': 'nba_championships', 'type': 'BOOLEAN'}, {'name': 'mvp_awards', 'type': 'BOOLEAN'}, {'name': 'olympic_gold_medals', 'type': 'BOOLEAN'}]}, {'table_name': 'draft', 'columns': [{'name': 'id', 'type': 'INTEGER', 'primary_key': True}, {'name': 'player_id', 'type': 'INTEGER', 'foreign_key': True, 'foreign_key_table': 'player', 'foreign_key_column': 'id'}, {'name': 'year', 'type': 'INTEGER'}]}]",Player
Player_46,[],"{'name': 'Harry Junior ""The Horse"" Gallatin  ', 'birth_date': '1927/4/26', 'nationality': 'American  ', 'age': 98, 'team': 'Detroit Pistons  ', 'position': 'Frontcourt', 'draft_pick': 20.0, 'draft_year': 1949.0, 'college': ""Northeast Missouri State Teachers' College  "", 'nba_championships': 0.0, 'mvp_awards': 0, 'olympic_gold_medals': 0.0, 'fiba_world_cup': 0.0, 'ID': 47}","[{'table_name': 'player', 'columns': [{'name': 'id', 'type': 'INTEGER', 'primary_key': True}, {'name': 'name', 'type': 'TEXT'}, {'name': 'draft_year', 'type': 'REAL'}, {'name': 'college', 'type': 'TEXT'}, {'name': 'position', 'type': 'TEXT'}]}, {'table_name': 'team', 'columns': [{'name': 'id', 'type': 'INTEGER', 'primary_key': True}, {'name': 'name', 'type': 'TEXT'}]}, {'table_name': 'achievement', 'columns': [{'name': 'id', 'type': 'INTEGER', 'primary_key': True}, {'name': 'player_id', 'type': 'INTEGER', 'foreign_key': True, 'foreign_key_table': 'player', 'foreign_key_column': 'id'}, {'name': 'nba_championships', 'type': 'BOOLEAN'}, {'name': 'mvp_awards', 'type': 'BOOLEAN'}, {'name': 'olympic_gold_medals', 'type': 'BOOLEAN'}]}, {'table_name': 'draft', 'columns': [{'name': 'id', 'type': 'INTEGER', 'primary_key': True}, {'name': 'player_id', 'type': 'INTEGER', 'foreign_key': True, 'foreign_key_table': 'player', 'foreign_key_column': 'id'}, {'name': 'year', 'type': 'INTEGER'}]}]",Player
Player_47,[],"{'name': 'Jim Brasco  ', 'birth_date': '1931/2/3', 'nationality': 'American  ', 'age': 94, 'team': 'Milwaukee Hawks  ', 'position': nan, 'draft_pick': 1.0, 'draft_year': 1952.0, 'college': 'New York University  ', 'nba_championships': 0.0, 'mvp_awards': 0, 'olympic_gold_medals': 0.0, 'fiba_world_cup': 0.0, 'ID': 48}","[{'table_name': 'player', 'columns': [{'name': 'id', 'type': 'INTEGER', 'primary_key': True}, {'name': 'name', 'type': 'TEXT'}, {'name': 'draft_year', 'type': 'REAL'}, {'name': 'college', 'type': 'TEXT'}, {'name': 'position', 'type': 'TEXT'}]}, {'table_name': 'team', 'columns': [{'name': 'id', 'type': 'INTEGER', 'primary_key': True}, {'name': 'name', 'type': 'TEXT'}]}, {'table_name': 'achievement', 'columns': [{'name': 'id', 'type': 'INTEGER', 'primary_key': True}, {'name': 'player_id', 'type': 'INTEGER', 'foreign_key': True, 'foreign_key_table': 'player', 'foreign_key_column': 'id'}, {'name': 'nba_championships', 'type': 'BOOLEAN'}, {'name': 'mvp_awards', 'type': 'BOOLEAN'}, {'name': 'olympic_gold_medals', 'type': 'BOOLEAN'}]}, {'table_name': 'draft', 'columns': [{'name': 'id', 'type': 'INTEGER', 'primary_key': True}, {'name': 'player_id', 'type': 'INTEGER', 'foreign_key': True, 'foreign_key_table': 'player', 'foreign_key_column': 'id'}, {'name': 'year', 'type': 'INTEGER'}]}]",Player
Player_48,[],"{'name': 'Darnell Hillman  ', 'birth_date': '1949/8/29', 'nationality': 'American', 'age': 76, 'team': 'Golden State Warriors', 'position': 'Frontcourt', 'draft_pick': 8.0, 'draft_year': 1971.0, 'college': 'San Jose State University  ', 'nba_championships': 0.0, 'mvp_awards': 0, 'olympic_gold_medals': 0.0, 'fiba_world_cup': 1.0, 'ID': 49}","[{'table_name': 'player', 'columns': [{'name': 'id', 'type': 'INTEGER', 'primary_key': True}, {'name': 'name', 'type': 'TEXT'}, {'name': 'draft_year', 'type': 'REAL'}, {'name': 'college', 'type': 'TEXT'}, {'name': 'position', 'type': 'TEXT'}]}, {'table_name': 'team', 'columns': [{'name': 'id', 'type': 'INTEGER', 'primary_key': True}, {'name': 'name', 'type': 'TEXT'}]}, {'table_name': 'achievement', 'columns': [{'name': 'id', 'type': 'INTEGER', 'primary_key': True}, {'name': 'player_id', 'type': 'INTEGER', 'foreign_key': True, 'foreign_key_table': 'player', 'foreign_key_column': 'id'}, {'name': 'nba_championships', 'type': 'BOOLEAN'}, {'name': 'mvp_awards', 'type': 'BOOLEAN'}, {'name': 'olympic_gold_medals', 'type': 'BOOLEAN'}]}, {'table_name': 'draft', 'columns': [{'name': 'id', 'type': 'INTEGER', 'primary_key': True}, {'name': 'player_id', 'type': 'INTEGER', 'foreign_key': True, 'foreign_key_table': 'player', 'foreign_key_column': 'id'}, {'name': 'year', 'type': 'INTEGER'}]}]",Player
Player_49,[],"{'name': 'Larry Robinson', 'birth_date': '1951/6/2', 'nationality': 'Canadian', 'age': 74, 'team': 'Senior Consultant to Hockey Operations for the St. Louis Blues', 'position': 'Frontcourt', 'draft_pick': 0.0, 'draft_year': 0.0, 'college': nan, 'nba_championships': 0.0, 'mvp_awards': 0, 'olympic_gold_medals': 0.0, 'fiba_world_cup': 0.0, 'ID': 50}","[{'table_name': 'player', 'columns': [{'name': 'id', 'type': 'INTEGER', 'primary_key': True}, {'name': 'name', 'type': 'TEXT'}, {'name': 'draft_year', 'type': 'REAL'}, {'name': 'college', 'type': 'TEXT'}, {'name': 'position', 'type': 'TEXT'}]}, {'table_name': 'team', 'columns': [{'name': 'id', 'type': 'INTEGER', 'primary_key': True}, {'name': 'name', 'type': 'TEXT'}]}, {'table_name': 'achievement', 'columns': [{'name': 'id', 'type': 'INTEGER', 'primary_key': True}, {'name': 'player_id', 'type': 'INTEGER', 'foreign_key': True, 'foreign_key_table': 'player', 'foreign_key_column': 'id'}, {'name': 'nba_championships', 'type': 'BOOLEAN'}, {'name': 'mvp_awards', 'type': 'BOOLEAN'}, {'name': 'olympic_gold_medals', 'type': 'BOOLEAN'}]}, {'table_name': 'draft', 'columns': [{'name': 'id', 'type': 'INTEGER', 'primary_key': True}, {'name': 'player_id', 'type': 'INTEGER', 'foreign_key': True, 'foreign_key_table': 'player', 'foreign_key_column': 'id'}, {'name': 'year', 'type': 'INTEGER'}]}]",Player
Player_50,[],"{'name': 'Nicholas William Calathes ', 'birth_date': '1989/2/7', 'nationality': 'Greek-American  ', 'age': 36, 'team': 'AS Monaco  ', 'position': 'Backcourt', 'draft_pick': 35.0, 'draft_year': 2009.0, 'college': 'University of Florida  ', 'nba_championships': 0.0, 'mvp_awards': 0, 'olympic_gold_medals': 0.0, 'fiba_world_cup': 0.0, 'ID': 51}","[{'table_name': 'player', 'columns': [{'name': 'id', 'type': 'INTEGER', 'primary_key': True}, {'name': 'name', 'type': 'TEXT'}, {'name': 'draft_year', 'type': 'REAL'}, {'name': 'college', 'type': 'TEXT'}, {'name': 'position', 'type': 'TEXT'}]}, {'table_name': 'team', 'columns': [{'name': 'id', 'type': 'INTEGER', 'primary_key': True}, {'name': 'name', 'type': 'TEXT'}]}, {'table_name': 'achievement', 'columns': [{'name': 'id', 'type': 'INTEGER', 'primary_key': True}, {'name': 'player_id', 'type': 'INTEGER', 'foreign_key': True, 'foreign_key_table': 'player', 'foreign_key_column': 'id'}, {'name': 'nba_championships', 'type': 'BOOLEAN'}, {'name': 'mvp_awards', 'type': 'BOOLEAN'}, {'name': 'olympic_gold_medals', 'type': 'BOOLEAN'}]}, {'table_name': 'draft', 'columns': [{'name': 'id', 'type': 'INTEGER', 'primary_key': True}, {'name': 'player_id', 'type': 'INTEGER', 'foreign_key': True, 'foreign_key_table': 'player', 'foreign_key_column': 'id'}, {'name': 'year', 'type': 'INTEGER'}]}]",Player
Player_51,[],"{'name': 'Rod Derline  ', 'birth_date': '1952/3/11', 'nationality': ' ', 'age': 73, 'team': 'Seattle SuperSonics  ', 'position': 'Backcourt', 'draft_pick': 169.0, 'draft_year': 1974.0, 'college': 'Seattle University  ', 'nba_championships': 0.0, 'mvp_awards': 0, 'olympic_gold_medals': 0.0, 'fiba_world_cup': 0.0, 'ID': 52}","[{'table_name': 'player', 'columns': [{'name': 'id', 'type': 'INTEGER', 'primary_key': True}, {'name': 'name', 'type': 'TEXT'}, {'name': 'draft_year', 'type': 'REAL'}, {'name': 'college', 'type': 'TEXT'}, {'name': 'position', 'type': 'TEXT'}]}, {'table_name': 'team', 'columns': [{'name': 'id', 'type': 'INTEGER', 'primary_key': True}, {'name': 'name', 'type': 'TEXT'}]}, {'table_name': 'achievement', 'columns': [{'name': 'id', 'type': 'INTEGER', 'primary_key': True}, {'name': 'player_id', 'type': 'INTEGER', 'foreign_key': True, 'foreign_key_table': 'player', 'foreign_key_column': 'id'}, {'name': 'nba_championships', 'type': 'BOOLEAN'}, {'name': 'mvp_awards', 'type': 'BOOLEAN'}, {'name': 'olympic_gold_medals', 'type': 'BOOLEAN'}]}, {'table_name': 'draft', 'columns': [{'name': 'id', 'type': 'INTEGER', 'primary_key': True}, {'name': 'player_id', 'type': 'INTEGER', 'foreign_key': True, 'foreign_key_table': 'player', 'foreign_key_column': 'id'}, {'name': 'year', 'type': 'INTEGER'}]}]",Player
Player_52,[],"{'name': 'Kurt Thomas  ', 'birth_date': '1972/10/4', 'nationality': 'American  ', 'age': 53, 'team': ' New York Knicks', 'position': 'Frontcourt', 'draft_pick': 0.0, 'draft_year': 1995.0, 'college': 'Texas Christian University  ', 'nba_championships': 0.0, 'mvp_awards': 0, 'olympic_gold_medals': 0.0, 'fiba_world_cup': 0.0, 'ID': 53}","[{'table_name': 'player', 'columns': [{'name': 'id', 'type': 'INTEGER', 'primary_key': True}, {'name': 'name', 'type': 'TEXT'}, {'name': 'draft_year', 'type': 'REAL'}, {'name': 'college', 'type': 'TEXT'}, {'name': 'position', 'type': 'TEXT'}]}, {'table_name': 'team', 'columns': [{'name': 'id', 'type': 'INTEGER', 'primary_key': True}, {'name': 'name', 'type': 'TEXT'}]}, {'table_name': 'achievement', 'columns': [{'name': 'id', 'type': 'INTEGER', 'primary_key': True}, {'name': 'player_id', 'type': 'INTEGER', 'foreign_key': True, 'foreign_key_table': 'player', 'foreign_key_column': 'id'}, {'name': 'nba_championships', 'type': 'BOOLEAN'}, {'name': 'mvp_awards', 'type': 'BOOLEAN'}, {'name': 'olympic_gold_medals', 'type': 'BOOLEAN'}]}, {'table_name': 'draft', 'columns': [{'name': 'id', 'type': 'INTEGER', 'primary_key': True}, {'name': 'player_id', 'type': 'INTEGER', 'foreign_key': True, 'foreign_key_table': 'player', 'foreign_key_column': 'id'}, {'name': 'year', 'type': 'INTEGER'}]}]",Player
Player_53,[],"{'name': 'Kevin Wayne Durant', 'birth_date': '1988/9/29', 'nationality': 'American', 'age': 37, 'team': 'Phoenix Suns', 'position': 'Frontcourt', 'draft_pick': 2.0, 'draft_year': 2007.0, 'college': 'University of Texas at Austin', 'nba_championships': 2.0, 'mvp_awards': 1, 'olympic_gold_medals': 4.0, 'fiba_world_cup': 1.0, 'ID': 54}","[{'table_name': 'player', 'columns': [{'name': 'id', 'type': 'INTEGER', 'primary_key': True}, {'name': 'name', 'type': 'TEXT'}, {'name': 'draft_year', 'type': 'REAL'}, {'name': 'college', 'type': 'TEXT'}, {'name': 'position', 'type': 'TEXT'}]}, {'table_name': 'team', 'columns': [{'name': 'id', 'type': 'INTEGER', 'primary_key': True}, {'name': 'name', 'type': 'TEXT'}]}, {'table_name': 'achievement', 'columns': [{'name': 'id', 'type': 'INTEGER', 'primary_key': True}, {'name': 'player_id', 'type': 'INTEGER', 'foreign_key': True, 'foreign_key_table': 'player', 'foreign_key_column': 'id'}, {'name': 'nba_championships', 'type': 'BOOLEAN'}, {'name': 'mvp_awards', 'type': 'BOOLEAN'}, {'name': 'olympic_gold_medals', 'type': 'BOOLEAN'}]}, {'table_name': 'draft', 'columns': [{'name': 'id', 'type': 'INTEGER', 'primary_key': True}, {'name': 'player_id', 'type': 'INTEGER', 'foreign_key': True, 'foreign_key_table': 'player', 'foreign_key_column': 'id'}, {'name': 'year', 'type': 'INTEGER'}]}]",Player
Player_54,[],"{'name': 'Aaron Williams  ', 'birth_date': '1971/10/2', 'nationality': 'American  ', 'age': 54, 'team': ' Los Angeles Clippers', 'position': 'Frontcourt', 'draft_pick': 0.0, 'draft_year': 0.0, 'college': 'Xavier University  ', 'nba_championships': nan, 'mvp_awards': 0, 'olympic_gold_medals': nan, 'fiba_world_cup': nan, 'ID': 55}","[{'table_name': 'player', 'columns': [{'name': 'id', 'type': 'INTEGER', 'primary_key': True}, {'name': 'name', 'type': 'TEXT'}, {'name': 'draft_year', 'type': 'REAL'}, {'name': 'college', 'type': 'TEXT'}, {'name': 'position', 'type': 'TEXT'}]}, {'table_name': 'team', 'columns': [{'name': 'id', 'type': 'INTEGER', 'primary_key': True}, {'name': 'name', 'type': 'TEXT'}]}, {'table_name': 'achievement', 'columns': [{'name': 'id', 'type': 'INTEGER', 'primary_key': True}, {'name': 'player_id', 'type': 'INTEGER', 'foreign_key': True, 'foreign_key_table': 'player', 'foreign_key_column': 'id'}, {'name': 'nba_championships', 'type': 'BOOLEAN'}, {'name': 'mvp_awards', 'type': 'BOOLEAN'}, {'name': 'olympic_gold_medals', 'type': 'BOOLEAN'}]}, {'table_name': 'draft', 'columns': [{'name': 'id', 'type': 'INTEGER', 'primary_key': True}, {'name': 'player_id', 'type': 'INTEGER', 'foreign_key': True, 'foreign_key_table': 'player', 'foreign_key_column': 'id'}, {'name': 'year', 'type': 'INTEGER'}]}]",Player
Player_55,[],"{'name': 'Nathaniel Thomas Huffman  ', 'birth_date': '1975/4/2', 'nationality': 'American  ', 'age': 50, 'team': 'Toronto Raptors  ', 'position': nan, 'draft_pick': 0.0, 'draft_year': 0.0, 'college': 'Central Michigan University  ', 'nba_championships': 0.0, 'mvp_awards': 1, 'olympic_gold_medals': 0.0, 'fiba_world_cup': 1.0, 'ID': 56}","[{'table_name': 'player', 'columns': [{'name': 'id', 'type': 'INTEGER', 'primary_key': True}, {'name': 'name', 'type': 'TEXT'}, {'name': 'draft_year', 'type': 'REAL'}, {'name': 'college', 'type': 'TEXT'}, {'name': 'position', 'type': 'TEXT'}]}, {'table_name': 'team', 'columns': [{'name': 'id', 'type': 'INTEGER', 'primary_key': True}, {'name': 'name', 'type': 'TEXT'}]}, {'table_name': 'achievement', 'columns': [{'name': 'id', 'type': 'INTEGER', 'primary_key': True}, {'name': 'player_id', 'type': 'INTEGER', 'foreign_key': True, 'foreign_key_table': 'player', 'foreign_key_column': 'id'}, {'name': 'nba_championships', 'type': 'BOOLEAN'}, {'name': 'mvp_awards', 'type': 'BOOLEAN'}, {'name': 'olympic_gold_medals', 'type': 'BOOLEAN'}]}, {'table_name': 'draft', 'columns': [{'name': 'id', 'type': 'INTEGER', 'primary_key': True}, {'name': 'player_id', 'type': 'INTEGER', 'foreign_key': True, 'foreign_key_table': 'player', 'foreign_key_column': 'id'}, {'name': 'year', 'type': 'INTEGER'}]}]",Player
Player_56,[],"{'name': 'Fred Boyd  ', 'birth_date': '1950/6/13', 'nationality': 'American  ', 'age': 75, 'team': 'New Orleans Jazz  ', 'position': nan, 'draft_pick': 5.0, 'draft_year': 1972.0, 'college': 'Oregon State University  ', 'nba_championships': 0.0, 'mvp_awards': 0, 'olympic_gold_medals': 0.0, 'fiba_world_cup': 0.0, 'ID': 57}","[{'table_name': 'player', 'columns': [{'name': 'id', 'type': 'INTEGER', 'primary_key': True}, {'name': 'name', 'type': 'TEXT'}, {'name': 'draft_year', 'type': 'REAL'}, {'name': 'college', 'type': 'TEXT'}, {'name': 'position', 'type': 'TEXT'}]}, {'table_name': 'team', 'columns': [{'name': 'id', 'type': 'INTEGER', 'primary_key': True}, {'name': 'name', 'type': 'TEXT'}]}, {'table_name': 'achievement', 'columns': [{'name': 'id', 'type': 'INTEGER', 'primary_key': True}, {'name': 'player_id', 'type': 'INTEGER', 'foreign_key': True, 'foreign_key_table': 'player', 'foreign_key_column': 'id'}, {'name': 'nba_championships', 'type': 'BOOLEAN'}, {'name': 'mvp_awards', 'type': 'BOOLEAN'}, {'name': 'olympic_gold_medals', 'type': 'BOOLEAN'}]}, {'table_name': 'draft', 'columns': [{'name': 'id', 'type': 'INTEGER', 'primary_key': True}, {'name': 'player_id', 'type': 'INTEGER', 'foreign_key': True, 'foreign_key_table': 'player', 'foreign_key_column': 'id'}, {'name': 'year', 'type': 'INTEGER'}]}]",Player
Player_57,[],"{'name': 'William Bedford  ', 'birth_date': '1963/12/14', 'nationality': 'American  ', 'age': 61, 'team': ' Grand Rapids Hoops', 'position': 'Frontcourt', 'draft_pick': 6.0, 'draft_year': 1986.0, 'college': 'Memphis State University  ', 'nba_championships': 1.0, 'mvp_awards': 0, 'olympic_gold_medals': 0.0, 'fiba_world_cup': 0.0, 'ID': 58}","[{'table_name': 'player', 'columns': [{'name': 'id', 'type': 'INTEGER', 'primary_key': True}, {'name': 'name', 'type': 'TEXT'}, {'name': 'draft_year', 'type': 'REAL'}, {'name': 'college', 'type': 'TEXT'}, {'name': 'position', 'type': 'TEXT'}]}, {'table_name': 'team', 'columns': [{'name': 'id', 'type': 'INTEGER', 'primary_key': True}, {'name': 'name', 'type': 'TEXT'}]}, {'table_name': 'achievement', 'columns': [{'name': 'id', 'type': 'INTEGER', 'primary_key': True}, {'name': 'player_id', 'type': 'INTEGER', 'foreign_key': True, 'foreign_key_table': 'player', 'foreign_key_column': 'id'}, {'name': 'nba_championships', 'type': 'BOOLEAN'}, {'name': 'mvp_awards', 'type': 'BOOLEAN'}, {'name': 'olympic_gold_medals', 'type': 'BOOLEAN'}]}, {'table_name': 'draft', 'columns': [{'name': 'id', 'type': 'INTEGER', 'primary_key': True}, {'name': 'player_id', 'type': 'INTEGER', 'foreign_key': True, 'foreign_key_table': 'player', 'foreign_key_column': 'id'}, {'name': 'year', 'type': 'INTEGER'}]}]",Player
Player_58,[],"{'name': 'Steve Smith', 'birth_date': '1969/3/31', 'nationality': 'American', 'age': 56, 'team': 'Charlotte Bobcats', 'position': 'Backcourt', 'draft_pick': 5.0, 'draft_year': 1991.0, 'college': 'Michigan State', 'nba_championships': 1.0, 'mvp_awards': 0, 'olympic_gold_medals': 1.0, 'fiba_world_cup': 1.0, 'ID': 59}","[{'table_name': 'player', 'columns': [{'name': 'id', 'type': 'INTEGER', 'primary_key': True}, {'name': 'name', 'type': 'TEXT'}, {'name': 'draft_year', 'type': 'REAL'}, {'name': 'college', 'type': 'TEXT'}, {'name': 'position', 'type': 'TEXT'}]}, {'table_name': 'team', 'columns': [{'name': 'id', 'type': 'INTEGER', 'primary_key': True}, {'name': 'name', 'type': 'TEXT'}]}, {'table_name': 'achievement', 'columns': [{'name': 'id', 'type': 'INTEGER', 'primary_key': True}, {'name': 'player_id', 'type': 'INTEGER', 'foreign_key': True, 'foreign_key_table': 'player', 'foreign_key_column': 'id'}, {'name': 'nba_championships', 'type': 'BOOLEAN'}, {'name': 'mvp_awards', 'type': 'BOOLEAN'}, {'name': 'olympic_gold_medals', 'type': 'BOOLEAN'}]}, {'table_name': 'draft', 'columns': [{'name': 'id', 'type': 'INTEGER', 'primary_key': True}, {'name': 'player_id', 'type': 'INTEGER', 'foreign_key': True, 'foreign_key_table': 'player', 'foreign_key_column': 'id'}, {'name': 'year', 'type': 'INTEGER'}]}]",Player
Player_59,[],"{'name': 'Shawn Christopher Respert  ', 'birth_date': '1972/2/6', 'nationality': 'American  ', 'age': 53, 'team': '  ', 'position': nan, 'draft_pick': 8.0, 'draft_year': 1995.0, 'college': 'Michigan State  ', 'nba_championships': 0.0, 'mvp_awards': 0, 'olympic_gold_medals': 0.0, 'fiba_world_cup': 0.0, 'ID': 60}","[{'table_name': 'player', 'columns': [{'name': 'id', 'type': 'INTEGER', 'primary_key': True}, {'name': 'name', 'type': 'TEXT'}, {'name': 'draft_year', 'type': 'REAL'}, {'name': 'college', 'type': 'TEXT'}, {'name': 'position', 'type': 'TEXT'}]}, {'table_name': 'team', 'columns': [{'name': 'id', 'type': 'INTEGER', 'primary_key': True}, {'name': 'name', 'type': 'TEXT'}]}, {'table_name': 'achievement', 'columns': [{'name': 'id', 'type': 'INTEGER', 'primary_key': True}, {'name': 'player_id', 'type': 'INTEGER', 'foreign_key': True, 'foreign_key_table': 'player', 'foreign_key_column': 'id'}, {'name': 'nba_championships', 'type': 'BOOLEAN'}, {'name': 'mvp_awards', 'type': 'BOOLEAN'}, {'name': 'olympic_gold_medals', 'type': 'BOOLEAN'}]}, {'table_name': 'draft', 'columns': [{'name': 'id', 'type': 'INTEGER', 'primary_key': True}, {'name': 'player_id', 'type': 'INTEGER', 'foreign_key': True, 'foreign_key_table': 'player', 'foreign_key_column': 'id'}, {'name': 'year', 'type': 'INTEGER'}]}]",Player
Player_60,[],"{'name': 'Rodney Strickland  ', 'birth_date': '1966/7/11', 'nationality': 'American  ', 'age': 59, 'team': ' Houston Rockets', 'position': nan, 'draft_pick': 19.0, 'draft_year': 1988.0, 'college': 'DePaul University  ', 'nba_championships': 0.0, 'mvp_awards': 0, 'olympic_gold_medals': 0.0, 'fiba_world_cup': 0.0, 'ID': 61}","[{'table_name': 'player', 'columns': [{'name': 'id', 'type': 'INTEGER', 'primary_key': True}, {'name': 'name', 'type': 'TEXT'}, {'name': 'draft_year', 'type': 'REAL'}, {'name': 'college', 'type': 'TEXT'}, {'name': 'position', 'type': 'TEXT'}]}, {'table_name': 'team', 'columns': [{'name': 'id', 'type': 'INTEGER', 'primary_key': True}, {'name': 'name', 'type': 'TEXT'}]}, {'table_name': 'achievement', 'columns': [{'name': 'id', 'type': 'INTEGER', 'primary_key': True}, {'name': 'player_id', 'type': 'INTEGER', 'foreign_key': True, 'foreign_key_table': 'player', 'foreign_key_column': 'id'}, {'name': 'nba_championships', 'type': 'BOOLEAN'}, {'name': 'mvp_awards', 'type': 'BOOLEAN'}, {'name': 'olympic_gold_medals', 'type': 'BOOLEAN'}]}, {'table_name': 'draft', 'columns': [{'name': 'id', 'type': 'INTEGER', 'primary_key': True}, {'name': 'player_id', 'type': 'INTEGER', 'foreign_key': True, 'foreign_key_table': 'player', 'foreign_key_column': 'id'}, {'name': 'year', 'type': 'INTEGER'}]}]",Player
Player_61,[],"{'name': 'Elmer H. Behnke  ', 'birth_date': '1929/2/3', 'nationality': 'American  ', 'age': 96, 'team': 'Milwaukee Hawks  ', 'position': nan, 'draft_pick': 35.0, 'draft_year': 1951.0, 'college': 'Bradley University  ', 'nba_championships': 0.0, 'mvp_awards': 0, 'olympic_gold_medals': 0.0, 'fiba_world_cup': 0.0, 'ID': 62}","[{'table_name': 'player', 'columns': [{'name': 'id', 'type': 'INTEGER', 'primary_key': True}, {'name': 'name', 'type': 'TEXT'}, {'name': 'draft_year', 'type': 'REAL'}, {'name': 'college', 'type': 'TEXT'}, {'name': 'position', 'type': 'TEXT'}]}, {'table_name': 'team', 'columns': [{'name': 'id', 'type': 'INTEGER', 'primary_key': True}, {'name': 'name', 'type': 'TEXT'}]}, {'table_name': 'achievement', 'columns': [{'name': 'id', 'type': 'INTEGER', 'primary_key': True}, {'name': 'player_id', 'type': 'INTEGER', 'foreign_key': True, 'foreign_key_table': 'player', 'foreign_key_column': 'id'}, {'name': 'nba_championships', 'type': 'BOOLEAN'}, {'name': 'mvp_awards', 'type': 'BOOLEAN'}, {'name': 'olympic_gold_medals', 'type': 'BOOLEAN'}]}, {'table_name': 'draft', 'columns': [{'name': 'id', 'type': 'INTEGER', 'primary_key': True}, {'name': 'player_id', 'type': 'INTEGER', 'foreign_key': True, 'foreign_key_table': 'player', 'foreign_key_column': 'id'}, {'name': 'year', 'type': 'INTEGER'}]}]",Player
Player_62,[],"{'name': 'Lamar Brandon Stevens  ', 'birth_date': '1997/7/9', 'nationality': 'American  ', 'age': 28, 'team': 'Memphis Grizzlies  ', 'position': nan, 'draft_pick': 0.0, 'draft_year': 0.0, 'college': 'Penn State Nittany Lions  ', 'nba_championships': 0.0, 'mvp_awards': 0, 'olympic_gold_medals': 0.0, 'fiba_world_cup': 0.0, 'ID': 63}","[{'table_name': 'player', 'columns': [{'name': 'id', 'type': 'INTEGER', 'primary_key': True}, {'name': 'name', 'type': 'TEXT'}, {'name': 'draft_year', 'type': 'REAL'}, {'name': 'college', 'type': 'TEXT'}, {'name': 'position', 'type': 'TEXT'}]}, {'table_name': 'team', 'columns': [{'name': 'id', 'type': 'INTEGER', 'primary_key': True}, {'name': 'name', 'type': 'TEXT'}]}, {'table_name': 'achievement', 'columns': [{'name': 'id', 'type': 'INTEGER', 'primary_key': True}, {'name': 'player_id', 'type': 'INTEGER', 'foreign_key': True, 'foreign_key_table': 'player', 'foreign_key_column': 'id'}, {'name': 'nba_championships', 'type': 'BOOLEAN'}, {'name': 'mvp_awards', 'type': 'BOOLEAN'}, {'name': 'olympic_gold_medals', 'type': 'BOOLEAN'}]}, {'table_name': 'draft', 'columns': [{'name': 'id', 'type': 'INTEGER', 'primary_key': True}, {'name': 'player_id', 'type': 'INTEGER', 'foreign_key': True, 'foreign_key_table': 'player', 'foreign_key_column': 'id'}, {'name': 'year', 'type': 'INTEGER'}]}]",Player
Player_63,[],"{'name': 'Ronald Moore  ', 'birth_date': '1988/7/14', 'nationality': 'American  ', 'age': 37, 'team': 'Debreceni EAC  ', 'position': 'Backcourt', 'draft_pick': nan, 'draft_year': 2010.0, 'college': 'Siena  ', 'nba_championships': 0.0, 'mvp_awards': 0, 'olympic_gold_medals': 0.0, 'fiba_world_cup': 0.0, 'ID': 64}","[{'table_name': 'player', 'columns': [{'name': 'id', 'type': 'INTEGER', 'primary_key': True}, {'name': 'name', 'type': 'TEXT'}, {'name': 'draft_year', 'type': 'REAL'}, {'name': 'college', 'type': 'TEXT'}, {'name': 'position', 'type': 'TEXT'}]}, {'table_name': 'team', 'columns': [{'name': 'id', 'type': 'INTEGER', 'primary_key': True}, {'name': 'name', 'type': 'TEXT'}]}, {'table_name': 'achievement', 'columns': [{'name': 'id', 'type': 'INTEGER', 'primary_key': True}, {'name': 'player_id', 'type': 'INTEGER', 'foreign_key': True, 'foreign_key_table': 'player', 'foreign_key_column': 'id'}, {'name': 'nba_championships', 'type': 'BOOLEAN'}, {'name': 'mvp_awards', 'type': 'BOOLEAN'}, {'name': 'olympic_gold_medals', 'type': 'BOOLEAN'}]}, {'table_name': 'draft', 'columns': [{'name': 'id', 'type': 'INTEGER', 'primary_key': True}, {'name': 'player_id', 'type': 'INTEGER', 'foreign_key': True, 'foreign_key_table': 'player', 'foreign_key_column': 'id'}, {'name': 'year', 'type': 'INTEGER'}]}]",Player
Player_64,[],"{'name': 'Erazem Lorbek  ', 'birth_date': '1984/2/21', 'nationality': 'Slovenian  ', 'age': 41, 'team': ' Petrol Olimpija', 'position': 'Frontcourt', 'draft_pick': 2.0, 'draft_year': 2005.0, 'college': 'Michigan State University  ', 'nba_championships': 0.0, 'mvp_awards': 0, 'olympic_gold_medals': 0.0, 'fiba_world_cup': 0.0, 'ID': 65}","[{'table_name': 'player', 'columns': [{'name': 'id', 'type': 'INTEGER', 'primary_key': True}, {'name': 'name', 'type': 'TEXT'}, {'name': 'draft_year', 'type': 'REAL'}, {'name': 'college', 'type': 'TEXT'}, {'name': 'position', 'type': 'TEXT'}]}, {'table_name': 'team', 'columns': [{'name': 'id', 'type': 'INTEGER', 'primary_key': True}, {'name': 'name', 'type': 'TEXT'}]}, {'table_name': 'achievement', 'columns': [{'name': 'id', 'type': 'INTEGER', 'primary_key': True}, {'name': 'player_id', 'type': 'INTEGER', 'foreign_key': True, 'foreign_key_table': 'player', 'foreign_key_column': 'id'}, {'name': 'nba_championships', 'type': 'BOOLEAN'}, {'name': 'mvp_awards', 'type': 'BOOLEAN'}, {'name': 'olympic_gold_medals', 'type': 'BOOLEAN'}]}, {'table_name': 'draft', 'columns': [{'name': 'id', 'type': 'INTEGER', 'primary_key': True}, {'name': 'player_id', 'type': 'INTEGER', 'foreign_key': True, 'foreign_key_table': 'player', 'foreign_key_column': 'id'}, {'name': 'year', 'type': 'INTEGER'}]}]",Player
Player_65,[],"{'name': 'Marvin ""Mickey"" Rottner  ', 'birth_date': '1919/3/23', 'nationality': 'American  ', 'age': 106, 'team': ' Chicago Stags', 'position': 'Backcourt', 'draft_pick': 0.0, 'draft_year': 0.0, 'college': 'Loyola University in Chicago  ', 'nba_championships': 0.0, 'mvp_awards': 0, 'olympic_gold_medals': 0.0, 'fiba_world_cup': 0.0, 'ID': 66}","[{'table_name': 'player', 'columns': [{'name': 'id', 'type': 'INTEGER', 'primary_key': True}, {'name': 'name', 'type': 'TEXT'}, {'name': 'draft_year', 'type': 'REAL'}, {'name': 'college', 'type': 'TEXT'}, {'name': 'position', 'type': 'TEXT'}]}, {'table_name': 'team', 'columns': [{'name': 'id', 'type': 'INTEGER', 'primary_key': True}, {'name': 'name', 'type': 'TEXT'}]}, {'table_name': 'achievement', 'columns': [{'name': 'id', 'type': 'INTEGER', 'primary_key': True}, {'name': 'player_id', 'type': 'INTEGER', 'foreign_key': True, 'foreign_key_table': 'player', 'foreign_key_column': 'id'}, {'name': 'nba_championships', 'type': 'BOOLEAN'}, {'name': 'mvp_awards', 'type': 'BOOLEAN'}, {'name': 'olympic_gold_medals', 'type': 'BOOLEAN'}]}, {'table_name': 'draft', 'columns': [{'name': 'id', 'type': 'INTEGER', 'primary_key': True}, {'name': 'player_id', 'type': 'INTEGER', 'foreign_key': True, 'foreign_key_table': 'player', 'foreign_key_column': 'id'}, {'name': 'year', 'type': 'INTEGER'}]}]",Player
Player_66,[],"{'name': 'Hamidou Diallo  ', 'birth_date': '1998/7/31', 'nationality': 'American  ', 'age': 27, 'team': 'Capital City Go-Go  ', 'position': nan, 'draft_pick': 45.0, 'draft_year': 2018.0, 'college': 'University of Kentucky  ', 'nba_championships': 0.0, 'mvp_awards': 0, 'olympic_gold_medals': 0.0, 'fiba_world_cup': 0.0, 'ID': 67}","[{'table_name': 'player', 'columns': [{'name': 'id', 'type': 'INTEGER', 'primary_key': True}, {'name': 'name', 'type': 'TEXT'}, {'name': 'draft_year', 'type': 'REAL'}, {'name': 'college', 'type': 'TEXT'}, {'name': 'position', 'type': 'TEXT'}]}, {'table_name': 'team', 'columns': [{'name': 'id', 'type': 'INTEGER', 'primary_key': True}, {'name': 'name', 'type': 'TEXT'}]}, {'table_name': 'achievement', 'columns': [{'name': 'id', 'type': 'INTEGER', 'primary_key': True}, {'name': 'player_id', 'type': 'INTEGER', 'foreign_key': True, 'foreign_key_table': 'player', 'foreign_key_column': 'id'}, {'name': 'nba_championships', 'type': 'BOOLEAN'}, {'name': 'mvp_awards', 'type': 'BOOLEAN'}, {'name': 'olympic_gold_medals', 'type': 'BOOLEAN'}]}, {'table_name': 'draft', 'columns': [{'name': 'id', 'type': 'INTEGER', 'primary_key': True}, {'name': 'player_id', 'type': 'INTEGER', 'foreign_key': True, 'foreign_key_table': 'player', 'foreign_key_column': 'id'}, {'name': 'year', 'type': 'INTEGER'}]}]",Player
Player_67,[],"{'name': 'Dewayne ""D. J."" White, Jr.', 'birth_date': '1986/8/31', 'nationality': 'American', 'age': 39, 'team': 'Piratas de Quebradillas', 'position': 'Frontcourt', 'draft_pick': 29.0, 'draft_year': 2008.0, 'college': 'Indiana Hoosiers', 'nba_championships': 0.0, 'mvp_awards': 0, 'olympic_gold_medals': 0.0, 'fiba_world_cup': 0.0, 'ID': 68}","[{'table_name': 'player', 'columns': [{'name': 'id', 'type': 'INTEGER', 'primary_key': True}, {'name': 'name', 'type': 'TEXT'}, {'name': 'draft_year', 'type': 'REAL'}, {'name': 'college', 'type': 'TEXT'}, {'name': 'position', 'type': 'TEXT'}]}, {'table_name': 'team', 'columns': [{'name': 'id', 'type': 'INTEGER', 'primary_key': True}, {'name': 'name', 'type': 'TEXT'}]}, {'table_name': 'achievement', 'columns': [{'name': 'id', 'type': 'INTEGER', 'primary_key': True}, {'name': 'player_id', 'type': 'INTEGER', 'foreign_key': True, 'foreign_key_table': 'player', 'foreign_key_column': 'id'}, {'name': 'nba_championships', 'type': 'BOOLEAN'}, {'name': 'mvp_awards', 'type': 'BOOLEAN'}, {'name': 'olympic_gold_medals', 'type': 'BOOLEAN'}]}, {'table_name': 'draft', 'columns': [{'name': 'id', 'type': 'INTEGER', 'primary_key': True}, {'name': 'player_id', 'type': 'INTEGER', 'foreign_key': True, 'foreign_key_table': 'player', 'foreign_key_column': 'id'}, {'name': 'year', 'type': 'INTEGER'}]}]",Player
Player_68,[],"{'name': 'Steve Kerr  ', 'birth_date': '1965/9/27', 'nationality': 'American  ', 'age': 60, 'team': 'Golden State Warriors  ', 'position': 'Frontcourt', 'draft_pick': 50.0, 'draft_year': 1988.0, 'college': 'University of Arizona  ', 'nba_championships': 9.0, 'mvp_awards': 0, 'olympic_gold_medals': 1.0, 'fiba_world_cup': 1.0, 'ID': 69}","[{'table_name': 'player', 'columns': [{'name': 'id', 'type': 'INTEGER', 'primary_key': True}, {'name': 'name', 'type': 'TEXT'}, {'name': 'draft_year', 'type': 'REAL'}, {'name': 'college', 'type': 'TEXT'}, {'name': 'position', 'type': 'TEXT'}]}, {'table_name': 'team', 'columns': [{'name': 'id', 'type': 'INTEGER', 'primary_key': True}, {'name': 'name', 'type': 'TEXT'}]}, {'table_name': 'achievement', 'columns': [{'name': 'id', 'type': 'INTEGER', 'primary_key': True}, {'name': 'player_id', 'type': 'INTEGER', 'foreign_key': True, 'foreign_key_table': 'player', 'foreign_key_column': 'id'}, {'name': 'nba_championships', 'type': 'BOOLEAN'}, {'name': 'mvp_awards', 'type': 'BOOLEAN'}, {'name': 'olympic_gold_medals', 'type': 'BOOLEAN'}]}, {'table_name': 'draft', 'columns': [{'name': 'id', 'type': 'INTEGER', 'primary_key': True}, {'name': 'player_id', 'type': 'INTEGER', 'foreign_key': True, 'foreign_key_table': 'player', 'foreign_key_column': 'id'}, {'name': 'year', 'type': 'INTEGER'}]}]",Player
Player_69,[],"{'name': 'Gregory Clinton Foster  ', 'birth_date': '1968/10/3', 'nationality': 'American  ', 'age': 57, 'team': 'Indiana Pacers  ', 'position': 'Frontcourt', 'draft_pick': 35.0, 'draft_year': 1990.0, 'college': 'UTEP  ', 'nba_championships': 1.0, 'mvp_awards': 0, 'olympic_gold_medals': 0.0, 'fiba_world_cup': 0.0, 'ID': 70}","[{'table_name': 'player', 'columns': [{'name': 'id', 'type': 'INTEGER', 'primary_key': True}, {'name': 'name', 'type': 'TEXT'}, {'name': 'draft_year', 'type': 'REAL'}, {'name': 'college', 'type': 'TEXT'}, {'name': 'position', 'type': 'TEXT'}]}, {'table_name': 'team', 'columns': [{'name': 'id', 'type': 'INTEGER', 'primary_key': True}, {'name': 'name', 'type': 'TEXT'}]}, {'table_name': 'achievement', 'columns': [{'name': 'id', 'type': 'INTEGER', 'primary_key': True}, {'name': 'player_id', 'type': 'INTEGER', 'foreign_key': True, 'foreign_key_table': 'player', 'foreign_key_column': 'id'}, {'name': 'nba_championships', 'type': 'BOOLEAN'}, {'name': 'mvp_awards', 'type': 'BOOLEAN'}, {'name': 'olympic_gold_medals', 'type': 'BOOLEAN'}]}, {'table_name': 'draft', 'columns': [{'name': 'id', 'type': 'INTEGER', 'primary_key': True}, {'name': 'player_id', 'type': 'INTEGER', 'foreign_key': True, 'foreign_key_table': 'player', 'foreign_key_column': 'id'}, {'name': 'year', 'type': 'INTEGER'}]}]",Player
Player_70,[],"{'name': 'Bill Hewitt  ', 'birth_date': '1944/8/8', 'nationality': 'American  ', 'age': 81, 'team': 'Los Angeles Lakers', 'position': 'Frontcourt', 'draft_pick': 0.0, 'draft_year': 0.0, 'college': 'University of Southern California  ', 'nba_championships': 0.0, 'mvp_awards': 0, 'olympic_gold_medals': 0.0, 'fiba_world_cup': 0.0, 'ID': 71}","[{'table_name': 'player', 'columns': [{'name': 'id', 'type': 'INTEGER', 'primary_key': True}, {'name': 'name', 'type': 'TEXT'}, {'name': 'draft_year', 'type': 'REAL'}, {'name': 'college', 'type': 'TEXT'}, {'name': 'position', 'type': 'TEXT'}]}, {'table_name': 'team', 'columns': [{'name': 'id', 'type': 'INTEGER', 'primary_key': True}, {'name': 'name', 'type': 'TEXT'}]}, {'table_name': 'achievement', 'columns': [{'name': 'id', 'type': 'INTEGER', 'primary_key': True}, {'name': 'player_id', 'type': 'INTEGER', 'foreign_key': True, 'foreign_key_table': 'player', 'foreign_key_column': 'id'}, {'name': 'nba_championships', 'type': 'BOOLEAN'}, {'name': 'mvp_awards', 'type': 'BOOLEAN'}, {'name': 'olympic_gold_medals', 'type': 'BOOLEAN'}]}, {'table_name': 'draft', 'columns': [{'name': 'id', 'type': 'INTEGER', 'primary_key': True}, {'name': 'player_id', 'type': 'INTEGER', 'foreign_key': True, 'foreign_key_table': 'player', 'foreign_key_column': 'id'}, {'name': 'year', 'type': 'INTEGER'}]}]",Player
Player_71,[],"{'name': 'Joseph Xavier Forte  ', 'birth_date': '1981/3/23', 'nationality': 'American  ', 'age': 44, 'team': ' Maccabi Tel Aviv', 'position': 'Backcourt', 'draft_pick': 21.0, 'draft_year': 2001.0, 'college': 'University of North Carolina at Chapel Hill  ', 'nba_championships': 0.0, 'mvp_awards': 0, 'olympic_gold_medals': 0.0, 'fiba_world_cup': 0.0, 'ID': 72}","[{'table_name': 'player', 'columns': [{'name': 'id', 'type': 'INTEGER', 'primary_key': True}, {'name': 'name', 'type': 'TEXT'}, {'name': 'draft_year', 'type': 'REAL'}, {'name': 'college', 'type': 'TEXT'}, {'name': 'position', 'type': 'TEXT'}]}, {'table_name': 'team', 'columns': [{'name': 'id', 'type': 'INTEGER', 'primary_key': True}, {'name': 'name', 'type': 'TEXT'}]}, {'table_name': 'achievement', 'columns': [{'name': 'id', 'type': 'INTEGER', 'primary_key': True}, {'name': 'player_id', 'type': 'INTEGER', 'foreign_key': True, 'foreign_key_table': 'player', 'foreign_key_column': 'id'}, {'name': 'nba_championships', 'type': 'BOOLEAN'}, {'name': 'mvp_awards', 'type': 'BOOLEAN'}, {'name': 'olympic_gold_medals', 'type': 'BOOLEAN'}]}, {'table_name': 'draft', 'columns': [{'name': 'id', 'type': 'INTEGER', 'primary_key': True}, {'name': 'player_id', 'type': 'INTEGER', 'foreign_key': True, 'foreign_key_table': 'player', 'foreign_key_column': 'id'}, {'name': 'year', 'type': 'INTEGER'}]}]",Player
Player_72,[],"{'name': 'Dino_Ra?a', 'birth_date': '1967/4/24', 'nationality': 'Croatian  ', 'age': 58, 'team': ' Split', 'position': 'Frontcourt', 'draft_pick': 40.0, 'draft_year': 1989.0, 'college': ' ', 'nba_championships': 0.0, 'mvp_awards': 0, 'olympic_gold_medals': 0.0, 'fiba_world_cup': 1.0, 'ID': 73}","[{'table_name': 'player', 'columns': [{'name': 'id', 'type': 'INTEGER', 'primary_key': True}, {'name': 'name', 'type': 'TEXT'}, {'name': 'draft_year', 'type': 'REAL'}, {'name': 'college', 'type': 'TEXT'}, {'name': 'position', 'type': 'TEXT'}]}, {'table_name': 'team', 'columns': [{'name': 'id', 'type': 'INTEGER', 'primary_key': True}, {'name': 'name', 'type': 'TEXT'}]}, {'table_name': 'achievement', 'columns': [{'name': 'id', 'type': 'INTEGER', 'primary_key': True}, {'name': 'player_id', 'type': 'INTEGER', 'foreign_key': True, 'foreign_key_table': 'player', 'foreign_key_column': 'id'}, {'name': 'nba_championships', 'type': 'BOOLEAN'}, {'name': 'mvp_awards', 'type': 'BOOLEAN'}, {'name': 'olympic_gold_medals', 'type': 'BOOLEAN'}]}, {'table_name': 'draft', 'columns': [{'name': 'id', 'type': 'INTEGER', 'primary_key': True}, {'name': 'player_id', 'type': 'INTEGER', 'foreign_key': True, 'foreign_key_table': 'player', 'foreign_key_column': 'id'}, {'name': 'year', 'type': 'INTEGER'}]}]",Player
Player_73,[],"{'name': 'Mark Jeffrey Radford  ', 'birth_date': '1959/7/5', 'nationality': 'American  ', 'age': 66, 'team': 'Seattle SuperSonics  ', 'position': nan, 'draft_pick': 53.0, 'draft_year': 1981.0, 'college': 'Oregon State University  ', 'nba_championships': 0.0, 'mvp_awards': 0, 'olympic_gold_medals': 0.0, 'fiba_world_cup': 0.0, 'ID': 74}","[{'table_name': 'player', 'columns': [{'name': 'id', 'type': 'INTEGER', 'primary_key': True}, {'name': 'name', 'type': 'TEXT'}, {'name': 'draft_year', 'type': 'REAL'}, {'name': 'college', 'type': 'TEXT'}, {'name': 'position', 'type': 'TEXT'}]}, {'table_name': 'team', 'columns': [{'name': 'id', 'type': 'INTEGER', 'primary_key': True}, {'name': 'name', 'type': 'TEXT'}]}, {'table_name': 'achievement', 'columns': [{'name': 'id', 'type': 'INTEGER', 'primary_key': True}, {'name': 'player_id', 'type': 'INTEGER', 'foreign_key': True, 'foreign_key_table': 'player', 'foreign_key_column': 'id'}, {'name': 'nba_championships', 'type': 'BOOLEAN'}, {'name': 'mvp_awards', 'type': 'BOOLEAN'}, {'name': 'olympic_gold_medals', 'type': 'BOOLEAN'}]}, {'table_name': 'draft', 'columns': [{'name': 'id', 'type': 'INTEGER', 'primary_key': True}, {'name': 'player_id', 'type': 'INTEGER', 'foreign_key': True, 'foreign_key_table': 'player', 'foreign_key_column': 'id'}, {'name': 'year', 'type': 'INTEGER'}]}]",Player
Player_74,[],"{'name': 'Kostas Papanikolaou', 'birth_date': '1990/7/31', 'nationality': 'Greek', 'age': 35, 'team': 'Olympiacos', 'position': 'Frontcourt', 'draft_pick': 48.0, 'draft_year': 2012.0, 'college': nan, 'nba_championships': 0.0, 'mvp_awards': 0, 'olympic_gold_medals': 0.0, 'fiba_world_cup': 0.0, 'ID': 75}","[{'table_name': 'player', 'columns': [{'name': 'id', 'type': 'INTEGER', 'primary_key': True}, {'name': 'name', 'type': 'TEXT'}, {'name': 'draft_year', 'type': 'REAL'}, {'name': 'college', 'type': 'TEXT'}, {'name': 'position', 'type': 'TEXT'}]}, {'table_name': 'team', 'columns': [{'name': 'id', 'type': 'INTEGER', 'primary_key': True}, {'name': 'name', 'type': 'TEXT'}]}, {'table_name': 'achievement', 'columns': [{'name': 'id', 'type': 'INTEGER', 'primary_key': True}, {'name': 'player_id', 'type': 'INTEGER', 'foreign_key': True, 'foreign_key_table': 'player', 'foreign_key_column': 'id'}, {'name': 'nba_championships', 'type': 'BOOLEAN'}, {'name': 'mvp_awards', 'type': 'BOOLEAN'}, {'name': 'olympic_gold_medals', 'type': 'BOOLEAN'}]}, {'table_name': 'draft', 'columns': [{'name': 'id', 'type': 'INTEGER', 'primary_key': True}, {'name': 'player_id', 'type': 'INTEGER', 'foreign_key': True, 'foreign_key_table': 'player', 'foreign_key_column': 'id'}, {'name': 'year', 'type': 'INTEGER'}]}]",Player
Player_75,[],"{'name': 'Garry Witts Garrett David Witts  ', 'birth_date': '1959/7/3', 'nationality': 'American  ', 'age': 66, 'team': 'Washington Bullets  ', 'position': nan, 'draft_pick': 0.0, 'draft_year': 0.0, 'college': ' ', 'nba_championships': 0.0, 'mvp_awards': 0, 'olympic_gold_medals': 0.0, 'fiba_world_cup': 0.0, 'ID': 76}","[{'table_name': 'player', 'columns': [{'name': 'id', 'type': 'INTEGER', 'primary_key': True}, {'name': 'name', 'type': 'TEXT'}, {'name': 'draft_year', 'type': 'REAL'}, {'name': 'college', 'type': 'TEXT'}, {'name': 'position', 'type': 'TEXT'}]}, {'table_name': 'team', 'columns': [{'name': 'id', 'type': 'INTEGER', 'primary_key': True}, {'name': 'name', 'type': 'TEXT'}]}, {'table_name': 'achievement', 'columns': [{'name': 'id', 'type': 'INTEGER', 'primary_key': True}, {'name': 'player_id', 'type': 'INTEGER', 'foreign_key': True, 'foreign_key_table': 'player', 'foreign_key_column': 'id'}, {'name': 'nba_championships', 'type': 'BOOLEAN'}, {'name': 'mvp_awards', 'type': 'BOOLEAN'}, {'name': 'olympic_gold_medals', 'type': 'BOOLEAN'}]}, {'table_name': 'draft', 'columns': [{'name': 'id', 'type': 'INTEGER', 'primary_key': True}, {'name': 'player_id', 'type': 'INTEGER', 'foreign_key': True, 'foreign_key_table': 'player', 'foreign_key_column': 'id'}, {'name': 'year', 'type': 'INTEGER'}]}]",Player
Player_76,[],"{'name': 'Jabari Dominic Walker  ', 'birth_date': '2002/7/30', 'nationality': 'American  ', 'age': 23, 'team': 'Portland Trail Blazers  ', 'position': nan, 'draft_pick': 57.0, 'draft_year': 2022.0, 'college': 'Colorado  ', 'nba_championships': 0.0, 'mvp_awards': 0, 'olympic_gold_medals': 0.0, 'fiba_world_cup': 0.0, 'ID': 77}","[{'table_name': 'player', 'columns': [{'name': 'id', 'type': 'INTEGER', 'primary_key': True}, {'name': 'name', 'type': 'TEXT'}, {'name': 'draft_year', 'type': 'REAL'}, {'name': 'college', 'type': 'TEXT'}, {'name': 'position', 'type': 'TEXT'}]}, {'table_name': 'team', 'columns': [{'name': 'id', 'type': 'INTEGER', 'primary_key': True}, {'name': 'name', 'type': 'TEXT'}]}, {'table_name': 'achievement', 'columns': [{'name': 'id', 'type': 'INTEGER', 'primary_key': True}, {'name': 'player_id', 'type': 'INTEGER', 'foreign_key': True, 'foreign_key_table': 'player', 'foreign_key_column': 'id'}, {'name': 'nba_championships', 'type': 'BOOLEAN'}, {'name': 'mvp_awards', 'type': 'BOOLEAN'}, {'name': 'olympic_gold_medals', 'type': 'BOOLEAN'}]}, {'table_name': 'draft', 'columns': [{'name': 'id', 'type': 'INTEGER', 'primary_key': True}, {'name': 'player_id', 'type': 'INTEGER', 'foreign_key': True, 'foreign_key_table': 'player', 'foreign_key_column': 'id'}, {'name': 'year', 'type': 'INTEGER'}]}]",Player
Player_77,[],"{'name': 'Devontae Cacok  ', 'birth_date': '1996/10/8', 'nationality': 'American  ', 'age': 29, 'team': 'Virtus Bologna  ', 'position': nan, 'draft_pick': 0.0, 'draft_year': 0.0, 'college': 'UNC Wilmington  ', 'nba_championships': 0.0, 'mvp_awards': 0, 'olympic_gold_medals': 0.0, 'fiba_world_cup': 0.0, 'ID': 78}","[{'table_name': 'player', 'columns': [{'name': 'id', 'type': 'INTEGER', 'primary_key': True}, {'name': 'name', 'type': 'TEXT'}, {'name': 'draft_year', 'type': 'REAL'}, {'name': 'college', 'type': 'TEXT'}, {'name': 'position', 'type': 'TEXT'}]}, {'table_name': 'team', 'columns': [{'name': 'id', 'type': 'INTEGER', 'primary_key': True}, {'name': 'name', 'type': 'TEXT'}]}, {'table_name': 'achievement', 'columns': [{'name': 'id', 'type': 'INTEGER', 'primary_key': True}, {'name': 'player_id', 'type': 'INTEGER', 'foreign_key': True, 'foreign_key_table': 'player', 'foreign_key_column': 'id'}, {'name': 'nba_championships', 'type': 'BOOLEAN'}, {'name': 'mvp_awards', 'type': 'BOOLEAN'}, {'name': 'olympic_gold_medals', 'type': 'BOOLEAN'}]}, {'table_name': 'draft', 'columns': [{'name': 'id', 'type': 'INTEGER', 'primary_key': True}, {'name': 'player_id', 'type': 'INTEGER', 'foreign_key': True, 'foreign_key_table': 'player', 'foreign_key_column': 'id'}, {'name': 'year', 'type': 'INTEGER'}]}]",Player
Player_78,[],"{'name': 'Brandon Goodwin  ', 'birth_date': '1995/10/2', 'nationality': 'American  ', 'age': 30, 'team': 'Gigantes de Carolina  ', 'position': 'Backcourt', 'draft_pick': 0.0, 'draft_year': 0.0, 'college': 'UCF Knights, Florida Gulf Coast Eagles  ', 'nba_championships': 0.0, 'mvp_awards': 0, 'olympic_gold_medals': 0.0, 'fiba_world_cup': 0.0, 'ID': 79}","[{'table_name': 'player', 'columns': [{'name': 'id', 'type': 'INTEGER', 'primary_key': True}, {'name': 'name', 'type': 'TEXT'}, {'name': 'draft_year', 'type': 'REAL'}, {'name': 'college', 'type': 'TEXT'}, {'name': 'position', 'type': 'TEXT'}]}, {'table_name': 'team', 'columns': [{'name': 'id', 'type': 'INTEGER', 'primary_key': True}, {'name': 'name', 'type': 'TEXT'}]}, {'table_name': 'achievement', 'columns': [{'name': 'id', 'type': 'INTEGER', 'primary_key': True}, {'name': 'player_id', 'type': 'INTEGER', 'foreign_key': True, 'foreign_key_table': 'player', 'foreign_key_column': 'id'}, {'name': 'nba_championships', 'type': 'BOOLEAN'}, {'name': 'mvp_awards', 'type': 'BOOLEAN'}, {'name': 'olympic_gold_medals', 'type': 'BOOLEAN'}]}, {'table_name': 'draft', 'columns': [{'name': 'id', 'type': 'INTEGER', 'primary_key': True}, {'name': 'player_id', 'type': 'INTEGER', 'foreign_key': True, 'foreign_key_table': 'player', 'foreign_key_column': 'id'}, {'name': 'year', 'type': 'INTEGER'}]}]",Player
Player_79,[],"{'name': 'Dick Rosenthal  ', 'birth_date': '1933/1/20', 'nationality': 'American  ', 'age': 91, 'team': 'Fort Wayne Pistons  ', 'position': 'Frontcourt', 'draft_pick': 1.0, 'draft_year': 1954.0, 'college': 'Notre Dame  ', 'nba_championships': 0.0, 'mvp_awards': 0, 'olympic_gold_medals': 0.0, 'fiba_world_cup': 0.0, 'ID': 80}","[{'table_name': 'player', 'columns': [{'name': 'id', 'type': 'INTEGER', 'primary_key': True}, {'name': 'name', 'type': 'TEXT'}, {'name': 'draft_year', 'type': 'REAL'}, {'name': 'college', 'type': 'TEXT'}, {'name': 'position', 'type': 'TEXT'}]}, {'table_name': 'team', 'columns': [{'name': 'id', 'type': 'INTEGER', 'primary_key': True}, {'name': 'name', 'type': 'TEXT'}]}, {'table_name': 'achievement', 'columns': [{'name': 'id', 'type': 'INTEGER', 'primary_key': True}, {'name': 'player_id', 'type': 'INTEGER', 'foreign_key': True, 'foreign_key_table': 'player', 'foreign_key_column': 'id'}, {'name': 'nba_championships', 'type': 'BOOLEAN'}, {'name': 'mvp_awards', 'type': 'BOOLEAN'}, {'name': 'olympic_gold_medals', 'type': 'BOOLEAN'}]}, {'table_name': 'draft', 'columns': [{'name': 'id', 'type': 'INTEGER', 'primary_key': True}, {'name': 'player_id', 'type': 'INTEGER', 'foreign_key': True, 'foreign_key_table': 'player', 'foreign_key_column': 'id'}, {'name': 'year', 'type': 'INTEGER'}]}]",Player
Player_80,[],"{'name': 'Jamal Crawford  ', 'birth_date': '1980/3/20', 'nationality': 'American  ', 'age': 45, 'team': ' Brooklyn Nets', 'position': nan, 'draft_pick': 8.0, 'draft_year': 2000.0, 'college': 'University of Michigan  ', 'nba_championships': 0.0, 'mvp_awards': 0, 'olympic_gold_medals': 0.0, 'fiba_world_cup': 0.0, 'ID': 81}","[{'table_name': 'player', 'columns': [{'name': 'id', 'type': 'INTEGER', 'primary_key': True}, {'name': 'name', 'type': 'TEXT'}, {'name': 'draft_year', 'type': 'REAL'}, {'name': 'college', 'type': 'TEXT'}, {'name': 'position', 'type': 'TEXT'}]}, {'table_name': 'team', 'columns': [{'name': 'id', 'type': 'INTEGER', 'primary_key': True}, {'name': 'name', 'type': 'TEXT'}]}, {'table_name': 'achievement', 'columns': [{'name': 'id', 'type': 'INTEGER', 'primary_key': True}, {'name': 'player_id', 'type': 'INTEGER', 'foreign_key': True, 'foreign_key_table': 'player', 'foreign_key_column': 'id'}, {'name': 'nba_championships', 'type': 'BOOLEAN'}, {'name': 'mvp_awards', 'type': 'BOOLEAN'}, {'name': 'olympic_gold_medals', 'type': 'BOOLEAN'}]}, {'table_name': 'draft', 'columns': [{'name': 'id', 'type': 'INTEGER', 'primary_key': True}, {'name': 'player_id', 'type': 'INTEGER', 'foreign_key': True, 'foreign_key_table': 'player', 'foreign_key_column': 'id'}, {'name': 'year', 'type': 'INTEGER'}]}]",Player
Player_81,[],"{'name': 'Jordan Lee Crawford  ', 'birth_date': '1988/10/23', 'nationality': 'American  ', 'age': 37, 'team': 'Sichuan Blue Whales  ', 'position': nan, 'draft_pick': 27.0, 'draft_year': 2010.0, 'college': 'Indiana University, Xavier University  ', 'nba_championships': 0.0, 'mvp_awards': 0, 'olympic_gold_medals': 0.0, 'fiba_world_cup': 0.0, 'ID': 82}","[{'table_name': 'player', 'columns': [{'name': 'id', 'type': 'INTEGER', 'primary_key': True}, {'name': 'name', 'type': 'TEXT'}, {'name': 'draft_year', 'type': 'REAL'}, {'name': 'college', 'type': 'TEXT'}, {'name': 'position', 'type': 'TEXT'}]}, {'table_name': 'team', 'columns': [{'name': 'id', 'type': 'INTEGER', 'primary_key': True}, {'name': 'name', 'type': 'TEXT'}]}, {'table_name': 'achievement', 'columns': [{'name': 'id', 'type': 'INTEGER', 'primary_key': True}, {'name': 'player_id', 'type': 'INTEGER', 'foreign_key': True, 'foreign_key_table': 'player', 'foreign_key_column': 'id'}, {'name': 'nba_championships', 'type': 'BOOLEAN'}, {'name': 'mvp_awards', 'type': 'BOOLEAN'}, {'name': 'olympic_gold_medals', 'type': 'BOOLEAN'}]}, {'table_name': 'draft', 'columns': [{'name': 'id', 'type': 'INTEGER', 'primary_key': True}, {'name': 'player_id', 'type': 'INTEGER', 'foreign_key': True, 'foreign_key_table': 'player', 'foreign_key_column': 'id'}, {'name': 'year', 'type': 'INTEGER'}]}]",Player
Player_82,[],"{'name': 'Tom Copa  ', 'birth_date': '1964/10/30', 'nationality': 'American  ', 'age': 61, 'team': ' Libertas Livorno', 'position': nan, 'draft_pick': 44.0, 'draft_year': 1987.0, 'college': 'Marquette  ', 'nba_championships': 0.0, 'mvp_awards': 0, 'olympic_gold_medals': 0.0, 'fiba_world_cup': 0.0, 'ID': 83}","[{'table_name': 'player', 'columns': [{'name': 'id', 'type': 'INTEGER', 'primary_key': True}, {'name': 'name', 'type': 'TEXT'}, {'name': 'draft_year', 'type': 'REAL'}, {'name': 'college', 'type': 'TEXT'}, {'name': 'position', 'type': 'TEXT'}]}, {'table_name': 'team', 'columns': [{'name': 'id', 'type': 'INTEGER', 'primary_key': True}, {'name': 'name', 'type': 'TEXT'}]}, {'table_name': 'achievement', 'columns': [{'name': 'id', 'type': 'INTEGER', 'primary_key': True}, {'name': 'player_id', 'type': 'INTEGER', 'foreign_key': True, 'foreign_key_table': 'player', 'foreign_key_column': 'id'}, {'name': 'nba_championships', 'type': 'BOOLEAN'}, {'name': 'mvp_awards', 'type': 'BOOLEAN'}, {'name': 'olympic_gold_medals', 'type': 'BOOLEAN'}]}, {'table_name': 'draft', 'columns': [{'name': 'id', 'type': 'INTEGER', 'primary_key': True}, {'name': 'player_id', 'type': 'INTEGER', 'foreign_key': True, 'foreign_key_table': 'player', 'foreign_key_column': 'id'}, {'name': 'year', 'type': 'INTEGER'}]}]",Player
Player_83,[],"{'name': 'Kermit Washington  ', 'birth_date': '1951/9/17', 'nationality': 'American  ', 'age': 74, 'team': ' Golden State Warriors', 'position': 'Frontcourt', 'draft_pick': 5.0, 'draft_year': 1973.0, 'college': 'American University  ', 'nba_championships': 0.0, 'mvp_awards': 0, 'olympic_gold_medals': 0.0, 'fiba_world_cup': 0.0, 'ID': 84}","[{'table_name': 'player', 'columns': [{'name': 'id', 'type': 'INTEGER', 'primary_key': True}, {'name': 'name', 'type': 'TEXT'}, {'name': 'draft_year', 'type': 'REAL'}, {'name': 'college', 'type': 'TEXT'}, {'name': 'position', 'type': 'TEXT'}]}, {'table_name': 'team', 'columns': [{'name': 'id', 'type': 'INTEGER', 'primary_key': True}, {'name': 'name', 'type': 'TEXT'}]}, {'table_name': 'achievement', 'columns': [{'name': 'id', 'type': 'INTEGER', 'primary_key': True}, {'name': 'player_id', 'type': 'INTEGER', 'foreign_key': True, 'foreign_key_table': 'player', 'foreign_key_column': 'id'}, {'name': 'nba_championships', 'type': 'BOOLEAN'}, {'name': 'mvp_awards', 'type': 'BOOLEAN'}, {'name': 'olympic_gold_medals', 'type': 'BOOLEAN'}]}, {'table_name': 'draft', 'columns': [{'name': 'id', 'type': 'INTEGER', 'primary_key': True}, {'name': 'player_id', 'type': 'INTEGER', 'foreign_key': True, 'foreign_key_table': 'player', 'foreign_key_column': 'id'}, {'name': 'year', 'type': 'INTEGER'}]}]",Player
Player_84,[],"{'name': 'Donyell Marshall  ', 'birth_date': '1973/5/18', 'nationality': 'American  ', 'age': 52, 'team': 'Greensboro Swarm  ', 'position': nan, 'draft_pick': 4.0, 'draft_year': 1994.0, 'college': 'University of Connecticut  ', 'nba_championships': 0.0, 'mvp_awards': 0, 'olympic_gold_medals': 0.0, 'fiba_world_cup': 0.0, 'ID': 85}","[{'table_name': 'player', 'columns': [{'name': 'id', 'type': 'INTEGER', 'primary_key': True}, {'name': 'name', 'type': 'TEXT'}, {'name': 'draft_year', 'type': 'REAL'}, {'name': 'college', 'type': 'TEXT'}, {'name': 'position', 'type': 'TEXT'}]}, {'table_name': 'team', 'columns': [{'name': 'id', 'type': 'INTEGER', 'primary_key': True}, {'name': 'name', 'type': 'TEXT'}]}, {'table_name': 'achievement', 'columns': [{'name': 'id', 'type': 'INTEGER', 'primary_key': True}, {'name': 'player_id', 'type': 'INTEGER', 'foreign_key': True, 'foreign_key_table': 'player', 'foreign_key_column': 'id'}, {'name': 'nba_championships', 'type': 'BOOLEAN'}, {'name': 'mvp_awards', 'type': 'BOOLEAN'}, {'name': 'olympic_gold_medals', 'type': 'BOOLEAN'}]}, {'table_name': 'draft', 'columns': [{'name': 'id', 'type': 'INTEGER', 'primary_key': True}, {'name': 'player_id', 'type': 'INTEGER', 'foreign_key': True, 'foreign_key_table': 'player', 'foreign_key_column': 'id'}, {'name': 'year', 'type': 'INTEGER'}]}]",Player
Player_85,[],"{'name': 'Wayne Lavern Robinson', 'birth_date': '1930/1/14', 'nationality': 'American', 'age': 95, 'team': 'Philadelphia Eagles', 'position': 'Frontcourt', 'draft_pick': 8.0, 'draft_year': 1952.0, 'college': 'University of Minnesota', 'nba_championships': 0.0, 'mvp_awards': 0, 'olympic_gold_medals': 0.0, 'fiba_world_cup': 0.0, 'ID': 86}","[{'table_name': 'player', 'columns': [{'name': 'id', 'type': 'INTEGER', 'primary_key': True}, {'name': 'name', 'type': 'TEXT'}, {'name': 'draft_year', 'type': 'REAL'}, {'name': 'college', 'type': 'TEXT'}, {'name': 'position', 'type': 'TEXT'}]}, {'table_name': 'team', 'columns': [{'name': 'id', 'type': 'INTEGER', 'primary_key': True}, {'name': 'name', 'type': 'TEXT'}]}, {'table_name': 'achievement', 'columns': [{'name': 'id', 'type': 'INTEGER', 'primary_key': True}, {'name': 'player_id', 'type': 'INTEGER', 'foreign_key': True, 'foreign_key_table': 'player', 'foreign_key_column': 'id'}, {'name': 'nba_championships', 'type': 'BOOLEAN'}, {'name': 'mvp_awards', 'type': 'BOOLEAN'}, {'name': 'olympic_gold_medals', 'type': 'BOOLEAN'}]}, {'table_name': 'draft', 'columns': [{'name': 'id', 'type': 'INTEGER', 'primary_key': True}, {'name': 'player_id', 'type': 'INTEGER', 'foreign_key': True, 'foreign_key_table': 'player', 'foreign_key_column': 'id'}, {'name': 'year', 'type': 'INTEGER'}]}]",Player
Player_86,[],"{'name': 'Greg Fillmore Gregory Paul Fillmore  ', 'birth_date': '1947/3/7', 'nationality': 'American  ', 'age': 78, 'team': 'New York Knicks  ', 'position': 'Frontcourt', 'draft_pick': 8.0, 'draft_year': 1970.0, 'college': 'Cheyney University of Pennsylvania  ', 'nba_championships': 0.0, 'mvp_awards': 0, 'olympic_gold_medals': 0.0, 'fiba_world_cup': 0.0, 'ID': 87}","[{'table_name': 'player', 'columns': [{'name': 'id', 'type': 'INTEGER', 'primary_key': True}, {'name': 'name', 'type': 'TEXT'}, {'name': 'draft_year', 'type': 'REAL'}, {'name': 'college', 'type': 'TEXT'}, {'name': 'position', 'type': 'TEXT'}]}, {'table_name': 'team', 'columns': [{'name': 'id', 'type': 'INTEGER', 'primary_key': True}, {'name': 'name', 'type': 'TEXT'}]}, {'table_name': 'achievement', 'columns': [{'name': 'id', 'type': 'INTEGER', 'primary_key': True}, {'name': 'player_id', 'type': 'INTEGER', 'foreign_key': True, 'foreign_key_table': 'player', 'foreign_key_column': 'id'}, {'name': 'nba_championships', 'type': 'BOOLEAN'}, {'name': 'mvp_awards', 'type': 'BOOLEAN'}, {'name': 'olympic_gold_medals', 'type': 'BOOLEAN'}]}, {'table_name': 'draft', 'columns': [{'name': 'id', 'type': 'INTEGER', 'primary_key': True}, {'name': 'player_id', 'type': 'INTEGER', 'foreign_key': True, 'foreign_key_table': 'player', 'foreign_key_column': 'id'}, {'name': 'year', 'type': 'INTEGER'}]}]",Player
Player_87,[],"{'name': 'John Harding Lucas II  ', 'birth_date': '1953/10/31', 'nationality': 'American  ', 'age': 72, 'team': 'Houston Rockets  ', 'position': 'Frontcourt', 'draft_pick': 1.0, 'draft_year': 1976.0, 'college': 'University of Maryland  ', 'nba_championships': 0.0, 'mvp_awards': 0, 'olympic_gold_medals': 0.0, 'fiba_world_cup': 0.0, 'ID': 88}","[{'table_name': 'player', 'columns': [{'name': 'id', 'type': 'INTEGER', 'primary_key': True}, {'name': 'name', 'type': 'TEXT'}, {'name': 'draft_year', 'type': 'REAL'}, {'name': 'college', 'type': 'TEXT'}, {'name': 'position', 'type': 'TEXT'}]}, {'table_name': 'team', 'columns': [{'name': 'id', 'type': 'INTEGER', 'primary_key': True}, {'name': 'name', 'type': 'TEXT'}]}, {'table_name': 'achievement', 'columns': [{'name': 'id', 'type': 'INTEGER', 'primary_key': True}, {'name': 'player_id', 'type': 'INTEGER', 'foreign_key': True, 'foreign_key_table': 'player', 'foreign_key_column': 'id'}, {'name': 'nba_championships', 'type': 'BOOLEAN'}, {'name': 'mvp_awards', 'type': 'BOOLEAN'}, {'name': 'olympic_gold_medals', 'type': 'BOOLEAN'}]}, {'table_name': 'draft', 'columns': [{'name': 'id', 'type': 'INTEGER', 'primary_key': True}, {'name': 'player_id', 'type': 'INTEGER', 'foreign_key': True, 'foreign_key_table': 'player', 'foreign_key_column': 'id'}, {'name': 'year', 'type': 'INTEGER'}]}]",Player
Player_88,[],"{'name': 'Dick Surhoff  ', 'birth_date': '1929/11/16', 'nationality': 'American', 'age': 96, 'team': 'Milwaukee Hawks  ', 'position': nan, 'draft_pick': 0.0, 'draft_year': 1952.0, 'college': 'Long Island, John Marshall College  ', 'nba_championships': 0.0, 'mvp_awards': 0, 'olympic_gold_medals': 0.0, 'fiba_world_cup': 0.0, 'ID': 89}","[{'table_name': 'player', 'columns': [{'name': 'id', 'type': 'INTEGER', 'primary_key': True}, {'name': 'name', 'type': 'TEXT'}, {'name': 'draft_year', 'type': 'REAL'}, {'name': 'college', 'type': 'TEXT'}, {'name': 'position', 'type': 'TEXT'}]}, {'table_name': 'team', 'columns': [{'name': 'id', 'type': 'INTEGER', 'primary_key': True}, {'name': 'name', 'type': 'TEXT'}]}, {'table_name': 'achievement', 'columns': [{'name': 'id', 'type': 'INTEGER', 'primary_key': True}, {'name': 'player_id', 'type': 'INTEGER', 'foreign_key': True, 'foreign_key_table': 'player', 'foreign_key_column': 'id'}, {'name': 'nba_championships', 'type': 'BOOLEAN'}, {'name': 'mvp_awards', 'type': 'BOOLEAN'}, {'name': 'olympic_gold_medals', 'type': 'BOOLEAN'}]}, {'table_name': 'draft', 'columns': [{'name': 'id', 'type': 'INTEGER', 'primary_key': True}, {'name': 'player_id', 'type': 'INTEGER', 'foreign_key': True, 'foreign_key_table': 'player', 'foreign_key_column': 'id'}, {'name': 'year', 'type': 'INTEGER'}]}]",Player
Player_89,[],"{'name': 'Garfield Smith  ', 'birth_date': '1945/11/18', 'nationality': 'American  ', 'age': 80, 'team': 'Boston Celtics  ', 'position': nan, 'draft_pick': 10.0, 'draft_year': 1968.0, 'college': ' ', 'nba_championships': 0.0, 'mvp_awards': 0, 'olympic_gold_medals': 0.0, 'fiba_world_cup': 0.0, 'ID': 90}","[{'table_name': 'player', 'columns': [{'name': 'id', 'type': 'INTEGER', 'primary_key': True}, {'name': 'name', 'type': 'TEXT'}, {'name': 'draft_year', 'type': 'REAL'}, {'name': 'college', 'type': 'TEXT'}, {'name': 'position', 'type': 'TEXT'}]}, {'table_name': 'team', 'columns': [{'name': 'id', 'type': 'INTEGER', 'primary_key': True}, {'name': 'name', 'type': 'TEXT'}]}, {'table_name': 'achievement', 'columns': [{'name': 'id', 'type': 'INTEGER', 'primary_key': True}, {'name': 'player_id', 'type': 'INTEGER', 'foreign_key': True, 'foreign_key_table': 'player', 'foreign_key_column': 'id'}, {'name': 'nba_championships', 'type': 'BOOLEAN'}, {'name': 'mvp_awards', 'type': 'BOOLEAN'}, {'name': 'olympic_gold_medals', 'type': 'BOOLEAN'}]}, {'table_name': 'draft', 'columns': [{'name': 'id', 'type': 'INTEGER', 'primary_key': True}, {'name': 'player_id', 'type': 'INTEGER', 'foreign_key': True, 'foreign_key_table': 'player', 'foreign_key_column': 'id'}, {'name': 'year', 'type': 'INTEGER'}]}]",Player
Player_90,[],"{'name': 'Leroy Patrick Chollet  ', 'birth_date': '1925/3/5', 'nationality': 'American  ', 'age': 100, 'team': 'Syracuse Nationals', 'position': 'Backcourt', 'draft_pick': 1.0, 'draft_year': 1949.0, 'college': 'Loyola University New Orleans  ', 'nba_championships': 0.0, 'mvp_awards': 0, 'olympic_gold_medals': 0.0, 'fiba_world_cup': 0.0, 'ID': 91}","[{'table_name': 'player', 'columns': [{'name': 'id', 'type': 'INTEGER', 'primary_key': True}, {'name': 'name', 'type': 'TEXT'}, {'name': 'draft_year', 'type': 'REAL'}, {'name': 'college', 'type': 'TEXT'}, {'name': 'position', 'type': 'TEXT'}]}, {'table_name': 'team', 'columns': [{'name': 'id', 'type': 'INTEGER', 'primary_key': True}, {'name': 'name', 'type': 'TEXT'}]}, {'table_name': 'achievement', 'columns': [{'name': 'id', 'type': 'INTEGER', 'primary_key': True}, {'name': 'player_id', 'type': 'INTEGER', 'foreign_key': True, 'foreign_key_table': 'player', 'foreign_key_column': 'id'}, {'name': 'nba_championships', 'type': 'BOOLEAN'}, {'name': 'mvp_awards', 'type': 'BOOLEAN'}, {'name': 'olympic_gold_medals', 'type': 'BOOLEAN'}]}, {'table_name': 'draft', 'columns': [{'name': 'id', 'type': 'INTEGER', 'primary_key': True}, {'name': 'player_id', 'type': 'INTEGER', 'foreign_key': True, 'foreign_key_table': 'player', 'foreign_key_column': 'id'}, {'name': 'year', 'type': 'INTEGER'}]}]",Player
Player_91,[],"{'name': 'Michael Carter-Williams  ', 'birth_date': '1991/10/10', 'nationality': 'American  ', 'age': 34, 'team': 'Capitanes de Ciudad de M��xico  ', 'position': nan, 'draft_pick': 11.0, 'draft_year': 2013.0, 'college': 'Syracuse Orange  ', 'nba_championships': 0.0, 'mvp_awards': 0, 'olympic_gold_medals': 0.0, 'fiba_world_cup': 0.0, 'ID': 92}","[{'table_name': 'player', 'columns': [{'name': 'id', 'type': 'INTEGER', 'primary_key': True}, {'name': 'name', 'type': 'TEXT'}, {'name': 'draft_year', 'type': 'REAL'}, {'name': 'college', 'type': 'TEXT'}, {'name': 'position', 'type': 'TEXT'}]}, {'table_name': 'team', 'columns': [{'name': 'id', 'type': 'INTEGER', 'primary_key': True}, {'name': 'name', 'type': 'TEXT'}]}, {'table_name': 'achievement', 'columns': [{'name': 'id', 'type': 'INTEGER', 'primary_key': True}, {'name': 'player_id', 'type': 'INTEGER', 'foreign_key': True, 'foreign_key_table': 'player', 'foreign_key_column': 'id'}, {'name': 'nba_championships', 'type': 'BOOLEAN'}, {'name': 'mvp_awards', 'type': 'BOOLEAN'}, {'name': 'olympic_gold_medals', 'type': 'BOOLEAN'}]}, {'table_name': 'draft', 'columns': [{'name': 'id', 'type': 'INTEGER', 'primary_key': True}, {'name': 'player_id', 'type': 'INTEGER', 'foreign_key': True, 'foreign_key_table': 'player', 'foreign_key_column': 'id'}, {'name': 'year', 'type': 'INTEGER'}]}]",Player
Player_92,[],"{'name': 'Dennis Schr?der', 'birth_date': '1993/9/15', 'nationality': 'German', 'age': 32, 'team': 'Brooklyn Nets', 'position': nan, 'draft_pick': 17.0, 'draft_year': 2013.0, 'college': nan, 'nba_championships': 0.0, 'mvp_awards': 0, 'olympic_gold_medals': 0.0, 'fiba_world_cup': 1.0, 'ID': 93}","[{'table_name': 'player', 'columns': [{'name': 'id', 'type': 'INTEGER', 'primary_key': True}, {'name': 'name', 'type': 'TEXT'}, {'name': 'draft_year', 'type': 'REAL'}, {'name': 'college', 'type': 'TEXT'}, {'name': 'position', 'type': 'TEXT'}]}, {'table_name': 'team', 'columns': [{'name': 'id', 'type': 'INTEGER', 'primary_key': True}, {'name': 'name', 'type': 'TEXT'}]}, {'table_name': 'achievement', 'columns': [{'name': 'id', 'type': 'INTEGER', 'primary_key': True}, {'name': 'player_id', 'type': 'INTEGER', 'foreign_key': True, 'foreign_key_table': 'player', 'foreign_key_column': 'id'}, {'name': 'nba_championships', 'type': 'BOOLEAN'}, {'name': 'mvp_awards', 'type': 'BOOLEAN'}, {'name': 'olympic_gold_medals', 'type': 'BOOLEAN'}]}, {'table_name': 'draft', 'columns': [{'name': 'id', 'type': 'INTEGER', 'primary_key': True}, {'name': 'player_id', 'type': 'INTEGER', 'foreign_key': True, 'foreign_key_table': 'player', 'foreign_key_column': 'id'}, {'name': 'year', 'type': 'INTEGER'}]}]",Player
Player_93,[],"{'name': 'Jack Parr  ', 'birth_date': '1936/3/13', 'nationality': 'American  ', 'age': 89, 'team': 'Cincinnati Royals  ', 'position': nan, 'draft_pick': 10.0, 'draft_year': 1958.0, 'college': 'Kansas State University  ', 'nba_championships': 0.0, 'mvp_awards': 0, 'olympic_gold_medals': 0.0, 'fiba_world_cup': 0.0, 'ID': 94}","[{'table_name': 'player', 'columns': [{'name': 'id', 'type': 'INTEGER', 'primary_key': True}, {'name': 'name', 'type': 'TEXT'}, {'name': 'draft_year', 'type': 'REAL'}, {'name': 'college', 'type': 'TEXT'}, {'name': 'position', 'type': 'TEXT'}]}, {'table_name': 'team', 'columns': [{'name': 'id', 'type': 'INTEGER', 'primary_key': True}, {'name': 'name', 'type': 'TEXT'}]}, {'table_name': 'achievement', 'columns': [{'name': 'id', 'type': 'INTEGER', 'primary_key': True}, {'name': 'player_id', 'type': 'INTEGER', 'foreign_key': True, 'foreign_key_table': 'player', 'foreign_key_column': 'id'}, {'name': 'nba_championships', 'type': 'BOOLEAN'}, {'name': 'mvp_awards', 'type': 'BOOLEAN'}, {'name': 'olympic_gold_medals', 'type': 'BOOLEAN'}]}, {'table_name': 'draft', 'columns': [{'name': 'id', 'type': 'INTEGER', 'primary_key': True}, {'name': 'player_id', 'type': 'INTEGER', 'foreign_key': True, 'foreign_key_table': 'player', 'foreign_key_column': 'id'}, {'name': 'year', 'type': 'INTEGER'}]}]",Player
Player_94,[],"{'name': 'Monti Davis DaMon William ""Monti"" Davis  ', 'birth_date': '1958/7/26', 'nationality': 'American  ', 'age': 67, 'team': 'Dallas Mavericks  ', 'position': 'Frontcourt', 'draft_pick': 21.0, 'draft_year': 1980.0, 'college': 'Tennessee State University  ', 'nba_championships': 0.0, 'mvp_awards': 0, 'olympic_gold_medals': 0.0, 'fiba_world_cup': 0.0, 'ID': 95}","[{'table_name': 'player', 'columns': [{'name': 'id', 'type': 'INTEGER', 'primary_key': True}, {'name': 'name', 'type': 'TEXT'}, {'name': 'draft_year', 'type': 'REAL'}, {'name': 'college', 'type': 'TEXT'}, {'name': 'position', 'type': 'TEXT'}]}, {'table_name': 'team', 'columns': [{'name': 'id', 'type': 'INTEGER', 'primary_key': True}, {'name': 'name', 'type': 'TEXT'}]}, {'table_name': 'achievement', 'columns': [{'name': 'id', 'type': 'INTEGER', 'primary_key': True}, {'name': 'player_id', 'type': 'INTEGER', 'foreign_key': True, 'foreign_key_table': 'player', 'foreign_key_column': 'id'}, {'name': 'nba_championships', 'type': 'BOOLEAN'}, {'name': 'mvp_awards', 'type': 'BOOLEAN'}, {'name': 'olympic_gold_medals', 'type': 'BOOLEAN'}]}, {'table_name': 'draft', 'columns': [{'name': 'id', 'type': 'INTEGER', 'primary_key': True}, {'name': 'player_id', 'type': 'INTEGER', 'foreign_key': True, 'foreign_key_table': 'player', 'foreign_key_column': 'id'}, {'name': 'year', 'type': 'INTEGER'}]}]",Player
Player_95,[],"{'name': 'Eric Johnson Jones  ', 'birth_date': '1966/2/7', 'nationality': 'American-Spanish  ', 'age': 59, 'team': 'Utah Jazz  ', 'position': nan, 'draft_pick': 0.0, 'draft_year': 0.0, 'college': ' ', 'nba_championships': 0.0, 'mvp_awards': 0, 'olympic_gold_medals': 0.0, 'fiba_world_cup': 0.0, 'ID': 96}","[{'table_name': 'player', 'columns': [{'name': 'id', 'type': 'INTEGER', 'primary_key': True}, {'name': 'name', 'type': 'TEXT'}, {'name': 'draft_year', 'type': 'REAL'}, {'name': 'college', 'type': 'TEXT'}, {'name': 'position', 'type': 'TEXT'}]}, {'table_name': 'team', 'columns': [{'name': 'id', 'type': 'INTEGER', 'primary_key': True}, {'name': 'name', 'type': 'TEXT'}]}, {'table_name': 'achievement', 'columns': [{'name': 'id', 'type': 'INTEGER', 'primary_key': True}, {'name': 'player_id', 'type': 'INTEGER', 'foreign_key': True, 'foreign_key_table': 'player', 'foreign_key_column': 'id'}, {'name': 'nba_championships', 'type': 'BOOLEAN'}, {'name': 'mvp_awards', 'type': 'BOOLEAN'}, {'name': 'olympic_gold_medals', 'type': 'BOOLEAN'}]}, {'table_name': 'draft', 'columns': [{'name': 'id', 'type': 'INTEGER', 'primary_key': True}, {'name': 'player_id', 'type': 'INTEGER', 'foreign_key': True, 'foreign_key_table': 'player', 'foreign_key_column': 'id'}, {'name': 'year', 'type': 'INTEGER'}]}]",Player
Player_96,[],"{'name': 'Sidney Harold Tanenbaum', 'birth_date': '1925/10/8', 'nationality': 'American', 'age': 100, 'team': 'Baltimore Bullets', 'position': 'Backcourt', 'draft_pick': 0.0, 'draft_year': 0.0, 'college': 'New York University', 'nba_championships': 0.0, 'mvp_awards': 0, 'olympic_gold_medals': 0.0, 'fiba_world_cup': 0.0, 'ID': 97}","[{'table_name': 'player', 'columns': [{'name': 'id', 'type': 'INTEGER', 'primary_key': True}, {'name': 'name', 'type': 'TEXT'}, {'name': 'draft_year', 'type': 'REAL'}, {'name': 'college', 'type': 'TEXT'}, {'name': 'position', 'type': 'TEXT'}]}, {'table_name': 'team', 'columns': [{'name': 'id', 'type': 'INTEGER', 'primary_key': True}, {'name': 'name', 'type': 'TEXT'}]}, {'table_name': 'achievement', 'columns': [{'name': 'id', 'type': 'INTEGER', 'primary_key': True}, {'name': 'player_id', 'type': 'INTEGER', 'foreign_key': True, 'foreign_key_table': 'player', 'foreign_key_column': 'id'}, {'name': 'nba_championships', 'type': 'BOOLEAN'}, {'name': 'mvp_awards', 'type': 'BOOLEAN'}, {'name': 'olympic_gold_medals', 'type': 'BOOLEAN'}]}, {'table_name': 'draft', 'columns': [{'name': 'id', 'type': 'INTEGER', 'primary_key': True}, {'name': 'player_id', 'type': 'INTEGER', 'foreign_key': True, 'foreign_key_table': 'player', 'foreign_key_column': 'id'}, {'name': 'year', 'type': 'INTEGER'}]}]",Player
Player_97,[],"{'name': 'Trayce Jackson-Davis  ', 'birth_date': '2000/2/22', 'nationality': 'American  ', 'age': 25, 'team': 'Golden State Warriors  ', 'position': nan, 'draft_pick': 57.0, 'draft_year': 2023.0, 'college': 'Indiana Hoosiers  ', 'nba_championships': 0.0, 'mvp_awards': 0, 'olympic_gold_medals': 0.0, 'fiba_world_cup': 0.0, 'ID': 98}","[{'table_name': 'player', 'columns': [{'name': 'id', 'type': 'INTEGER', 'primary_key': True}, {'name': 'name', 'type': 'TEXT'}, {'name': 'draft_year', 'type': 'REAL'}, {'name': 'college', 'type': 'TEXT'}, {'name': 'position', 'type': 'TEXT'}]}, {'table_name': 'team', 'columns': [{'name': 'id', 'type': 'INTEGER', 'primary_key': True}, {'name': 'name', 'type': 'TEXT'}]}, {'table_name': 'achievement', 'columns': [{'name': 'id', 'type': 'INTEGER', 'primary_key': True}, {'name': 'player_id', 'type': 'INTEGER', 'foreign_key': True, 'foreign_key_table': 'player', 'foreign_key_column': 'id'}, {'name': 'nba_championships', 'type': 'BOOLEAN'}, {'name': 'mvp_awards', 'type': 'BOOLEAN'}, {'name': 'olympic_gold_medals', 'type': 'BOOLEAN'}]}, {'table_name': 'draft', 'columns': [{'name': 'id', 'type': 'INTEGER', 'primary_key': True}, {'name': 'player_id', 'type': 'INTEGER', 'foreign_key': True, 'foreign_key_table': 'player', 'foreign_key_column': 'id'}, {'name': 'year', 'type': 'INTEGER'}]}]",Player
Player_98,[],"{'name': 'Andre Jamal Drummond', 'birth_date': '1993/8/10', 'nationality': 'American', 'age': 32, 'team': 'Philadelphia 76ers', 'position': 'Frontcourt', 'draft_pick': 9.0, 'draft_year': 2012.0, 'college': 'University of Connecticut', 'nba_championships': 0.0, 'mvp_awards': 0, 'olympic_gold_medals': 0.0, 'fiba_world_cup': 1.0, 'ID': 99}","[{'table_name': 'player', 'columns': [{'name': 'id', 'type': 'INTEGER', 'primary_key': True}, {'name': 'name', 'type': 'TEXT'}, {'name': 'draft_year', 'type': 'REAL'}, {'name': 'college', 'type': 'TEXT'}, {'name': 'position', 'type': 'TEXT'}]}, {'table_name': 'team', 'columns': [{'name': 'id', 'type': 'INTEGER', 'primary_key': True}, {'name': 'name', 'type': 'TEXT'}]}, {'table_name': 'achievement', 'columns': [{'name': 'id', 'type': 'INTEGER', 'primary_key': True}, {'name': 'player_id', 'type': 'INTEGER', 'foreign_key': True, 'foreign_key_table': 'player', 'foreign_key_column': 'id'}, {'name': 'nba_championships', 'type': 'BOOLEAN'}, {'name': 'mvp_awards', 'type': 'BOOLEAN'}, {'name': 'olympic_gold_medals', 'type': 'BOOLEAN'}]}, {'table_name': 'draft', 'columns': [{'name': 'id', 'type': 'INTEGER', 'primary_key': True}, {'name': 'player_id', 'type': 'INTEGER', 'foreign_key': True, 'foreign_key_table': 'player', 'foreign_key_column': 'id'}, {'name': 'year', 'type': 'INTEGER'}]}]",Player
Player_99,[],"{'name': 'Chavano Rainer ""Buddy"" Hield', 'birth_date': '1992/12/17', 'nationality': 'Bahamian', 'age': 33, 'team': 'Golden State Warriors', 'position': nan, 'draft_pick': 6.0, 'draft_year': 2016.0, 'college': 'Oklahoma Sooners', 'nba_championships': 0.0, 'mvp_awards': 0, 'olympic_gold_medals': 0.0, 'fiba_world_cup': 0.0, 'ID': 100}","[{'table_name': 'player', 'columns': [{'name': 'id', 'type': 'INTEGER', 'primary_key': True}, {'name': 'name', 'type': 'TEXT'}, {'name': 'draft_year', 'type': 'REAL'}, {'name': 'college', 'type': 'TEXT'}, {'name': 'position', 'type': 'TEXT'}]}, {'table_name': 'team', 'columns': [{'name': 'id', 'type': 'INTEGER', 'primary_key': True}, {'name': 'name', 'type': 'TEXT'}]}, {'table_name': 'achievement', 'columns': [{'name': 'id', 'type': 'INTEGER', 'primary_key': True}, {'name': 'player_id', 'type': 'INTEGER', 'foreign_key': True, 'foreign_key_table': 'player', 'foreign_key_column': 'id'}, {'name': 'nba_championships', 'type': 'BOOLEAN'}, {'name': 'mvp_awards', 'type': 'BOOLEAN'}, {'name': 'olympic_gold_medals', 'type': 'BOOLEAN'}]}, {'table_name': 'draft', 'columns': [{'name': 'id', 'type': 'INTEGER', 'primary_key': True}, {'name': 'player_id', 'type': 'INTEGER', 'foreign_key': True, 'foreign_key_table': 'player', 'foreign_key_column': 'id'}, {'name': 'year', 'type': 'INTEGER'}]}]",Player
