system,qid,structure_f2,cell_f1_20,pred_rows,gold_rows,product,label
unlimited@0,attr:Splits/train.sql#25:064206d5,0.0,0.0,1,16,0.0,structure
unlimited@0,attr:cspaper_groupby20:q7:b314afb6,0.8333333333333335,0.09523809523809525,10,11,0.0794,structure
unlimited@0,attr:Splits/train.sql#17:218d9884,1.0,0.0,2,2,0.0,values
unlimited@0,attr:Splits/dev.sql#3:8bb9c06d,0.03378378378378378,0.038461538461538464,20,32,0.0013,structure
unlimited@0,attr:Agg/agg_queries_CSPaper.sql#9:027f6bb8,0.5263157894736842,0.0,3,4,0.0,structure
unlimited@0,attr:Mixed/mixed_queries.sql#5:59eb2368,0.3378378378378379,0.2608695652173913,6,17,0.0881,structure
unlimited@0,attr:cspaper_filter20:q12:83e559e1,0.8333333333333334,0.0,2,1,0.0,structure
unlimited@0,attr:cspaper_filter20:q18:f652a758,0.5555555555555556,0.0,1,2,0.0,structure
unlimited@0,attr:Splits/train.sql#17:d0aa811e,0.75,0.5,4,4,0.375,structure
unlimited@0,attr:cspaper_filter20:q12:fd292b75,1.0,0.0,2,2,0.0,values
unlimited@0,attr:cspaper_groupby20:q4:246aa029,0.7894736842105263,0.0,3,4,0.0,structure
unlimited@0,attr:cspaper_groupby20:q7:a2206701,0.7894736842105263,0.4761904761904762,9,12,0.3759,structure
unlimited@0,attr:Splits/train.sql#12:824349bd,0.7142857142857142,0.0,2,3,0.0,structure
unlimited@0,attr:Splits/dev.sql#4:15befc14,0.0,0.0,0,1,0.0,no rows
unlimited@0,attr:Agg/agg_queries_CSPaper.sql#9:2f217401,0.625,0.4444444444444445,4,5,0.2778,structure
unlimited@0,attr:Splits/dev.sql#4:939f67af,0.625,0.4444444444444445,4,5,0.2778,structure
unlimited@0,attr:Splits/train.sql#16:53ce6e40,0.0,0.0,0,1,0.0,no rows
unlimited@0,attr:Splits/test.sql#8:aadb873e,0.0,0.0,0,1,0.0,no rows
unlimited@0,attr:cspaper_agg20:q16:2a7cdcfd,0.6521739130434783,0.5,3,5,0.3261,structure
unlimited@0,attr:cspaper_groupby20:q4:9377abe8,1.0,0.25,4,4,0.25,values
unlimited@0,attr:cspaper_groupby20:q15:ff8e7ff0,1.0,0.0,4,4,0.0,values
unlimited@0,attr:Splits/train.sql#25:388b209c,0.5952380952380952,0.26666666666666666,6,9,0.1587,structure
unlimited@0,attr:cspaper_filter20:q5:2b72568b,1.0,0.5,6,6,0.5,values
unlimited@0,attr:cspaper_agg20:q15:eaf15557,1.0,0.0,2,2,0.0,values
unlimited@0,attr:Splits/train.sql#16:ec7ab067,0.0,0.0,0,1,0.0,no rows
unlimited@0,attr:Splits/dev.sql#4:b89c6e49,0.0,0.0,0,1,0.0,no rows
unlimited@0,attr:cspaper_agg20:q10:5af6ad8a,1.0,0.0,2,2,0.0,values
unlimited@0,attr:cspaper_agg20:q16:b9b424ac,0.7142857142857142,0.0,2,3,0.0,structure
unlimited@0,attr:cspaper_agg20:q15:916d1768,1.0,0.0,2,2,0.0,values
unlimited@0,attr:cspaper_groupby20:q13:52410a8e,0.9615384615384615,0.3636363636363636,12,10,0.3497,structure
unlimited@0,attr:cspaper_agg20:q1:942b0337,1.0,0.0,2,2,0.0,values
unlimited@0,attr:cspaper_filter20:q5:e03b81a3,1.0,0.16666666666666666,6,6,0.1667,values
unlimited@0,attr:Splits/train.sql#16:c0256576,0.03597122302158273,0.04081632653061225,19,30,0.0015,structure
unlimited@0,attr:cspaper_filter20:q18:f6bc9cb0,0.5555555555555556,0.0,1,2,0.0,structure
unlimited@0,attr:Splits/test.sql#8:32466102,0.0,0.0,0,1,0.0,no rows
unlimited@0,attr:Splits/train.sql#12:5ea1aae0,0.7142857142857142,0.0,2,3,0.0,structure
unlimited@0,attr:cspaper_groupby20:q13:8d6b41fc,1.0,0.75,12,12,0.75,values
unlimited@0,attr:Agg/agg_queries_CSPaper.sql#7:0650079a,0.5263157894736842,0.0,3,4,0.0,structure
unlimited@0,attr:cspaper_filter20:q12:3a65f76d,1.0,0.5,2,2,0.5,values
unlimited@0,attr:Splits/train.sql#25:5c5b4aac,0.0,0.0,2,13,0.0,structure
unlimited@0,attr:cspaper_filter20:q5:40343233,1.0,0.6666666666666666,6,6,0.6667,values
unlimited@0,attr:Agg/agg_queries_CSPaper.sql#7:e3e53bd0,0.625,0.0,4,5,0.0,structure
unlimited@0,attr:cspaper_groupby20:q15:280e3463,0.8333333333333334,0.888888888888889,4,5,0.7407,structure
unlimited@0,attr:Mixed/mixed_queries.sql#5:6606cc83,0.3378378378378379,0.2608695652173913,6,17,0.0881,structure
unlimited@0,attr:Splits/test.sql#8:29763641,0.43478260869565216,0.25,3,5,0.1087,structure
unlimited@0,attr:Splits/train.sql#17:d25c0c43,0.5555555555555556,0.0,1,2,0.0,structure
unlimited@0,attr:cspaper_filter20:q18:b276b914,1.0,0.0,2,2,0.0,values
unlimited@0,attr:cspaper_agg20:q10:811f750d,1.0,0.0,2,2,0.0,values
unlimited@0,attr:cspaper_agg20:q10:4da166e6,1.0,0.0,2,2,0.0,values
unlimited@0,attr:cspaper_groupby20:q7:4ef2e760,0.8620689655172415,0.9090909090909091,10,12,0.7837,structure
unlimited@0,attr:cspaper_agg20:q15:7c9df18e,1.0,0.0,2,2,0.0,values
unlimited@0,attr:Mixed/mixed_queries.sql#5:9179be86,0.05,0.05000000000000001,20,20,0.0025,structure
unlimited@0,attr:Splits/train.sql#12:2e779d08,0.6666666666666666,0.0,3,3,0.0,structure
unlimited@0,attr:Agg/agg_queries_CSPaper.sql#9:3d06e8e9,0.625,0.4444444444444445,4,5,0.2778,structure
unlimited@0,attr:cspaper_groupby20:q13:604946a6,1.0,0.5833333333333334,12,12,0.5833,values
unlimited@0,attr:cspaper_groupby20:q15:865a4db4,0.8333333333333334,0.22222222222222224,4,5,0.1852,structure
unlimited@0,attr:cspaper_groupby20:q4:35c72e2d,0.7894736842105263,0.0,3,4,0.0,structure
unlimited@0,attr:cspaper_agg20:q1:86682092,1.0,0.0,2,2,0.0,values
unlimited@0,attr:Splits/dev.sql#3:31211915,0.0,0.0,5,33,0.0,structure
unlimited@100,attr:Splits/train.sql#25:064206d5,0.0,0.0,1,16,0.0,structure
unlimited@100,attr:cspaper_groupby20:q7:b314afb6,0.8333333333333335,0.380952380952381,10,11,0.3175,structure
unlimited@100,attr:Splits/train.sql#17:218d9884,1.0,0.0,2,2,0.0,values
unlimited@100,attr:Splits/dev.sql#3:8bb9c06d,0.0,0.0,9,32,0.0,structure
unlimited@100,attr:Agg/agg_queries_CSPaper.sql#9:027f6bb8,0.5555555555555556,0.0,2,4,0.0,structure
unlimited@100,attr:Mixed/mixed_queries.sql#5:59eb2368,0.3378378378378379,0.2608695652173913,6,17,0.0881,structure
unlimited@100,attr:cspaper_filter20:q12:83e559e1,0.8333333333333334,0.0,2,1,0.0,structure
unlimited@100,attr:cspaper_filter20:q18:f652a758,0.5555555555555556,0.0,1,2,0.0,structure
unlimited@100,attr:Splits/train.sql#17:d0aa811e,0.75,0.5,4,4,0.375,structure
unlimited@100,attr:cspaper_filter20:q12:fd292b75,1.0,0.0,2,2,0.0,values
unlimited@100,attr:cspaper_groupby20:q4:246aa029,1.0,0.25,4,4,0.25,values
unlimited@100,attr:cspaper_groupby20:q7:a2206701,0.7894736842105263,0.5714285714285715,9,12,0.4511,structure
unlimited@100,attr:Splits/train.sql#12:824349bd,0.7142857142857142,0.0,2,3,0.0,structure
unlimited@100,attr:Splits/dev.sql#4:15befc14,0.0,0.0,0,1,0.0,no rows
unlimited@100,attr:Agg/agg_queries_CSPaper.sql#9:2f217401,0.625,0.4444444444444445,4,5,0.2778,structure
unlimited@100,attr:Splits/dev.sql#4:939f67af,0.8,0.6,5,5,0.48,structure
unlimited@100,attr:Splits/train.sql#16:53ce6e40,0.0,0.0,0,1,0.0,no rows
unlimited@100,attr:Splits/test.sql#8:aadb873e,0.0,0.0,0,1,0.0,no rows
unlimited@100,attr:cspaper_agg20:q16:2a7cdcfd,0.8333333333333334,0.6666666666666665,4,5,0.5556,structure
unlimited@100,attr:cspaper_groupby20:q4:9377abe8,0.7894736842105263,0.28571428571428575,3,4,0.2256,structure
unlimited@100,attr:cspaper_groupby20:q15:ff8e7ff0,1.0,0.5,4,4,0.5,values
unlimited@100,attr:Splits/train.sql#25:388b209c,0.5952380952380952,0.13333333333333333,6,9,0.0794,structure
unlimited@100,attr:cspaper_filter20:q5:2b72568b,1.0,0.3333333333333333,6,6,0.3333,values
unlimited@100,attr:cspaper_agg20:q15:eaf15557,1.0,0.0,2,2,0.0,values
unlimited@100,attr:Splits/train.sql#16:ec7ab067,0.0,0.0,0,1,0.0,no rows
unlimited@100,attr:Splits/dev.sql#4:b89c6e49,0.0,0.0,0,1,0.0,no rows
unlimited@100,attr:cspaper_agg20:q10:5af6ad8a,1.0,0.0,2,2,0.0,values
unlimited@100,attr:cspaper_agg20:q16:b9b424ac,0.7142857142857142,0.0,2,3,0.0,structure
unlimited@100,attr:cspaper_agg20:q15:916d1768,1.0,0.0,2,2,0.0,values
unlimited@100,attr:cspaper_groupby20:q13:52410a8e,0.8999999999999999,0.20000000000000004,10,10,0.18,structure
unlimited@100,attr:cspaper_agg20:q1:942b0337,1.0,0.0,2,2,0.0,values
unlimited@100,attr:cspaper_filter20:q5:e03b81a3,1.0,0.0,6,6,0.0,values
unlimited@100,attr:Splits/train.sql#16:c0256576,0.0,0.0,9,30,0.0,structure
unlimited@100,attr:cspaper_filter20:q18:f6bc9cb0,0.5555555555555556,0.0,1,2,0.0,structure
unlimited@100,attr:Splits/test.sql#8:32466102,0.0,0.0,0,1,0.0,no rows
unlimited@100,attr:Splits/train.sql#12:5ea1aae0,0.7142857142857142,0.0,2,3,0.0,structure
unlimited@100,attr:cspaper_groupby20:q13:8d6b41fc,0.9322033898305083,0.6956521739130435,11,12,0.6485,structure
unlimited@100,attr:Agg/agg_queries_CSPaper.sql#7:0650079a,0.5555555555555556,0.0,2,4,0.0,structure
unlimited@100,attr:cspaper_filter20:q12:3a65f76d,1.0,0.5,2,2,0.5,values
unlimited@100,attr:Splits/train.sql#25:5c5b4aac,0.0,0.0,2,13,0.0,structure
unlimited@100,attr:cspaper_filter20:q5:40343233,0.8620689655172415,0.5454545454545454,5,6,0.4702,structure
unlimited@100,attr:Agg/agg_queries_CSPaper.sql#7:e3e53bd0,0.8,0.20000000000000004,5,5,0.16,structure
unlimited@100,attr:cspaper_groupby20:q15:280e3463,0.8333333333333334,0.6666666666666665,4,5,0.5556,structure
unlimited@100,attr:Mixed/mixed_queries.sql#5:6606cc83,0.3378378378378379,0.2608695652173913,6,17,0.0881,structure
unlimited@100,attr:Splits/test.sql#8:29763641,0.625,0.4444444444444445,4,5,0.2778,structure
unlimited@100,attr:Splits/train.sql#17:d25c0c43,1.0,0.0,2,2,0.0,values
unlimited@100,attr:cspaper_filter20:q18:b276b914,0.5555555555555556,0.0,1,2,0.0,structure
unlimited@100,attr:cspaper_agg20:q10:811f750d,1.0,0.0,2,2,0.0,values
unlimited@100,attr:cspaper_agg20:q10:4da166e6,1.0,0.0,2,2,0.0,values
unlimited@100,attr:cspaper_groupby20:q7:4ef2e760,0.7894736842105263,0.6666666666666666,9,12,0.5263,structure
unlimited@100,attr:cspaper_agg20:q15:7c9df18e,1.0,0.0,2,2,0.0,values
unlimited@100,attr:Mixed/mixed_queries.sql#5:9179be86,0.0,0.0,9,20,0.0,structure
unlimited@100,attr:Splits/train.sql#12:2e779d08,0.7142857142857142,0.0,2,3,0.0,structure
unlimited@100,attr:Agg/agg_queries_CSPaper.sql#9:3d06e8e9,0.8,0.6,5,5,0.48,structure
unlimited@100,attr:cspaper_groupby20:q13:604946a6,1.0,0.6666666666666666,12,12,0.6667,values
unlimited@100,attr:cspaper_groupby20:q15:865a4db4,0.8333333333333334,0.6666666666666665,4,5,0.5556,structure
unlimited@100,attr:cspaper_groupby20:q4:35c72e2d,0.7894736842105263,0.0,3,4,0.0,structure
unlimited@100,attr:cspaper_agg20:q1:86682092,1.0,0.0,2,2,0.0,values
unlimited@100,attr:Splits/dev.sql#3:31211915,0.0,0.0,5,33,0.0,structure
unlimited@25,attr:Splits/train.sql#25:064206d5,0.0,0.0,1,16,0.0,structure
unlimited@25,attr:cspaper_groupby20:q7:b314afb6,0.8333333333333335,0.380952380952381,10,11,0.3175,structure
unlimited@25,attr:Splits/train.sql#17:218d9884,1.0,0.0,2,2,0.0,values
unlimited@25,attr:Splits/dev.sql#3:8bb9c06d,0.03378378378378378,0.038461538461538464,20,32,0.0013,structure
unlimited@25,attr:Agg/agg_queries_CSPaper.sql#9:027f6bb8,0.5263157894736842,0.0,3,4,0.0,structure
unlimited@25,attr:Mixed/mixed_queries.sql#5:59eb2368,0.3378378378378379,0.2608695652173913,6,17,0.0881,structure
unlimited@25,attr:cspaper_filter20:q12:83e559e1,0.8333333333333334,0.0,2,1,0.0,structure
unlimited@25,attr:cspaper_filter20:q18:f652a758,0.5555555555555556,0.0,1,2,0.0,structure
unlimited@25,attr:Splits/train.sql#17:d0aa811e,0.7142857142857143,0.4444444444444445,5,4,0.3175,structure
unlimited@25,attr:cspaper_filter20:q12:fd292b75,1.0,0.0,2,2,0.0,values
unlimited@25,attr:cspaper_groupby20:q4:246aa029,0.7894736842105263,0.0,3,4,0.0,structure
unlimited@25,attr:cspaper_groupby20:q7:a2206701,0.7894736842105263,0.4761904761904762,9,12,0.3759,structure
unlimited@25,attr:Splits/train.sql#12:824349bd,0.7142857142857142,0.0,2,3,0.0,structure
unlimited@25,attr:Splits/dev.sql#4:15befc14,0.0,0.0,0,1,0.0,no rows
unlimited@25,attr:Agg/agg_queries_CSPaper.sql#9:2f217401,0.625,0.4444444444444445,4,5,0.2778,structure
unlimited@25,attr:Splits/dev.sql#4:939f67af,0.8,0.4000000000000001,5,5,0.32,structure
unlimited@25,attr:Splits/train.sql#16:53ce6e40,0.0,0.0,0,1,0.0,no rows
unlimited@25,attr:Splits/test.sql#8:aadb873e,0.0,0.0,0,1,0.0,no rows
unlimited@25,attr:cspaper_agg20:q16:2a7cdcfd,0.8333333333333334,0.6666666666666665,4,5,0.5556,structure
unlimited@25,attr:cspaper_groupby20:q4:9377abe8,1.0,0.25,4,4,0.25,values
unlimited@25,attr:cspaper_groupby20:q15:ff8e7ff0,1.0,0.5,4,4,0.5,values
unlimited@25,attr:Splits/train.sql#25:388b209c,0.5952380952380952,0.26666666666666666,6,9,0.1587,structure
unlimited@25,attr:cspaper_filter20:q5:2b72568b,1.0,0.5,6,6,0.5,values
unlimited@25,attr:cspaper_agg20:q15:eaf15557,1.0,0.0,2,2,0.0,values
unlimited@25,attr:Splits/train.sql#16:ec7ab067,0.0,0.0,0,1,0.0,no rows
unlimited@25,attr:Splits/dev.sql#4:b89c6e49,0.0,0.0,0,1,0.0,no rows
unlimited@25,attr:cspaper_agg20:q10:5af6ad8a,1.0,0.0,2,2,0.0,values
unlimited@25,attr:cspaper_agg20:q16:b9b424ac,0.7142857142857142,0.0,2,3,0.0,structure
unlimited@25,attr:cspaper_agg20:q15:916d1768,1.0,0.0,2,2,0.0,values
unlimited@25,attr:cspaper_groupby20:q13:52410a8e,0.980392156862745,0.1904761904761905,11,10,0.1867,structure
unlimited@25,attr:cspaper_agg20:q1:942b0337,1.0,0.0,2,2,0.0,values
unlimited@25,attr:cspaper_filter20:q5:e03b81a3,1.0,0.0,6,6,0.0,values
unlimited@25,attr:Splits/train.sql#16:c0256576,0.03597122302158273,0.04081632653061225,19,30,0.0015,structure
unlimited@25,attr:cspaper_filter20:q18:f6bc9cb0,0.5555555555555556,0.0,1,2,0.0,structure
unlimited@25,attr:Splits/test.sql#8:32466102,0.0,0.0,0,1,0.0,no rows
unlimited@25,attr:Splits/train.sql#12:5ea1aae0,0.7142857142857142,0.0,2,3,0.0,structure
unlimited@25,attr:cspaper_groupby20:q13:8d6b41fc,1.0,0.75,12,12,0.75,values
unlimited@25,attr:Agg/agg_queries_CSPaper.sql#7:0650079a,0.5263157894736842,0.0,3,4,0.0,structure
unlimited@25,attr:cspaper_filter20:q12:3a65f76d,1.0,0.5,2,2,0.5,values
unlimited@25,attr:Splits/train.sql#25:5c5b4aac,0.0,0.0,2,13,0.0,structure
unlimited@25,attr:cspaper_filter20:q5:40343233,1.0,0.6666666666666666,6,6,0.6667,values
unlimited@25,attr:Agg/agg_queries_CSPaper.sql#7:e3e53bd0,0.8,0.0,5,5,0.0,structure
unlimited@25,attr:cspaper_groupby20:q15:280e3463,0.8333333333333334,0.888888888888889,4,5,0.7407,structure
unlimited@25,attr:Mixed/mixed_queries.sql#5:6606cc83,0.3378378378378379,0.2608695652173913,6,17,0.0881,structure
unlimited@25,attr:Splits/test.sql#8:29763641,0.8,0.6,5,5,0.48,structure
unlimited@25,attr:Splits/train.sql#17:d25c0c43,0.5555555555555556,0.0,1,2,0.0,structure
unlimited@25,attr:cspaper_filter20:q18:b276b914,1.0,0.0,2,2,0.0,values
unlimited@25,attr:cspaper_agg20:q10:811f750d,1.0,0.0,2,2,0.0,values
unlimited@25,attr:cspaper_agg20:q10:4da166e6,1.0,0.0,2,2,0.0,values
unlimited@25,attr:cspaper_groupby20:q7:4ef2e760,0.8620689655172415,0.9090909090909091,10,12,0.7837,structure
unlimited@25,attr:cspaper_agg20:q15:7c9df18e,1.0,0.0,2,2,0.0,values
unlimited@25,attr:Mixed/mixed_queries.sql#5:9179be86,0.05,0.05000000000000001,20,20,0.0025,structure
unlimited@25,attr:Splits/train.sql#12:2e779d08,0.6666666666666666,0.0,3,3,0.0,structure
unlimited@25,attr:Agg/agg_queries_CSPaper.sql#9:3d06e8e9,0.8,0.6,5,5,0.48,structure
unlimited@25,attr:cspaper_groupby20:q13:604946a6,1.0,0.5833333333333334,12,12,0.5833,values
unlimited@25,attr:cspaper_groupby20:q15:865a4db4,0.8333333333333334,0.22222222222222224,4,5,0.1852,structure
unlimited@25,attr:cspaper_groupby20:q4:35c72e2d,0.7894736842105263,0.0,3,4,0.0,structure
unlimited@25,attr:cspaper_agg20:q1:86682092,1.0,0.0,2,2,0.0,values
unlimited@25,attr:Splits/dev.sql#3:31211915,0.0,0.0,5,33,0.0,structure
unlimited@50,attr:Splits/train.sql#25:064206d5,0.0,0.0,1,16,0.0,structure
unlimited@50,attr:cspaper_groupby20:q7:b314afb6,0.8333333333333335,0.380952380952381,10,11,0.3175,structure
unlimited@50,attr:Splits/train.sql#17:218d9884,1.0,0.0,2,2,0.0,values
unlimited@50,attr:Splits/dev.sql#3:8bb9c06d,0.03378378378378378,0.038461538461538464,20,32,0.0013,structure
unlimited@50,attr:Agg/agg_queries_CSPaper.sql#9:027f6bb8,0.5263157894736842,0.0,3,4,0.0,structure
unlimited@50,attr:Mixed/mixed_queries.sql#5:59eb2368,0.3378378378378379,0.2608695652173913,6,17,0.0881,structure
unlimited@50,attr:cspaper_filter20:q12:83e559e1,0.8333333333333334,0.0,2,1,0.0,structure
unlimited@50,attr:cspaper_filter20:q18:f652a758,0.5555555555555556,0.0,1,2,0.0,structure
unlimited@50,attr:Splits/train.sql#17:d0aa811e,0.7142857142857143,0.4444444444444445,5,4,0.3175,structure
unlimited@50,attr:cspaper_filter20:q12:fd292b75,1.0,0.0,2,2,0.0,values
unlimited@50,attr:cspaper_groupby20:q4:246aa029,0.7894736842105263,0.0,3,4,0.0,structure
unlimited@50,attr:cspaper_groupby20:q7:a2206701,0.7894736842105263,0.4761904761904762,9,12,0.3759,structure
unlimited@50,attr:Splits/train.sql#12:824349bd,0.7142857142857142,0.0,2,3,0.0,structure
unlimited@50,attr:Splits/dev.sql#4:15befc14,0.0,0.0,0,1,0.0,no rows
unlimited@50,attr:Agg/agg_queries_CSPaper.sql#9:2f217401,0.625,0.4444444444444445,4,5,0.2778,structure
unlimited@50,attr:Splits/dev.sql#4:939f67af,0.8,0.6,5,5,0.48,structure
unlimited@50,attr:Splits/train.sql#16:53ce6e40,0.0,0.0,0,1,0.0,no rows
unlimited@50,attr:Splits/test.sql#8:aadb873e,0.0,0.0,0,1,0.0,no rows
unlimited@50,attr:cspaper_agg20:q16:2a7cdcfd,0.8333333333333334,0.6666666666666665,4,5,0.5556,structure
unlimited@50,attr:cspaper_groupby20:q4:9377abe8,0.7894736842105263,0.28571428571428575,3,4,0.2256,structure
unlimited@50,attr:cspaper_groupby20:q15:ff8e7ff0,1.0,0.25,4,4,0.25,values
unlimited@50,attr:Splits/train.sql#25:388b209c,0.5952380952380952,0.26666666666666666,6,9,0.1587,structure
unlimited@50,attr:cspaper_filter20:q5:2b72568b,1.0,0.5,6,6,0.5,values
unlimited@50,attr:cspaper_agg20:q15:eaf15557,1.0,0.0,2,2,0.0,values
unlimited@50,attr:Splits/train.sql#16:ec7ab067,0.0,0.0,0,1,0.0,no rows
unlimited@50,attr:Splits/dev.sql#4:b89c6e49,0.0,0.0,0,1,0.0,no rows
unlimited@50,attr:cspaper_agg20:q10:5af6ad8a,1.0,0.0,2,2,0.0,values
unlimited@50,attr:cspaper_agg20:q16:b9b424ac,0.7142857142857142,0.0,2,3,0.0,structure
unlimited@50,attr:cspaper_agg20:q15:916d1768,1.0,0.0,2,2,0.0,values
unlimited@50,attr:cspaper_groupby20:q13:52410a8e,0.980392156862745,0.28571428571428564,11,10,0.2801,structure
unlimited@50,attr:cspaper_agg20:q1:942b0337,1.0,0.0,2,2,0.0,values
unlimited@50,attr:cspaper_filter20:q5:e03b81a3,1.0,0.0,6,6,0.0,values
unlimited@50,attr:Splits/train.sql#16:c0256576,0.03597122302158273,0.04081632653061225,19,30,0.0015,structure
unlimited@50,attr:cspaper_filter20:q18:f6bc9cb0,0.5555555555555556,0.0,1,2,0.0,structure
unlimited@50,attr:Splits/test.sql#8:32466102,0.0,0.0,0,1,0.0,no rows
unlimited@50,attr:Splits/train.sql#12:5ea1aae0,0.7142857142857142,0.0,2,3,0.0,structure
unlimited@50,attr:cspaper_groupby20:q13:8d6b41fc,0.9322033898305083,0.7826086956521738,11,12,0.7296,structure
unlimited@50,attr:Agg/agg_queries_CSPaper.sql#7:0650079a,0.5263157894736842,0.0,3,4,0.0,structure
unlimited@50,attr:cspaper_filter20:q12:3a65f76d,1.0,0.5,2,2,0.5,values
unlimited@50,attr:Splits/train.sql#25:5c5b4aac,0.0,0.0,2,13,0.0,structure
unlimited@50,attr:cspaper_filter20:q5:40343233,0.8620689655172415,0.5454545454545454,5,6,0.4702,structure
unlimited@50,attr:Agg/agg_queries_CSPaper.sql#7:e3e53bd0,0.8,0.0,5,5,0.0,structure
unlimited@50,attr:cspaper_groupby20:q15:280e3463,0.8333333333333334,0.6666666666666665,4,5,0.5556,structure
unlimited@50,attr:Mixed/mixed_queries.sql#5:6606cc83,0.3378378378378379,0.2608695652173913,6,17,0.0881,structure
unlimited@50,attr:Splits/test.sql#8:29763641,0.8,0.6,5,5,0.48,structure
unlimited@50,attr:Splits/train.sql#17:d25c0c43,0.5555555555555556,0.0,1,2,0.0,structure
unlimited@50,attr:cspaper_filter20:q18:b276b914,0.5555555555555556,0.0,1,2,0.0,structure
unlimited@50,attr:cspaper_agg20:q10:811f750d,1.0,0.0,2,2,0.0,values
unlimited@50,attr:cspaper_agg20:q10:4da166e6,1.0,0.0,2,2,0.0,values
unlimited@50,attr:cspaper_groupby20:q7:4ef2e760,0.8620689655172415,0.9090909090909091,10,12,0.7837,structure
unlimited@50,attr:cspaper_agg20:q15:7c9df18e,1.0,0.0,2,2,0.0,values
unlimited@50,attr:Mixed/mixed_queries.sql#5:9179be86,0.05,0.05000000000000001,20,20,0.0025,structure
unlimited@50,attr:Splits/train.sql#12:2e779d08,0.6666666666666666,0.0,3,3,0.0,structure
unlimited@50,attr:Agg/agg_queries_CSPaper.sql#9:3d06e8e9,0.8,0.6,5,5,0.48,structure
unlimited@50,attr:cspaper_groupby20:q13:604946a6,1.0,0.5833333333333334,12,12,0.5833,values
unlimited@50,attr:cspaper_groupby20:q15:865a4db4,0.8333333333333334,0.22222222222222224,4,5,0.1852,structure
unlimited@50,attr:cspaper_groupby20:q4:35c72e2d,0.7894736842105263,0.0,3,4,0.0,structure
unlimited@50,attr:cspaper_agg20:q1:86682092,1.0,0.0,2,2,0.0,values
unlimited@50,attr:Splits/dev.sql#3:31211915,0.0,0.0,5,33,0.0,structure
unlimited@75,attr:Splits/train.sql#25:064206d5,0.0,0.0,1,16,0.0,structure
unlimited@75,attr:cspaper_groupby20:q7:b314afb6,0.8333333333333335,0.380952380952381,10,11,0.3175,structure
unlimited@75,attr:Splits/train.sql#17:218d9884,1.0,0.0,2,2,0.0,values
unlimited@75,attr:Splits/dev.sql#3:8bb9c06d,0.03378378378378378,0.038461538461538464,20,32,0.0013,structure
unlimited@75,attr:Agg/agg_queries_CSPaper.sql#9:027f6bb8,0.5263157894736842,0.0,3,4,0.0,structure
unlimited@75,attr:Mixed/mixed_queries.sql#5:59eb2368,0.3378378378378379,0.2608695652173913,6,17,0.0881,structure
unlimited@75,attr:cspaper_filter20:q12:83e559e1,0.8333333333333334,0.0,2,1,0.0,structure
unlimited@75,attr:cspaper_filter20:q18:f652a758,0.5555555555555556,0.0,1,2,0.0,structure
unlimited@75,attr:Splits/train.sql#17:d0aa811e,0.7142857142857143,0.4444444444444445,5,4,0.3175,structure
unlimited@75,attr:cspaper_filter20:q12:fd292b75,1.0,0.0,2,2,0.0,values
unlimited@75,attr:cspaper_groupby20:q4:246aa029,1.0,0.0,4,4,0.0,values
unlimited@75,attr:cspaper_groupby20:q7:a2206701,0.7142857142857142,0.4,8,12,0.2857,structure
unlimited@75,attr:Splits/train.sql#12:824349bd,0.7142857142857142,0.0,2,3,0.0,structure
unlimited@75,attr:Splits/dev.sql#4:15befc14,0.0,0.0,0,1,0.0,no rows
unlimited@75,attr:Agg/agg_queries_CSPaper.sql#9:2f217401,0.625,0.4444444444444445,4,5,0.2778,structure
unlimited@75,attr:Splits/dev.sql#4:939f67af,0.8,0.6,5,5,0.48,structure
unlimited@75,attr:Splits/train.sql#16:53ce6e40,0.0,0.0,0,1,0.0,no rows
unlimited@75,attr:Splits/test.sql#8:aadb873e,0.0,0.0,0,1,0.0,no rows
unlimited@75,attr:cspaper_agg20:q16:2a7cdcfd,0.8333333333333334,0.6666666666666665,4,5,0.5556,structure
unlimited@75,attr:cspaper_groupby20:q4:9377abe8,0.7894736842105263,0.28571428571428575,3,4,0.2256,structure
unlimited@75,attr:cspaper_groupby20:q15:ff8e7ff0,1.0,0.25,4,4,0.25,values
unlimited@75,attr:Splits/train.sql#25:388b209c,0.5952380952380952,0.26666666666666666,6,9,0.1587,structure
unlimited@75,attr:cspaper_filter20:q5:2b72568b,1.0,0.3333333333333333,6,6,0.3333,values
unlimited@75,attr:cspaper_agg20:q15:eaf15557,1.0,0.0,2,2,0.0,values
unlimited@75,attr:Splits/train.sql#16:ec7ab067,0.0,0.0,0,1,0.0,no rows
unlimited@75,attr:Splits/dev.sql#4:b89c6e49,0.0,0.0,0,1,0.0,no rows
unlimited@75,attr:cspaper_agg20:q10:5af6ad8a,1.0,0.0,2,2,0.0,values
unlimited@75,attr:cspaper_agg20:q16:b9b424ac,0.7142857142857142,0.0,2,3,0.0,structure
unlimited@75,attr:cspaper_agg20:q15:916d1768,1.0,0.0,2,2,0.0,values
unlimited@75,attr:cspaper_groupby20:q13:52410a8e,0.980392156862745,0.28571428571428564,11,10,0.2801,structure
unlimited@75,attr:cspaper_agg20:q1:942b0337,1.0,0.0,2,2,0.0,values
unlimited@75,attr:cspaper_filter20:q5:e03b81a3,1.0,0.0,6,6,0.0,values
unlimited@75,attr:Splits/train.sql#16:c0256576,0.03597122302158273,0.04081632653061225,19,30,0.0015,structure
unlimited@75,attr:cspaper_filter20:q18:f6bc9cb0,0.5555555555555556,0.0,1,2,0.0,structure
unlimited@75,attr:Splits/test.sql#8:32466102,0.0,0.0,0,1,0.0,no rows
unlimited@75,attr:Splits/train.sql#12:5ea1aae0,0.7142857142857142,0.0,2,3,0.0,structure
unlimited@75,attr:cspaper_groupby20:q13:8d6b41fc,0.9322033898305083,0.7826086956521738,11,12,0.7296,structure
unlimited@75,attr:Agg/agg_queries_CSPaper.sql#7:0650079a,0.5263157894736842,0.0,3,4,0.0,structure
unlimited@75,attr:cspaper_filter20:q12:3a65f76d,1.0,0.5,2,2,0.5,values
unlimited@75,attr:Splits/train.sql#25:5c5b4aac,0.0,0.0,2,13,0.0,structure
unlimited@75,attr:cspaper_filter20:q5:40343233,0.8620689655172415,0.5454545454545454,5,6,0.4702,structure
unlimited@75,attr:Agg/agg_queries_CSPaper.sql#7:e3e53bd0,0.8,0.0,5,5,0.0,structure
unlimited@75,attr:cspaper_groupby20:q15:280e3463,0.8333333333333334,0.6666666666666665,4,5,0.5556,structure
unlimited@75,attr:Mixed/mixed_queries.sql#5:6606cc83,0.3378378378378379,0.2608695652173913,6,17,0.0881,structure
unlimited@75,attr:Splits/test.sql#8:29763641,0.8,0.6,5,5,0.48,structure
unlimited@75,attr:Splits/train.sql#17:d25c0c43,1.0,0.0,2,2,0.0,values
unlimited@75,attr:cspaper_filter20:q18:b276b914,0.5555555555555556,0.0,1,2,0.0,structure
unlimited@75,attr:cspaper_agg20:q10:811f750d,1.0,0.0,2,2,0.0,values
unlimited@75,attr:cspaper_agg20:q10:4da166e6,1.0,0.0,2,2,0.0,values
unlimited@75,attr:cspaper_groupby20:q7:4ef2e760,0.8620689655172415,0.9090909090909091,10,12,0.7837,structure
unlimited@75,attr:cspaper_agg20:q15:7c9df18e,1.0,0.0,2,2,0.0,values
unlimited@75,attr:Mixed/mixed_queries.sql#5:9179be86,0.05,0.05000000000000001,20,20,0.0025,structure
unlimited@75,attr:Splits/train.sql#12:2e779d08,0.6666666666666666,0.0,3,3,0.0,structure
unlimited@75,attr:Agg/agg_queries_CSPaper.sql#9:3d06e8e9,0.8,0.6,5,5,0.48,structure
unlimited@75,attr:cspaper_groupby20:q13:604946a6,1.0,0.75,12,12,0.75,values
unlimited@75,attr:cspaper_groupby20:q15:865a4db4,0.8333333333333334,0.4444444444444445,4,5,0.3704,structure
unlimited@75,attr:cspaper_groupby20:q4:35c72e2d,0.7894736842105263,0.0,3,4,0.0,structure
unlimited@75,attr:cspaper_agg20:q1:86682092,1.0,0.0,2,2,0.0,values
unlimited@75,attr:Splits/dev.sql#3:31211915,0.0,0.0,5,33,0.0,structure
budget010@0,attr:Splits/train.sql#25:064206d5,0.0,0.0,1,16,0.0,structure
budget010@0,attr:cspaper_groupby20:q7:b314afb6,0.8333333333333335,0.09523809523809525,10,11,0.0794,structure
budget010@0,attr:Splits/train.sql#17:218d9884,1.0,0.0,2,2,0.0,values
budget010@0,attr:Splits/dev.sql#3:8bb9c06d,0.03378378378378378,0.038461538461538464,20,32,0.0013,structure
budget010@0,attr:Agg/agg_queries_CSPaper.sql#9:027f6bb8,0.5263157894736842,0.0,3,4,0.0,structure
budget010@0,attr:Mixed/mixed_queries.sql#5:59eb2368,0.3378378378378379,0.2608695652173913,6,17,0.0881,structure
budget010@0,attr:cspaper_filter20:q12:83e559e1,0.8333333333333334,0.0,2,1,0.0,structure
budget010@0,attr:cspaper_filter20:q18:f652a758,0.5555555555555556,0.0,1,2,0.0,structure
budget010@0,attr:Splits/train.sql#17:d0aa811e,0.75,0.5,4,4,0.375,structure
budget010@0,attr:cspaper_filter20:q12:fd292b75,1.0,0.0,2,2,0.0,values
budget010@0,attr:cspaper_groupby20:q4:246aa029,0.7894736842105263,0.0,3,4,0.0,structure
budget010@0,attr:cspaper_groupby20:q7:a2206701,0.7894736842105263,0.4761904761904762,9,12,0.3759,structure
budget010@0,attr:Splits/train.sql#12:824349bd,0.7142857142857142,0.0,2,3,0.0,structure
budget010@0,attr:Splits/dev.sql#4:15befc14,0.0,0.0,0,1,0.0,no rows
budget010@0,attr:Agg/agg_queries_CSPaper.sql#9:2f217401,0.625,0.4444444444444445,4,5,0.2778,structure
budget010@0,attr:Splits/dev.sql#4:939f67af,0.625,0.4444444444444445,4,5,0.2778,structure
budget010@0,attr:Splits/train.sql#16:53ce6e40,0.0,0.0,0,1,0.0,no rows
budget010@0,attr:Splits/test.sql#8:aadb873e,0.0,0.0,0,1,0.0,no rows
budget010@0,attr:cspaper_agg20:q16:2a7cdcfd,0.6521739130434783,0.5,3,5,0.3261,structure
budget010@0,attr:cspaper_groupby20:q4:9377abe8,1.0,0.25,4,4,0.25,values
budget010@0,attr:cspaper_groupby20:q15:ff8e7ff0,1.0,0.0,4,4,0.0,values
budget010@0,attr:Splits/train.sql#25:388b209c,0.5952380952380952,0.26666666666666666,6,9,0.1587,structure
budget010@0,attr:cspaper_filter20:q5:2b72568b,1.0,0.5,6,6,0.5,values
budget010@0,attr:cspaper_agg20:q15:eaf15557,1.0,0.0,2,2,0.0,values
budget010@0,attr:Splits/train.sql#16:ec7ab067,0.0,0.0,0,1,0.0,no rows
budget010@0,attr:Splits/dev.sql#4:b89c6e49,0.0,0.0,0,1,0.0,no rows
budget010@0,attr:cspaper_agg20:q10:5af6ad8a,1.0,0.0,2,2,0.0,values
budget010@0,attr:cspaper_agg20:q16:b9b424ac,0.7142857142857142,0.0,2,3,0.0,structure
budget010@0,attr:cspaper_agg20:q15:916d1768,1.0,0.0,2,2,0.0,values
budget010@0,attr:cspaper_groupby20:q13:52410a8e,0.9615384615384615,0.3636363636363636,12,10,0.3497,structure
budget010@0,attr:cspaper_agg20:q1:942b0337,1.0,0.0,2,2,0.0,values
budget010@0,attr:cspaper_filter20:q5:e03b81a3,1.0,0.16666666666666666,6,6,0.1667,values
budget010@0,attr:Splits/train.sql#16:c0256576,0.03597122302158273,0.04081632653061225,19,30,0.0015,structure
budget010@0,attr:cspaper_filter20:q18:f6bc9cb0,0.5555555555555556,0.0,1,2,0.0,structure
budget010@0,attr:Splits/test.sql#8:32466102,0.0,0.0,0,1,0.0,no rows
budget010@0,attr:Splits/train.sql#12:5ea1aae0,0.7142857142857142,0.0,2,3,0.0,structure
budget010@0,attr:cspaper_groupby20:q13:8d6b41fc,1.0,0.75,12,12,0.75,values
budget010@0,attr:Agg/agg_queries_CSPaper.sql#7:0650079a,0.5263157894736842,0.0,3,4,0.0,structure
budget010@0,attr:cspaper_filter20:q12:3a65f76d,1.0,0.5,2,2,0.5,values
budget010@0,attr:Splits/train.sql#25:5c5b4aac,0.0,0.0,2,13,0.0,structure
budget010@0,attr:cspaper_filter20:q5:40343233,1.0,0.6666666666666666,6,6,0.6667,values
budget010@0,attr:Agg/agg_queries_CSPaper.sql#7:e3e53bd0,0.625,0.0,4,5,0.0,structure
budget010@0,attr:cspaper_groupby20:q15:280e3463,0.8333333333333334,0.888888888888889,4,5,0.7407,structure
budget010@0,attr:Mixed/mixed_queries.sql#5:6606cc83,0.3378378378378379,0.2608695652173913,6,17,0.0881,structure
budget010@0,attr:Splits/test.sql#8:29763641,0.43478260869565216,0.25,3,5,0.1087,structure
budget010@0,attr:Splits/train.sql#17:d25c0c43,0.5555555555555556,0.0,1,2,0.0,structure
budget010@0,attr:cspaper_filter20:q18:b276b914,1.0,0.0,2,2,0.0,values
budget010@0,attr:cspaper_agg20:q10:811f750d,1.0,0.0,2,2,0.0,values
budget010@0,attr:cspaper_agg20:q10:4da166e6,1.0,0.0,2,2,0.0,values
budget010@0,attr:cspaper_groupby20:q7:4ef2e760,0.8620689655172415,0.9090909090909091,10,12,0.7837,structure
budget010@0,attr:cspaper_agg20:q15:7c9df18e,1.0,0.0,2,2,0.0,values
budget010@0,attr:Mixed/mixed_queries.sql#5:9179be86,0.05,0.05000000000000001,20,20,0.0025,structure
budget010@0,attr:Splits/train.sql#12:2e779d08,0.6666666666666666,0.0,3,3,0.0,structure
budget010@0,attr:Agg/agg_queries_CSPaper.sql#9:3d06e8e9,0.625,0.4444444444444445,4,5,0.2778,structure
budget010@0,attr:cspaper_groupby20:q13:604946a6,1.0,0.5833333333333334,12,12,0.5833,values
budget010@0,attr:cspaper_groupby20:q15:865a4db4,0.8333333333333334,0.22222222222222224,4,5,0.1852,structure
budget010@0,attr:cspaper_groupby20:q4:35c72e2d,0.7894736842105263,0.0,3,4,0.0,structure
budget010@0,attr:cspaper_agg20:q1:86682092,1.0,0.0,2,2,0.0,values
budget010@0,attr:Splits/dev.sql#3:31211915,0.0,0.0,5,33,0.0,structure
budget010@100,attr:Splits/train.sql#25:064206d5,0.0,0.0,1,16,0.0,structure
budget010@100,attr:cspaper_groupby20:q7:b314afb6,0.0,0.0,0,11,0.0,no rows
budget010@100,attr:Splits/train.sql#17:218d9884,1.0,0.0,2,2,0.0,values
budget010@100,attr:Splits/dev.sql#3:8bb9c06d,0.0,0.0,1,32,0.0,structure
budget010@100,attr:Agg/agg_queries_CSPaper.sql#9:027f6bb8,0.0,0.0,1,4,0.0,structure
budget010@100,attr:Mixed/mixed_queries.sql#5:59eb2368,0.3378378378378379,0.2608695652173913,6,17,0.0881,structure
budget010@100,attr:cspaper_filter20:q12:83e559e1,0.8333333333333334,0.0,2,1,0.0,structure
budget010@100,attr:cspaper_filter20:q18:f652a758,0.5555555555555556,0.0,1,2,0.0,structure
budget010@100,attr:Splits/train.sql#17:d0aa811e,0.75,0.5,4,4,0.375,structure
budget010@100,attr:cspaper_filter20:q12:fd292b75,1.0,0.0,2,2,0.0,values
budget010@100,attr:cspaper_groupby20:q4:246aa029,0.7894736842105263,0.0,3,4,0.0,structure
budget010@100,attr:cspaper_groupby20:q7:a2206701,0.4716981132075472,0.23529411764705882,5,12,0.111,structure
budget010@100,attr:Splits/train.sql#12:824349bd,0.7142857142857142,0.0,2,3,0.0,structure
budget010@100,attr:Splits/dev.sql#4:15befc14,0.0,0.0,0,1,0.0,no rows
budget010@100,attr:Agg/agg_queries_CSPaper.sql#9:2f217401,0.625,0.4444444444444445,4,5,0.2778,structure
budget010@100,attr:Splits/dev.sql#4:939f67af,0.625,0.6666666666666665,4,5,0.4167,structure
budget010@100,attr:Splits/train.sql#16:53ce6e40,0.0,0.0,0,1,0.0,no rows
budget010@100,attr:Splits/test.sql#8:aadb873e,0.0,0.0,0,1,0.0,no rows
budget010@100,attr:cspaper_agg20:q16:2a7cdcfd,0.6521739130434783,0.7499999999999999,3,5,0.4891,structure
budget010@100,attr:cspaper_groupby20:q4:9377abe8,0.7894736842105263,0.28571428571428575,3,4,0.2256,structure
budget010@100,attr:cspaper_groupby20:q15:ff8e7ff0,1.0,0.25,4,4,0.25,values
budget010@100,attr:Splits/train.sql#25:388b209c,0.5952380952380952,0.4,6,9,0.2381,structure
budget010@100,attr:cspaper_filter20:q5:2b72568b,0.19999999999999996,0.0,1,6,0.0,structure
budget010@100,attr:cspaper_agg20:q15:eaf15557,1.0,0.0,2,2,0.0,values
budget010@100,attr:Splits/train.sql#16:ec7ab067,0.0,0.0,0,1,0.0,no rows
budget010@100,attr:Splits/dev.sql#4:b89c6e49,0.0,0.0,0,1,0.0,no rows
budget010@100,attr:cspaper_agg20:q10:5af6ad8a,1.0,0.0,2,2,0.0,values
budget010@100,attr:cspaper_agg20:q16:b9b424ac,0.7142857142857142,0.0,2,3,0.0,structure
budget010@100,attr:cspaper_agg20:q15:916d1768,1.0,0.0,2,2,0.0,values
budget010@100,attr:cspaper_groupby20:q13:52410a8e,0.816326530612245,0.5263157894736842,9,10,0.4296,structure
budget010@100,attr:cspaper_agg20:q1:942b0337,1.0,0.0,2,2,0.0,values
budget010@100,attr:cspaper_filter20:q5:e03b81a3,0.8620689655172415,0.5454545454545454,5,6,0.4702,structure
budget010@100,attr:Splits/train.sql#16:c0256576,0.0,0.0,3,30,0.0,structure
budget010@100,attr:cspaper_filter20:q18:f6bc9cb0,0.5555555555555556,0.0,1,2,0.0,structure
budget010@100,attr:Splits/test.sql#8:32466102,0.0,0.0,0,1,0.0,no rows
budget010@100,attr:Splits/train.sql#12:5ea1aae0,0.7142857142857142,0.0,2,3,0.0,structure
budget010@100,attr:cspaper_groupby20:q13:8d6b41fc,0.9322033898305083,0.6956521739130435,11,12,0.6485,structure
budget010@100,attr:Agg/agg_queries_CSPaper.sql#7:0650079a,0.5263157894736842,0.0,3,4,0.0,structure
budget010@100,attr:cspaper_filter20:q12:3a65f76d,1.0,0.5,2,2,0.5,values
budget010@100,attr:Splits/train.sql#25:5c5b4aac,0.0,0.0,3,13,0.0,structure
budget010@100,attr:cspaper_filter20:q5:40343233,0.8620689655172415,0.3636363636363636,5,6,0.3135,structure
budget010@100,attr:Agg/agg_queries_CSPaper.sql#7:e3e53bd0,0.625,0.0,4,5,0.0,structure
budget010@100,attr:cspaper_groupby20:q15:280e3463,0.8333333333333334,0.4444444444444445,4,5,0.3704,structure
budget010@100,attr:Mixed/mixed_queries.sql#5:6606cc83,0.3378378378378379,0.2608695652173913,6,17,0.0881,structure
budget010@100,attr:Splits/test.sql#8:29763641,0.43478260869565216,0.5,3,5,0.2174,structure
budget010@100,attr:Splits/train.sql#17:d25c0c43,0.5,0.0,2,2,0.0,structure
budget010@100,attr:cspaper_filter20:q18:b276b914,1.0,0.0,2,2,0.0,values
budget010@100,attr:cspaper_agg20:q10:811f750d,1.0,0.0,2,2,0.0,values
budget010@100,attr:cspaper_agg20:q10:4da166e6,1.0,0.0,2,2,0.0,values
budget010@100,attr:cspaper_groupby20:q7:4ef2e760,0.8620689655172415,0.8181818181818182,10,12,0.7053,structure
budget010@100,attr:cspaper_agg20:q15:7c9df18e,1.0,0.0,2,2,0.0,values
budget010@100,attr:Mixed/mixed_queries.sql#5:9179be86,0.0,0.0,8,20,0.0,structure
budget010@100,attr:Splits/train.sql#12:2e779d08,0.6666666666666666,0.0,3,3,0.0,structure
budget010@100,attr:Agg/agg_queries_CSPaper.sql#9:3d06e8e9,0.625,0.6666666666666665,4,5,0.4167,structure
budget010@100,attr:cspaper_groupby20:q13:604946a6,0.6363636363636365,0.4210526315789474,7,12,0.2679,structure
budget010@100,attr:cspaper_groupby20:q15:865a4db4,0.6521739130434783,0.25,3,5,0.163,structure
budget010@100,attr:cspaper_groupby20:q4:35c72e2d,0.7894736842105263,0.0,3,4,0.0,structure
budget010@100,attr:cspaper_agg20:q1:86682092,1.0,0.0,2,2,0.0,values
budget010@100,attr:Splits/dev.sql#3:31211915,0.0,0.0,1,33,0.0,structure
budget010@25,attr:Splits/train.sql#25:064206d5,0.0,0.0,1,16,0.0,structure
budget010@25,attr:cspaper_groupby20:q7:b314afb6,0.0,0.0,0,11,0.0,no rows
budget010@25,attr:Splits/train.sql#17:218d9884,1.0,0.0,2,2,0.0,values
budget010@25,attr:Splits/dev.sql#3:8bb9c06d,0.03378378378378378,0.038461538461538464,20,32,0.0013,structure
budget010@25,attr:Agg/agg_queries_CSPaper.sql#9:027f6bb8,0.5263157894736842,0.0,3,4,0.0,structure
budget010@25,attr:Mixed/mixed_queries.sql#5:59eb2368,0.3378378378378379,0.2608695652173913,6,17,0.0881,structure
budget010@25,attr:cspaper_filter20:q12:83e559e1,0.8333333333333334,0.0,2,1,0.0,structure
budget010@25,attr:cspaper_filter20:q18:f652a758,0.5555555555555556,0.0,1,2,0.0,structure
budget010@25,attr:Splits/train.sql#17:d0aa811e,0.7142857142857143,0.4444444444444445,5,4,0.3175,structure
budget010@25,attr:cspaper_filter20:q12:fd292b75,1.0,0.0,2,2,0.0,values
budget010@25,attr:cspaper_groupby20:q4:246aa029,0.7894736842105263,0.0,3,4,0.0,structure
budget010@25,attr:cspaper_groupby20:q7:a2206701,0.7894736842105263,0.4761904761904762,9,12,0.3759,structure
budget010@25,attr:Splits/train.sql#12:824349bd,0.7142857142857142,0.0,2,3,0.0,structure
budget010@25,attr:Splits/dev.sql#4:15befc14,0.0,0.0,0,1,0.0,no rows
budget010@25,attr:Agg/agg_queries_CSPaper.sql#9:2f217401,0.625,0.4444444444444445,4,5,0.2778,structure
budget010@25,attr:Splits/dev.sql#4:939f67af,0.8,0.8000000000000002,5,5,0.64,structure
budget010@25,attr:Splits/train.sql#16:53ce6e40,0.0,0.0,0,1,0.0,no rows
budget010@25,attr:Splits/test.sql#8:aadb873e,0.0,0.0,0,1,0.0,no rows
budget010@25,attr:cspaper_agg20:q16:2a7cdcfd,0.8333333333333334,0.888888888888889,4,5,0.7407,structure
budget010@25,attr:cspaper_groupby20:q4:9377abe8,1.0,0.25,4,4,0.25,values
budget010@25,attr:cspaper_groupby20:q15:ff8e7ff0,1.0,0.75,4,4,0.75,values
budget010@25,attr:Splits/train.sql#25:388b209c,0.5952380952380952,0.4,6,9,0.2381,structure
budget010@25,attr:cspaper_filter20:q5:2b72568b,1.0,0.5,6,6,0.5,values
budget010@25,attr:cspaper_agg20:q15:eaf15557,1.0,0.0,2,2,0.0,values
budget010@25,attr:Splits/train.sql#16:ec7ab067,0.0,0.0,0,1,0.0,no rows
budget010@25,attr:Splits/dev.sql#4:b89c6e49,0.0,0.0,0,1,0.0,no rows
budget010@25,attr:cspaper_agg20:q10:5af6ad8a,1.0,0.0,2,2,0.0,values
budget010@25,attr:cspaper_agg20:q16:b9b424ac,0.7142857142857142,0.0,2,3,0.0,structure
budget010@25,attr:cspaper_agg20:q15:916d1768,1.0,0.0,2,2,0.0,values
budget010@25,attr:cspaper_groupby20:q13:52410a8e,0.816326530612245,0.631578947368421,9,10,0.5156,structure
budget010@25,attr:cspaper_agg20:q1:942b0337,1.0,0.0,2,2,0.0,values
budget010@25,attr:cspaper_filter20:q5:e03b81a3,0.8620689655172415,0.7272727272727272,5,6,0.627,structure
budget010@25,attr:Splits/train.sql#16:c0256576,0.03597122302158273,0.04081632653061225,19,30,0.0015,structure
budget010@25,attr:cspaper_filter20:q18:f6bc9cb0,0.5555555555555556,0.0,1,2,0.0,structure
budget010@25,attr:Splits/test.sql#8:32466102,0.0,0.0,0,1,0.0,no rows
budget010@25,attr:Splits/train.sql#12:5ea1aae0,0.7142857142857142,0.0,2,3,0.0,structure
budget010@25,attr:cspaper_groupby20:q13:8d6b41fc,1.0,0.75,12,12,0.75,values
budget010@25,attr:Agg/agg_queries_CSPaper.sql#7:0650079a,0.5263157894736842,0.0,3,4,0.0,structure
budget010@25,attr:cspaper_filter20:q12:3a65f76d,1.0,0.5,2,2,0.5,values
budget010@25,attr:Splits/train.sql#25:5c5b4aac,0.0,0.0,2,13,0.0,structure
budget010@25,attr:cspaper_filter20:q5:40343233,1.0,0.6666666666666666,6,6,0.6667,values
budget010@25,attr:Agg/agg_queries_CSPaper.sql#7:e3e53bd0,0.8,0.0,5,5,0.0,structure
budget010@25,attr:cspaper_groupby20:q15:280e3463,0.8333333333333334,0.888888888888889,4,5,0.7407,structure
budget010@25,attr:Mixed/mixed_queries.sql#5:6606cc83,0.3378378378378379,0.2608695652173913,6,17,0.0881,structure
budget010@25,attr:Splits/test.sql#8:29763641,0.8,0.8000000000000002,5,5,0.64,structure
budget010@25,attr:Splits/train.sql#17:d25c0c43,0.5555555555555556,0.0,1,2,0.0,structure
budget010@25,attr:cspaper_filter20:q18:b276b914,1.0,0.0,2,2,0.0,values
budget010@25,attr:cspaper_agg20:q10:811f750d,1.0,0.0,2,2,0.0,values
budget010@25,attr:cspaper_agg20:q10:4da166e6,1.0,0.0,2,2,0.0,values
budget010@25,attr:cspaper_groupby20:q7:4ef2e760,0.8620689655172415,0.9090909090909091,10,12,0.7837,structure
budget010@25,attr:cspaper_agg20:q15:7c9df18e,1.0,0.0,2,2,0.0,values
budget010@25,attr:Mixed/mixed_queries.sql#5:9179be86,0.05,0.05000000000000001,20,20,0.0025,structure
budget010@25,attr:Splits/train.sql#12:2e779d08,0.6666666666666666,0.0,3,3,0.0,structure
budget010@25,attr:Agg/agg_queries_CSPaper.sql#9:3d06e8e9,0.8,0.8000000000000002,5,5,0.64,structure
budget010@25,attr:cspaper_groupby20:q13:604946a6,1.0,0.5833333333333334,12,12,0.5833,values
budget010@25,attr:cspaper_groupby20:q15:865a4db4,0.8333333333333334,0.22222222222222224,4,5,0.1852,structure
budget010@25,attr:cspaper_groupby20:q4:35c72e2d,0.7894736842105263,0.0,3,4,0.0,structure
budget010@25,attr:cspaper_agg20:q1:86682092,1.0,0.5,2,2,0.5,values
budget010@25,attr:Splits/dev.sql#3:31211915,0.0,0.0,5,33,0.0,structure
budget010@50,attr:Splits/train.sql#25:064206d5,0.0,0.0,1,16,0.0,structure
budget010@50,attr:cspaper_groupby20:q7:b314afb6,0.0,0.0,0,11,0.0,no rows
budget010@50,attr:Splits/train.sql#17:218d9884,1.0,0.0,2,2,0.0,values
budget010@50,attr:Splits/dev.sql#3:8bb9c06d,0.03378378378378378,0.038461538461538464,20,32,0.0013,structure
budget010@50,attr:Agg/agg_queries_CSPaper.sql#9:027f6bb8,0.5263157894736842,0.0,3,4,0.0,structure
budget010@50,attr:Mixed/mixed_queries.sql#5:59eb2368,0.3378378378378379,0.2608695652173913,6,17,0.0881,structure
budget010@50,attr:cspaper_filter20:q12:83e559e1,0.8333333333333334,0.0,2,1,0.0,structure
budget010@50,attr:cspaper_filter20:q18:f652a758,0.5555555555555556,0.0,1,2,0.0,structure
budget010@50,attr:Splits/train.sql#17:d0aa811e,0.75,0.5,4,4,0.375,structure
budget010@50,attr:cspaper_filter20:q12:fd292b75,1.0,0.0,2,2,0.0,values
budget010@50,attr:cspaper_groupby20:q4:246aa029,0.7894736842105263,0.0,3,4,0.0,structure
budget010@50,attr:cspaper_groupby20:q7:a2206701,0.7894736842105263,0.4761904761904762,9,12,0.3759,structure
budget010@50,attr:Splits/train.sql#12:824349bd,0.7142857142857142,0.0,2,3,0.0,structure
budget010@50,attr:Splits/dev.sql#4:15befc14,0.0,0.0,0,1,0.0,no rows
budget010@50,attr:Agg/agg_queries_CSPaper.sql#9:2f217401,0.625,0.4444444444444445,4,5,0.2778,structure
budget010@50,attr:Splits/dev.sql#4:939f67af,0.625,0.6666666666666665,4,5,0.4167,structure
budget010@50,attr:Splits/train.sql#16:53ce6e40,0.0,0.0,0,1,0.0,no rows
budget010@50,attr:Splits/test.sql#8:aadb873e,0.0,0.0,0,1,0.0,no rows
budget010@50,attr:cspaper_agg20:q16:2a7cdcfd,0.6521739130434783,0.7499999999999999,3,5,0.4891,structure
budget010@50,attr:cspaper_groupby20:q4:9377abe8,1.0,0.5,4,4,0.5,values
budget010@50,attr:cspaper_groupby20:q15:ff8e7ff0,1.0,0.25,4,4,0.25,values
budget010@50,attr:Splits/train.sql#25:388b209c,0.5952380952380952,0.4,6,9,0.2381,structure
budget010@50,attr:cspaper_filter20:q5:2b72568b,1.0,0.5,6,6,0.5,values
budget010@50,attr:cspaper_agg20:q15:eaf15557,1.0,0.0,2,2,0.0,values
budget010@50,attr:Splits/train.sql#16:ec7ab067,0.0,0.0,0,1,0.0,no rows
budget010@50,attr:Splits/dev.sql#4:b89c6e49,0.0,0.0,0,1,0.0,no rows
budget010@50,attr:cspaper_agg20:q10:5af6ad8a,1.0,0.0,2,2,0.0,values
budget010@50,attr:cspaper_agg20:q16:b9b424ac,0.7142857142857142,0.0,2,3,0.0,structure
budget010@50,attr:cspaper_agg20:q15:916d1768,1.0,0.0,2,2,0.0,values
budget010@50,attr:cspaper_groupby20:q13:52410a8e,0.8999999999999999,0.4000000000000001,10,10,0.36,structure
budget010@50,attr:cspaper_agg20:q1:942b0337,1.0,0.0,2,2,0.0,values
budget010@50,attr:cspaper_filter20:q5:e03b81a3,1.0,0.3333333333333333,6,6,0.3333,values
budget010@50,attr:Splits/train.sql#16:c0256576,0.03597122302158273,0.04081632653061225,19,30,0.0015,structure
budget010@50,attr:cspaper_filter20:q18:f6bc9cb0,0.5555555555555556,0.0,1,2,0.0,structure
budget010@50,attr:Splits/test.sql#8:32466102,0.0,0.0,0,1,0.0,no rows
budget010@50,attr:Splits/train.sql#12:5ea1aae0,0.7142857142857142,0.0,2,3,0.0,structure
budget010@50,attr:cspaper_groupby20:q13:8d6b41fc,0.9322033898305083,0.6956521739130435,11,12,0.6485,structure
budget010@50,attr:Agg/agg_queries_CSPaper.sql#7:0650079a,0.5263157894736842,0.0,3,4,0.0,structure
budget010@50,attr:cspaper_filter20:q12:3a65f76d,1.0,0.5,2,2,0.5,values
budget010@50,attr:Splits/train.sql#25:5c5b4aac,0.0,0.0,2,13,0.0,structure
budget010@50,attr:cspaper_filter20:q5:40343233,0.8620689655172415,0.5454545454545454,5,6,0.4702,structure
budget010@50,attr:Agg/agg_queries_CSPaper.sql#7:e3e53bd0,0.625,0.0,4,5,0.0,structure
budget010@50,attr:cspaper_groupby20:q15:280e3463,0.8333333333333334,0.6666666666666665,4,5,0.5556,structure
budget010@50,attr:Mixed/mixed_queries.sql#5:6606cc83,0.3378378378378379,0.2608695652173913,6,17,0.0881,structure
budget010@50,attr:Splits/test.sql#8:29763641,0.43478260869565216,0.5,3,5,0.2174,structure
budget010@50,attr:Splits/train.sql#17:d25c0c43,0.5555555555555556,0.0,1,2,0.0,structure
budget010@50,attr:cspaper_filter20:q18:b276b914,1.0,0.0,2,2,0.0,values
budget010@50,attr:cspaper_agg20:q10:811f750d,1.0,0.0,2,2,0.0,values
budget010@50,attr:cspaper_agg20:q10:4da166e6,1.0,0.0,2,2,0.0,values
budget010@50,attr:cspaper_groupby20:q7:4ef2e760,0.7894736842105263,0.761904761904762,9,12,0.6015,structure
budget010@50,attr:cspaper_agg20:q15:7c9df18e,1.0,0.0,2,2,0.0,values
budget010@50,attr:Mixed/mixed_queries.sql#5:9179be86,0.05,0.05000000000000001,20,20,0.0025,structure
budget010@50,attr:Splits/train.sql#12:2e779d08,0.6666666666666666,0.0,3,3,0.0,structure
budget010@50,attr:Agg/agg_queries_CSPaper.sql#9:3d06e8e9,0.625,0.6666666666666665,4,5,0.4167,structure
budget010@50,attr:cspaper_groupby20:q13:604946a6,1.0,0.5833333333333334,12,12,0.5833,values
budget010@50,attr:cspaper_groupby20:q15:865a4db4,0.8333333333333334,0.22222222222222224,4,5,0.1852,structure
budget010@50,attr:cspaper_groupby20:q4:35c72e2d,0.7894736842105263,0.0,3,4,0.0,structure
budget010@50,attr:cspaper_agg20:q1:86682092,1.0,0.0,2,2,0.0,values
budget010@50,attr:Splits/dev.sql#3:31211915,0.0,0.0,5,33,0.0,structure
budget010@75,attr:Splits/train.sql#25:064206d5,0.0,0.0,1,16,0.0,structure
budget010@75,attr:cspaper_groupby20:q7:b314afb6,0.0,0.0,0,11,0.0,no rows
budget010@75,attr:Splits/train.sql#17:218d9884,1.0,0.0,2,2,0.0,values
budget010@75,attr:Splits/dev.sql#3:8bb9c06d,0.03378378378378378,0.038461538461538464,20,32,0.0013,structure
budget010@75,attr:Agg/agg_queries_CSPaper.sql#9:027f6bb8,0.0,0.0,1,4,0.0,structure
budget010@75,attr:Mixed/mixed_queries.sql#5:59eb2368,0.3378378378378379,0.2608695652173913,6,17,0.0881,structure
budget010@75,attr:cspaper_filter20:q12:83e559e1,0.8333333333333334,0.0,2,1,0.0,structure
budget010@75,attr:cspaper_filter20:q18:f652a758,0.5555555555555556,0.0,1,2,0.0,structure
budget010@75,attr:Splits/train.sql#17:d0aa811e,0.75,0.5,4,4,0.375,structure
budget010@75,attr:cspaper_filter20:q12:fd292b75,1.0,0.0,2,2,0.0,values
budget010@75,attr:cspaper_groupby20:q4:246aa029,0.7894736842105263,0.0,3,4,0.0,structure
budget010@75,attr:cspaper_groupby20:q7:a2206701,0.4716981132075472,0.23529411764705882,5,12,0.111,structure
budget010@75,attr:Splits/train.sql#12:824349bd,0.7142857142857142,0.0,2,3,0.0,structure
budget010@75,attr:Splits/dev.sql#4:15befc14,0.0,0.0,0,1,0.0,no rows
budget010@75,attr:Agg/agg_queries_CSPaper.sql#9:2f217401,0.625,0.4444444444444445,4,5,0.2778,structure
budget010@75,attr:Splits/dev.sql#4:939f67af,0.625,0.6666666666666665,4,5,0.4167,structure
budget010@75,attr:Splits/train.sql#16:53ce6e40,0.0,0.0,0,1,0.0,no rows
budget010@75,attr:Splits/test.sql#8:aadb873e,0.0,0.0,0,1,0.0,no rows
budget010@75,attr:cspaper_agg20:q16:2a7cdcfd,0.6521739130434783,0.7499999999999999,3,5,0.4891,structure
budget010@75,attr:cspaper_groupby20:q4:9377abe8,1.0,0.5,4,4,0.5,values
budget010@75,attr:cspaper_groupby20:q15:ff8e7ff0,1.0,0.0,4,4,0.0,values
budget010@75,attr:Splits/train.sql#25:388b209c,0.5952380952380952,0.4,6,9,0.2381,structure
budget010@75,attr:cspaper_filter20:q5:2b72568b,0.5555555555555556,0.2222222222222222,3,6,0.1235,structure
budget010@75,attr:cspaper_agg20:q15:eaf15557,1.0,0.0,2,2,0.0,values
budget010@75,attr:Splits/train.sql#16:ec7ab067,0.0,0.0,0,1,0.0,no rows
budget010@75,attr:Splits/dev.sql#4:b89c6e49,0.0,0.0,0,1,0.0,no rows
budget010@75,attr:cspaper_agg20:q10:5af6ad8a,1.0,0.0,2,2,0.0,values
budget010@75,attr:cspaper_agg20:q16:b9b424ac,0.7142857142857142,0.0,2,3,0.0,structure
budget010@75,attr:cspaper_agg20:q15:916d1768,1.0,0.0,2,2,0.0,values
budget010@75,attr:cspaper_groupby20:q13:52410a8e,0.816326530612245,0.4210526315789474,9,10,0.3437,structure
budget010@75,attr:cspaper_agg20:q1:942b0337,1.0,0.0,2,2,0.0,values
budget010@75,attr:cspaper_filter20:q5:e03b81a3,0.8620689655172415,0.3636363636363636,5,6,0.3135,structure
budget010@75,attr:Splits/train.sql#16:c0256576,0.03597122302158273,0.04081632653061225,19,30,0.0015,structure
budget010@75,attr:cspaper_filter20:q18:f6bc9cb0,0.5555555555555556,0.0,1,2,0.0,structure
budget010@75,attr:Splits/test.sql#8:32466102,0.0,0.0,0,1,0.0,no rows
budget010@75,attr:Splits/train.sql#12:5ea1aae0,0.7142857142857142,0.0,2,3,0.0,structure
budget010@75,attr:cspaper_groupby20:q13:8d6b41fc,0.9322033898305083,0.6956521739130435,11,12,0.6485,structure
budget010@75,attr:Agg/agg_queries_CSPaper.sql#7:0650079a,0.5263157894736842,0.0,3,4,0.0,structure
budget010@75,attr:cspaper_filter20:q12:3a65f76d,1.0,0.5,2,2,0.5,values
budget010@75,attr:Splits/train.sql#25:5c5b4aac,0.0,0.0,2,13,0.0,structure
budget010@75,attr:cspaper_filter20:q5:40343233,0.8620689655172415,0.5454545454545454,5,6,0.4702,structure
budget010@75,attr:Agg/agg_queries_CSPaper.sql#7:e3e53bd0,0.625,0.22222222222222224,4,5,0.1389,structure
budget010@75,attr:cspaper_groupby20:q15:280e3463,0.8333333333333334,0.4444444444444445,4,5,0.3704,structure
budget010@75,attr:Mixed/mixed_queries.sql#5:6606cc83,0.3378378378378379,0.2608695652173913,6,17,0.0881,structure
budget010@75,attr:Splits/test.sql#8:29763641,0.43478260869565216,0.5,3,5,0.2174,structure
budget010@75,attr:Splits/train.sql#17:d25c0c43,0.9090909090909091,0.8,3,2,0.7273,structure
budget010@75,attr:cspaper_filter20:q18:b276b914,1.0,0.0,2,2,0.0,values
budget010@75,attr:cspaper_agg20:q10:811f750d,1.0,0.0,2,2,0.0,values
budget010@75,attr:cspaper_agg20:q10:4da166e6,1.0,0.0,2,2,0.0,values
budget010@75,attr:cspaper_groupby20:q7:4ef2e760,0.7894736842105263,0.761904761904762,9,12,0.6015,structure
budget010@75,attr:cspaper_agg20:q15:7c9df18e,1.0,0.0,2,2,0.0,values
budget010@75,attr:Mixed/mixed_queries.sql#5:9179be86,0.05,0.05000000000000001,20,20,0.0025,structure
budget010@75,attr:Splits/train.sql#12:2e779d08,0.6666666666666666,0.0,3,3,0.0,structure
budget010@75,attr:Agg/agg_queries_CSPaper.sql#9:3d06e8e9,0.625,0.6666666666666665,4,5,0.4167,structure
budget010@75,attr:cspaper_groupby20:q13:604946a6,0.9322033898305083,0.6086956521739131,11,12,0.5674,structure
budget010@75,attr:cspaper_groupby20:q15:865a4db4,0.8333333333333334,0.22222222222222224,4,5,0.1852,structure
budget010@75,attr:cspaper_groupby20:q4:35c72e2d,1.0,0.25,4,4,0.25,values
budget010@75,attr:cspaper_agg20:q1:86682092,1.0,0.0,2,2,0.0,values
budget010@75,attr:Splits/dev.sql#3:31211915,0.0,0.0,5,33,0.0,structure
budget025@0,attr:Splits/train.sql#25:064206d5,0.0,0.0,1,16,0.0,structure
budget025@0,attr:cspaper_groupby20:q7:b314afb6,0.8333333333333335,0.09523809523809525,10,11,0.0794,structure
budget025@0,attr:Splits/train.sql#17:218d9884,1.0,0.0,2,2,0.0,values
budget025@0,attr:Splits/dev.sql#3:8bb9c06d,0.03378378378378378,0.038461538461538464,20,32,0.0013,structure
budget025@0,attr:Agg/agg_queries_CSPaper.sql#9:027f6bb8,0.5263157894736842,0.0,3,4,0.0,structure
budget025@0,attr:Mixed/mixed_queries.sql#5:59eb2368,0.3378378378378379,0.2608695652173913,6,17,0.0881,structure
budget025@0,attr:cspaper_filter20:q12:83e559e1,0.8333333333333334,0.0,2,1,0.0,structure
budget025@0,attr:cspaper_filter20:q18:f652a758,0.5555555555555556,0.0,1,2,0.0,structure
budget025@0,attr:Splits/train.sql#17:d0aa811e,0.75,0.5,4,4,0.375,structure
budget025@0,attr:cspaper_filter20:q12:fd292b75,1.0,0.0,2,2,0.0,values
budget025@0,attr:cspaper_groupby20:q4:246aa029,0.7894736842105263,0.0,3,4,0.0,structure
budget025@0,attr:cspaper_groupby20:q7:a2206701,0.7894736842105263,0.4761904761904762,9,12,0.3759,structure
budget025@0,attr:Splits/train.sql#12:824349bd,0.7142857142857142,0.0,2,3,0.0,structure
budget025@0,attr:Splits/dev.sql#4:15befc14,0.0,0.0,0,1,0.0,no rows
budget025@0,attr:Agg/agg_queries_CSPaper.sql#9:2f217401,0.625,0.4444444444444445,4,5,0.2778,structure
budget025@0,attr:Splits/dev.sql#4:939f67af,0.625,0.4444444444444445,4,5,0.2778,structure
budget025@0,attr:Splits/train.sql#16:53ce6e40,0.0,0.0,0,1,0.0,no rows
budget025@0,attr:Splits/test.sql#8:aadb873e,0.0,0.0,0,1,0.0,no rows
budget025@0,attr:cspaper_agg20:q16:2a7cdcfd,0.6521739130434783,0.5,3,5,0.3261,structure
budget025@0,attr:cspaper_groupby20:q4:9377abe8,1.0,0.25,4,4,0.25,values
budget025@0,attr:cspaper_groupby20:q15:ff8e7ff0,1.0,0.0,4,4,0.0,values
budget025@0,attr:Splits/train.sql#25:388b209c,0.5952380952380952,0.26666666666666666,6,9,0.1587,structure
budget025@0,attr:cspaper_filter20:q5:2b72568b,1.0,0.5,6,6,0.5,values
budget025@0,attr:cspaper_agg20:q15:eaf15557,1.0,0.0,2,2,0.0,values
budget025@0,attr:Splits/train.sql#16:ec7ab067,0.0,0.0,0,1,0.0,no rows
budget025@0,attr:Splits/dev.sql#4:b89c6e49,0.0,0.0,0,1,0.0,no rows
budget025@0,attr:cspaper_agg20:q10:5af6ad8a,1.0,0.0,2,2,0.0,values
budget025@0,attr:cspaper_agg20:q16:b9b424ac,0.7142857142857142,0.0,2,3,0.0,structure
budget025@0,attr:cspaper_agg20:q15:916d1768,1.0,0.0,2,2,0.0,values
budget025@0,attr:cspaper_groupby20:q13:52410a8e,0.9615384615384615,0.3636363636363636,12,10,0.3497,structure
budget025@0,attr:cspaper_agg20:q1:942b0337,1.0,0.0,2,2,0.0,values
budget025@0,attr:cspaper_filter20:q5:e03b81a3,1.0,0.16666666666666666,6,6,0.1667,values
budget025@0,attr:Splits/train.sql#16:c0256576,0.03597122302158273,0.04081632653061225,19,30,0.0015,structure
budget025@0,attr:cspaper_filter20:q18:f6bc9cb0,0.5555555555555556,0.0,1,2,0.0,structure
budget025@0,attr:Splits/test.sql#8:32466102,0.0,0.0,0,1,0.0,no rows
budget025@0,attr:Splits/train.sql#12:5ea1aae0,0.7142857142857142,0.0,2,3,0.0,structure
budget025@0,attr:cspaper_groupby20:q13:8d6b41fc,1.0,0.75,12,12,0.75,values
budget025@0,attr:Agg/agg_queries_CSPaper.sql#7:0650079a,0.5263157894736842,0.0,3,4,0.0,structure
budget025@0,attr:cspaper_filter20:q12:3a65f76d,1.0,0.5,2,2,0.5,values
budget025@0,attr:Splits/train.sql#25:5c5b4aac,0.0,0.0,2,13,0.0,structure
budget025@0,attr:cspaper_filter20:q5:40343233,1.0,0.6666666666666666,6,6,0.6667,values
budget025@0,attr:Agg/agg_queries_CSPaper.sql#7:e3e53bd0,0.625,0.0,4,5,0.0,structure
budget025@0,attr:cspaper_groupby20:q15:280e3463,0.8333333333333334,0.888888888888889,4,5,0.7407,structure
budget025@0,attr:Mixed/mixed_queries.sql#5:6606cc83,0.3378378378378379,0.2608695652173913,6,17,0.0881,structure
budget025@0,attr:Splits/test.sql#8:29763641,0.43478260869565216,0.25,3,5,0.1087,structure
budget025@0,attr:Splits/train.sql#17:d25c0c43,0.5555555555555556,0.0,1,2,0.0,structure
budget025@0,attr:cspaper_filter20:q18:b276b914,1.0,0.0,2,2,0.0,values
budget025@0,attr:cspaper_agg20:q10:811f750d,1.0,0.0,2,2,0.0,values
budget025@0,attr:cspaper_agg20:q10:4da166e6,1.0,0.0,2,2,0.0,values
budget025@0,attr:cspaper_groupby20:q7:4ef2e760,0.8620689655172415,0.9090909090909091,10,12,0.7837,structure
budget025@0,attr:cspaper_agg20:q15:7c9df18e,1.0,0.0,2,2,0.0,values
budget025@0,attr:Mixed/mixed_queries.sql#5:9179be86,0.05,0.05000000000000001,20,20,0.0025,structure
budget025@0,attr:Splits/train.sql#12:2e779d08,0.6666666666666666,0.0,3,3,0.0,structure
budget025@0,attr:Agg/agg_queries_CSPaper.sql#9:3d06e8e9,0.625,0.4444444444444445,4,5,0.2778,structure
budget025@0,attr:cspaper_groupby20:q13:604946a6,1.0,0.5833333333333334,12,12,0.5833,values
budget025@0,attr:cspaper_groupby20:q15:865a4db4,0.8333333333333334,0.22222222222222224,4,5,0.1852,structure
budget025@0,attr:cspaper_groupby20:q4:35c72e2d,0.7894736842105263,0.0,3,4,0.0,structure
budget025@0,attr:cspaper_agg20:q1:86682092,1.0,0.0,2,2,0.0,values
budget025@0,attr:Splits/dev.sql#3:31211915,0.0,0.0,5,33,0.0,structure
budget025@100,attr:Splits/train.sql#25:064206d5,0.0,0.0,1,16,0.0,structure
budget025@100,attr:cspaper_groupby20:q7:b314afb6,0.8333333333333335,0.380952380952381,10,11,0.3175,structure
budget025@100,attr:Splits/train.sql#17:218d9884,1.0,0.0,2,2,0.0,values
budget025@100,attr:Splits/dev.sql#3:8bb9c06d,0.0,0.0,1,32,0.0,structure
budget025@100,attr:Agg/agg_queries_CSPaper.sql#9:027f6bb8,0.0,0.0,1,4,0.0,structure
budget025@100,attr:Mixed/mixed_queries.sql#5:59eb2368,0.3378378378378379,0.2608695652173913,6,17,0.0881,structure
budget025@100,attr:cspaper_filter20:q12:83e559e1,0.8333333333333334,0.0,2,1,0.0,structure
budget025@100,attr:cspaper_filter20:q18:f652a758,0.5555555555555556,0.0,1,2,0.0,structure
budget025@100,attr:Splits/train.sql#17:d0aa811e,0.75,0.5,4,4,0.375,structure
budget025@100,attr:cspaper_filter20:q12:fd292b75,1.0,0.5,2,2,0.5,values
budget025@100,attr:cspaper_groupby20:q4:246aa029,0.5555555555555556,0.0,2,4,0.0,structure
budget025@100,attr:cspaper_groupby20:q7:a2206701,0.4716981132075472,0.23529411764705882,5,12,0.111,structure
budget025@100,attr:Splits/train.sql#12:824349bd,0.3846153846153846,0.0,1,3,0.0,structure
budget025@100,attr:Splits/dev.sql#4:15befc14,0.0,0.0,0,1,0.0,no rows
budget025@100,attr:Agg/agg_queries_CSPaper.sql#9:2f217401,0.625,0.4444444444444445,4,5,0.2778,structure
budget025@100,attr:Splits/dev.sql#4:939f67af,0.8,0.6,5,5,0.48,structure
budget025@100,attr:Splits/train.sql#16:53ce6e40,0.0,0.0,0,1,0.0,no rows
budget025@100,attr:Splits/test.sql#8:aadb873e,0.0,0.0,0,1,0.0,no rows
budget025@100,attr:cspaper_agg20:q16:2a7cdcfd,0.8333333333333334,0.6666666666666665,4,5,0.5556,structure
budget025@100,attr:cspaper_groupby20:q4:9377abe8,0.7894736842105263,0.0,3,4,0.0,structure
budget025@100,attr:cspaper_groupby20:q15:ff8e7ff0,1.0,0.5,4,4,0.5,values
budget025@100,attr:Splits/train.sql#25:388b209c,0.5952380952380952,0.13333333333333333,6,9,0.0794,structure
budget025@100,attr:cspaper_filter20:q5:2b72568b,0.3846153846153846,0.0,2,6,0.0,structure
budget025@100,attr:cspaper_agg20:q15:eaf15557,1.0,0.0,2,2,0.0,values
budget025@100,attr:Splits/train.sql#16:ec7ab067,0.0,0.0,0,1,0.0,no rows
budget025@100,attr:Splits/dev.sql#4:b89c6e49,0.0,0.0,0,1,0.0,no rows
budget025@100,attr:cspaper_agg20:q10:5af6ad8a,1.0,0.0,2,2,0.0,values
budget025@100,attr:cspaper_agg20:q16:b9b424ac,0.7142857142857142,0.0,2,3,0.0,structure
budget025@100,attr:cspaper_agg20:q15:916d1768,1.0,0.0,2,2,0.0,values
budget025@100,attr:cspaper_groupby20:q13:52410a8e,0.8999999999999999,0.10000000000000002,10,10,0.09,structure
budget025@100,attr:cspaper_agg20:q1:942b0337,1.0,0.0,2,2,0.0,values
budget025@100,attr:cspaper_filter20:q5:e03b81a3,1.0,0.0,6,6,0.0,values
budget025@100,attr:Splits/train.sql#16:c0256576,0.0,0.0,1,30,0.0,structure
budget025@100,attr:cspaper_filter20:q18:f6bc9cb0,1.0,0.0,2,2,0.0,values
budget025@100,attr:Splits/test.sql#8:32466102,0.0,0.0,0,1,0.0,no rows
budget025@100,attr:Splits/train.sql#12:5ea1aae0,0.7142857142857142,0.0,2,3,0.0,structure
budget025@100,attr:cspaper_groupby20:q13:8d6b41fc,0.9322033898305083,0.6956521739130435,11,12,0.6485,structure
budget025@100,attr:Agg/agg_queries_CSPaper.sql#7:0650079a,0.5263157894736842,0.0,3,4,0.0,structure
budget025@100,attr:cspaper_filter20:q12:3a65f76d,1.0,0.5,2,2,0.5,values
budget025@100,attr:Splits/train.sql#25:5c5b4aac,0.0,0.0,2,13,0.0,structure
budget025@100,attr:cspaper_filter20:q5:40343233,0.8620689655172415,0.5454545454545454,5,6,0.4702,structure
budget025@100,attr:Agg/agg_queries_CSPaper.sql#7:e3e53bd0,0.8,0.20000000000000004,5,5,0.16,structure
budget025@100,attr:cspaper_groupby20:q15:280e3463,0.8333333333333334,0.4444444444444445,4,5,0.3704,structure
budget025@100,attr:Mixed/mixed_queries.sql#5:6606cc83,0.3378378378378379,0.2608695652173913,6,17,0.0881,structure
budget025@100,attr:Splits/test.sql#8:29763641,0.625,0.4444444444444445,4,5,0.2778,structure
budget025@100,attr:Splits/train.sql#17:d25c0c43,0.5,0.0,2,2,0.0,structure
budget025@100,attr:cspaper_filter20:q18:b276b914,0.5555555555555556,0.0,1,2,0.0,structure
budget025@100,attr:cspaper_agg20:q10:811f750d,1.0,0.0,2,2,0.0,values
budget025@100,attr:cspaper_agg20:q10:4da166e6,1.0,0.0,2,2,0.0,values
budget025@100,attr:cspaper_groupby20:q7:4ef2e760,0.7894736842105263,0.6666666666666666,9,12,0.5263,structure
budget025@100,attr:cspaper_agg20:q15:7c9df18e,1.0,0.0,2,2,0.0,values
budget025@100,attr:Mixed/mixed_queries.sql#5:9179be86,0.0,0.0,10,20,0.0,structure
budget025@100,attr:Splits/train.sql#12:2e779d08,0.6666666666666666,0.3333333333333333,3,3,0.2222,structure
budget025@100,attr:Agg/agg_queries_CSPaper.sql#9:3d06e8e9,0.8,0.6,5,5,0.48,structure
budget025@100,attr:cspaper_groupby20:q13:604946a6,0.6363636363636365,0.4210526315789474,7,12,0.2679,structure
budget025@100,attr:cspaper_groupby20:q15:865a4db4,0.8333333333333334,0.22222222222222224,4,5,0.1852,structure
budget025@100,attr:cspaper_groupby20:q4:35c72e2d,0.7894736842105263,0.0,3,4,0.0,structure
budget025@100,attr:cspaper_agg20:q1:86682092,1.0,0.5,2,2,0.5,values
budget025@100,attr:Splits/dev.sql#3:31211915,0.0,0.0,4,33,0.0,structure
budget025@25,attr:Splits/train.sql#25:064206d5,0.0,0.0,1,16,0.0,structure
budget025@25,attr:cspaper_groupby20:q7:b314afb6,0.8333333333333335,0.380952380952381,10,11,0.3175,structure
budget025@25,attr:Splits/train.sql#17:218d9884,1.0,0.0,2,2,0.0,values
budget025@25,attr:Splits/dev.sql#3:8bb9c06d,0.03378378378378378,0.038461538461538464,20,32,0.0013,structure
budget025@25,attr:Agg/agg_queries_CSPaper.sql#9:027f6bb8,0.5263157894736842,0.0,3,4,0.0,structure
budget025@25,attr:Mixed/mixed_queries.sql#5:59eb2368,0.3378378378378379,0.2608695652173913,6,17,0.0881,structure
budget025@25,attr:cspaper_filter20:q12:83e559e1,0.8333333333333334,0.0,2,1,0.0,structure
budget025@25,attr:cspaper_filter20:q18:f652a758,0.5555555555555556,0.0,1,2,0.0,structure
budget025@25,attr:Splits/train.sql#17:d0aa811e,0.7142857142857143,0.4444444444444445,5,4,0.3175,structure
budget025@25,attr:cspaper_filter20:q12:fd292b75,1.0,0.0,2,2,0.0,values
budget025@25,attr:cspaper_groupby20:q4:246aa029,0.7894736842105263,0.0,3,4,0.0,structure
budget025@25,attr:cspaper_groupby20:q7:a2206701,0.7894736842105263,0.4761904761904762,9,12,0.3759,structure
budget025@25,attr:Splits/train.sql#12:824349bd,0.7142857142857142,0.0,2,3,0.0,structure
budget025@25,attr:Splits/dev.sql#4:15befc14,0.0,0.0,0,1,0.0,no rows
budget025@25,attr:Agg/agg_queries_CSPaper.sql#9:2f217401,0.625,0.4444444444444445,4,5,0.2778,structure
budget025@25,attr:Splits/dev.sql#4:939f67af,0.8,0.4000000000000001,5,5,0.32,structure
budget025@25,attr:Splits/train.sql#16:53ce6e40,0.0,0.0,0,1,0.0,no rows
budget025@25,attr:Splits/test.sql#8:aadb873e,0.0,0.0,0,1,0.0,no rows
budget025@25,attr:cspaper_agg20:q16:2a7cdcfd,0.8333333333333334,0.6666666666666665,4,5,0.5556,structure
budget025@25,attr:cspaper_groupby20:q4:9377abe8,1.0,0.25,4,4,0.25,values
budget025@25,attr:cspaper_groupby20:q15:ff8e7ff0,1.0,0.5,4,4,0.5,values
budget025@25,attr:Splits/train.sql#25:388b209c,0.5952380952380952,0.26666666666666666,6,9,0.1587,structure
budget025@25,attr:cspaper_filter20:q5:2b72568b,1.0,0.5,6,6,0.5,values
budget025@25,attr:cspaper_agg20:q15:eaf15557,1.0,0.0,2,2,0.0,values
budget025@25,attr:Splits/train.sql#16:ec7ab067,0.0,0.0,0,1,0.0,no rows
budget025@25,attr:Splits/dev.sql#4:b89c6e49,0.0,0.0,0,1,0.0,no rows
budget025@25,attr:cspaper_agg20:q10:5af6ad8a,1.0,0.0,2,2,0.0,values
budget025@25,attr:cspaper_agg20:q16:b9b424ac,0.7142857142857142,0.0,2,3,0.0,structure
budget025@25,attr:cspaper_agg20:q15:916d1768,1.0,0.0,2,2,0.0,values
budget025@25,attr:cspaper_groupby20:q13:52410a8e,0.980392156862745,0.1904761904761905,11,10,0.1867,structure
budget025@25,attr:cspaper_agg20:q1:942b0337,1.0,0.0,2,2,0.0,values
budget025@25,attr:cspaper_filter20:q5:e03b81a3,1.0,0.0,6,6,0.0,values
budget025@25,attr:Splits/train.sql#16:c0256576,0.03597122302158273,0.04081632653061225,19,30,0.0015,structure
budget025@25,attr:cspaper_filter20:q18:f6bc9cb0,0.5555555555555556,0.0,1,2,0.0,structure
budget025@25,attr:Splits/test.sql#8:32466102,0.0,0.0,0,1,0.0,no rows
budget025@25,attr:Splits/train.sql#12:5ea1aae0,0.7142857142857142,0.0,2,3,0.0,structure
budget025@25,attr:cspaper_groupby20:q13:8d6b41fc,1.0,0.75,12,12,0.75,values
budget025@25,attr:Agg/agg_queries_CSPaper.sql#7:0650079a,0.5263157894736842,0.0,3,4,0.0,structure
budget025@25,attr:cspaper_filter20:q12:3a65f76d,1.0,0.5,2,2,0.5,values
budget025@25,attr:Splits/train.sql#25:5c5b4aac,0.0,0.0,2,13,0.0,structure
budget025@25,attr:cspaper_filter20:q5:40343233,1.0,0.6666666666666666,6,6,0.6667,values
budget025@25,attr:Agg/agg_queries_CSPaper.sql#7:e3e53bd0,0.8,0.0,5,5,0.0,structure
budget025@25,attr:cspaper_groupby20:q15:280e3463,0.8333333333333334,0.888888888888889,4,5,0.7407,structure
budget025@25,attr:Mixed/mixed_queries.sql#5:6606cc83,0.3378378378378379,0.2608695652173913,6,17,0.0881,structure
budget025@25,attr:Splits/test.sql#8:29763641,0.8,0.6,5,5,0.48,structure
budget025@25,attr:Splits/train.sql#17:d25c0c43,0.5555555555555556,0.0,1,2,0.0,structure
budget025@25,attr:cspaper_filter20:q18:b276b914,1.0,0.0,2,2,0.0,values
budget025@25,attr:cspaper_agg20:q10:811f750d,1.0,0.0,2,2,0.0,values
budget025@25,attr:cspaper_agg20:q10:4da166e6,1.0,0.0,2,2,0.0,values
budget025@25,attr:cspaper_groupby20:q7:4ef2e760,0.8620689655172415,0.9090909090909091,10,12,0.7837,structure
budget025@25,attr:cspaper_agg20:q15:7c9df18e,1.0,0.0,2,2,0.0,values
budget025@25,attr:Mixed/mixed_queries.sql#5:9179be86,0.05,0.05000000000000001,20,20,0.0025,structure
budget025@25,attr:Splits/train.sql#12:2e779d08,0.6666666666666666,0.0,3,3,0.0,structure
budget025@25,attr:Agg/agg_queries_CSPaper.sql#9:3d06e8e9,0.8,0.6,5,5,0.48,structure
budget025@25,attr:cspaper_groupby20:q13:604946a6,1.0,0.5833333333333334,12,12,0.5833,values
budget025@25,attr:cspaper_groupby20:q15:865a4db4,0.8333333333333334,0.22222222222222224,4,5,0.1852,structure
budget025@25,attr:cspaper_groupby20:q4:35c72e2d,0.7894736842105263,0.0,3,4,0.0,structure
budget025@25,attr:cspaper_agg20:q1:86682092,1.0,0.0,2,2,0.0,values
budget025@25,attr:Splits/dev.sql#3:31211915,0.0,0.0,5,33,0.0,structure
budget025@50,attr:Splits/train.sql#25:064206d5,0.0,0.0,1,16,0.0,structure
budget025@50,attr:cspaper_groupby20:q7:b314afb6,0.8333333333333335,0.380952380952381,10,11,0.3175,structure
budget025@50,attr:Splits/train.sql#17:218d9884,1.0,0.0,2,2,0.0,values
budget025@50,attr:Splits/dev.sql#3:8bb9c06d,0.03378378378378378,0.038461538461538464,20,32,0.0013,structure
budget025@50,attr:Agg/agg_queries_CSPaper.sql#9:027f6bb8,0.5263157894736842,0.0,3,4,0.0,structure
budget025@50,attr:Mixed/mixed_queries.sql#5:59eb2368,0.3378378378378379,0.2608695652173913,6,17,0.0881,structure
budget025@50,attr:cspaper_filter20:q12:83e559e1,0.8333333333333334,0.0,2,1,0.0,structure
budget025@50,attr:cspaper_filter20:q18:f652a758,0.5555555555555556,0.0,1,2,0.0,structure
budget025@50,attr:Splits/train.sql#17:d0aa811e,0.7142857142857143,0.4444444444444445,5,4,0.3175,structure
budget025@50,attr:cspaper_filter20:q12:fd292b75,1.0,0.0,2,2,0.0,values
budget025@50,attr:cspaper_groupby20:q4:246aa029,0.7894736842105263,0.0,3,4,0.0,structure
budget025@50,attr:cspaper_groupby20:q7:a2206701,0.7894736842105263,0.4761904761904762,9,12,0.3759,structure
budget025@50,attr:Splits/train.sql#12:824349bd,0.7142857142857142,0.0,2,3,0.0,structure
budget025@50,attr:Splits/dev.sql#4:15befc14,0.0,0.0,0,1,0.0,no rows
budget025@50,attr:Agg/agg_queries_CSPaper.sql#9:2f217401,0.625,0.4444444444444445,4,5,0.2778,structure
budget025@50,attr:Splits/dev.sql#4:939f67af,0.8,0.6,5,5,0.48,structure
budget025@50,attr:Splits/train.sql#16:53ce6e40,0.0,0.0,0,1,0.0,no rows
budget025@50,attr:Splits/test.sql#8:aadb873e,0.0,0.0,0,1,0.0,no rows
budget025@50,attr:cspaper_agg20:q16:2a7cdcfd,0.8333333333333334,0.6666666666666665,4,5,0.5556,structure
budget025@50,attr:cspaper_groupby20:q4:9377abe8,0.7894736842105263,0.28571428571428575,3,4,0.2256,structure
budget025@50,attr:cspaper_groupby20:q15:ff8e7ff0,1.0,0.25,4,4,0.25,values
budget025@50,attr:Splits/train.sql#25:388b209c,0.5952380952380952,0.26666666666666666,6,9,0.1587,structure
budget025@50,attr:cspaper_filter20:q5:2b72568b,1.0,0.5,6,6,0.5,values
budget025@50,attr:cspaper_agg20:q15:eaf15557,1.0,0.0,2,2,0.0,values
budget025@50,attr:Splits/train.sql#16:ec7ab067,0.0,0.0,0,1,0.0,no rows
budget025@50,attr:Splits/dev.sql#4:b89c6e49,0.0,0.0,0,1,0.0,no rows
budget025@50,attr:cspaper_agg20:q10:5af6ad8a,1.0,0.0,2,2,0.0,values
budget025@50,attr:cspaper_agg20:q16:b9b424ac,0.7142857142857142,0.0,2,3,0.0,structure
budget025@50,attr:cspaper_agg20:q15:916d1768,1.0,0.0,2,2,0.0,values
budget025@50,attr:cspaper_groupby20:q13:52410a8e,0.980392156862745,0.28571428571428564,11,10,0.2801,structure
budget025@50,attr:cspaper_agg20:q1:942b0337,1.0,0.0,2,2,0.0,values
budget025@50,attr:cspaper_filter20:q5:e03b81a3,1.0,0.0,6,6,0.0,values
budget025@50,attr:Splits/train.sql#16:c0256576,0.03597122302158273,0.04081632653061225,19,30,0.0015,structure
budget025@50,attr:cspaper_filter20:q18:f6bc9cb0,0.5555555555555556,0.0,1,2,0.0,structure
budget025@50,attr:Splits/test.sql#8:32466102,0.0,0.0,0,1,0.0,no rows
budget025@50,attr:Splits/train.sql#12:5ea1aae0,0.7142857142857142,0.0,2,3,0.0,structure
budget025@50,attr:cspaper_groupby20:q13:8d6b41fc,0.7894736842105263,0.5714285714285715,9,12,0.4511,structure
budget025@50,attr:Agg/agg_queries_CSPaper.sql#7:0650079a,0.5263157894736842,0.0,3,4,0.0,structure
budget025@50,attr:cspaper_filter20:q12:3a65f76d,1.0,0.5,2,2,0.5,values
budget025@50,attr:Splits/train.sql#25:5c5b4aac,0.0,0.0,2,13,0.0,structure
budget025@50,attr:cspaper_filter20:q5:40343233,0.8620689655172415,0.5454545454545454,5,6,0.4702,structure
budget025@50,attr:Agg/agg_queries_CSPaper.sql#7:e3e53bd0,0.8,0.0,5,5,0.0,structure
budget025@50,attr:cspaper_groupby20:q15:280e3463,0.8333333333333334,0.6666666666666665,4,5,0.5556,structure
budget025@50,attr:Mixed/mixed_queries.sql#5:6606cc83,0.3378378378378379,0.2608695652173913,6,17,0.0881,structure
budget025@50,attr:Splits/test.sql#8:29763641,0.8,0.6,5,5,0.48,structure
budget025@50,attr:Splits/train.sql#17:d25c0c43,0.5555555555555556,0.0,1,2,0.0,structure
budget025@50,attr:cspaper_filter20:q18:b276b914,0.5555555555555556,0.0,1,2,0.0,structure
budget025@50,attr:cspaper_agg20:q10:811f750d,1.0,0.0,2,2,0.0,values
budget025@50,attr:cspaper_agg20:q10:4da166e6,1.0,0.0,2,2,0.0,values
budget025@50,attr:cspaper_groupby20:q7:4ef2e760,0.7142857142857142,0.7000000000000001,8,12,0.5,structure
budget025@50,attr:cspaper_agg20:q15:7c9df18e,1.0,0.0,2,2,0.0,values
budget025@50,attr:Mixed/mixed_queries.sql#5:9179be86,0.05,0.05000000000000001,20,20,0.0025,structure
budget025@50,attr:Splits/train.sql#12:2e779d08,0.6666666666666666,0.0,3,3,0.0,structure
budget025@50,attr:Agg/agg_queries_CSPaper.sql#9:3d06e8e9,0.8,0.6,5,5,0.48,structure
budget025@50,attr:cspaper_groupby20:q13:604946a6,1.0,0.5833333333333334,12,12,0.5833,values
budget025@50,attr:cspaper_groupby20:q15:865a4db4,0.8333333333333334,0.22222222222222224,4,5,0.1852,structure
budget025@50,attr:cspaper_groupby20:q4:35c72e2d,0.7894736842105263,0.0,3,4,0.0,structure
budget025@50,attr:cspaper_agg20:q1:86682092,1.0,0.0,2,2,0.0,values
budget025@50,attr:Splits/dev.sql#3:31211915,0.0,0.0,5,33,0.0,structure
budget025@75,attr:Splits/train.sql#25:064206d5,0.0,0.0,1,16,0.0,structure
budget025@75,attr:cspaper_groupby20:q7:b314afb6,0.8333333333333335,0.380952380952381,10,11,0.3175,structure
budget025@75,attr:Splits/train.sql#17:218d9884,1.0,0.0,2,2,0.0,values
budget025@75,attr:Splits/dev.sql#3:8bb9c06d,0.03378378378378378,0.038461538461538464,20,32,0.0013,structure
budget025@75,attr:Agg/agg_queries_CSPaper.sql#9:027f6bb8,0.0,0.0,1,4,0.0,structure
budget025@75,attr:Mixed/mixed_queries.sql#5:59eb2368,0.3378378378378379,0.2608695652173913,6,17,0.0881,structure
budget025@75,attr:cspaper_filter20:q12:83e559e1,0.8333333333333334,0.0,2,1,0.0,structure
budget025@75,attr:cspaper_filter20:q18:f652a758,0.5555555555555556,0.0,1,2,0.0,structure
budget025@75,attr:Splits/train.sql#17:d0aa811e,0.7142857142857143,0.4444444444444445,5,4,0.3175,structure
budget025@75,attr:cspaper_filter20:q12:fd292b75,1.0,0.0,2,2,0.0,values
budget025@75,attr:cspaper_groupby20:q4:246aa029,0.7894736842105263,0.0,3,4,0.0,structure
budget025@75,attr:cspaper_groupby20:q7:a2206701,0.4716981132075472,0.23529411764705882,5,12,0.111,structure
budget025@75,attr:Splits/train.sql#12:824349bd,0.7142857142857142,0.0,2,3,0.0,structure
budget025@75,attr:Splits/dev.sql#4:15befc14,0.0,0.0,0,1,0.0,no rows
budget025@75,attr:Agg/agg_queries_CSPaper.sql#9:2f217401,0.625,0.4444444444444445,4,5,0.2778,structure
budget025@75,attr:Splits/dev.sql#4:939f67af,0.8,0.6,5,5,0.48,structure
budget025@75,attr:Splits/train.sql#16:53ce6e40,0.0,0.0,0,1,0.0,no rows
budget025@75,attr:Splits/test.sql#8:aadb873e,0.0,0.0,0,1,0.0,no rows
budget025@75,attr:cspaper_agg20:q16:2a7cdcfd,0.8333333333333334,0.6666666666666665,4,5,0.5556,structure
budget025@75,attr:cspaper_groupby20:q4:9377abe8,0.7894736842105263,0.28571428571428575,3,4,0.2256,structure
budget025@75,attr:cspaper_groupby20:q15:ff8e7ff0,1.0,0.25,4,4,0.25,values
budget025@75,attr:Splits/train.sql#25:388b209c,0.5952380952380952,0.26666666666666666,6,9,0.1587,structure
budget025@75,attr:cspaper_filter20:q5:2b72568b,0.8620689655172415,0.3636363636363636,5,6,0.3135,structure
budget025@75,attr:cspaper_agg20:q15:eaf15557,1.0,0.0,2,2,0.0,values
budget025@75,attr:Splits/train.sql#16:ec7ab067,0.0,0.0,0,1,0.0,no rows
budget025@75,attr:Splits/dev.sql#4:b89c6e49,0.0,0.0,0,1,0.0,no rows
budget025@75,attr:cspaper_agg20:q10:5af6ad8a,1.0,0.0,2,2,0.0,values
budget025@75,attr:cspaper_agg20:q16:b9b424ac,0.7142857142857142,0.0,2,3,0.0,structure
budget025@75,attr:cspaper_agg20:q15:916d1768,1.0,0.0,2,2,0.0,values
budget025@75,attr:cspaper_groupby20:q13:52410a8e,0.980392156862745,0.28571428571428564,11,10,0.2801,structure
budget025@75,attr:cspaper_agg20:q1:942b0337,1.0,0.0,2,2,0.0,values
budget025@75,attr:cspaper_filter20:q5:e03b81a3,1.0,0.0,6,6,0.0,values
budget025@75,attr:Splits/train.sql#16:c0256576,0.03597122302158273,0.04081632653061225,19,30,0.0015,structure
budget025@75,attr:cspaper_filter20:q18:f6bc9cb0,0.5555555555555556,0.0,1,2,0.0,structure
budget025@75,attr:Splits/test.sql#8:32466102,0.0,0.0,0,1,0.0,no rows
budget025@75,attr:Splits/train.sql#12:5ea1aae0,0.7142857142857142,0.0,2,3,0.0,structure
budget025@75,attr:cspaper_groupby20:q13:8d6b41fc,0.9322033898305083,0.6956521739130435,11,12,0.6485,structure
budget025@75,attr:Agg/agg_queries_CSPaper.sql#7:0650079a,0.5263157894736842,0.0,3,4,0.0,structure
budget025@75,attr:cspaper_filter20:q12:3a65f76d,1.0,0.5,2,2,0.5,values
budget025@75,attr:Splits/train.sql#25:5c5b4aac,0.0,0.0,2,13,0.0,structure
budget025@75,attr:cspaper_filter20:q5:40343233,0.8620689655172415,0.5454545454545454,5,6,0.4702,structure
budget025@75,attr:Agg/agg_queries_CSPaper.sql#7:e3e53bd0,0.8,0.0,5,5,0.0,structure
budget025@75,attr:cspaper_groupby20:q15:280e3463,0.8333333333333334,0.4444444444444445,4,5,0.3704,structure
budget025@75,attr:Mixed/mixed_queries.sql#5:6606cc83,0.3378378378378379,0.2608695652173913,6,17,0.0881,structure
budget025@75,attr:Splits/test.sql#8:29763641,0.8,0.6,5,5,0.48,structure
budget025@75,attr:Splits/train.sql#17:d25c0c43,0.5,0.0,2,2,0.0,structure
budget025@75,attr:cspaper_filter20:q18:b276b914,0.5555555555555556,0.0,1,2,0.0,structure
budget025@75,attr:cspaper_agg20:q10:811f750d,1.0,0.0,2,2,0.0,values
budget025@75,attr:cspaper_agg20:q10:4da166e6,1.0,0.0,2,2,0.0,values
budget025@75,attr:cspaper_groupby20:q7:4ef2e760,0.7142857142857142,0.7000000000000001,8,12,0.5,structure
budget025@75,attr:cspaper_agg20:q15:7c9df18e,1.0,0.0,2,2,0.0,values
budget025@75,attr:Mixed/mixed_queries.sql#5:9179be86,0.05,0.05000000000000001,20,20,0.0025,structure
budget025@75,attr:Splits/train.sql#12:2e779d08,0.6666666666666666,0.0,3,3,0.0,structure
budget025@75,attr:Agg/agg_queries_CSPaper.sql#9:3d06e8e9,0.8,0.6,5,5,0.48,structure
budget025@75,attr:cspaper_groupby20:q13:604946a6,0.8620689655172415,0.45454545454545453,10,12,0.3918,structure
budget025@75,attr:cspaper_groupby20:q15:865a4db4,0.8333333333333334,0.22222222222222224,4,5,0.1852,structure
budget025@75,attr:cspaper_groupby20:q4:35c72e2d,0.7894736842105263,0.0,3,4,0.0,structure
budget025@75,attr:cspaper_agg20:q1:86682092,1.0,0.0,2,2,0.0,values
budget025@75,attr:Splits/dev.sql#3:31211915,0.0,0.0,5,33,0.0,structure
budget050@0,attr:Splits/train.sql#25:064206d5,0.0,0.0,1,16,0.0,structure
budget050@0,attr:cspaper_groupby20:q7:b314afb6,0.8333333333333335,0.09523809523809525,10,11,0.0794,structure
budget050@0,attr:Splits/train.sql#17:218d9884,1.0,0.0,2,2,0.0,values
budget050@0,attr:Splits/dev.sql#3:8bb9c06d,0.03378378378378378,0.038461538461538464,20,32,0.0013,structure
budget050@0,attr:Agg/agg_queries_CSPaper.sql#9:027f6bb8,0.5263157894736842,0.0,3,4,0.0,structure
budget050@0,attr:Mixed/mixed_queries.sql#5:59eb2368,0.3378378378378379,0.2608695652173913,6,17,0.0881,structure
budget050@0,attr:cspaper_filter20:q12:83e559e1,0.8333333333333334,0.0,2,1,0.0,structure
budget050@0,attr:cspaper_filter20:q18:f652a758,0.5555555555555556,0.0,1,2,0.0,structure
budget050@0,attr:Splits/train.sql#17:d0aa811e,0.75,0.5,4,4,0.375,structure
budget050@0,attr:cspaper_filter20:q12:fd292b75,1.0,0.0,2,2,0.0,values
budget050@0,attr:cspaper_groupby20:q4:246aa029,0.7894736842105263,0.0,3,4,0.0,structure
budget050@0,attr:cspaper_groupby20:q7:a2206701,0.7894736842105263,0.4761904761904762,9,12,0.3759,structure
budget050@0,attr:Splits/train.sql#12:824349bd,0.7142857142857142,0.0,2,3,0.0,structure
budget050@0,attr:Splits/dev.sql#4:15befc14,0.0,0.0,0,1,0.0,no rows
budget050@0,attr:Agg/agg_queries_CSPaper.sql#9:2f217401,0.625,0.4444444444444445,4,5,0.2778,structure
budget050@0,attr:Splits/dev.sql#4:939f67af,0.625,0.4444444444444445,4,5,0.2778,structure
budget050@0,attr:Splits/train.sql#16:53ce6e40,0.0,0.0,0,1,0.0,no rows
budget050@0,attr:Splits/test.sql#8:aadb873e,0.0,0.0,0,1,0.0,no rows
budget050@0,attr:cspaper_agg20:q16:2a7cdcfd,0.6521739130434783,0.5,3,5,0.3261,structure
budget050@0,attr:cspaper_groupby20:q4:9377abe8,1.0,0.25,4,4,0.25,values
budget050@0,attr:cspaper_groupby20:q15:ff8e7ff0,1.0,0.0,4,4,0.0,values
budget050@0,attr:Splits/train.sql#25:388b209c,0.5952380952380952,0.26666666666666666,6,9,0.1587,structure
budget050@0,attr:cspaper_filter20:q5:2b72568b,1.0,0.5,6,6,0.5,values
budget050@0,attr:cspaper_agg20:q15:eaf15557,1.0,0.0,2,2,0.0,values
budget050@0,attr:Splits/train.sql#16:ec7ab067,0.0,0.0,0,1,0.0,no rows
budget050@0,attr:Splits/dev.sql#4:b89c6e49,0.0,0.0,0,1,0.0,no rows
budget050@0,attr:cspaper_agg20:q10:5af6ad8a,1.0,0.0,2,2,0.0,values
budget050@0,attr:cspaper_agg20:q16:b9b424ac,0.7142857142857142,0.0,2,3,0.0,structure
budget050@0,attr:cspaper_agg20:q15:916d1768,1.0,0.0,2,2,0.0,values
budget050@0,attr:cspaper_groupby20:q13:52410a8e,0.9615384615384615,0.3636363636363636,12,10,0.3497,structure
budget050@0,attr:cspaper_agg20:q1:942b0337,1.0,0.0,2,2,0.0,values
budget050@0,attr:cspaper_filter20:q5:e03b81a3,1.0,0.16666666666666666,6,6,0.1667,values
budget050@0,attr:Splits/train.sql#16:c0256576,0.03597122302158273,0.04081632653061225,19,30,0.0015,structure
budget050@0,attr:cspaper_filter20:q18:f6bc9cb0,0.5555555555555556,0.0,1,2,0.0,structure
budget050@0,attr:Splits/test.sql#8:32466102,0.0,0.0,0,1,0.0,no rows
budget050@0,attr:Splits/train.sql#12:5ea1aae0,0.7142857142857142,0.0,2,3,0.0,structure
budget050@0,attr:cspaper_groupby20:q13:8d6b41fc,1.0,0.75,12,12,0.75,values
budget050@0,attr:Agg/agg_queries_CSPaper.sql#7:0650079a,0.5263157894736842,0.0,3,4,0.0,structure
budget050@0,attr:cspaper_filter20:q12:3a65f76d,1.0,0.5,2,2,0.5,values
budget050@0,attr:Splits/train.sql#25:5c5b4aac,0.0,0.0,2,13,0.0,structure
budget050@0,attr:cspaper_filter20:q5:40343233,1.0,0.6666666666666666,6,6,0.6667,values
budget050@0,attr:Agg/agg_queries_CSPaper.sql#7:e3e53bd0,0.625,0.0,4,5,0.0,structure
budget050@0,attr:cspaper_groupby20:q15:280e3463,0.8333333333333334,0.888888888888889,4,5,0.7407,structure
budget050@0,attr:Mixed/mixed_queries.sql#5:6606cc83,0.3378378378378379,0.2608695652173913,6,17,0.0881,structure
budget050@0,attr:Splits/test.sql#8:29763641,0.43478260869565216,0.25,3,5,0.1087,structure
budget050@0,attr:Splits/train.sql#17:d25c0c43,0.5555555555555556,0.0,1,2,0.0,structure
budget050@0,attr:cspaper_filter20:q18:b276b914,1.0,0.0,2,2,0.0,values
budget050@0,attr:cspaper_agg20:q10:811f750d,1.0,0.0,2,2,0.0,values
budget050@0,attr:cspaper_agg20:q10:4da166e6,1.0,0.0,2,2,0.0,values
budget050@0,attr:cspaper_groupby20:q7:4ef2e760,0.8620689655172415,0.9090909090909091,10,12,0.7837,structure
budget050@0,attr:cspaper_agg20:q15:7c9df18e,1.0,0.0,2,2,0.0,values
budget050@0,attr:Mixed/mixed_queries.sql#5:9179be86,0.05,0.05000000000000001,20,20,0.0025,structure
budget050@0,attr:Splits/train.sql#12:2e779d08,0.6666666666666666,0.0,3,3,0.0,structure
budget050@0,attr:Agg/agg_queries_CSPaper.sql#9:3d06e8e9,0.625,0.4444444444444445,4,5,0.2778,structure
budget050@0,attr:cspaper_groupby20:q13:604946a6,1.0,0.5833333333333334,12,12,0.5833,values
budget050@0,attr:cspaper_groupby20:q15:865a4db4,0.8333333333333334,0.22222222222222224,4,5,0.1852,structure
budget050@0,attr:cspaper_groupby20:q4:35c72e2d,0.7894736842105263,0.0,3,4,0.0,structure
budget050@0,attr:cspaper_agg20:q1:86682092,1.0,0.0,2,2,0.0,values
budget050@0,attr:Splits/dev.sql#3:31211915,0.0,0.0,5,33,0.0,structure
budget050@100,attr:Splits/train.sql#25:064206d5,0.0,0.0,1,16,0.0,structure
budget050@100,attr:cspaper_groupby20:q7:b314afb6,0.8333333333333335,0.380952380952381,10,11,0.3175,structure
budget050@100,attr:Splits/train.sql#17:218d9884,1.0,0.0,2,2,0.0,values
budget050@100,attr:Splits/dev.sql#3:8bb9c06d,0.0,0.0,9,32,0.0,structure
budget050@100,attr:Agg/agg_queries_CSPaper.sql#9:027f6bb8,0.0,0.0,1,4,0.0,structure
budget050@100,attr:Mixed/mixed_queries.sql#5:59eb2368,0.3378378378378379,0.2608695652173913,6,17,0.0881,structure
budget050@100,attr:cspaper_filter20:q12:83e559e1,0.8333333333333334,0.0,2,1,0.0,structure
budget050@100,attr:cspaper_filter20:q18:f652a758,0.5555555555555556,0.0,1,2,0.0,structure
budget050@100,attr:Splits/train.sql#17:d0aa811e,0.75,0.5,4,4,0.375,structure
budget050@100,attr:cspaper_filter20:q12:fd292b75,1.0,0.5,2,2,0.5,values
budget050@100,attr:cspaper_groupby20:q4:246aa029,0.7894736842105263,0.0,3,4,0.0,structure
budget050@100,attr:cspaper_groupby20:q7:a2206701,0.4716981132075472,0.23529411764705882,5,12,0.111,structure
budget050@100,attr:Splits/train.sql#12:824349bd,0.7142857142857142,0.0,2,3,0.0,structure
budget050@100,attr:Splits/dev.sql#4:15befc14,0.0,0.0,0,1,0.0,no rows
budget050@100,attr:Agg/agg_queries_CSPaper.sql#9:2f217401,0.625,0.4444444444444445,4,5,0.2778,structure
budget050@100,attr:Splits/dev.sql#4:939f67af,0.8,0.6,5,5,0.48,structure
budget050@100,attr:Splits/train.sql#16:53ce6e40,0.0,0.0,0,1,0.0,no rows
budget050@100,attr:Splits/test.sql#8:aadb873e,0.0,0.0,0,1,0.0,no rows
budget050@100,attr:cspaper_agg20:q16:2a7cdcfd,0.8333333333333334,0.6666666666666665,4,5,0.5556,structure
budget050@100,attr:cspaper_groupby20:q4:9377abe8,0.7894736842105263,0.28571428571428575,3,4,0.2256,structure
budget050@100,attr:cspaper_groupby20:q15:ff8e7ff0,1.0,0.5,4,4,0.5,values
budget050@100,attr:Splits/train.sql#25:388b209c,0.5952380952380952,0.13333333333333333,6,9,0.0794,structure
budget050@100,attr:cspaper_filter20:q5:2b72568b,0.7142857142857142,0.2,4,6,0.1429,structure
budget050@100,attr:cspaper_agg20:q15:eaf15557,1.0,0.0,2,2,0.0,values
budget050@100,attr:Splits/train.sql#16:ec7ab067,0.0,0.0,0,1,0.0,no rows
budget050@100,attr:Splits/dev.sql#4:b89c6e49,0.0,0.0,0,1,0.0,no rows
budget050@100,attr:cspaper_agg20:q10:5af6ad8a,1.0,0.0,2,2,0.0,values
budget050@100,attr:cspaper_agg20:q16:b9b424ac,0.7142857142857142,0.0,2,3,0.0,structure
budget050@100,attr:cspaper_agg20:q15:916d1768,1.0,0.0,2,2,0.0,values
budget050@100,attr:cspaper_groupby20:q13:52410a8e,0.8999999999999999,0.20000000000000004,10,10,0.18,structure
budget050@100,attr:cspaper_agg20:q1:942b0337,1.0,0.0,2,2,0.0,values
budget050@100,attr:cspaper_filter20:q5:e03b81a3,1.0,0.0,6,6,0.0,values
budget050@100,attr:Splits/train.sql#16:c0256576,0.0,0.0,9,30,0.0,structure
budget050@100,attr:cspaper_filter20:q18:f6bc9cb0,1.0,0.0,2,2,0.0,values
budget050@100,attr:Splits/test.sql#8:32466102,0.0,0.0,0,1,0.0,no rows
budget050@100,attr:Splits/train.sql#12:5ea1aae0,0.7142857142857142,0.0,2,3,0.0,structure
budget050@100,attr:cspaper_groupby20:q13:8d6b41fc,0.9322033898305083,0.6956521739130435,11,12,0.6485,structure
budget050@100,attr:Agg/agg_queries_CSPaper.sql#7:0650079a,0.5263157894736842,0.0,3,4,0.0,structure
budget050@100,attr:cspaper_filter20:q12:3a65f76d,1.0,0.5,2,2,0.5,values
budget050@100,attr:Splits/train.sql#25:5c5b4aac,0.0,0.0,2,13,0.0,structure
budget050@100,attr:cspaper_filter20:q5:40343233,0.8620689655172415,0.5454545454545454,5,6,0.4702,structure
budget050@100,attr:Agg/agg_queries_CSPaper.sql#7:e3e53bd0,0.8,0.20000000000000004,5,5,0.16,structure
budget050@100,attr:cspaper_groupby20:q15:280e3463,0.8333333333333334,0.6666666666666665,4,5,0.5556,structure
budget050@100,attr:Mixed/mixed_queries.sql#5:6606cc83,0.3378378378378379,0.2608695652173913,6,17,0.0881,structure
budget050@100,attr:Splits/test.sql#8:29763641,0.625,0.4444444444444445,4,5,0.2778,structure
budget050@100,attr:Splits/train.sql#17:d25c0c43,1.0,0.0,2,2,0.0,values
budget050@100,attr:cspaper_filter20:q18:b276b914,0.5555555555555556,0.0,1,2,0.0,structure
budget050@100,attr:cspaper_agg20:q10:811f750d,1.0,0.5,2,2,0.5,values
budget050@100,attr:cspaper_agg20:q10:4da166e6,1.0,0.0,2,2,0.0,values
budget050@100,attr:cspaper_groupby20:q7:4ef2e760,0.7894736842105263,0.6666666666666666,9,12,0.5263,structure
budget050@100,attr:cspaper_agg20:q15:7c9df18e,1.0,0.0,2,2,0.0,values
budget050@100,attr:Mixed/mixed_queries.sql#5:9179be86,0.0,0.0,8,20,0.0,structure
budget050@100,attr:Splits/train.sql#12:2e779d08,0.6666666666666666,0.0,3,3,0.0,structure
budget050@100,attr:Agg/agg_queries_CSPaper.sql#9:3d06e8e9,0.8,0.6,5,5,0.48,structure
budget050@100,attr:cspaper_groupby20:q13:604946a6,0.8620689655172415,0.5454545454545454,10,12,0.4702,structure
budget050@100,attr:cspaper_groupby20:q15:865a4db4,0.8333333333333334,0.22222222222222224,4,5,0.1852,structure
budget050@100,attr:cspaper_groupby20:q4:35c72e2d,0.7894736842105263,0.0,3,4,0.0,structure
budget050@100,attr:cspaper_agg20:q1:86682092,1.0,0.0,2,2,0.0,values
budget050@100,attr:Splits/dev.sql#3:31211915,0.0,0.0,5,33,0.0,structure
budget050@25,attr:Splits/train.sql#25:064206d5,0.0,0.0,1,16,0.0,structure
budget050@25,attr:cspaper_groupby20:q7:b314afb6,0.8333333333333335,0.380952380952381,10,11,0.3175,structure
budget050@25,attr:Splits/train.sql#17:218d9884,1.0,0.0,2,2,0.0,values
budget050@25,attr:Splits/dev.sql#3:8bb9c06d,0.03378378378378378,0.038461538461538464,20,32,0.0013,structure
budget050@25,attr:Agg/agg_queries_CSPaper.sql#9:027f6bb8,0.5263157894736842,0.0,3,4,0.0,structure
budget050@25,attr:Mixed/mixed_queries.sql#5:59eb2368,0.3378378378378379,0.2608695652173913,6,17,0.0881,structure
budget050@25,attr:cspaper_filter20:q12:83e559e1,0.8333333333333334,0.0,2,1,0.0,structure
budget050@25,attr:cspaper_filter20:q18:f652a758,0.5555555555555556,0.0,1,2,0.0,structure
budget050@25,attr:Splits/train.sql#17:d0aa811e,0.7142857142857143,0.4444444444444445,5,4,0.3175,structure
budget050@25,attr:cspaper_filter20:q12:fd292b75,1.0,0.0,2,2,0.0,values
budget050@25,attr:cspaper_groupby20:q4:246aa029,0.7894736842105263,0.0,3,4,0.0,structure
budget050@25,attr:cspaper_groupby20:q7:a2206701,0.7894736842105263,0.4761904761904762,9,12,0.3759,structure
budget050@25,attr:Splits/train.sql#12:824349bd,0.7142857142857142,0.0,2,3,0.0,structure
budget050@25,attr:Splits/dev.sql#4:15befc14,0.0,0.0,0,1,0.0,no rows
budget050@25,attr:Agg/agg_queries_CSPaper.sql#9:2f217401,0.625,0.4444444444444445,4,5,0.2778,structure
budget050@25,attr:Splits/dev.sql#4:939f67af,0.8,0.4000000000000001,5,5,0.32,structure
budget050@25,attr:Splits/train.sql#16:53ce6e40,0.0,0.0,0,1,0.0,no rows
budget050@25,attr:Splits/test.sql#8:aadb873e,0.0,0.0,0,1,0.0,no rows
budget050@25,attr:cspaper_agg20:q16:2a7cdcfd,0.8333333333333334,0.6666666666666665,4,5,0.5556,structure
budget050@25,attr:cspaper_groupby20:q4:9377abe8,1.0,0.25,4,4,0.25,values
budget050@25,attr:cspaper_groupby20:q15:ff8e7ff0,1.0,0.5,4,4,0.5,values
budget050@25,attr:Splits/train.sql#25:388b209c,0.5952380952380952,0.26666666666666666,6,9,0.1587,structure
budget050@25,attr:cspaper_filter20:q5:2b72568b,1.0,0.5,6,6,0.5,values
budget050@25,attr:cspaper_agg20:q15:eaf15557,1.0,0.0,2,2,0.0,values
budget050@25,attr:Splits/train.sql#16:ec7ab067,0.0,0.0,0,1,0.0,no rows
budget050@25,attr:Splits/dev.sql#4:b89c6e49,0.0,0.0,0,1,0.0,no rows
budget050@25,attr:cspaper_agg20:q10:5af6ad8a,1.0,0.0,2,2,0.0,values
budget050@25,attr:cspaper_agg20:q16:b9b424ac,0.7142857142857142,0.0,2,3,0.0,structure
budget050@25,attr:cspaper_agg20:q15:916d1768,1.0,0.0,2,2,0.0,values
budget050@25,attr:cspaper_groupby20:q13:52410a8e,0.980392156862745,0.1904761904761905,11,10,0.1867,structure
budget050@25,attr:cspaper_agg20:q1:942b0337,1.0,0.0,2,2,0.0,values
budget050@25,attr:cspaper_filter20:q5:e03b81a3,1.0,0.0,6,6,0.0,values
budget050@25,attr:Splits/train.sql#16:c0256576,0.03597122302158273,0.04081632653061225,19,30,0.0015,structure
budget050@25,attr:cspaper_filter20:q18:f6bc9cb0,0.5555555555555556,0.0,1,2,0.0,structure
budget050@25,attr:Splits/test.sql#8:32466102,0.0,0.0,0,1,0.0,no rows
budget050@25,attr:Splits/train.sql#12:5ea1aae0,0.7142857142857142,0.0,2,3,0.0,structure
budget050@25,attr:cspaper_groupby20:q13:8d6b41fc,1.0,0.75,12,12,0.75,values
budget050@25,attr:Agg/agg_queries_CSPaper.sql#7:0650079a,0.5263157894736842,0.0,3,4,0.0,structure
budget050@25,attr:cspaper_filter20:q12:3a65f76d,1.0,0.5,2,2,0.5,values
budget050@25,attr:Splits/train.sql#25:5c5b4aac,0.0,0.0,2,13,0.0,structure
budget050@25,attr:cspaper_filter20:q5:40343233,1.0,0.6666666666666666,6,6,0.6667,values
budget050@25,attr:Agg/agg_queries_CSPaper.sql#7:e3e53bd0,0.8,0.0,5,5,0.0,structure
budget050@25,attr:cspaper_groupby20:q15:280e3463,0.8333333333333334,0.888888888888889,4,5,0.7407,structure
budget050@25,attr:Mixed/mixed_queries.sql#5:6606cc83,0.3378378378378379,0.2608695652173913,6,17,0.0881,structure
budget050@25,attr:Splits/test.sql#8:29763641,0.8,0.6,5,5,0.48,structure
budget050@25,attr:Splits/train.sql#17:d25c0c43,0.5555555555555556,0.0,1,2,0.0,structure
budget050@25,attr:cspaper_filter20:q18:b276b914,1.0,0.0,2,2,0.0,values
budget050@25,attr:cspaper_agg20:q10:811f750d,1.0,0.0,2,2,0.0,values
budget050@25,attr:cspaper_agg20:q10:4da166e6,1.0,0.0,2,2,0.0,values
budget050@25,attr:cspaper_groupby20:q7:4ef2e760,0.8620689655172415,0.9090909090909091,10,12,0.7837,structure
budget050@25,attr:cspaper_agg20:q15:7c9df18e,1.0,0.0,2,2,0.0,values
budget050@25,attr:Mixed/mixed_queries.sql#5:9179be86,0.05,0.05000000000000001,20,20,0.0025,structure
budget050@25,attr:Splits/train.sql#12:2e779d08,0.6666666666666666,0.0,3,3,0.0,structure
budget050@25,attr:Agg/agg_queries_CSPaper.sql#9:3d06e8e9,0.8,0.6,5,5,0.48,structure
budget050@25,attr:cspaper_groupby20:q13:604946a6,1.0,0.5833333333333334,12,12,0.5833,values
budget050@25,attr:cspaper_groupby20:q15:865a4db4,0.8333333333333334,0.22222222222222224,4,5,0.1852,structure
budget050@25,attr:cspaper_groupby20:q4:35c72e2d,0.7894736842105263,0.0,3,4,0.0,structure
budget050@25,attr:cspaper_agg20:q1:86682092,1.0,0.0,2,2,0.0,values
budget050@25,attr:Splits/dev.sql#3:31211915,0.0,0.0,5,33,0.0,structure
budget050@50,attr:Splits/train.sql#25:064206d5,0.0,0.0,1,16,0.0,structure
budget050@50,attr:cspaper_groupby20:q7:b314afb6,0.8333333333333335,0.380952380952381,10,11,0.3175,structure
budget050@50,attr:Splits/train.sql#17:218d9884,1.0,0.0,2,2,0.0,values
budget050@50,attr:Splits/dev.sql#3:8bb9c06d,0.03378378378378378,0.038461538461538464,20,32,0.0013,structure
budget050@50,attr:Agg/agg_queries_CSPaper.sql#9:027f6bb8,0.5263157894736842,0.0,3,4,0.0,structure
budget050@50,attr:Mixed/mixed_queries.sql#5:59eb2368,0.3378378378378379,0.2608695652173913,6,17,0.0881,structure
budget050@50,attr:cspaper_filter20:q12:83e559e1,0.8333333333333334,0.0,2,1,0.0,structure
budget050@50,attr:cspaper_filter20:q18:f652a758,0.5555555555555556,0.0,1,2,0.0,structure
budget050@50,attr:Splits/train.sql#17:d0aa811e,0.7142857142857143,0.4444444444444445,5,4,0.3175,structure
budget050@50,attr:cspaper_filter20:q12:fd292b75,1.0,0.0,2,2,0.0,values
budget050@50,attr:cspaper_groupby20:q4:246aa029,0.7894736842105263,0.0,3,4,0.0,structure
budget050@50,attr:cspaper_groupby20:q7:a2206701,0.7894736842105263,0.4761904761904762,9,12,0.3759,structure
budget050@50,attr:Splits/train.sql#12:824349bd,0.7142857142857142,0.0,2,3,0.0,structure
budget050@50,attr:Splits/dev.sql#4:15befc14,0.0,0.0,0,1,0.0,no rows
budget050@50,attr:Agg/agg_queries_CSPaper.sql#9:2f217401,0.625,0.4444444444444445,4,5,0.2778,structure
budget050@50,attr:Splits/dev.sql#4:939f67af,0.8,0.6,5,5,0.48,structure
budget050@50,attr:Splits/train.sql#16:53ce6e40,0.0,0.0,0,1,0.0,no rows
budget050@50,attr:Splits/test.sql#8:aadb873e,0.0,0.0,0,1,0.0,no rows
budget050@50,attr:cspaper_agg20:q16:2a7cdcfd,0.8333333333333334,0.6666666666666665,4,5,0.5556,structure
budget050@50,attr:cspaper_groupby20:q4:9377abe8,0.7894736842105263,0.28571428571428575,3,4,0.2256,structure
budget050@50,attr:cspaper_groupby20:q15:ff8e7ff0,1.0,0.25,4,4,0.25,values
budget050@50,attr:Splits/train.sql#25:388b209c,0.5952380952380952,0.26666666666666666,6,9,0.1587,structure
budget050@50,attr:cspaper_filter20:q5:2b72568b,1.0,0.5,6,6,0.5,values
budget050@50,attr:cspaper_agg20:q15:eaf15557,1.0,0.0,2,2,0.0,values
budget050@50,attr:Splits/train.sql#16:ec7ab067,0.0,0.0,0,1,0.0,no rows
budget050@50,attr:Splits/dev.sql#4:b89c6e49,0.0,0.0,0,1,0.0,no rows
budget050@50,attr:cspaper_agg20:q10:5af6ad8a,1.0,0.0,2,2,0.0,values
budget050@50,attr:cspaper_agg20:q16:b9b424ac,0.7142857142857142,0.0,2,3,0.0,structure
budget050@50,attr:cspaper_agg20:q15:916d1768,1.0,0.0,2,2,0.0,values
budget050@50,attr:cspaper_groupby20:q13:52410a8e,0.980392156862745,0.28571428571428564,11,10,0.2801,structure
budget050@50,attr:cspaper_agg20:q1:942b0337,1.0,0.0,2,2,0.0,values
budget050@50,attr:cspaper_filter20:q5:e03b81a3,1.0,0.0,6,6,0.0,values
budget050@50,attr:Splits/train.sql#16:c0256576,0.03597122302158273,0.04081632653061225,19,30,0.0015,structure
budget050@50,attr:cspaper_filter20:q18:f6bc9cb0,0.5555555555555556,0.0,1,2,0.0,structure
budget050@50,attr:Splits/test.sql#8:32466102,0.0,0.0,0,1,0.0,no rows
budget050@50,attr:Splits/train.sql#12:5ea1aae0,0.7142857142857142,0.0,2,3,0.0,structure
budget050@50,attr:cspaper_groupby20:q13:8d6b41fc,0.9322033898305083,0.7826086956521738,11,12,0.7296,structure
budget050@50,attr:Agg/agg_queries_CSPaper.sql#7:0650079a,0.5263157894736842,0.0,3,4,0.0,structure
budget050@50,attr:cspaper_filter20:q12:3a65f76d,1.0,0.5,2,2,0.5,values
budget050@50,attr:Splits/train.sql#25:5c5b4aac,0.0,0.0,2,13,0.0,structure
budget050@50,attr:cspaper_filter20:q5:40343233,0.8620689655172415,0.5454545454545454,5,6,0.4702,structure
budget050@50,attr:Agg/agg_queries_CSPaper.sql#7:e3e53bd0,0.8,0.0,5,5,0.0,structure
budget050@50,attr:cspaper_groupby20:q15:280e3463,0.8333333333333334,0.6666666666666665,4,5,0.5556,structure
budget050@50,attr:Mixed/mixed_queries.sql#5:6606cc83,0.3378378378378379,0.2608695652173913,6,17,0.0881,structure
budget050@50,attr:Splits/test.sql#8:29763641,0.8,0.6,5,5,0.48,structure
budget050@50,attr:Splits/train.sql#17:d25c0c43,0.5555555555555556,0.0,1,2,0.0,structure
budget050@50,attr:cspaper_filter20:q18:b276b914,0.5555555555555556,0.0,1,2,0.0,structure
budget050@50,attr:cspaper_agg20:q10:811f750d,1.0,0.0,2,2,0.0,values
budget050@50,attr:cspaper_agg20:q10:4da166e6,1.0,0.0,2,2,0.0,values
budget050@50,attr:cspaper_groupby20:q7:4ef2e760,0.8620689655172415,0.9090909090909091,10,12,0.7837,structure
budget050@50,attr:cspaper_agg20:q15:7c9df18e,1.0,0.0,2,2,0.0,values
budget050@50,attr:Mixed/mixed_queries.sql#5:9179be86,0.05,0.05000000000000001,20,20,0.0025,structure
budget050@50,attr:Splits/train.sql#12:2e779d08,0.6666666666666666,0.0,3,3,0.0,structure
budget050@50,attr:Agg/agg_queries_CSPaper.sql#9:3d06e8e9,0.8,0.6,5,5,0.48,structure
budget050@50,attr:cspaper_groupby20:q13:604946a6,1.0,0.5833333333333334,12,12,0.5833,values
budget050@50,attr:cspaper_groupby20:q15:865a4db4,0.8333333333333334,0.22222222222222224,4,5,0.1852,structure
budget050@50,attr:cspaper_groupby20:q4:35c72e2d,0.7894736842105263,0.0,3,4,0.0,structure
budget050@50,attr:cspaper_agg20:q1:86682092,1.0,0.0,2,2,0.0,values
budget050@50,attr:Splits/dev.sql#3:31211915,0.0,0.0,5,33,0.0,structure
budget050@75,attr:Splits/train.sql#25:064206d5,0.0,0.0,1,16,0.0,structure
budget050@75,attr:cspaper_groupby20:q7:b314afb6,0.8333333333333335,0.380952380952381,10,11,0.3175,structure
budget050@75,attr:Splits/train.sql#17:218d9884,1.0,0.0,2,2,0.0,values
budget050@75,attr:Splits/dev.sql#3:8bb9c06d,0.03378378378378378,0.038461538461538464,20,32,0.0013,structure
budget050@75,attr:Agg/agg_queries_CSPaper.sql#9:027f6bb8,0.5263157894736842,0.0,3,4,0.0,structure
budget050@75,attr:Mixed/mixed_queries.sql#5:59eb2368,0.3378378378378379,0.2608695652173913,6,17,0.0881,structure
budget050@75,attr:cspaper_filter20:q12:83e559e1,0.8333333333333334,0.0,2,1,0.0,structure
budget050@75,attr:cspaper_filter20:q18:f652a758,0.5555555555555556,0.0,1,2,0.0,structure
budget050@75,attr:Splits/train.sql#17:d0aa811e,0.7142857142857143,0.4444444444444445,5,4,0.3175,structure
budget050@75,attr:cspaper_filter20:q12:fd292b75,1.0,0.0,2,2,0.0,values
budget050@75,attr:cspaper_groupby20:q4:246aa029,1.0,0.0,4,4,0.0,values
budget050@75,attr:cspaper_groupby20:q7:a2206701,0.7142857142857142,0.4,8,12,0.2857,structure
budget050@75,attr:Splits/train.sql#12:824349bd,0.7142857142857142,0.0,2,3,0.0,structure
budget050@75,attr:Splits/dev.sql#4:15befc14,0.0,0.0,0,1,0.0,no rows
budget050@75,attr:Agg/agg_queries_CSPaper.sql#9:2f217401,0.625,0.4444444444444445,4,5,0.2778,structure
budget050@75,attr:Splits/dev.sql#4:939f67af,0.8,0.6,5,5,0.48,structure
budget050@75,attr:Splits/train.sql#16:53ce6e40,0.0,0.0,0,1,0.0,no rows
budget050@75,attr:Splits/test.sql#8:aadb873e,0.0,0.0,0,1,0.0,no rows
budget050@75,attr:cspaper_agg20:q16:2a7cdcfd,0.8333333333333334,0.6666666666666665,4,5,0.5556,structure
budget050@75,attr:cspaper_groupby20:q4:9377abe8,0.7894736842105263,0.28571428571428575,3,4,0.2256,structure
budget050@75,attr:cspaper_groupby20:q15:ff8e7ff0,1.0,0.25,4,4,0.25,values
budget050@75,attr:Splits/train.sql#25:388b209c,0.5952380952380952,0.26666666666666666,6,9,0.1587,structure
budget050@75,attr:cspaper_filter20:q5:2b72568b,1.0,0.3333333333333333,6,6,0.3333,values
budget050@75,attr:cspaper_agg20:q15:eaf15557,1.0,0.0,2,2,0.0,values
budget050@75,attr:Splits/train.sql#16:ec7ab067,0.0,0.0,0,1,0.0,no rows
budget050@75,attr:Splits/dev.sql#4:b89c6e49,0.0,0.0,0,1,0.0,no rows
budget050@75,attr:cspaper_agg20:q10:5af6ad8a,1.0,0.0,2,2,0.0,values
budget050@75,attr:cspaper_agg20:q16:b9b424ac,0.7142857142857142,0.0,2,3,0.0,structure
budget050@75,attr:cspaper_agg20:q15:916d1768,1.0,0.0,2,2,0.0,values
budget050@75,attr:cspaper_groupby20:q13:52410a8e,0.980392156862745,0.28571428571428564,11,10,0.2801,structure
budget050@75,attr:cspaper_agg20:q1:942b0337,1.0,0.0,2,2,0.0,values
budget050@75,attr:cspaper_filter20:q5:e03b81a3,1.0,0.0,6,6,0.0,values
budget050@75,attr:Splits/train.sql#16:c0256576,0.03597122302158273,0.04081632653061225,19,30,0.0015,structure
budget050@75,attr:cspaper_filter20:q18:f6bc9cb0,0.5555555555555556,0.0,1,2,0.0,structure
budget050@75,attr:Splits/test.sql#8:32466102,0.0,0.0,0,1,0.0,no rows
budget050@75,attr:Splits/train.sql#12:5ea1aae0,0.7142857142857142,0.0,2,3,0.0,structure
budget050@75,attr:cspaper_groupby20:q13:8d6b41fc,0.9322033898305083,0.7826086956521738,11,12,0.7296,structure
budget050@75,attr:Agg/agg_queries_CSPaper.sql#7:0650079a,0.5263157894736842,0.0,3,4,0.0,structure
budget050@75,attr:cspaper_filter20:q12:3a65f76d,1.0,0.5,2,2,0.5,values
budget050@75,attr:Splits/train.sql#25:5c5b4aac,0.0,0.0,2,13,0.0,structure
budget050@75,attr:cspaper_filter20:q5:40343233,0.8620689655172415,0.5454545454545454,5,6,0.4702,structure
budget050@75,attr:Agg/agg_queries_CSPaper.sql#7:e3e53bd0,0.8,0.0,5,5,0.0,structure
budget050@75,attr:cspaper_groupby20:q15:280e3463,0.8333333333333334,0.6666666666666665,4,5,0.5556,structure
budget050@75,attr:Mixed/mixed_queries.sql#5:6606cc83,0.3378378378378379,0.2608695652173913,6,17,0.0881,structure
budget050@75,attr:Splits/test.sql#8:29763641,0.8,0.6,5,5,0.48,structure
budget050@75,attr:Splits/train.sql#17:d25c0c43,1.0,0.0,2,2,0.0,values
budget050@75,attr:cspaper_filter20:q18:b276b914,0.5555555555555556,0.0,1,2,0.0,structure
budget050@75,attr:cspaper_agg20:q10:811f750d,1.0,0.0,2,2,0.0,values
budget050@75,attr:cspaper_agg20:q10:4da166e6,1.0,0.0,2,2,0.0,values
budget050@75,attr:cspaper_groupby20:q7:4ef2e760,0.8620689655172415,0.9090909090909091,10,12,0.7837,structure
budget050@75,attr:cspaper_agg20:q15:7c9df18e,1.0,0.0,2,2,0.0,values
budget050@75,attr:Mixed/mixed_queries.sql#5:9179be86,0.05,0.05000000000000001,20,20,0.0025,structure
budget050@75,attr:Splits/train.sql#12:2e779d08,0.6666666666666666,0.0,3,3,0.0,structure
budget050@75,attr:Agg/agg_queries_CSPaper.sql#9:3d06e8e9,0.8,0.6,5,5,0.48,structure
budget050@75,attr:cspaper_groupby20:q13:604946a6,1.0,0.75,12,12,0.75,values
budget050@75,attr:cspaper_groupby20:q15:865a4db4,0.8333333333333334,0.4444444444444445,4,5,0.3704,structure
budget050@75,attr:cspaper_groupby20:q4:35c72e2d,0.7894736842105263,0.0,3,4,0.0,structure
budget050@75,attr:cspaper_agg20:q1:86682092,1.0,0.0,2,2,0.0,values
budget050@75,attr:Splits/dev.sql#3:31211915,0.0,0.0,5,33,0.0,structure
budget075@0,attr:Splits/train.sql#25:064206d5,0.0,0.0,1,16,0.0,structure
budget075@0,attr:cspaper_groupby20:q7:b314afb6,0.8333333333333335,0.09523809523809525,10,11,0.0794,structure
budget075@0,attr:Splits/train.sql#17:218d9884,1.0,0.0,2,2,0.0,values
budget075@0,attr:Splits/dev.sql#3:8bb9c06d,0.03378378378378378,0.038461538461538464,20,32,0.0013,structure
budget075@0,attr:Agg/agg_queries_CSPaper.sql#9:027f6bb8,0.5263157894736842,0.0,3,4,0.0,structure
budget075@0,attr:Mixed/mixed_queries.sql#5:59eb2368,0.3378378378378379,0.2608695652173913,6,17,0.0881,structure
budget075@0,attr:cspaper_filter20:q12:83e559e1,0.8333333333333334,0.0,2,1,0.0,structure
budget075@0,attr:cspaper_filter20:q18:f652a758,0.5555555555555556,0.0,1,2,0.0,structure
budget075@0,attr:Splits/train.sql#17:d0aa811e,0.75,0.5,4,4,0.375,structure
budget075@0,attr:cspaper_filter20:q12:fd292b75,1.0,0.0,2,2,0.0,values
budget075@0,attr:cspaper_groupby20:q4:246aa029,0.7894736842105263,0.0,3,4,0.0,structure
budget075@0,attr:cspaper_groupby20:q7:a2206701,0.7894736842105263,0.4761904761904762,9,12,0.3759,structure
budget075@0,attr:Splits/train.sql#12:824349bd,0.7142857142857142,0.0,2,3,0.0,structure
budget075@0,attr:Splits/dev.sql#4:15befc14,0.0,0.0,0,1,0.0,no rows
budget075@0,attr:Agg/agg_queries_CSPaper.sql#9:2f217401,0.625,0.4444444444444445,4,5,0.2778,structure
budget075@0,attr:Splits/dev.sql#4:939f67af,0.625,0.4444444444444445,4,5,0.2778,structure
budget075@0,attr:Splits/train.sql#16:53ce6e40,0.0,0.0,0,1,0.0,no rows
budget075@0,attr:Splits/test.sql#8:aadb873e,0.0,0.0,0,1,0.0,no rows
budget075@0,attr:cspaper_agg20:q16:2a7cdcfd,0.6521739130434783,0.5,3,5,0.3261,structure
budget075@0,attr:cspaper_groupby20:q4:9377abe8,1.0,0.25,4,4,0.25,values
budget075@0,attr:cspaper_groupby20:q15:ff8e7ff0,1.0,0.0,4,4,0.0,values
budget075@0,attr:Splits/train.sql#25:388b209c,0.5952380952380952,0.26666666666666666,6,9,0.1587,structure
budget075@0,attr:cspaper_filter20:q5:2b72568b,1.0,0.5,6,6,0.5,values
budget075@0,attr:cspaper_agg20:q15:eaf15557,1.0,0.0,2,2,0.0,values
budget075@0,attr:Splits/train.sql#16:ec7ab067,0.0,0.0,0,1,0.0,no rows
budget075@0,attr:Splits/dev.sql#4:b89c6e49,0.0,0.0,0,1,0.0,no rows
budget075@0,attr:cspaper_agg20:q10:5af6ad8a,1.0,0.0,2,2,0.0,values
budget075@0,attr:cspaper_agg20:q16:b9b424ac,0.7142857142857142,0.0,2,3,0.0,structure
budget075@0,attr:cspaper_agg20:q15:916d1768,1.0,0.0,2,2,0.0,values
budget075@0,attr:cspaper_groupby20:q13:52410a8e,0.9615384615384615,0.3636363636363636,12,10,0.3497,structure
budget075@0,attr:cspaper_agg20:q1:942b0337,1.0,0.0,2,2,0.0,values
budget075@0,attr:cspaper_filter20:q5:e03b81a3,1.0,0.16666666666666666,6,6,0.1667,values
budget075@0,attr:Splits/train.sql#16:c0256576,0.03597122302158273,0.04081632653061225,19,30,0.0015,structure
budget075@0,attr:cspaper_filter20:q18:f6bc9cb0,0.5555555555555556,0.0,1,2,0.0,structure
budget075@0,attr:Splits/test.sql#8:32466102,0.0,0.0,0,1,0.0,no rows
budget075@0,attr:Splits/train.sql#12:5ea1aae0,0.7142857142857142,0.0,2,3,0.0,structure
budget075@0,attr:cspaper_groupby20:q13:8d6b41fc,1.0,0.75,12,12,0.75,values
budget075@0,attr:Agg/agg_queries_CSPaper.sql#7:0650079a,0.5263157894736842,0.0,3,4,0.0,structure
budget075@0,attr:cspaper_filter20:q12:3a65f76d,1.0,0.5,2,2,0.5,values
budget075@0,attr:Splits/train.sql#25:5c5b4aac,0.0,0.0,2,13,0.0,structure
budget075@0,attr:cspaper_filter20:q5:40343233,1.0,0.6666666666666666,6,6,0.6667,values
budget075@0,attr:Agg/agg_queries_CSPaper.sql#7:e3e53bd0,0.625,0.0,4,5,0.0,structure
budget075@0,attr:cspaper_groupby20:q15:280e3463,0.8333333333333334,0.888888888888889,4,5,0.7407,structure
budget075@0,attr:Mixed/mixed_queries.sql#5:6606cc83,0.3378378378378379,0.2608695652173913,6,17,0.0881,structure
budget075@0,attr:Splits/test.sql#8:29763641,0.43478260869565216,0.25,3,5,0.1087,structure
budget075@0,attr:Splits/train.sql#17:d25c0c43,0.5555555555555556,0.0,1,2,0.0,structure
budget075@0,attr:cspaper_filter20:q18:b276b914,1.0,0.0,2,2,0.0,values
budget075@0,attr:cspaper_agg20:q10:811f750d,1.0,0.0,2,2,0.0,values
budget075@0,attr:cspaper_agg20:q10:4da166e6,1.0,0.0,2,2,0.0,values
budget075@0,attr:cspaper_groupby20:q7:4ef2e760,0.8620689655172415,0.9090909090909091,10,12,0.7837,structure
budget075@0,attr:cspaper_agg20:q15:7c9df18e,1.0,0.0,2,2,0.0,values
budget075@0,attr:Mixed/mixed_queries.sql#5:9179be86,0.05,0.05000000000000001,20,20,0.0025,structure
budget075@0,attr:Splits/train.sql#12:2e779d08,0.6666666666666666,0.0,3,3,0.0,structure
budget075@0,attr:Agg/agg_queries_CSPaper.sql#9:3d06e8e9,0.625,0.4444444444444445,4,5,0.2778,structure
budget075@0,attr:cspaper_groupby20:q13:604946a6,1.0,0.5833333333333334,12,12,0.5833,values
budget075@0,attr:cspaper_groupby20:q15:865a4db4,0.8333333333333334,0.22222222222222224,4,5,0.1852,structure
budget075@0,attr:cspaper_groupby20:q4:35c72e2d,0.7894736842105263,0.0,3,4,0.0,structure
budget075@0,attr:cspaper_agg20:q1:86682092,1.0,0.0,2,2,0.0,values
budget075@0,attr:Splits/dev.sql#3:31211915,0.0,0.0,5,33,0.0,structure
budget075@100,attr:Splits/train.sql#25:064206d5,0.0,0.0,1,16,0.0,structure
budget075@100,attr:cspaper_groupby20:q7:b314afb6,0.8333333333333335,0.380952380952381,10,11,0.3175,structure
budget075@100,attr:Splits/train.sql#17:218d9884,1.0,0.0,2,2,0.0,values
budget075@100,attr:Splits/dev.sql#3:8bb9c06d,0.0,0.0,9,32,0.0,structure
budget075@100,attr:Agg/agg_queries_CSPaper.sql#9:027f6bb8,0.5555555555555556,0.0,2,4,0.0,structure
budget075@100,attr:Mixed/mixed_queries.sql#5:59eb2368,0.3378378378378379,0.2608695652173913,6,17,0.0881,structure
budget075@100,attr:cspaper_filter20:q12:83e559e1,0.8333333333333334,0.0,2,1,0.0,structure
budget075@100,attr:cspaper_filter20:q18:f652a758,0.5555555555555556,0.0,1,2,0.0,structure
budget075@100,attr:Splits/train.sql#17:d0aa811e,0.75,0.5,4,4,0.375,structure
budget075@100,attr:cspaper_filter20:q12:fd292b75,1.0,0.0,2,2,0.0,values
budget075@100,attr:cspaper_groupby20:q4:246aa029,1.0,0.25,4,4,0.25,values
budget075@100,attr:cspaper_groupby20:q7:a2206701,0.7894736842105263,0.5714285714285715,9,12,0.4511,structure
budget075@100,attr:Splits/train.sql#12:824349bd,0.7142857142857142,0.0,2,3,0.0,structure
budget075@100,attr:Splits/dev.sql#4:15befc14,0.0,0.0,0,1,0.0,no rows
budget075@100,attr:Agg/agg_queries_CSPaper.sql#9:2f217401,0.625,0.4444444444444445,4,5,0.2778,structure
budget075@100,attr:Splits/dev.sql#4:939f67af,0.8,0.6,5,5,0.48,structure
budget075@100,attr:Splits/train.sql#16:53ce6e40,0.0,0.0,0,1,0.0,no rows
budget075@100,attr:Splits/test.sql#8:aadb873e,0.0,0.0,0,1,0.0,no rows
budget075@100,attr:cspaper_agg20:q16:2a7cdcfd,0.8333333333333334,0.6666666666666665,4,5,0.5556,structure
budget075@100,attr:cspaper_groupby20:q4:9377abe8,0.7894736842105263,0.28571428571428575,3,4,0.2256,structure
budget075@100,attr:cspaper_groupby20:q15:ff8e7ff0,1.0,0.5,4,4,0.5,values
budget075@100,attr:Splits/train.sql#25:388b209c,0.5952380952380952,0.13333333333333333,6,9,0.0794,structure
budget075@100,attr:cspaper_filter20:q5:2b72568b,1.0,0.3333333333333333,6,6,0.3333,values
budget075@100,attr:cspaper_agg20:q15:eaf15557,1.0,0.0,2,2,0.0,values
budget075@100,attr:Splits/train.sql#16:ec7ab067,0.0,0.0,0,1,0.0,no rows
budget075@100,attr:Splits/dev.sql#4:b89c6e49,0.0,0.0,0,1,0.0,no rows
budget075@100,attr:cspaper_agg20:q10:5af6ad8a,1.0,0.0,2,2,0.0,values
budget075@100,attr:cspaper_agg20:q16:b9b424ac,0.7142857142857142,0.0,2,3,0.0,structure
budget075@100,attr:cspaper_agg20:q15:916d1768,1.0,0.0,2,2,0.0,values
budget075@100,attr:cspaper_groupby20:q13:52410a8e,0.8999999999999999,0.20000000000000004,10,10,0.18,structure
budget075@100,attr:cspaper_agg20:q1:942b0337,1.0,0.0,2,2,0.0,values
budget075@100,attr:cspaper_filter20:q5:e03b81a3,1.0,0.0,6,6,0.0,values
budget075@100,attr:Splits/train.sql#16:c0256576,0.0,0.0,9,30,0.0,structure
budget075@100,attr:cspaper_filter20:q18:f6bc9cb0,0.5555555555555556,0.0,1,2,0.0,structure
budget075@100,attr:Splits/test.sql#8:32466102,0.0,0.0,0,1,0.0,no rows
budget075@100,attr:Splits/train.sql#12:5ea1aae0,0.7142857142857142,0.0,2,3,0.0,structure
budget075@100,attr:cspaper_groupby20:q13:8d6b41fc,0.9322033898305083,0.6956521739130435,11,12,0.6485,structure
budget075@100,attr:Agg/agg_queries_CSPaper.sql#7:0650079a,0.5555555555555556,0.0,2,4,0.0,structure
budget075@100,attr:cspaper_filter20:q12:3a65f76d,1.0,0.5,2,2,0.5,values
budget075@100,attr:Splits/train.sql#25:5c5b4aac,0.0,0.0,2,13,0.0,structure
budget075@100,attr:cspaper_filter20:q5:40343233,0.8620689655172415,0.5454545454545454,5,6,0.4702,structure
budget075@100,attr:Agg/agg_queries_CSPaper.sql#7:e3e53bd0,0.8,0.20000000000000004,5,5,0.16,structure
budget075@100,attr:cspaper_groupby20:q15:280e3463,0.8333333333333334,0.6666666666666665,4,5,0.5556,structure
budget075@100,attr:Mixed/mixed_queries.sql#5:6606cc83,0.3378378378378379,0.2608695652173913,6,17,0.0881,structure
budget075@100,attr:Splits/test.sql#8:29763641,0.625,0.4444444444444445,4,5,0.2778,structure
budget075@100,attr:Splits/train.sql#17:d25c0c43,1.0,0.0,2,2,0.0,values
budget075@100,attr:cspaper_filter20:q18:b276b914,0.5555555555555556,0.0,1,2,0.0,structure
budget075@100,attr:cspaper_agg20:q10:811f750d,1.0,0.0,2,2,0.0,values
budget075@100,attr:cspaper_agg20:q10:4da166e6,1.0,0.0,2,2,0.0,values
budget075@100,attr:cspaper_groupby20:q7:4ef2e760,0.7894736842105263,0.6666666666666666,9,12,0.5263,structure
budget075@100,attr:cspaper_agg20:q15:7c9df18e,1.0,0.0,2,2,0.0,values
budget075@100,attr:Mixed/mixed_queries.sql#5:9179be86,0.0,0.0,8,20,0.0,structure
budget075@100,attr:Splits/train.sql#12:2e779d08,0.7142857142857142,0.0,2,3,0.0,structure
budget075@100,attr:Agg/agg_queries_CSPaper.sql#9:3d06e8e9,0.8,0.6,5,5,0.48,structure
budget075@100,attr:cspaper_groupby20:q13:604946a6,1.0,0.6666666666666666,12,12,0.6667,values
budget075@100,attr:cspaper_groupby20:q15:865a4db4,0.8333333333333334,0.6666666666666665,4,5,0.5556,structure
budget075@100,attr:cspaper_groupby20:q4:35c72e2d,0.7894736842105263,0.0,3,4,0.0,structure
budget075@100,attr:cspaper_agg20:q1:86682092,1.0,0.0,2,2,0.0,values
budget075@100,attr:Splits/dev.sql#3:31211915,0.0,0.0,5,33,0.0,structure
budget075@25,attr:Splits/train.sql#25:064206d5,0.0,0.0,1,16,0.0,structure
budget075@25,attr:cspaper_groupby20:q7:b314afb6,0.8333333333333335,0.380952380952381,10,11,0.3175,structure
budget075@25,attr:Splits/train.sql#17:218d9884,1.0,0.0,2,2,0.0,values
budget075@25,attr:Splits/dev.sql#3:8bb9c06d,0.03378378378378378,0.038461538461538464,20,32,0.0013,structure
budget075@25,attr:Agg/agg_queries_CSPaper.sql#9:027f6bb8,0.5263157894736842,0.0,3,4,0.0,structure
budget075@25,attr:Mixed/mixed_queries.sql#5:59eb2368,0.3378378378378379,0.2608695652173913,6,17,0.0881,structure
budget075@25,attr:cspaper_filter20:q12:83e559e1,0.8333333333333334,0.0,2,1,0.0,structure
budget075@25,attr:cspaper_filter20:q18:f652a758,0.5555555555555556,0.0,1,2,0.0,structure
budget075@25,attr:Splits/train.sql#17:d0aa811e,0.7142857142857143,0.4444444444444445,5,4,0.3175,structure
budget075@25,attr:cspaper_filter20:q12:fd292b75,1.0,0.0,2,2,0.0,values
budget075@25,attr:cspaper_groupby20:q4:246aa029,0.7894736842105263,0.0,3,4,0.0,structure
budget075@25,attr:cspaper_groupby20:q7:a2206701,0.7894736842105263,0.4761904761904762,9,12,0.3759,structure
budget075@25,attr:Splits/train.sql#12:824349bd,0.7142857142857142,0.0,2,3,0.0,structure
budget075@25,attr:Splits/dev.sql#4:15befc14,0.0,0.0,0,1,0.0,no rows
budget075@25,attr:Agg/agg_queries_CSPaper.sql#9:2f217401,0.625,0.4444444444444445,4,5,0.2778,structure
budget075@25,attr:Splits/dev.sql#4:939f67af,0.8,0.4000000000000001,5,5,0.32,structure
budget075@25,attr:Splits/train.sql#16:53ce6e40,0.0,0.0,0,1,0.0,no rows
budget075@25,attr:Splits/test.sql#8:aadb873e,0.0,0.0,0,1,0.0,no rows
budget075@25,attr:cspaper_agg20:q16:2a7cdcfd,0.8333333333333334,0.6666666666666665,4,5,0.5556,structure
budget075@25,attr:cspaper_groupby20:q4:9377abe8,1.0,0.25,4,4,0.25,values
budget075@25,attr:cspaper_groupby20:q15:ff8e7ff0,1.0,0.5,4,4,0.5,values
budget075@25,attr:Splits/train.sql#25:388b209c,0.5952380952380952,0.26666666666666666,6,9,0.1587,structure
budget075@25,attr:cspaper_filter20:q5:2b72568b,1.0,0.5,6,6,0.5,values
budget075@25,attr:cspaper_agg20:q15:eaf15557,1.0,0.0,2,2,0.0,values
budget075@25,attr:Splits/train.sql#16:ec7ab067,0.0,0.0,0,1,0.0,no rows
budget075@25,attr:Splits/dev.sql#4:b89c6e49,0.0,0.0,0,1,0.0,no rows
budget075@25,attr:cspaper_agg20:q10:5af6ad8a,1.0,0.0,2,2,0.0,values
budget075@25,attr:cspaper_agg20:q16:b9b424ac,0.7142857142857142,0.0,2,3,0.0,structure
budget075@25,attr:cspaper_agg20:q15:916d1768,1.0,0.0,2,2,0.0,values
budget075@25,attr:cspaper_groupby20:q13:52410a8e,0.980392156862745,0.1904761904761905,11,10,0.1867,structure
budget075@25,attr:cspaper_agg20:q1:942b0337,1.0,0.0,2,2,0.0,values
budget075@25,attr:cspaper_filter20:q5:e03b81a3,1.0,0.0,6,6,0.0,values
budget075@25,attr:Splits/train.sql#16:c0256576,0.03597122302158273,0.04081632653061225,19,30,0.0015,structure
budget075@25,attr:cspaper_filter20:q18:f6bc9cb0,0.5555555555555556,0.0,1,2,0.0,structure
budget075@25,attr:Splits/test.sql#8:32466102,0.0,0.0,0,1,0.0,no rows
budget075@25,attr:Splits/train.sql#12:5ea1aae0,0.7142857142857142,0.0,2,3,0.0,structure
budget075@25,attr:cspaper_groupby20:q13:8d6b41fc,1.0,0.75,12,12,0.75,values
budget075@25,attr:Agg/agg_queries_CSPaper.sql#7:0650079a,0.5263157894736842,0.0,3,4,0.0,structure
budget075@25,attr:cspaper_filter20:q12:3a65f76d,1.0,0.5,2,2,0.5,values
budget075@25,attr:Splits/train.sql#25:5c5b4aac,0.0,0.0,2,13,0.0,structure
budget075@25,attr:cspaper_filter20:q5:40343233,1.0,0.6666666666666666,6,6,0.6667,values
budget075@25,attr:Agg/agg_queries_CSPaper.sql#7:e3e53bd0,0.8,0.0,5,5,0.0,structure
budget075@25,attr:cspaper_groupby20:q15:280e3463,0.8333333333333334,0.888888888888889,4,5,0.7407,structure
budget075@25,attr:Mixed/mixed_queries.sql#5:6606cc83,0.3378378378378379,0.2608695652173913,6,17,0.0881,structure
budget075@25,attr:Splits/test.sql#8:29763641,0.8,0.6,5,5,0.48,structure
budget075@25,attr:Splits/train.sql#17:d25c0c43,0.5555555555555556,0.0,1,2,0.0,structure
budget075@25,attr:cspaper_filter20:q18:b276b914,1.0,0.0,2,2,0.0,values
budget075@25,attr:cspaper_agg20:q10:811f750d,1.0,0.0,2,2,0.0,values
budget075@25,attr:cspaper_agg20:q10:4da166e6,1.0,0.0,2,2,0.0,values
budget075@25,attr:cspaper_groupby20:q7:4ef2e760,0.8620689655172415,0.9090909090909091,10,12,0.7837,structure
budget075@25,attr:cspaper_agg20:q15:7c9df18e,1.0,0.0,2,2,0.0,values
budget075@25,attr:Mixed/mixed_queries.sql#5:9179be86,0.05,0.05000000000000001,20,20,0.0025,structure
budget075@25,attr:Splits/train.sql#12:2e779d08,0.6666666666666666,0.0,3,3,0.0,structure
budget075@25,attr:Agg/agg_queries_CSPaper.sql#9:3d06e8e9,0.8,0.6,5,5,0.48,structure
budget075@25,attr:cspaper_groupby20:q13:604946a6,1.0,0.5833333333333334,12,12,0.5833,values
budget075@25,attr:cspaper_groupby20:q15:865a4db4,0.8333333333333334,0.22222222222222224,4,5,0.1852,structure
budget075@25,attr:cspaper_groupby20:q4:35c72e2d,0.7894736842105263,0.0,3,4,0.0,structure
budget075@25,attr:cspaper_agg20:q1:86682092,1.0,0.0,2,2,0.0,values
budget075@25,attr:Splits/dev.sql#3:31211915,0.0,0.0,5,33,0.0,structure
budget075@50,attr:Splits/train.sql#25:064206d5,0.0,0.0,1,16,0.0,structure
budget075@50,attr:cspaper_groupby20:q7:b314afb6,0.8333333333333335,0.380952380952381,10,11,0.3175,structure
budget075@50,attr:Splits/train.sql#17:218d9884,1.0,0.0,2,2,0.0,values
budget075@50,attr:Splits/dev.sql#3:8bb9c06d,0.03378378378378378,0.038461538461538464,20,32,0.0013,structure
budget075@50,attr:Agg/agg_queries_CSPaper.sql#9:027f6bb8,0.5263157894736842,0.0,3,4,0.0,structure
budget075@50,attr:Mixed/mixed_queries.sql#5:59eb2368,0.3378378378378379,0.2608695652173913,6,17,0.0881,structure
budget075@50,attr:cspaper_filter20:q12:83e559e1,0.8333333333333334,0.0,2,1,0.0,structure
budget075@50,attr:cspaper_filter20:q18:f652a758,0.5555555555555556,0.0,1,2,0.0,structure
budget075@50,attr:Splits/train.sql#17:d0aa811e,0.7142857142857143,0.4444444444444445,5,4,0.3175,structure
budget075@50,attr:cspaper_filter20:q12:fd292b75,1.0,0.0,2,2,0.0,values
budget075@50,attr:cspaper_groupby20:q4:246aa029,0.7894736842105263,0.0,3,4,0.0,structure
budget075@50,attr:cspaper_groupby20:q7:a2206701,0.7894736842105263,0.4761904761904762,9,12,0.3759,structure
budget075@50,attr:Splits/train.sql#12:824349bd,0.7142857142857142,0.0,2,3,0.0,structure
budget075@50,attr:Splits/dev.sql#4:15befc14,0.0,0.0,0,1,0.0,no rows
budget075@50,attr:Agg/agg_queries_CSPaper.sql#9:2f217401,0.625,0.4444444444444445,4,5,0.2778,structure
budget075@50,attr:Splits/dev.sql#4:939f67af,0.8,0.6,5,5,0.48,structure
budget075@50,attr:Splits/train.sql#16:53ce6e40,0.0,0.0,0,1,0.0,no rows
budget075@50,attr:Splits/test.sql#8:aadb873e,0.0,0.0,0,1,0.0,no rows
budget075@50,attr:cspaper_agg20:q16:2a7cdcfd,0.8333333333333334,0.6666666666666665,4,5,0.5556,structure
budget075@50,attr:cspaper_groupby20:q4:9377abe8,0.7894736842105263,0.28571428571428575,3,4,0.2256,structure
budget075@50,attr:cspaper_groupby20:q15:ff8e7ff0,1.0,0.25,4,4,0.25,values
budget075@50,attr:Splits/train.sql#25:388b209c,0.5952380952380952,0.26666666666666666,6,9,0.1587,structure
budget075@50,attr:cspaper_filter20:q5:2b72568b,1.0,0.5,6,6,0.5,values
budget075@50,attr:cspaper_agg20:q15:eaf15557,1.0,0.0,2,2,0.0,values
budget075@50,attr:Splits/train.sql#16:ec7ab067,0.0,0.0,0,1,0.0,no rows
budget075@50,attr:Splits/dev.sql#4:b89c6e49,0.0,0.0,0,1,0.0,no rows
budget075@50,attr:cspaper_agg20:q10:5af6ad8a,1.0,0.0,2,2,0.0,values
budget075@50,attr:cspaper_agg20:q16:b9b424ac,0.7142857142857142,0.0,2,3,0.0,structure
budget075@50,attr:cspaper_agg20:q15:916d1768,1.0,0.0,2,2,0.0,values
budget075@50,attr:cspaper_groupby20:q13:52410a8e,0.980392156862745,0.28571428571428564,11,10,0.2801,structure
budget075@50,attr:cspaper_agg20:q1:942b0337,1.0,0.0,2,2,0.0,values
budget075@50,attr:cspaper_filter20:q5:e03b81a3,1.0,0.0,6,6,0.0,values
budget075@50,attr:Splits/train.sql#16:c0256576,0.03597122302158273,0.04081632653061225,19,30,0.0015,structure
budget075@50,attr:cspaper_filter20:q18:f6bc9cb0,0.5555555555555556,0.0,1,2,0.0,structure
budget075@50,attr:Splits/test.sql#8:32466102,0.0,0.0,0,1,0.0,no rows
budget075@50,attr:Splits/train.sql#12:5ea1aae0,0.7142857142857142,0.0,2,3,0.0,structure
budget075@50,attr:cspaper_groupby20:q13:8d6b41fc,0.9322033898305083,0.7826086956521738,11,12,0.7296,structure
budget075@50,attr:Agg/agg_queries_CSPaper.sql#7:0650079a,0.5263157894736842,0.0,3,4,0.0,structure
budget075@50,attr:cspaper_filter20:q12:3a65f76d,1.0,0.5,2,2,0.5,values
budget075@50,attr:Splits/train.sql#25:5c5b4aac,0.0,0.0,2,13,0.0,structure
budget075@50,attr:cspaper_filter20:q5:40343233,0.8620689655172415,0.5454545454545454,5,6,0.4702,structure
budget075@50,attr:Agg/agg_queries_CSPaper.sql#7:e3e53bd0,0.8,0.0,5,5,0.0,structure
budget075@50,attr:cspaper_groupby20:q15:280e3463,0.8333333333333334,0.6666666666666665,4,5,0.5556,structure
budget075@50,attr:Mixed/mixed_queries.sql#5:6606cc83,0.3378378378378379,0.2608695652173913,6,17,0.0881,structure
budget075@50,attr:Splits/test.sql#8:29763641,0.8,0.6,5,5,0.48,structure
budget075@50,attr:Splits/train.sql#17:d25c0c43,0.5555555555555556,0.0,1,2,0.0,structure
budget075@50,attr:cspaper_filter20:q18:b276b914,0.5555555555555556,0.0,1,2,0.0,structure
budget075@50,attr:cspaper_agg20:q10:811f750d,1.0,0.0,2,2,0.0,values
budget075@50,attr:cspaper_agg20:q10:4da166e6,1.0,0.0,2,2,0.0,values
budget075@50,attr:cspaper_groupby20:q7:4ef2e760,0.8620689655172415,0.9090909090909091,10,12,0.7837,structure
budget075@50,attr:cspaper_agg20:q15:7c9df18e,1.0,0.0,2,2,0.0,values
budget075@50,attr:Mixed/mixed_queries.sql#5:9179be86,0.05,0.05000000000000001,20,20,0.0025,structure
budget075@50,attr:Splits/train.sql#12:2e779d08,0.6666666666666666,0.0,3,3,0.0,structure
budget075@50,attr:Agg/agg_queries_CSPaper.sql#9:3d06e8e9,0.8,0.6,5,5,0.48,structure
budget075@50,attr:cspaper_groupby20:q13:604946a6,1.0,0.5833333333333334,12,12,0.5833,values
budget075@50,attr:cspaper_groupby20:q15:865a4db4,0.8333333333333334,0.22222222222222224,4,5,0.1852,structure
budget075@50,attr:cspaper_groupby20:q4:35c72e2d,0.7894736842105263,0.0,3,4,0.0,structure
budget075@50,attr:cspaper_agg20:q1:86682092,1.0,0.0,2,2,0.0,values
budget075@50,attr:Splits/dev.sql#3:31211915,0.0,0.0,5,33,0.0,structure
budget075@75,attr:Splits/train.sql#25:064206d5,0.0,0.0,1,16,0.0,structure
budget075@75,attr:cspaper_groupby20:q7:b314afb6,0.8333333333333335,0.380952380952381,10,11,0.3175,structure
budget075@75,attr:Splits/train.sql#17:218d9884,1.0,0.0,2,2,0.0,values
budget075@75,attr:Splits/dev.sql#3:8bb9c06d,0.03378378378378378,0.038461538461538464,20,32,0.0013,structure
budget075@75,attr:Agg/agg_queries_CSPaper.sql#9:027f6bb8,0.5263157894736842,0.0,3,4,0.0,structure
budget075@75,attr:Mixed/mixed_queries.sql#5:59eb2368,0.3378378378378379,0.2608695652173913,6,17,0.0881,structure
budget075@75,attr:cspaper_filter20:q12:83e559e1,0.8333333333333334,0.0,2,1,0.0,structure
budget075@75,attr:cspaper_filter20:q18:f652a758,0.5555555555555556,0.0,1,2,0.0,structure
budget075@75,attr:Splits/train.sql#17:d0aa811e,0.7142857142857143,0.4444444444444445,5,4,0.3175,structure
budget075@75,attr:cspaper_filter20:q12:fd292b75,1.0,0.0,2,2,0.0,values
budget075@75,attr:cspaper_groupby20:q4:246aa029,1.0,0.0,4,4,0.0,values
budget075@75,attr:cspaper_groupby20:q7:a2206701,0.7142857142857142,0.4,8,12,0.2857,structure
budget075@75,attr:Splits/train.sql#12:824349bd,0.7142857142857142,0.0,2,3,0.0,structure
budget075@75,attr:Splits/dev.sql#4:15befc14,0.0,0.0,0,1,0.0,no rows
budget075@75,attr:Agg/agg_queries_CSPaper.sql#9:2f217401,0.625,0.4444444444444445,4,5,0.2778,structure
budget075@75,attr:Splits/dev.sql#4:939f67af,0.8,0.6,5,5,0.48,structure
budget075@75,attr:Splits/train.sql#16:53ce6e40,0.0,0.0,0,1,0.0,no rows
budget075@75,attr:Splits/test.sql#8:aadb873e,0.0,0.0,0,1,0.0,no rows
budget075@75,attr:cspaper_agg20:q16:2a7cdcfd,0.8333333333333334,0.6666666666666665,4,5,0.5556,structure
budget075@75,attr:cspaper_groupby20:q4:9377abe8,0.7894736842105263,0.28571428571428575,3,4,0.2256,structure
budget075@75,attr:cspaper_groupby20:q15:ff8e7ff0,1.0,0.25,4,4,0.25,values
budget075@75,attr:Splits/train.sql#25:388b209c,0.5952380952380952,0.26666666666666666,6,9,0.1587,structure
budget075@75,attr:cspaper_filter20:q5:2b72568b,1.0,0.3333333333333333,6,6,0.3333,values
budget075@75,attr:cspaper_agg20:q15:eaf15557,1.0,0.0,2,2,0.0,values
budget075@75,attr:Splits/train.sql#16:ec7ab067,0.0,0.0,0,1,0.0,no rows
budget075@75,attr:Splits/dev.sql#4:b89c6e49,0.0,0.0,0,1,0.0,no rows
budget075@75,attr:cspaper_agg20:q10:5af6ad8a,1.0,0.0,2,2,0.0,values
budget075@75,attr:cspaper_agg20:q16:b9b424ac,0.7142857142857142,0.0,2,3,0.0,structure
budget075@75,attr:cspaper_agg20:q15:916d1768,1.0,0.0,2,2,0.0,values
budget075@75,attr:cspaper_groupby20:q13:52410a8e,0.980392156862745,0.28571428571428564,11,10,0.2801,structure
budget075@75,attr:cspaper_agg20:q1:942b0337,1.0,0.0,2,2,0.0,values
budget075@75,attr:cspaper_filter20:q5:e03b81a3,1.0,0.0,6,6,0.0,values
budget075@75,attr:Splits/train.sql#16:c0256576,0.03597122302158273,0.04081632653061225,19,30,0.0015,structure
budget075@75,attr:cspaper_filter20:q18:f6bc9cb0,0.5555555555555556,0.0,1,2,0.0,structure
budget075@75,attr:Splits/test.sql#8:32466102,0.0,0.0,0,1,0.0,no rows
budget075@75,attr:Splits/train.sql#12:5ea1aae0,0.7142857142857142,0.0,2,3,0.0,structure
budget075@75,attr:cspaper_groupby20:q13:8d6b41fc,0.9322033898305083,0.7826086956521738,11,12,0.7296,structure
budget075@75,attr:Agg/agg_queries_CSPaper.sql#7:0650079a,0.5263157894736842,0.0,3,4,0.0,structure
budget075@75,attr:cspaper_filter20:q12:3a65f76d,1.0,0.5,2,2,0.5,values
budget075@75,attr:Splits/train.sql#25:5c5b4aac,0.0,0.0,2,13,0.0,structure
budget075@75,attr:cspaper_filter20:q5:40343233,0.8620689655172415,0.5454545454545454,5,6,0.4702,structure
budget075@75,attr:Agg/agg_queries_CSPaper.sql#7:e3e53bd0,0.8,0.0,5,5,0.0,structure
budget075@75,attr:cspaper_groupby20:q15:280e3463,0.8333333333333334,0.6666666666666665,4,5,0.5556,structure
budget075@75,attr:Mixed/mixed_queries.sql#5:6606cc83,0.3378378378378379,0.2608695652173913,6,17,0.0881,structure
budget075@75,attr:Splits/test.sql#8:29763641,0.8,0.6,5,5,0.48,structure
budget075@75,attr:Splits/train.sql#17:d25c0c43,1.0,0.0,2,2,0.0,values
budget075@75,attr:cspaper_filter20:q18:b276b914,0.5555555555555556,0.0,1,2,0.0,structure
budget075@75,attr:cspaper_agg20:q10:811f750d,1.0,0.0,2,2,0.0,values
budget075@75,attr:cspaper_agg20:q10:4da166e6,1.0,0.0,2,2,0.0,values
budget075@75,attr:cspaper_groupby20:q7:4ef2e760,0.8620689655172415,0.9090909090909091,10,12,0.7837,structure
budget075@75,attr:cspaper_agg20:q15:7c9df18e,1.0,0.0,2,2,0.0,values
budget075@75,attr:Mixed/mixed_queries.sql#5:9179be86,0.05,0.05000000000000001,20,20,0.0025,structure
budget075@75,attr:Splits/train.sql#12:2e779d08,0.6666666666666666,0.0,3,3,0.0,structure
budget075@75,attr:Agg/agg_queries_CSPaper.sql#9:3d06e8e9,0.8,0.6,5,5,0.48,structure
budget075@75,attr:cspaper_groupby20:q13:604946a6,1.0,0.75,12,12,0.75,values
budget075@75,attr:cspaper_groupby20:q15:865a4db4,0.8333333333333334,0.4444444444444445,4,5,0.3704,structure
budget075@75,attr:cspaper_groupby20:q4:35c72e2d,0.7894736842105263,0.0,3,4,0.0,structure
budget075@75,attr:cspaper_agg20:q1:86682092,1.0,0.0,2,2,0.0,values
budget075@75,attr:Splits/dev.sql#3:31211915,0.0,0.0,5,33,0.0,structure
budget100@0,attr:Splits/train.sql#25:064206d5,0.0,0.0,1,16,0.0,structure
budget100@0,attr:cspaper_groupby20:q7:b314afb6,0.8333333333333335,0.09523809523809525,10,11,0.0794,structure
budget100@0,attr:Splits/train.sql#17:218d9884,1.0,0.0,2,2,0.0,values
budget100@0,attr:Splits/dev.sql#3:8bb9c06d,0.03378378378378378,0.038461538461538464,20,32,0.0013,structure
budget100@0,attr:Agg/agg_queries_CSPaper.sql#9:027f6bb8,0.5263157894736842,0.0,3,4,0.0,structure
budget100@0,attr:Mixed/mixed_queries.sql#5:59eb2368,0.3378378378378379,0.2608695652173913,6,17,0.0881,structure
budget100@0,attr:cspaper_filter20:q12:83e559e1,0.8333333333333334,0.0,2,1,0.0,structure
budget100@0,attr:cspaper_filter20:q18:f652a758,0.5555555555555556,0.0,1,2,0.0,structure
budget100@0,attr:Splits/train.sql#17:d0aa811e,0.75,0.5,4,4,0.375,structure
budget100@0,attr:cspaper_filter20:q12:fd292b75,1.0,0.0,2,2,0.0,values
budget100@0,attr:cspaper_groupby20:q4:246aa029,0.7894736842105263,0.0,3,4,0.0,structure
budget100@0,attr:cspaper_groupby20:q7:a2206701,0.7894736842105263,0.4761904761904762,9,12,0.3759,structure
budget100@0,attr:Splits/train.sql#12:824349bd,0.7142857142857142,0.0,2,3,0.0,structure
budget100@0,attr:Splits/dev.sql#4:15befc14,0.0,0.0,0,1,0.0,no rows
budget100@0,attr:Agg/agg_queries_CSPaper.sql#9:2f217401,0.625,0.4444444444444445,4,5,0.2778,structure
budget100@0,attr:Splits/dev.sql#4:939f67af,0.625,0.4444444444444445,4,5,0.2778,structure
budget100@0,attr:Splits/train.sql#16:53ce6e40,0.0,0.0,0,1,0.0,no rows
budget100@0,attr:Splits/test.sql#8:aadb873e,0.0,0.0,0,1,0.0,no rows
budget100@0,attr:cspaper_agg20:q16:2a7cdcfd,0.6521739130434783,0.5,3,5,0.3261,structure
budget100@0,attr:cspaper_groupby20:q4:9377abe8,1.0,0.25,4,4,0.25,values
budget100@0,attr:cspaper_groupby20:q15:ff8e7ff0,1.0,0.0,4,4,0.0,values
budget100@0,attr:Splits/train.sql#25:388b209c,0.5952380952380952,0.26666666666666666,6,9,0.1587,structure
budget100@0,attr:cspaper_filter20:q5:2b72568b,1.0,0.5,6,6,0.5,values
budget100@0,attr:cspaper_agg20:q15:eaf15557,1.0,0.0,2,2,0.0,values
budget100@0,attr:Splits/train.sql#16:ec7ab067,0.0,0.0,0,1,0.0,no rows
budget100@0,attr:Splits/dev.sql#4:b89c6e49,0.0,0.0,0,1,0.0,no rows
budget100@0,attr:cspaper_agg20:q10:5af6ad8a,1.0,0.0,2,2,0.0,values
budget100@0,attr:cspaper_agg20:q16:b9b424ac,0.7142857142857142,0.0,2,3,0.0,structure
budget100@0,attr:cspaper_agg20:q15:916d1768,1.0,0.0,2,2,0.0,values
budget100@0,attr:cspaper_groupby20:q13:52410a8e,0.9615384615384615,0.3636363636363636,12,10,0.3497,structure
budget100@0,attr:cspaper_agg20:q1:942b0337,1.0,0.0,2,2,0.0,values
budget100@0,attr:cspaper_filter20:q5:e03b81a3,1.0,0.16666666666666666,6,6,0.1667,values
budget100@0,attr:Splits/train.sql#16:c0256576,0.03597122302158273,0.04081632653061225,19,30,0.0015,structure
budget100@0,attr:cspaper_filter20:q18:f6bc9cb0,0.5555555555555556,0.0,1,2,0.0,structure
budget100@0,attr:Splits/test.sql#8:32466102,0.0,0.0,0,1,0.0,no rows
budget100@0,attr:Splits/train.sql#12:5ea1aae0,0.7142857142857142,0.0,2,3,0.0,structure
budget100@0,attr:cspaper_groupby20:q13:8d6b41fc,1.0,0.75,12,12,0.75,values
budget100@0,attr:Agg/agg_queries_CSPaper.sql#7:0650079a,0.5263157894736842,0.0,3,4,0.0,structure
budget100@0,attr:cspaper_filter20:q12:3a65f76d,1.0,0.5,2,2,0.5,values
budget100@0,attr:Splits/train.sql#25:5c5b4aac,0.0,0.0,2,13,0.0,structure
budget100@0,attr:cspaper_filter20:q5:40343233,1.0,0.6666666666666666,6,6,0.6667,values
budget100@0,attr:Agg/agg_queries_CSPaper.sql#7:e3e53bd0,0.625,0.0,4,5,0.0,structure
budget100@0,attr:cspaper_groupby20:q15:280e3463,0.8333333333333334,0.888888888888889,4,5,0.7407,structure
budget100@0,attr:Mixed/mixed_queries.sql#5:6606cc83,0.3378378378378379,0.2608695652173913,6,17,0.0881,structure
budget100@0,attr:Splits/test.sql#8:29763641,0.43478260869565216,0.25,3,5,0.1087,structure
budget100@0,attr:Splits/train.sql#17:d25c0c43,0.5555555555555556,0.0,1,2,0.0,structure
budget100@0,attr:cspaper_filter20:q18:b276b914,1.0,0.0,2,2,0.0,values
budget100@0,attr:cspaper_agg20:q10:811f750d,1.0,0.0,2,2,0.0,values
budget100@0,attr:cspaper_agg20:q10:4da166e6,1.0,0.0,2,2,0.0,values
budget100@0,attr:cspaper_groupby20:q7:4ef2e760,0.8620689655172415,0.9090909090909091,10,12,0.7837,structure
budget100@0,attr:cspaper_agg20:q15:7c9df18e,1.0,0.0,2,2,0.0,values
budget100@0,attr:Mixed/mixed_queries.sql#5:9179be86,0.05,0.05000000000000001,20,20,0.0025,structure
budget100@0,attr:Splits/train.sql#12:2e779d08,0.6666666666666666,0.0,3,3,0.0,structure
budget100@0,attr:Agg/agg_queries_CSPaper.sql#9:3d06e8e9,0.625,0.4444444444444445,4,5,0.2778,structure
budget100@0,attr:cspaper_groupby20:q13:604946a6,1.0,0.5833333333333334,12,12,0.5833,values
budget100@0,attr:cspaper_groupby20:q15:865a4db4,0.8333333333333334,0.22222222222222224,4,5,0.1852,structure
budget100@0,attr:cspaper_groupby20:q4:35c72e2d,0.7894736842105263,0.0,3,4,0.0,structure
budget100@0,attr:cspaper_agg20:q1:86682092,1.0,0.0,2,2,0.0,values
budget100@0,attr:Splits/dev.sql#3:31211915,0.0,0.0,5,33,0.0,structure
budget100@100,attr:Splits/train.sql#25:064206d5,0.0,0.0,1,16,0.0,structure
budget100@100,attr:cspaper_groupby20:q7:b314afb6,0.8333333333333335,0.380952380952381,10,11,0.3175,structure
budget100@100,attr:Splits/train.sql#17:218d9884,1.0,0.0,2,2,0.0,values
budget100@100,attr:Splits/dev.sql#3:8bb9c06d,0.0,0.0,9,32,0.0,structure
budget100@100,attr:Agg/agg_queries_CSPaper.sql#9:027f6bb8,0.5555555555555556,0.0,2,4,0.0,structure
budget100@100,attr:Mixed/mixed_queries.sql#5:59eb2368,0.3378378378378379,0.2608695652173913,6,17,0.0881,structure
budget100@100,attr:cspaper_filter20:q12:83e559e1,0.8333333333333334,0.0,2,1,0.0,structure
budget100@100,attr:cspaper_filter20:q18:f652a758,0.5555555555555556,0.0,1,2,0.0,structure
budget100@100,attr:Splits/train.sql#17:d0aa811e,0.75,0.5,4,4,0.375,structure
budget100@100,attr:cspaper_filter20:q12:fd292b75,1.0,0.0,2,2,0.0,values
budget100@100,attr:cspaper_groupby20:q4:246aa029,1.0,0.25,4,4,0.25,values
budget100@100,attr:cspaper_groupby20:q7:a2206701,0.7894736842105263,0.5714285714285715,9,12,0.4511,structure
budget100@100,attr:Splits/train.sql#12:824349bd,0.7142857142857142,0.0,2,3,0.0,structure
budget100@100,attr:Splits/dev.sql#4:15befc14,0.0,0.0,0,1,0.0,no rows
budget100@100,attr:Agg/agg_queries_CSPaper.sql#9:2f217401,0.625,0.4444444444444445,4,5,0.2778,structure
budget100@100,attr:Splits/dev.sql#4:939f67af,0.8,0.6,5,5,0.48,structure
budget100@100,attr:Splits/train.sql#16:53ce6e40,0.0,0.0,0,1,0.0,no rows
budget100@100,attr:Splits/test.sql#8:aadb873e,0.0,0.0,0,1,0.0,no rows
budget100@100,attr:cspaper_agg20:q16:2a7cdcfd,0.8333333333333334,0.6666666666666665,4,5,0.5556,structure
budget100@100,attr:cspaper_groupby20:q4:9377abe8,0.7894736842105263,0.28571428571428575,3,4,0.2256,structure
budget100@100,attr:cspaper_groupby20:q15:ff8e7ff0,1.0,0.5,4,4,0.5,values
budget100@100,attr:Splits/train.sql#25:388b209c,0.5952380952380952,0.13333333333333333,6,9,0.0794,structure
budget100@100,attr:cspaper_filter20:q5:2b72568b,1.0,0.3333333333333333,6,6,0.3333,values
budget100@100,attr:cspaper_agg20:q15:eaf15557,1.0,0.0,2,2,0.0,values
budget100@100,attr:Splits/train.sql#16:ec7ab067,0.0,0.0,0,1,0.0,no rows
budget100@100,attr:Splits/dev.sql#4:b89c6e49,0.0,0.0,0,1,0.0,no rows
budget100@100,attr:cspaper_agg20:q10:5af6ad8a,1.0,0.0,2,2,0.0,values
budget100@100,attr:cspaper_agg20:q16:b9b424ac,0.7142857142857142,0.0,2,3,0.0,structure
budget100@100,attr:cspaper_agg20:q15:916d1768,1.0,0.0,2,2,0.0,values
budget100@100,attr:cspaper_groupby20:q13:52410a8e,0.8999999999999999,0.20000000000000004,10,10,0.18,structure
budget100@100,attr:cspaper_agg20:q1:942b0337,1.0,0.0,2,2,0.0,values
budget100@100,attr:cspaper_filter20:q5:e03b81a3,1.0,0.0,6,6,0.0,values
budget100@100,attr:Splits/train.sql#16:c0256576,0.0,0.0,9,30,0.0,structure
budget100@100,attr:cspaper_filter20:q18:f6bc9cb0,0.5555555555555556,0.0,1,2,0.0,structure
budget100@100,attr:Splits/test.sql#8:32466102,0.0,0.0,0,1,0.0,no rows
budget100@100,attr:Splits/train.sql#12:5ea1aae0,0.7142857142857142,0.0,2,3,0.0,structure
budget100@100,attr:cspaper_groupby20:q13:8d6b41fc,0.9322033898305083,0.6956521739130435,11,12,0.6485,structure
budget100@100,attr:Agg/agg_queries_CSPaper.sql#7:0650079a,0.5555555555555556,0.0,2,4,0.0,structure
budget100@100,attr:cspaper_filter20:q12:3a65f76d,1.0,0.5,2,2,0.5,values
budget100@100,attr:Splits/train.sql#25:5c5b4aac,0.0,0.0,2,13,0.0,structure
budget100@100,attr:cspaper_filter20:q5:40343233,0.8620689655172415,0.5454545454545454,5,6,0.4702,structure
budget100@100,attr:Agg/agg_queries_CSPaper.sql#7:e3e53bd0,0.8,0.20000000000000004,5,5,0.16,structure
budget100@100,attr:cspaper_groupby20:q15:280e3463,0.8333333333333334,0.6666666666666665,4,5,0.5556,structure
budget100@100,attr:Mixed/mixed_queries.sql#5:6606cc83,0.3378378378378379,0.2608695652173913,6,17,0.0881,structure
budget100@100,attr:Splits/test.sql#8:29763641,0.625,0.4444444444444445,4,5,0.2778,structure
budget100@100,attr:Splits/train.sql#17:d25c0c43,1.0,0.0,2,2,0.0,values
budget100@100,attr:cspaper_filter20:q18:b276b914,0.5555555555555556,0.0,1,2,0.0,structure
budget100@100,attr:cspaper_agg20:q10:811f750d,1.0,0.0,2,2,0.0,values
budget100@100,attr:cspaper_agg20:q10:4da166e6,1.0,0.0,2,2,0.0,values
budget100@100,attr:cspaper_groupby20:q7:4ef2e760,0.7894736842105263,0.6666666666666666,9,12,0.5263,structure
budget100@100,attr:cspaper_agg20:q15:7c9df18e,1.0,0.0,2,2,0.0,values
budget100@100,attr:Mixed/mixed_queries.sql#5:9179be86,0.0,0.0,9,20,0.0,structure
budget100@100,attr:Splits/train.sql#12:2e779d08,0.7142857142857142,0.0,2,3,0.0,structure
budget100@100,attr:Agg/agg_queries_CSPaper.sql#9:3d06e8e9,0.8,0.6,5,5,0.48,structure
budget100@100,attr:cspaper_groupby20:q13:604946a6,1.0,0.6666666666666666,12,12,0.6667,values
budget100@100,attr:cspaper_groupby20:q15:865a4db4,0.8333333333333334,0.6666666666666665,4,5,0.5556,structure
budget100@100,attr:cspaper_groupby20:q4:35c72e2d,0.7894736842105263,0.0,3,4,0.0,structure
budget100@100,attr:cspaper_agg20:q1:86682092,1.0,0.0,2,2,0.0,values
budget100@100,attr:Splits/dev.sql#3:31211915,0.0,0.0,5,33,0.0,structure
budget100@25,attr:Splits/train.sql#25:064206d5,0.0,0.0,1,16,0.0,structure
budget100@25,attr:cspaper_groupby20:q7:b314afb6,0.8333333333333335,0.380952380952381,10,11,0.3175,structure
budget100@25,attr:Splits/train.sql#17:218d9884,1.0,0.0,2,2,0.0,values
budget100@25,attr:Splits/dev.sql#3:8bb9c06d,0.03378378378378378,0.038461538461538464,20,32,0.0013,structure
budget100@25,attr:Agg/agg_queries_CSPaper.sql#9:027f6bb8,0.5263157894736842,0.0,3,4,0.0,structure
budget100@25,attr:Mixed/mixed_queries.sql#5:59eb2368,0.3378378378378379,0.2608695652173913,6,17,0.0881,structure
budget100@25,attr:cspaper_filter20:q12:83e559e1,0.8333333333333334,0.0,2,1,0.0,structure
budget100@25,attr:cspaper_filter20:q18:f652a758,0.5555555555555556,0.0,1,2,0.0,structure
budget100@25,attr:Splits/train.sql#17:d0aa811e,0.7142857142857143,0.4444444444444445,5,4,0.3175,structure
budget100@25,attr:cspaper_filter20:q12:fd292b75,1.0,0.0,2,2,0.0,values
budget100@25,attr:cspaper_groupby20:q4:246aa029,0.7894736842105263,0.0,3,4,0.0,structure
budget100@25,attr:cspaper_groupby20:q7:a2206701,0.7894736842105263,0.4761904761904762,9,12,0.3759,structure
budget100@25,attr:Splits/train.sql#12:824349bd,0.7142857142857142,0.0,2,3,0.0,structure
budget100@25,attr:Splits/dev.sql#4:15befc14,0.0,0.0,0,1,0.0,no rows
budget100@25,attr:Agg/agg_queries_CSPaper.sql#9:2f217401,0.625,0.4444444444444445,4,5,0.2778,structure
budget100@25,attr:Splits/dev.sql#4:939f67af,0.8,0.4000000000000001,5,5,0.32,structure
budget100@25,attr:Splits/train.sql#16:53ce6e40,0.0,0.0,0,1,0.0,no rows
budget100@25,attr:Splits/test.sql#8:aadb873e,0.0,0.0,0,1,0.0,no rows
budget100@25,attr:cspaper_agg20:q16:2a7cdcfd,0.8333333333333334,0.6666666666666665,4,5,0.5556,structure
budget100@25,attr:cspaper_groupby20:q4:9377abe8,1.0,0.25,4,4,0.25,values
budget100@25,attr:cspaper_groupby20:q15:ff8e7ff0,1.0,0.5,4,4,0.5,values
budget100@25,attr:Splits/train.sql#25:388b209c,0.5952380952380952,0.26666666666666666,6,9,0.1587,structure
budget100@25,attr:cspaper_filter20:q5:2b72568b,1.0,0.5,6,6,0.5,values
budget100@25,attr:cspaper_agg20:q15:eaf15557,1.0,0.0,2,2,0.0,values
budget100@25,attr:Splits/train.sql#16:ec7ab067,0.0,0.0,0,1,0.0,no rows
budget100@25,attr:Splits/dev.sql#4:b89c6e49,0.0,0.0,0,1,0.0,no rows
budget100@25,attr:cspaper_agg20:q10:5af6ad8a,1.0,0.0,2,2,0.0,values
budget100@25,attr:cspaper_agg20:q16:b9b424ac,0.7142857142857142,0.0,2,3,0.0,structure
budget100@25,attr:cspaper_agg20:q15:916d1768,1.0,0.0,2,2,0.0,values
budget100@25,attr:cspaper_groupby20:q13:52410a8e,0.980392156862745,0.1904761904761905,11,10,0.1867,structure
budget100@25,attr:cspaper_agg20:q1:942b0337,1.0,0.0,2,2,0.0,values
budget100@25,attr:cspaper_filter20:q5:e03b81a3,1.0,0.0,6,6,0.0,values
budget100@25,attr:Splits/train.sql#16:c0256576,0.03597122302158273,0.04081632653061225,19,30,0.0015,structure
budget100@25,attr:cspaper_filter20:q18:f6bc9cb0,0.5555555555555556,0.0,1,2,0.0,structure
budget100@25,attr:Splits/test.sql#8:32466102,0.0,0.0,0,1,0.0,no rows
budget100@25,attr:Splits/train.sql#12:5ea1aae0,0.7142857142857142,0.0,2,3,0.0,structure
budget100@25,attr:cspaper_groupby20:q13:8d6b41fc,1.0,0.75,12,12,0.75,values
budget100@25,attr:Agg/agg_queries_CSPaper.sql#7:0650079a,0.5263157894736842,0.0,3,4,0.0,structure
budget100@25,attr:cspaper_filter20:q12:3a65f76d,1.0,0.5,2,2,0.5,values
budget100@25,attr:Splits/train.sql#25:5c5b4aac,0.0,0.0,2,13,0.0,structure
budget100@25,attr:cspaper_filter20:q5:40343233,1.0,0.6666666666666666,6,6,0.6667,values
budget100@25,attr:Agg/agg_queries_CSPaper.sql#7:e3e53bd0,0.8,0.0,5,5,0.0,structure
budget100@25,attr:cspaper_groupby20:q15:280e3463,0.8333333333333334,0.888888888888889,4,5,0.7407,structure
budget100@25,attr:Mixed/mixed_queries.sql#5:6606cc83,0.3378378378378379,0.2608695652173913,6,17,0.0881,structure
budget100@25,attr:Splits/test.sql#8:29763641,0.8,0.6,5,5,0.48,structure
budget100@25,attr:Splits/train.sql#17:d25c0c43,0.5555555555555556,0.0,1,2,0.0,structure
budget100@25,attr:cspaper_filter20:q18:b276b914,1.0,0.0,2,2,0.0,values
budget100@25,attr:cspaper_agg20:q10:811f750d,1.0,0.0,2,2,0.0,values
budget100@25,attr:cspaper_agg20:q10:4da166e6,1.0,0.0,2,2,0.0,values
budget100@25,attr:cspaper_groupby20:q7:4ef2e760,0.8620689655172415,0.9090909090909091,10,12,0.7837,structure
budget100@25,attr:cspaper_agg20:q15:7c9df18e,1.0,0.0,2,2,0.0,values
budget100@25,attr:Mixed/mixed_queries.sql#5:9179be86,0.05,0.05000000000000001,20,20,0.0025,structure
budget100@25,attr:Splits/train.sql#12:2e779d08,0.6666666666666666,0.0,3,3,0.0,structure
budget100@25,attr:Agg/agg_queries_CSPaper.sql#9:3d06e8e9,0.8,0.6,5,5,0.48,structure
budget100@25,attr:cspaper_groupby20:q13:604946a6,1.0,0.5833333333333334,12,12,0.5833,values
budget100@25,attr:cspaper_groupby20:q15:865a4db4,0.8333333333333334,0.22222222222222224,4,5,0.1852,structure
budget100@25,attr:cspaper_groupby20:q4:35c72e2d,0.7894736842105263,0.0,3,4,0.0,structure
budget100@25,attr:cspaper_agg20:q1:86682092,1.0,0.0,2,2,0.0,values
budget100@25,attr:Splits/dev.sql#3:31211915,0.0,0.0,5,33,0.0,structure
budget100@50,attr:Splits/train.sql#25:064206d5,0.0,0.0,1,16,0.0,structure
budget100@50,attr:cspaper_groupby20:q7:b314afb6,0.8333333333333335,0.380952380952381,10,11,0.3175,structure
budget100@50,attr:Splits/train.sql#17:218d9884,1.0,0.0,2,2,0.0,values
budget100@50,attr:Splits/dev.sql#3:8bb9c06d,0.03378378378378378,0.038461538461538464,20,32,0.0013,structure
budget100@50,attr:Agg/agg_queries_CSPaper.sql#9:027f6bb8,0.5263157894736842,0.0,3,4,0.0,structure
budget100@50,attr:Mixed/mixed_queries.sql#5:59eb2368,0.3378378378378379,0.2608695652173913,6,17,0.0881,structure
budget100@50,attr:cspaper_filter20:q12:83e559e1,0.8333333333333334,0.0,2,1,0.0,structure
budget100@50,attr:cspaper_filter20:q18:f652a758,0.5555555555555556,0.0,1,2,0.0,structure
budget100@50,attr:Splits/train.sql#17:d0aa811e,0.7142857142857143,0.4444444444444445,5,4,0.3175,structure
budget100@50,attr:cspaper_filter20:q12:fd292b75,1.0,0.0,2,2,0.0,values
budget100@50,attr:cspaper_groupby20:q4:246aa029,0.7894736842105263,0.0,3,4,0.0,structure
budget100@50,attr:cspaper_groupby20:q7:a2206701,0.7894736842105263,0.4761904761904762,9,12,0.3759,structure
budget100@50,attr:Splits/train.sql#12:824349bd,0.7142857142857142,0.0,2,3,0.0,structure
budget100@50,attr:Splits/dev.sql#4:15befc14,0.0,0.0,0,1,0.0,no rows
budget100@50,attr:Agg/agg_queries_CSPaper.sql#9:2f217401,0.625,0.4444444444444445,4,5,0.2778,structure
budget100@50,attr:Splits/dev.sql#4:939f67af,0.8,0.6,5,5,0.48,structure
budget100@50,attr:Splits/train.sql#16:53ce6e40,0.0,0.0,0,1,0.0,no rows
budget100@50,attr:Splits/test.sql#8:aadb873e,0.0,0.0,0,1,0.0,no rows
budget100@50,attr:cspaper_agg20:q16:2a7cdcfd,0.8333333333333334,0.6666666666666665,4,5,0.5556,structure
budget100@50,attr:cspaper_groupby20:q4:9377abe8,0.7894736842105263,0.28571428571428575,3,4,0.2256,structure
budget100@50,attr:cspaper_groupby20:q15:ff8e7ff0,1.0,0.25,4,4,0.25,values
budget100@50,attr:Splits/train.sql#25:388b209c,0.5952380952380952,0.26666666666666666,6,9,0.1587,structure
budget100@50,attr:cspaper_filter20:q5:2b72568b,1.0,0.5,6,6,0.5,values
budget100@50,attr:cspaper_agg20:q15:eaf15557,1.0,0.0,2,2,0.0,values
budget100@50,attr:Splits/train.sql#16:ec7ab067,0.0,0.0,0,1,0.0,no rows
budget100@50,attr:Splits/dev.sql#4:b89c6e49,0.0,0.0,0,1,0.0,no rows
budget100@50,attr:cspaper_agg20:q10:5af6ad8a,1.0,0.0,2,2,0.0,values
budget100@50,attr:cspaper_agg20:q16:b9b424ac,0.7142857142857142,0.0,2,3,0.0,structure
budget100@50,attr:cspaper_agg20:q15:916d1768,1.0,0.0,2,2,0.0,values
budget100@50,attr:cspaper_groupby20:q13:52410a8e,0.980392156862745,0.28571428571428564,11,10,0.2801,structure
budget100@50,attr:cspaper_agg20:q1:942b0337,1.0,0.0,2,2,0.0,values
budget100@50,attr:cspaper_filter20:q5:e03b81a3,1.0,0.0,6,6,0.0,values
budget100@50,attr:Splits/train.sql#16:c0256576,0.03597122302158273,0.04081632653061225,19,30,0.0015,structure
budget100@50,attr:cspaper_filter20:q18:f6bc9cb0,0.5555555555555556,0.0,1,2,0.0,structure
budget100@50,attr:Splits/test.sql#8:32466102,0.0,0.0,0,1,0.0,no rows
budget100@50,attr:Splits/train.sql#12:5ea1aae0,0.7142857142857142,0.0,2,3,0.0,structure
budget100@50,attr:cspaper_groupby20:q13:8d6b41fc,0.9322033898305083,0.7826086956521738,11,12,0.7296,structure
budget100@50,attr:Agg/agg_queries_CSPaper.sql#7:0650079a,0.5263157894736842,0.0,3,4,0.0,structure
budget100@50,attr:cspaper_filter20:q12:3a65f76d,1.0,0.5,2,2,0.5,values
budget100@50,attr:Splits/train.sql#25:5c5b4aac,0.0,0.0,2,13,0.0,structure
budget100@50,attr:cspaper_filter20:q5:40343233,0.8620689655172415,0.5454545454545454,5,6,0.4702,structure
budget100@50,attr:Agg/agg_queries_CSPaper.sql#7:e3e53bd0,0.8,0.0,5,5,0.0,structure
budget100@50,attr:cspaper_groupby20:q15:280e3463,0.8333333333333334,0.6666666666666665,4,5,0.5556,structure
budget100@50,attr:Mixed/mixed_queries.sql#5:6606cc83,0.3378378378378379,0.2608695652173913,6,17,0.0881,structure
budget100@50,attr:Splits/test.sql#8:29763641,0.8,0.6,5,5,0.48,structure
budget100@50,attr:Splits/train.sql#17:d25c0c43,0.5555555555555556,0.0,1,2,0.0,structure
budget100@50,attr:cspaper_filter20:q18:b276b914,0.5555555555555556,0.0,1,2,0.0,structure
budget100@50,attr:cspaper_agg20:q10:811f750d,1.0,0.0,2,2,0.0,values
budget100@50,attr:cspaper_agg20:q10:4da166e6,1.0,0.0,2,2,0.0,values
budget100@50,attr:cspaper_groupby20:q7:4ef2e760,0.8620689655172415,0.9090909090909091,10,12,0.7837,structure
budget100@50,attr:cspaper_agg20:q15:7c9df18e,1.0,0.0,2,2,0.0,values
budget100@50,attr:Mixed/mixed_queries.sql#5:9179be86,0.05,0.05000000000000001,20,20,0.0025,structure
budget100@50,attr:Splits/train.sql#12:2e779d08,0.6666666666666666,0.0,3,3,0.0,structure
budget100@50,attr:Agg/agg_queries_CSPaper.sql#9:3d06e8e9,0.8,0.6,5,5,0.48,structure
budget100@50,attr:cspaper_groupby20:q13:604946a6,1.0,0.5833333333333334,12,12,0.5833,values
budget100@50,attr:cspaper_groupby20:q15:865a4db4,0.8333333333333334,0.22222222222222224,4,5,0.1852,structure
budget100@50,attr:cspaper_groupby20:q4:35c72e2d,0.7894736842105263,0.0,3,4,0.0,structure
budget100@50,attr:cspaper_agg20:q1:86682092,1.0,0.0,2,2,0.0,values
budget100@50,attr:Splits/dev.sql#3:31211915,0.0,0.0,5,33,0.0,structure
budget100@75,attr:Splits/train.sql#25:064206d5,0.0,0.0,1,16,0.0,structure
budget100@75,attr:cspaper_groupby20:q7:b314afb6,0.8333333333333335,0.380952380952381,10,11,0.3175,structure
budget100@75,attr:Splits/train.sql#17:218d9884,1.0,0.0,2,2,0.0,values
budget100@75,attr:Splits/dev.sql#3:8bb9c06d,0.03378378378378378,0.038461538461538464,20,32,0.0013,structure
budget100@75,attr:Agg/agg_queries_CSPaper.sql#9:027f6bb8,0.5263157894736842,0.0,3,4,0.0,structure
budget100@75,attr:Mixed/mixed_queries.sql#5:59eb2368,0.3378378378378379,0.2608695652173913,6,17,0.0881,structure
budget100@75,attr:cspaper_filter20:q12:83e559e1,0.8333333333333334,0.0,2,1,0.0,structure
budget100@75,attr:cspaper_filter20:q18:f652a758,0.5555555555555556,0.0,1,2,0.0,structure
budget100@75,attr:Splits/train.sql#17:d0aa811e,0.7142857142857143,0.4444444444444445,5,4,0.3175,structure
budget100@75,attr:cspaper_filter20:q12:fd292b75,1.0,0.0,2,2,0.0,values
budget100@75,attr:cspaper_groupby20:q4:246aa029,1.0,0.0,4,4,0.0,values
budget100@75,attr:cspaper_groupby20:q7:a2206701,0.7142857142857142,0.4,8,12,0.2857,structure
budget100@75,attr:Splits/train.sql#12:824349bd,0.7142857142857142,0.0,2,3,0.0,structure
budget100@75,attr:Splits/dev.sql#4:15befc14,0.0,0.0,0,1,0.0,no rows
budget100@75,attr:Agg/agg_queries_CSPaper.sql#9:2f217401,0.625,0.4444444444444445,4,5,0.2778,structure
budget100@75,attr:Splits/dev.sql#4:939f67af,0.8,0.6,5,5,0.48,structure
budget100@75,attr:Splits/train.sql#16:53ce6e40,0.0,0.0,0,1,0.0,no rows
budget100@75,attr:Splits/test.sql#8:aadb873e,0.0,0.0,0,1,0.0,no rows
budget100@75,attr:cspaper_agg20:q16:2a7cdcfd,0.8333333333333334,0.6666666666666665,4,5,0.5556,structure
budget100@75,attr:cspaper_groupby20:q4:9377abe8,0.7894736842105263,0.28571428571428575,3,4,0.2256,structure
budget100@75,attr:cspaper_groupby20:q15:ff8e7ff0,1.0,0.25,4,4,0.25,values
budget100@75,attr:Splits/train.sql#25:388b209c,0.5952380952380952,0.26666666666666666,6,9,0.1587,structure
budget100@75,attr:cspaper_filter20:q5:2b72568b,1.0,0.3333333333333333,6,6,0.3333,values
budget100@75,attr:cspaper_agg20:q15:eaf15557,1.0,0.0,2,2,0.0,values
budget100@75,attr:Splits/train.sql#16:ec7ab067,0.0,0.0,0,1,0.0,no rows
budget100@75,attr:Splits/dev.sql#4:b89c6e49,0.0,0.0,0,1,0.0,no rows
budget100@75,attr:cspaper_agg20:q10:5af6ad8a,1.0,0.0,2,2,0.0,values
budget100@75,attr:cspaper_agg20:q16:b9b424ac,0.7142857142857142,0.0,2,3,0.0,structure
budget100@75,attr:cspaper_agg20:q15:916d1768,1.0,0.0,2,2,0.0,values
budget100@75,attr:cspaper_groupby20:q13:52410a8e,0.980392156862745,0.28571428571428564,11,10,0.2801,structure
budget100@75,attr:cspaper_agg20:q1:942b0337,1.0,0.0,2,2,0.0,values
budget100@75,attr:cspaper_filter20:q5:e03b81a3,1.0,0.0,6,6,0.0,values
budget100@75,attr:Splits/train.sql#16:c0256576,0.03597122302158273,0.04081632653061225,19,30,0.0015,structure
budget100@75,attr:cspaper_filter20:q18:f6bc9cb0,0.5555555555555556,0.0,1,2,0.0,structure
budget100@75,attr:Splits/test.sql#8:32466102,0.0,0.0,0,1,0.0,no rows
budget100@75,attr:Splits/train.sql#12:5ea1aae0,0.7142857142857142,0.0,2,3,0.0,structure
budget100@75,attr:cspaper_groupby20:q13:8d6b41fc,0.9322033898305083,0.7826086956521738,11,12,0.7296,structure
budget100@75,attr:Agg/agg_queries_CSPaper.sql#7:0650079a,0.5263157894736842,0.0,3,4,0.0,structure
budget100@75,attr:cspaper_filter20:q12:3a65f76d,1.0,0.5,2,2,0.5,values
budget100@75,attr:Splits/train.sql#25:5c5b4aac,0.0,0.0,2,13,0.0,structure
budget100@75,attr:cspaper_filter20:q5:40343233,0.8620689655172415,0.5454545454545454,5,6,0.4702,structure
budget100@75,attr:Agg/agg_queries_CSPaper.sql#7:e3e53bd0,0.8,0.0,5,5,0.0,structure
budget100@75,attr:cspaper_groupby20:q15:280e3463,0.8333333333333334,0.6666666666666665,4,5,0.5556,structure
budget100@75,attr:Mixed/mixed_queries.sql#5:6606cc83,0.3378378378378379,0.2608695652173913,6,17,0.0881,structure
budget100@75,attr:Splits/test.sql#8:29763641,0.8,0.6,5,5,0.48,structure
budget100@75,attr:Splits/train.sql#17:d25c0c43,1.0,0.0,2,2,0.0,values
budget100@75,attr:cspaper_filter20:q18:b276b914,0.5555555555555556,0.0,1,2,0.0,structure
budget100@75,attr:cspaper_agg20:q10:811f750d,1.0,0.0,2,2,0.0,values
budget100@75,attr:cspaper_agg20:q10:4da166e6,1.0,0.0,2,2,0.0,values
budget100@75,attr:cspaper_groupby20:q7:4ef2e760,0.8620689655172415,0.9090909090909091,10,12,0.7837,structure
budget100@75,attr:cspaper_agg20:q15:7c9df18e,1.0,0.0,2,2,0.0,values
budget100@75,attr:Mixed/mixed_queries.sql#5:9179be86,0.05,0.05000000000000001,20,20,0.0025,structure
budget100@75,attr:Splits/train.sql#12:2e779d08,0.6666666666666666,0.0,3,3,0.0,structure
budget100@75,attr:Agg/agg_queries_CSPaper.sql#9:3d06e8e9,0.8,0.6,5,5,0.48,structure
budget100@75,attr:cspaper_groupby20:q13:604946a6,1.0,0.75,12,12,0.75,values
budget100@75,attr:cspaper_groupby20:q15:865a4db4,0.8333333333333334,0.4444444444444445,4,5,0.3704,structure
budget100@75,attr:cspaper_groupby20:q4:35c72e2d,0.7894736842105263,0.0,3,4,0.0,structure
budget100@75,attr:cspaper_agg20:q1:86682092,1.0,0.0,2,2,0.0,values
budget100@75,attr:Splits/dev.sql#3:31211915,0.0,0.0,5,33,0.0,structure
static@100,attr:Splits/train.sql#25:064206d5,0.0,0.0,1,16,0.0,structure
static@100,attr:cspaper_groupby20:q7:b314afb6,0.0,0.0,0,11,0.0,no rows
static@100,attr:Splits/train.sql#17:218d9884,0.0,0.0,1,2,0.0,structure
static@100,attr:Splits/dev.sql#3:8bb9c06d,0.0,0.0,1,32,0.0,structure
static@100,attr:Agg/agg_queries_CSPaper.sql#9:027f6bb8,0.0,0.0,1,4,0.0,structure
static@100,attr:Mixed/mixed_queries.sql#5:59eb2368,0.3378378378378379,0.2608695652173913,6,17,0.0881,structure
static@100,attr:cspaper_filter20:q12:83e559e1,0.0,0.0,0,1,0.0,no rows
static@100,attr:cspaper_filter20:q18:f652a758,0.0,0.0,0,2,0.0,no rows
static@100,attr:Splits/train.sql#17:d0aa811e,0.0,0.0,1,4,0.0,structure
static@100,attr:cspaper_filter20:q12:fd292b75,0.0,0.0,0,2,0.0,no rows
static@100,attr:cspaper_groupby20:q4:246aa029,0.0,0.0,0,4,0.0,no rows
static@100,attr:cspaper_groupby20:q7:a2206701,0.0,0.0,0,12,0.0,no rows
static@100,attr:Splits/train.sql#12:824349bd,0.0,0.0,0,3,0.0,no rows
static@100,attr:Splits/dev.sql#4:15befc14,0.0,0.0,0,1,0.0,no rows
static@100,attr:Agg/agg_queries_CSPaper.sql#9:2f217401,0.625,0.4444444444444445,4,5,0.2778,structure
static@100,attr:Splits/dev.sql#4:939f67af,0.0,0.0,1,5,0.0,structure
static@100,attr:Splits/train.sql#16:53ce6e40,0.0,0.0,0,1,0.0,no rows
static@100,attr:Splits/test.sql#8:aadb873e,0.0,0.0,0,1,0.0,no rows
static@100,attr:cspaper_agg20:q16:2a7cdcfd,0.0,0.0,0,5,0.0,no rows
static@100,attr:cspaper_groupby20:q4:9377abe8,0.0,0.0,0,4,0.0,no rows
static@100,attr:cspaper_groupby20:q15:ff8e7ff0,0.0,0.0,0,4,0.0,no rows
static@100,attr:Splits/train.sql#25:388b209c,0.0,0.0,0,9,0.0,no rows
static@100,attr:cspaper_filter20:q5:2b72568b,0.0,0.0,0,6,0.0,no rows
static@100,attr:cspaper_agg20:q15:eaf15557,0.0,0.0,0,2,0.0,no rows
static@100,attr:Splits/train.sql#16:ec7ab067,0.0,0.0,0,1,0.0,no rows
static@100,attr:Splits/dev.sql#4:b89c6e49,0.0,0.0,0,1,0.0,no rows
static@100,attr:cspaper_agg20:q10:5af6ad8a,0.0,0.0,0,2,0.0,no rows
static@100,attr:cspaper_agg20:q16:b9b424ac,0.0,0.0,0,3,0.0,no rows
static@100,attr:cspaper_agg20:q15:916d1768,0.0,0.0,0,2,0.0,no rows
static@100,attr:cspaper_groupby20:q13:52410a8e,0.0,0.0,0,10,0.0,no rows
static@100,attr:cspaper_agg20:q1:942b0337,0.0,0.0,0,2,0.0,no rows
static@100,attr:cspaper_filter20:q5:e03b81a3,0.0,0.0,0,6,0.0,no rows
static@100,attr:Splits/train.sql#16:c0256576,0.0,0.0,1,30,0.0,structure
static@100,attr:cspaper_filter20:q18:f6bc9cb0,0.0,0.0,0,2,0.0,no rows
static@100,attr:Splits/test.sql#8:32466102,0.0,0.0,0,1,0.0,no rows
static@100,attr:Splits/train.sql#12:5ea1aae0,0.0,0.0,0,3,0.0,no rows
static@100,attr:cspaper_groupby20:q13:8d6b41fc,0.0,0.0,0,12,0.0,no rows
static@100,attr:Agg/agg_queries_CSPaper.sql#7:0650079a,0.0,0.0,1,4,0.0,structure
static@100,attr:cspaper_filter20:q12:3a65f76d,0.0,0.0,0,2,0.0,no rows
static@100,attr:Splits/train.sql#25:5c5b4aac,0.0,0.0,1,13,0.0,structure
static@100,attr:cspaper_filter20:q5:40343233,0.0,0.0,0,6,0.0,no rows
static@100,attr:Agg/agg_queries_CSPaper.sql#7:e3e53bd0,0.0,0.0,1,5,0.0,structure
static@100,attr:cspaper_groupby20:q15:280e3463,0.0,0.0,0,5,0.0,no rows
static@100,attr:Mixed/mixed_queries.sql#5:6606cc83,0.3378378378378379,0.2608695652173913,6,17,0.0881,structure
static@100,attr:Splits/test.sql#8:29763641,0.0,0.0,1,5,0.0,structure
static@100,attr:Splits/train.sql#17:d25c0c43,0.0,0.0,1,2,0.0,structure
static@100,attr:cspaper_filter20:q18:b276b914,0.0,0.0,0,2,0.0,no rows
static@100,attr:cspaper_agg20:q10:811f750d,0.0,0.0,0,2,0.0,no rows
static@100,attr:cspaper_agg20:q10:4da166e6,0.0,0.0,0,2,0.0,no rows
static@100,attr:cspaper_groupby20:q7:4ef2e760,0.0,0.0,0,12,0.0,no rows
static@100,attr:cspaper_agg20:q15:7c9df18e,0.0,0.0,0,2,0.0,no rows
static@100,attr:Mixed/mixed_queries.sql#5:9179be86,0.0,0.0,1,20,0.0,structure
static@100,attr:Splits/train.sql#12:2e779d08,0.0,0.0,1,3,0.0,structure
static@100,attr:Agg/agg_queries_CSPaper.sql#9:3d06e8e9,0.0,0.0,1,5,0.0,structure
static@100,attr:cspaper_groupby20:q13:604946a6,0.0,0.0,0,12,0.0,no rows
static@100,attr:cspaper_groupby20:q15:865a4db4,0.0,0.0,0,5,0.0,no rows
static@100,attr:cspaper_groupby20:q4:35c72e2d,0.0,0.0,0,4,0.0,no rows
static@100,attr:cspaper_agg20:q1:86682092,0.0,0.0,0,2,0.0,no rows
static@100,attr:Splits/dev.sql#3:31211915,0.0,0.0,1,33,0.0,structure
