system,qid,structure_f2,cell_f1_20,pred_rows,gold_rows,product,label
unlimited@0,attr:Splits/test.sql#9:89669ef3,0.3333333333333333,0.3333333333333333,3,3,0.1111,structure
unlimited@0,attr:Splits/train.sql#6:f6d3251f,0.4268292682926829,0.0,14,17,0.0,structure
unlimited@0,attr:Splits/dev.sql#14:dba14859,0.7142857142857142,0.0,2,3,0.0,structure
unlimited@0,attr:Splits/train.sql#53:b59f3915,0.0,0.0,4,9,0.0,structure
unlimited@0,attr:Splits/test.sql#12:efd2b36a,0.0,0.0,4,7,0.0,structure
unlimited@0,attr:Splits/train.sql#57:18795eef,0.15151515151515152,0.16666666666666666,5,7,0.0253,structure
unlimited@0,attr:Splits/test.sql#9:5bc7e3e4,0.3333333333333333,0.0,11,1,0.0,structure
unlimited@0,attr:Splits/train.sql#6:4c333532,0.4268292682926829,0.0,14,17,0.0,structure
unlimited@0,attr:Splits/train.sql#45:fe8858e3,0.1388888888888889,0.0,4,8,0.0,structure
unlimited@0,attr:Splits/train.sql#6:f342b748,0.4268292682926829,0.0,14,17,0.0,structure
unlimited@0,attr:Splits/dev.sql#2:afe5e656,0.30303030303030304,0.06666666666666667,7,23,0.0202,structure
unlimited@0,attr:Splits/train.sql#41:ce0c297d,0.6666666666666666,0.3333333333333333,3,3,0.2222,structure
unlimited@0,attr:Splits/test.sql#7:133e088b,0.5555555555555556,0.6666666666666666,1,2,0.3704,structure
unlimited@0,attr:Splits/train.sql#80:43566f2e,0.7142857142857142,0.8,2,3,0.5714,structure
unlimited@0,attr:Splits/train.sql#9:02dbedba,0.3821656050955414,0.0,82,58,0.0,structure
unlimited@0,attr:Splits/train.sql#17:867fdf49,0.4268292682926829,0.2580645161290323,14,17,0.1101,structure
unlimited@0,attr:Splits/test.sql#12:8c237e5f,0.13513513513513511,0.0,5,8,0.0,structure
unlimited@0,attr:Splits/train.sql#28:ab165c7a,0.625,0.4444444444444445,4,5,0.2778,structure
unlimited@0,attr:Splits/train.sql#27:7f0a4eea,0.45454545454545453,0.0,2,5,0.0,structure
unlimited@0,attr:Splits/dev.sql#2:eed40a53,0.6089743589743589,0.5217391304347826,40,29,0.3177,structure
unlimited@0,attr:Splits/train.sql#80:2f03d063,0.7142857142857142,0.8,2,3,0.5714,structure
unlimited@0,attr:Splits/train.sql#47:709932b1,0.13513513513513511,0.15384615384615385,5,8,0.0208,structure
unlimited@0,attr:Splits/train.sql#4:4d653bee,0.3821656050955414,0.0,82,58,0.0,structure
unlimited@0,attr:Splits/train.sql#42:a7be6267,0.13513513513513511,0.15384615384615385,5,8,0.0208,structure
unlimited@0,attr:Splits/train.sql#46:c8acd9e6,0.7142857142857142,0.8,2,3,0.5714,structure
unlimited@0,attr:Splits/test.sql#12:52e294e8,0.0,0.0,3,2,0.0,structure
unlimited@0,attr:Splits/train.sql#9:920a4474,0.16853932584269662,0.0,31,59,0.0,structure
unlimited@0,attr:Splits/train.sql#45:78fca263,0.0,0.0,4,7,0.0,structure
unlimited@0,attr:Splits/train.sql#33:4c6694de,0.45454545454545453,0.28571428571428575,2,5,0.1299,structure
unlimited@0,attr:Splits/train.sql#17:2380388b,0.4268292682926829,0.45161290322580644,14,17,0.1928,structure
unlimited@0,attr:Splits/dev.sql#9:8557f23f,0.0,0.0,0,1,0.0,no rows
unlimited@0,attr:Splits/train.sql#17:5179f971,0.4268292682926829,0.2580645161290323,14,17,0.1101,structure
unlimited@0,attr:Splits/train.sql#36:9fa26c17,0.43478260869565216,0.25,3,5,0.1087,structure
unlimited@0,attr:Splits/train.sql#33:6c8af8bc,0.45454545454545453,0.28571428571428575,2,5,0.1299,structure
unlimited@0,attr:Splits/train.sql#62:7cbf2d97,0.13513513513513511,0.0,5,8,0.0,structure
unlimited@0,attr:Splits/train.sql#49:4f3e7c6f,0.15151515151515152,0.16666666666666666,5,7,0.0253,structure
unlimited@0,attr:Splits/train.sql#36:24bd9eda,0.43478260869565216,0.5,3,5,0.2174,structure
unlimited@0,attr:Splits/train.sql#4:ba6e000a,0.6089743589743589,0.0,40,29,0.0,structure
unlimited@0,attr:Splits/train.sql#57:7e4cd6ac,0.1282051282051282,0.0,7,8,0.0,structure
unlimited@0,attr:Splits/test.sql#6:586cdd06,0.43478260869565216,0.25,3,5,0.1087,structure
unlimited@0,attr:Splits/train.sql#78:e3b697cb,0.3846153846153846,0.0,1,3,0.0,structure
unlimited@0,attr:Splits/train.sql#53:47c3dfc6,0.0,0.0,4,9,0.0,structure
unlimited@0,attr:Splits/train.sql#36:6a27c9b5,0.43478260869565216,0.25,3,5,0.1087,structure
unlimited@0,attr:Splits/train.sql#45:b0f929d0,0.0,0.0,3,2,0.0,structure
unlimited@0,attr:Splits/train.sql#46:cf647aa6,0.6666666666666666,0.3333333333333333,3,3,0.2222,structure
unlimited@0,attr:Splits/train.sql#49:beed0181,0.0,0.0,5,6,0.0,structure
unlimited@0,attr:Splits/dev.sql#14:84e26a12,0.6666666666666666,0.0,3,3,0.0,structure
unlimited@0,attr:Splits/test.sql#9:c12243ae,0.5,0.0,2,2,0.0,structure
unlimited@0,attr:Splits/dev.sql#9:0976d6b5,0.0,0.0,0,1,0.0,no rows
unlimited@0,attr:Splits/train.sql#42:36133d40,0.0,0.0,4,7,0.0,structure
unlimited@0,attr:Splits/test.sql#6:7ed36ed4,0.625,0.4444444444444445,4,5,0.2778,structure
unlimited@0,attr:Splits/train.sql#47:1239ef06,0.0,0.0,4,7,0.0,structure
unlimited@0,attr:Splits/train.sql#9:dd83c82e,0.07352941176470588,0.0,4,16,0.0,structure
unlimited@0,attr:Splits/train.sql#28:326b87f1,0.47619047619047616,0.33333333333333326,10,8,0.1587,structure
unlimited@0,attr:Splits/train.sql#46:cad60d9e,0.7142857142857142,0.4,2,3,0.2857,structure
unlimited@0,attr:Splits/dev.sql#14:6acd7b54,0.7142857142857142,0.0,2,3,0.0,structure
unlimited@0,attr:Splits/train.sql#49:44ad8347,0.2127659574468085,0.11764705882352941,7,10,0.025,structure
unlimited@0,attr:Splits/train.sql#78:62f97dfd,0.7142857142857142,0.0,2,3,0.0,structure
unlimited@0,attr:Splits/train.sql#42:6b966dbf,0.0,0.0,3,2,0.0,structure
unlimited@0,attr:Splits/train.sql#28:02ad1cdd,0.625,0.6666666666666665,4,5,0.4167,structure
unlimited@0,attr:Splits/train.sql#27:79c3953e,0.48780487804878053,0.0,9,8,0.0,structure
unlimited@0,attr:Splits/train.sql#4:56f19889,0.30303030303030304,0.0,7,23,0.0,structure
unlimited@0,attr:Splits/train.sql#78:e9e539a7,0.7142857142857142,0.0,2,3,0.0,structure
unlimited@0,attr:Splits/dev.sql#2:3d9ec4b5,0.07352941176470588,0.0,4,16,0.0,structure
unlimited@0,attr:Splits/train.sql#62:9e25123e,0.0,0.0,4,7,0.0,structure
unlimited@0,attr:Splits/test.sql#6:1f896440,0.625,0.6666666666666665,4,5,0.4167,structure
unlimited@0,attr:Splits/train.sql#27:eae09d3e,0.45454545454545453,0.0,2,5,0.0,structure
unlimited@0,attr:Splits/train.sql#47:cffaa90c,0.0,0.0,3,2,0.0,structure
unlimited@0,attr:Splits/train.sql#57:bc0eda36,0.11904761904761904,0.13333333333333333,6,9,0.0159,structure
unlimited@0,attr:Splits/train.sql#53:fb267f05,0.0,0.0,4,9,0.0,structure
unlimited@0,attr:Splits/train.sql#62:f76dae6f,0.0,0.0,3,2,0.0,structure
unlimited@0,attr:Splits/test.sql#7:0251f786,0.5555555555555556,0.6666666666666666,1,2,0.3704,structure
unlimited@0,attr:Splits/train.sql#33:93b35e18,0.45454545454545453,0.28571428571428575,2,5,0.1299,structure
unlimited@0,attr:Splits/dev.sql#9:bf2a0d62,0.0,0.0,0,1,0.0,no rows
unlimited@0,attr:Splits/train.sql#80:549df246,0.7142857142857142,0.8,2,3,0.5714,structure
unlimited@0,attr:Splits/test.sql#7:85426824,0.5555555555555556,0.0,1,2,0.0,structure
unlimited@100,attr:Splits/test.sql#9:89669ef3,0.0,0.0,1,3,0.0,structure
unlimited@100,attr:Splits/train.sql#6:f6d3251f,0.4268292682926829,0.0,14,17,0.0,structure
unlimited@100,attr:Splits/dev.sql#14:dba14859,0.7142857142857142,0.0,2,3,0.0,structure
unlimited@100,attr:Splits/train.sql#53:b59f3915,0.0,0.0,4,9,0.0,structure
unlimited@100,attr:Splits/test.sql#12:efd2b36a,0.0,0.0,3,7,0.0,structure
unlimited@100,attr:Splits/train.sql#57:18795eef,0.14705882352941174,0.15384615384615383,6,7,0.0226,structure
unlimited@100,attr:Splits/test.sql#9:5bc7e3e4,0.35714285714285715,0.0,10,1,0.0,structure
unlimited@100,attr:Splits/train.sql#6:4c333532,0.4268292682926829,0.0,14,17,0.0,structure
unlimited@100,attr:Splits/train.sql#45:fe8858e3,0.13157894736842105,0.0,6,8,0.0,structure
unlimited@100,attr:Splits/train.sql#6:f342b748,0.4268292682926829,0.0,14,17,0.0,structure
unlimited@100,attr:Splits/dev.sql#2:afe5e656,0.5045871559633027,0.45,17,23,0.2271,structure
unlimited@100,attr:Splits/train.sql#41:ce0c297d,0.5882352941176471,0.25,5,3,0.1471,structure
unlimited@100,attr:Splits/test.sql#7:133e088b,0.5555555555555556,0.0,1,2,0.0,structure
unlimited@100,attr:Splits/train.sql#80:43566f2e,0.7142857142857142,0.8,2,3,0.5714,structure
unlimited@100,attr:Splits/train.sql#9:02dbedba,0.23809523809523808,0.0,62,58,0.0,structure
unlimited@100,attr:Splits/train.sql#17:867fdf49,0.4268292682926829,0.2580645161290323,14,17,0.1101,structure
unlimited@100,attr:Splits/test.sql#12:8c237e5f,0.40540540540540543,0.0,5,8,0.0,structure
unlimited@100,attr:Splits/train.sql#28:ab165c7a,0.6521739130434783,0.5,3,5,0.3261,structure
unlimited@100,attr:Splits/train.sql#27:7f0a4eea,0.45454545454545453,0.0,2,5,0.0,structure
unlimited@100,attr:Splits/dev.sql#2:eed40a53,0.3793103448275862,0.3103448275862069,29,29,0.1177,structure
unlimited@100,attr:Splits/train.sql#80:2f03d063,0.7142857142857142,0.8,2,3,0.5714,structure
unlimited@100,attr:Splits/train.sql#47:709932b1,0.40540540540540543,0.3076923076923077,5,8,0.1247,structure
unlimited@100,attr:Splits/train.sql#4:4d653bee,0.23809523809523808,0.0,62,58,0.0,structure
unlimited@100,attr:Splits/train.sql#42:a7be6267,0.40540540540540543,0.3076923076923077,5,8,0.1247,structure
unlimited@100,attr:Splits/train.sql#46:c8acd9e6,0.7142857142857142,0.4,2,3,0.2857,structure
unlimited@100,attr:Splits/test.sql#12:52e294e8,0.0,0.0,2,2,0.0,structure
unlimited@100,attr:Splits/train.sql#9:920a4474,0.11718750000000001,0.0,20,59,0.0,structure
unlimited@100,attr:Splits/train.sql#45:78fca263,0.0,0.0,3,7,0.0,structure
unlimited@100,attr:Splits/train.sql#33:4c6694de,0.45454545454545453,0.28571428571428575,2,5,0.1299,structure
unlimited@100,attr:Splits/train.sql#17:2380388b,0.4268292682926829,0.2580645161290323,14,17,0.1101,structure
unlimited@100,attr:Splits/dev.sql#9:8557f23f,0.0,0.0,0,1,0.0,no rows
unlimited@100,attr:Splits/train.sql#17:5179f971,0.4268292682926829,0.1935483870967742,14,17,0.0826,structure
unlimited@100,attr:Splits/train.sql#36:9fa26c17,0.43478260869565216,0.25,3,5,0.1087,structure
unlimited@100,attr:Splits/train.sql#33:6c8af8bc,0.45454545454545453,0.28571428571428575,2,5,0.1299,structure
unlimited@100,attr:Splits/train.sql#62:7cbf2d97,0.1388888888888889,0.0,4,8,0.0,structure
unlimited@100,attr:Splits/train.sql#49:4f3e7c6f,0.14705882352941174,0.15384615384615383,6,7,0.0226,structure
unlimited@100,attr:Splits/train.sql#36:24bd9eda,0.43478260869565216,0.5,3,5,0.2174,structure
unlimited@100,attr:Splits/train.sql#4:ba6e000a,0.3472222222222222,0.0,28,29,0.0,structure
unlimited@100,attr:Splits/train.sql#57:7e4cd6ac,0.0,0.0,7,8,0.0,structure
unlimited@100,attr:Splits/test.sql#6:586cdd06,0.6521739130434783,0.5,3,5,0.3261,structure
unlimited@100,attr:Splits/train.sql#78:e3b697cb,0.3846153846153846,0.0,1,3,0.0,structure
unlimited@100,attr:Splits/train.sql#53:47c3dfc6,0.0,0.0,4,9,0.0,structure
unlimited@100,attr:Splits/train.sql#36:6a27c9b5,0.43478260869565216,0.5,3,5,0.2174,structure
unlimited@100,attr:Splits/train.sql#45:b0f929d0,0.0,0.0,2,2,0.0,structure
unlimited@100,attr:Splits/train.sql#46:cf647aa6,0.5882352941176471,0.25,5,3,0.1471,structure
unlimited@100,attr:Splits/train.sql#49:beed0181,0.0,0.0,6,6,0.0,structure
unlimited@100,attr:Splits/dev.sql#14:84e26a12,0.5882352941176471,0.0,5,3,0.0,structure
unlimited@100,attr:Splits/test.sql#9:c12243ae,0.0,0.0,0,2,0.0,no rows
unlimited@100,attr:Splits/dev.sql#9:0976d6b5,0.0,0.0,0,1,0.0,no rows
unlimited@100,attr:Splits/train.sql#42:36133d40,0.0,0.0,3,7,0.0,structure
unlimited@100,attr:Splits/test.sql#6:7ed36ed4,0.45454545454545453,0.28571428571428575,2,5,0.1299,structure
unlimited@100,attr:Splits/train.sql#47:1239ef06,0.0,0.0,3,7,0.0,structure
unlimited@100,attr:Splits/train.sql#9:dd83c82e,0.14285714285714285,0.0,6,16,0.0,structure
unlimited@100,attr:Splits/train.sql#28:326b87f1,0.4444444444444445,0.2857142857142857,13,8,0.127,structure
unlimited@100,attr:Splits/train.sql#46:cad60d9e,0.7142857142857142,0.4,2,3,0.2857,structure
unlimited@100,attr:Splits/dev.sql#14:6acd7b54,0.7142857142857142,0.0,2,3,0.0,structure
unlimited@100,attr:Splits/train.sql#49:44ad8347,0.32608695652173914,0.37499999999999994,6,10,0.1223,structure
unlimited@100,attr:Splits/train.sql#78:62f97dfd,0.7142857142857142,0.0,2,3,0.0,structure
unlimited@100,attr:Splits/train.sql#42:6b966dbf,0.0,0.0,2,2,0.0,structure
unlimited@100,attr:Splits/train.sql#28:02ad1cdd,0.6521739130434783,0.5,3,5,0.3261,structure
unlimited@100,attr:Splits/train.sql#27:79c3953e,0.45454545454545453,0.0,12,8,0.0,structure
unlimited@100,attr:Splits/train.sql#4:56f19889,0.5045871559633027,0.0,17,23,0.0,structure
unlimited@100,attr:Splits/train.sql#78:e9e539a7,0.7142857142857142,0.0,2,3,0.0,structure
unlimited@100,attr:Splits/dev.sql#2:3d9ec4b5,0.14285714285714285,0.09090909090909091,6,16,0.013,structure
unlimited@100,attr:Splits/train.sql#62:9e25123e,0.0,0.0,2,7,0.0,structure
unlimited@100,attr:Splits/test.sql#6:1f896440,0.6521739130434783,0.5,3,5,0.3261,structure
unlimited@100,attr:Splits/train.sql#27:eae09d3e,0.45454545454545453,0.0,2,5,0.0,structure
unlimited@100,attr:Splits/train.sql#47:cffaa90c,0.0,0.0,2,2,0.0,structure
unlimited@100,attr:Splits/train.sql#57:bc0eda36,0.0,0.0,5,9,0.0,structure
unlimited@100,attr:Splits/train.sql#53:fb267f05,0.0,0.0,4,9,0.0,structure
unlimited@100,attr:Splits/train.sql#62:f76dae6f,0.0,0.0,2,2,0.0,structure
unlimited@100,attr:Splits/test.sql#7:0251f786,0.5555555555555556,0.6666666666666666,1,2,0.3704,structure
unlimited@100,attr:Splits/train.sql#33:93b35e18,0.45454545454545453,0.28571428571428575,2,5,0.1299,structure
unlimited@100,attr:Splits/dev.sql#9:bf2a0d62,0.0,0.0,0,1,0.0,no rows
unlimited@100,attr:Splits/train.sql#80:549df246,0.7142857142857142,0.8,2,3,0.5714,structure
unlimited@100,attr:Splits/test.sql#7:85426824,0.5555555555555556,0.0,1,2,0.0,structure
unlimited@25,attr:Splits/test.sql#9:89669ef3,0.3333333333333333,0.3333333333333333,3,3,0.1111,structure
unlimited@25,attr:Splits/train.sql#6:f6d3251f,0.4268292682926829,0.0,14,17,0.0,structure
unlimited@25,attr:Splits/dev.sql#14:dba14859,0.7142857142857142,0.0,2,3,0.0,structure
unlimited@25,attr:Splits/train.sql#53:b59f3915,0.0,0.0,4,9,0.0,structure
unlimited@25,attr:Splits/test.sql#12:efd2b36a,0.0,0.0,4,7,0.0,structure
unlimited@25,attr:Splits/train.sql#57:18795eef,0.15151515151515152,0.16666666666666666,5,7,0.0253,structure
unlimited@25,attr:Splits/test.sql#9:5bc7e3e4,0.3333333333333333,0.0,11,1,0.0,structure
unlimited@25,attr:Splits/train.sql#6:4c333532,0.4268292682926829,0.0,14,17,0.0,structure
unlimited@25,attr:Splits/train.sql#45:fe8858e3,0.1388888888888889,0.0,4,8,0.0,structure
unlimited@25,attr:Splits/train.sql#6:f342b748,0.4268292682926829,0.0,14,17,0.0,structure
unlimited@25,attr:Splits/dev.sql#2:afe5e656,0.30303030303030304,0.06666666666666667,7,23,0.0202,structure
unlimited@25,attr:Splits/train.sql#41:ce0c297d,0.6666666666666666,0.3333333333333333,3,3,0.2222,structure
unlimited@25,attr:Splits/test.sql#7:133e088b,0.5555555555555556,0.0,1,2,0.0,structure
unlimited@25,attr:Splits/train.sql#80:43566f2e,0.7142857142857142,0.8,2,3,0.5714,structure
unlimited@25,attr:Splits/train.sql#9:02dbedba,0.23809523809523808,0.0,62,58,0.0,structure
unlimited@25,attr:Splits/train.sql#17:867fdf49,0.4268292682926829,0.2580645161290323,14,17,0.1101,structure
unlimited@25,attr:Splits/test.sql#12:8c237e5f,0.13513513513513511,0.0,5,8,0.0,structure
unlimited@25,attr:Splits/train.sql#28:ab165c7a,0.625,0.4444444444444445,4,5,0.2778,structure
unlimited@25,attr:Splits/train.sql#27:7f0a4eea,0.45454545454545453,0.0,2,5,0.0,structure
unlimited@25,attr:Splits/dev.sql#2:eed40a53,0.6089743589743589,0.5217391304347826,40,29,0.3177,structure
unlimited@25,attr:Splits/train.sql#80:2f03d063,0.7142857142857142,0.8,2,3,0.5714,structure
unlimited@25,attr:Splits/train.sql#47:709932b1,0.13513513513513511,0.15384615384615385,5,8,0.0208,structure
unlimited@25,attr:Splits/train.sql#4:4d653bee,0.23809523809523808,0.0,62,58,0.0,structure
unlimited@25,attr:Splits/train.sql#42:a7be6267,0.13513513513513511,0.15384615384615385,5,8,0.0208,structure
unlimited@25,attr:Splits/train.sql#46:c8acd9e6,0.7142857142857142,0.8,2,3,0.5714,structure
unlimited@25,attr:Splits/test.sql#12:52e294e8,0.0,0.0,3,2,0.0,structure
unlimited@25,attr:Splits/train.sql#9:920a4474,0.16853932584269662,0.0,31,59,0.0,structure
unlimited@25,attr:Splits/train.sql#45:78fca263,0.0,0.0,4,7,0.0,structure
unlimited@25,attr:Splits/train.sql#33:4c6694de,0.45454545454545453,0.28571428571428575,2,5,0.1299,structure
unlimited@25,attr:Splits/train.sql#17:2380388b,0.4268292682926829,0.2580645161290323,14,17,0.1101,structure
unlimited@25,attr:Splits/dev.sql#9:8557f23f,0.0,0.0,0,1,0.0,no rows
unlimited@25,attr:Splits/train.sql#17:5179f971,0.4268292682926829,0.1935483870967742,14,17,0.0826,structure
unlimited@25,attr:Splits/train.sql#36:9fa26c17,0.43478260869565216,0.25,3,5,0.1087,structure
unlimited@25,attr:Splits/train.sql#33:6c8af8bc,0.45454545454545453,0.28571428571428575,2,5,0.1299,structure
unlimited@25,attr:Splits/train.sql#62:7cbf2d97,0.13513513513513511,0.0,5,8,0.0,structure
unlimited@25,attr:Splits/train.sql#49:4f3e7c6f,0.15151515151515152,0.16666666666666666,5,7,0.0253,structure
unlimited@25,attr:Splits/train.sql#36:24bd9eda,0.43478260869565216,0.5,3,5,0.2174,structure
unlimited@25,attr:Splits/train.sql#4:ba6e000a,0.6089743589743589,0.0,40,29,0.0,structure
unlimited@25,attr:Splits/train.sql#57:7e4cd6ac,0.0,0.0,7,8,0.0,structure
unlimited@25,attr:Splits/test.sql#6:586cdd06,0.43478260869565216,0.25,3,5,0.1087,structure
unlimited@25,attr:Splits/train.sql#78:e3b697cb,0.3846153846153846,0.0,1,3,0.0,structure
unlimited@25,attr:Splits/train.sql#53:47c3dfc6,0.0,0.0,4,9,0.0,structure
unlimited@25,attr:Splits/train.sql#36:6a27c9b5,0.43478260869565216,0.25,3,5,0.1087,structure
unlimited@25,attr:Splits/train.sql#45:b0f929d0,0.0,0.0,3,2,0.0,structure
unlimited@25,attr:Splits/train.sql#46:cf647aa6,0.6666666666666666,0.3333333333333333,3,3,0.2222,structure
unlimited@25,attr:Splits/train.sql#49:beed0181,0.0,0.0,6,6,0.0,structure
unlimited@25,attr:Splits/dev.sql#14:84e26a12,0.6666666666666666,0.0,3,3,0.0,structure
unlimited@25,attr:Splits/test.sql#9:c12243ae,0.0,0.0,0,2,0.0,no rows
unlimited@25,attr:Splits/dev.sql#9:0976d6b5,0.0,0.0,0,1,0.0,no rows
unlimited@25,attr:Splits/train.sql#42:36133d40,0.0,0.0,4,7,0.0,structure
unlimited@25,attr:Splits/test.sql#6:7ed36ed4,0.45454545454545453,0.28571428571428575,2,5,0.1299,structure
unlimited@25,attr:Splits/train.sql#47:1239ef06,0.0,0.0,4,7,0.0,structure
unlimited@25,attr:Splits/train.sql#9:dd83c82e,0.07352941176470588,0.0,4,16,0.0,structure
unlimited@25,attr:Splits/train.sql#28:326b87f1,0.47619047619047616,0.33333333333333326,10,8,0.1587,structure
unlimited@25,attr:Splits/train.sql#46:cad60d9e,0.7142857142857142,0.4,2,3,0.2857,structure
unlimited@25,attr:Splits/dev.sql#14:6acd7b54,0.7142857142857142,0.0,2,3,0.0,structure
unlimited@25,attr:Splits/train.sql#49:44ad8347,0.2127659574468085,0.11764705882352941,7,10,0.025,structure
unlimited@25,attr:Splits/train.sql#78:62f97dfd,0.7142857142857142,0.0,2,3,0.0,structure
unlimited@25,attr:Splits/train.sql#42:6b966dbf,0.0,0.0,3,2,0.0,structure
unlimited@25,attr:Splits/train.sql#28:02ad1cdd,0.625,0.6666666666666665,4,5,0.4167,structure
unlimited@25,attr:Splits/train.sql#27:79c3953e,0.48780487804878053,0.0,9,8,0.0,structure
unlimited@25,attr:Splits/train.sql#4:56f19889,0.30303030303030304,0.0,7,23,0.0,structure
unlimited@25,attr:Splits/train.sql#78:e9e539a7,0.7142857142857142,0.0,2,3,0.0,structure
unlimited@25,attr:Splits/dev.sql#2:3d9ec4b5,0.07352941176470588,0.0,4,16,0.0,structure
unlimited@25,attr:Splits/train.sql#62:9e25123e,0.0,0.0,4,7,0.0,structure
unlimited@25,attr:Splits/test.sql#6:1f896440,0.625,0.6666666666666665,4,5,0.4167,structure
unlimited@25,attr:Splits/train.sql#27:eae09d3e,0.45454545454545453,0.0,2,5,0.0,structure
unlimited@25,attr:Splits/train.sql#47:cffaa90c,0.0,0.0,3,2,0.0,structure
unlimited@25,attr:Splits/train.sql#57:bc0eda36,0.0,0.0,5,9,0.0,structure
unlimited@25,attr:Splits/train.sql#53:fb267f05,0.0,0.0,4,9,0.0,structure
unlimited@25,attr:Splits/train.sql#62:f76dae6f,0.0,0.0,3,2,0.0,structure
unlimited@25,attr:Splits/test.sql#7:0251f786,0.5555555555555556,0.6666666666666666,1,2,0.3704,structure
unlimited@25,attr:Splits/train.sql#33:93b35e18,0.45454545454545453,0.28571428571428575,2,5,0.1299,structure
unlimited@25,attr:Splits/dev.sql#9:bf2a0d62,0.0,0.0,0,1,0.0,no rows
unlimited@25,attr:Splits/train.sql#80:549df246,0.7142857142857142,0.8,2,3,0.5714,structure
unlimited@25,attr:Splits/test.sql#7:85426824,0.5555555555555556,0.0,1,2,0.0,structure
unlimited@50,attr:Splits/test.sql#9:89669ef3,0.3333333333333333,0.3333333333333333,3,3,0.1111,structure
unlimited@50,attr:Splits/train.sql#6:f6d3251f,0.4268292682926829,0.0,14,17,0.0,structure
unlimited@50,attr:Splits/dev.sql#14:dba14859,0.7142857142857142,0.0,2,3,0.0,structure
unlimited@50,attr:Splits/train.sql#53:b59f3915,0.0,0.0,4,9,0.0,structure
unlimited@50,attr:Splits/test.sql#12:efd2b36a,0.0,0.0,4,7,0.0,structure
unlimited@50,attr:Splits/train.sql#57:18795eef,0.14705882352941174,0.15384615384615383,6,7,0.0226,structure
unlimited@50,attr:Splits/test.sql#9:5bc7e3e4,0.3333333333333333,0.0,11,1,0.0,structure
unlimited@50,attr:Splits/train.sql#6:4c333532,0.4268292682926829,0.0,14,17,0.0,structure
unlimited@50,attr:Splits/train.sql#45:fe8858e3,0.1388888888888889,0.0,4,8,0.0,structure
unlimited@50,attr:Splits/train.sql#6:f342b748,0.4268292682926829,0.0,14,17,0.0,structure
unlimited@50,attr:Splits/dev.sql#2:afe5e656,0.5045871559633027,0.45,17,23,0.2271,structure
unlimited@50,attr:Splits/train.sql#41:ce0c297d,0.6666666666666666,0.3333333333333333,3,3,0.2222,structure
unlimited@50,attr:Splits/test.sql#7:133e088b,0.5555555555555556,0.0,1,2,0.0,structure
unlimited@50,attr:Splits/train.sql#80:43566f2e,0.7142857142857142,0.8,2,3,0.5714,structure
unlimited@50,attr:Splits/train.sql#9:02dbedba,0.23809523809523808,0.0,62,58,0.0,structure
unlimited@50,attr:Splits/train.sql#17:867fdf49,0.4268292682926829,0.2580645161290323,14,17,0.1101,structure
unlimited@50,attr:Splits/test.sql#12:8c237e5f,0.40540540540540543,0.0,5,8,0.0,structure
unlimited@50,attr:Splits/train.sql#28:ab165c7a,0.625,0.4444444444444445,4,5,0.2778,structure
unlimited@50,attr:Splits/train.sql#27:7f0a4eea,0.45454545454545453,0.0,2,5,0.0,structure
unlimited@50,attr:Splits/dev.sql#2:eed40a53,0.6089743589743589,0.5217391304347826,40,29,0.3177,structure
unlimited@50,attr:Splits/train.sql#80:2f03d063,0.7142857142857142,0.8,2,3,0.5714,structure
unlimited@50,attr:Splits/train.sql#47:709932b1,0.40540540540540543,0.3076923076923077,5,8,0.1247,structure
unlimited@50,attr:Splits/train.sql#4:4d653bee,0.23809523809523808,0.0,62,58,0.0,structure
unlimited@50,attr:Splits/train.sql#42:a7be6267,0.40540540540540543,0.3076923076923077,5,8,0.1247,structure
unlimited@50,attr:Splits/train.sql#46:c8acd9e6,0.7142857142857142,0.8,2,3,0.5714,structure
unlimited@50,attr:Splits/test.sql#12:52e294e8,0.0,0.0,3,2,0.0,structure
unlimited@50,attr:Splits/train.sql#9:920a4474,0.16853932584269662,0.0,31,59,0.0,structure
unlimited@50,attr:Splits/train.sql#45:78fca263,0.0,0.0,4,7,0.0,structure
unlimited@50,attr:Splits/train.sql#33:4c6694de,0.45454545454545453,0.28571428571428575,2,5,0.1299,structure
unlimited@50,attr:Splits/train.sql#17:2380388b,0.4268292682926829,0.2580645161290323,14,17,0.1101,structure
unlimited@50,attr:Splits/dev.sql#9:8557f23f,0.0,0.0,0,1,0.0,no rows
unlimited@50,attr:Splits/train.sql#17:5179f971,0.4268292682926829,0.1935483870967742,14,17,0.0826,structure
unlimited@50,attr:Splits/train.sql#36:9fa26c17,0.43478260869565216,0.25,3,5,0.1087,structure
unlimited@50,attr:Splits/train.sql#33:6c8af8bc,0.45454545454545453,0.28571428571428575,2,5,0.1299,structure
unlimited@50,attr:Splits/train.sql#62:7cbf2d97,0.1388888888888889,0.0,4,8,0.0,structure
unlimited@50,attr:Splits/train.sql#49:4f3e7c6f,0.14705882352941174,0.15384615384615383,6,7,0.0226,structure
unlimited@50,attr:Splits/train.sql#36:24bd9eda,0.43478260869565216,0.5,3,5,0.2174,structure
unlimited@50,attr:Splits/train.sql#4:ba6e000a,0.6089743589743589,0.0,40,29,0.0,structure
unlimited@50,attr:Splits/train.sql#57:7e4cd6ac,0.0,0.0,7,8,0.0,structure
unlimited@50,attr:Splits/test.sql#6:586cdd06,0.43478260869565216,0.25,3,5,0.1087,structure
unlimited@50,attr:Splits/train.sql#78:e3b697cb,0.3846153846153846,0.0,1,3,0.0,structure
unlimited@50,attr:Splits/train.sql#53:47c3dfc6,0.0,0.0,4,9,0.0,structure
unlimited@50,attr:Splits/train.sql#36:6a27c9b5,0.43478260869565216,0.5,3,5,0.2174,structure
unlimited@50,attr:Splits/train.sql#45:b0f929d0,0.0,0.0,3,2,0.0,structure
unlimited@50,attr:Splits/train.sql#46:cf647aa6,0.6666666666666666,0.3333333333333333,3,3,0.2222,structure
unlimited@50,attr:Splits/train.sql#49:beed0181,0.0,0.0,6,6,0.0,structure
unlimited@50,attr:Splits/dev.sql#14:84e26a12,0.6666666666666666,0.0,3,3,0.0,structure
unlimited@50,attr:Splits/test.sql#9:c12243ae,0.0,0.0,0,2,0.0,no rows
unlimited@50,attr:Splits/dev.sql#9:0976d6b5,0.0,0.0,0,1,0.0,no rows
unlimited@50,attr:Splits/train.sql#42:36133d40,0.0,0.0,4,7,0.0,structure
unlimited@50,attr:Splits/test.sql#6:7ed36ed4,0.45454545454545453,0.28571428571428575,2,5,0.1299,structure
unlimited@50,attr:Splits/train.sql#47:1239ef06,0.0,0.0,4,7,0.0,structure
unlimited@50,attr:Splits/train.sql#9:dd83c82e,0.07352941176470588,0.0,4,16,0.0,structure
unlimited@50,attr:Splits/train.sql#28:326b87f1,0.47619047619047616,0.33333333333333326,10,8,0.1587,structure
unlimited@50,attr:Splits/train.sql#46:cad60d9e,0.7142857142857142,0.4,2,3,0.2857,structure
unlimited@50,attr:Splits/dev.sql#14:6acd7b54,0.7142857142857142,0.0,2,3,0.0,structure
unlimited@50,attr:Splits/train.sql#49:44ad8347,0.2127659574468085,0.11764705882352941,7,10,0.025,structure
unlimited@50,attr:Splits/train.sql#78:62f97dfd,0.7142857142857142,0.0,2,3,0.0,structure
unlimited@50,attr:Splits/train.sql#42:6b966dbf,0.0,0.0,3,2,0.0,structure
unlimited@50,attr:Splits/train.sql#28:02ad1cdd,0.625,0.6666666666666665,4,5,0.4167,structure
unlimited@50,attr:Splits/train.sql#27:79c3953e,0.48780487804878053,0.0,9,8,0.0,structure
unlimited@50,attr:Splits/train.sql#4:56f19889,0.5045871559633027,0.0,17,23,0.0,structure
unlimited@50,attr:Splits/train.sql#78:e9e539a7,0.7142857142857142,0.0,2,3,0.0,structure
unlimited@50,attr:Splits/dev.sql#2:3d9ec4b5,0.07352941176470588,0.0,4,16,0.0,structure
unlimited@50,attr:Splits/train.sql#62:9e25123e,0.0,0.0,4,7,0.0,structure
unlimited@50,attr:Splits/test.sql#6:1f896440,0.625,0.6666666666666665,4,5,0.4167,structure
unlimited@50,attr:Splits/train.sql#27:eae09d3e,0.45454545454545453,0.0,2,5,0.0,structure
unlimited@50,attr:Splits/train.sql#47:cffaa90c,0.0,0.0,3,2,0.0,structure
unlimited@50,attr:Splits/train.sql#57:bc0eda36,0.0,0.0,5,9,0.0,structure
unlimited@50,attr:Splits/train.sql#53:fb267f05,0.0,0.0,4,9,0.0,structure
unlimited@50,attr:Splits/train.sql#62:f76dae6f,0.0,0.0,3,2,0.0,structure
unlimited@50,attr:Splits/test.sql#7:0251f786,0.5555555555555556,0.6666666666666666,1,2,0.3704,structure
unlimited@50,attr:Splits/train.sql#33:93b35e18,0.45454545454545453,0.28571428571428575,2,5,0.1299,structure
unlimited@50,attr:Splits/dev.sql#9:bf2a0d62,0.0,0.0,0,1,0.0,no rows
unlimited@50,attr:Splits/train.sql#80:549df246,0.7142857142857142,0.8,2,3,0.5714,structure
unlimited@50,attr:Splits/test.sql#7:85426824,0.5555555555555556,0.0,1,2,0.0,structure
unlimited@75,attr:Splits/test.sql#9:89669ef3,0.0,0.0,1,3,0.0,structure
unlimited@75,attr:Splits/train.sql#6:f6d3251f,0.4268292682926829,0.0,14,17,0.0,structure
unlimited@75,attr:Splits/dev.sql#14:dba14859,0.7142857142857142,0.0,2,3,0.0,structure
unlimited@75,attr:Splits/train.sql#53:b59f3915,0.0,0.0,4,9,0.0,structure
unlimited@75,attr:Splits/test.sql#12:efd2b36a,0.0,0.0,3,7,0.0,structure
unlimited@75,attr:Splits/train.sql#57:18795eef,0.14705882352941174,0.15384615384615383,6,7,0.0226,structure
unlimited@75,attr:Splits/test.sql#9:5bc7e3e4,0.3333333333333333,0.0,11,1,0.0,structure
unlimited@75,attr:Splits/train.sql#6:4c333532,0.4268292682926829,0.0,14,17,0.0,structure
unlimited@75,attr:Splits/train.sql#45:fe8858e3,0.1388888888888889,0.0,4,8,0.0,structure
unlimited@75,attr:Splits/train.sql#6:f342b748,0.4268292682926829,0.0,14,17,0.0,structure
unlimited@75,attr:Splits/dev.sql#2:afe5e656,0.5045871559633027,0.45,17,23,0.2271,structure
unlimited@75,attr:Splits/train.sql#41:ce0c297d,0.5882352941176471,0.25,5,3,0.1471,structure
unlimited@75,attr:Splits/test.sql#7:133e088b,0.5555555555555556,0.0,1,2,0.0,structure
unlimited@75,attr:Splits/train.sql#80:43566f2e,0.7142857142857142,0.8,2,3,0.5714,structure
unlimited@75,attr:Splits/train.sql#9:02dbedba,0.23809523809523808,0.0,62,58,0.0,structure
unlimited@75,attr:Splits/train.sql#17:867fdf49,0.4268292682926829,0.2580645161290323,14,17,0.1101,structure
unlimited@75,attr:Splits/test.sql#12:8c237e5f,0.40540540540540543,0.0,5,8,0.0,structure
unlimited@75,attr:Splits/train.sql#28:ab165c7a,0.625,0.4444444444444445,4,5,0.2778,structure
unlimited@75,attr:Splits/train.sql#27:7f0a4eea,0.45454545454545453,0.0,2,5,0.0,structure
unlimited@75,attr:Splits/dev.sql#2:eed40a53,0.3793103448275862,0.3103448275862069,29,29,0.1177,structure
unlimited@75,attr:Splits/train.sql#80:2f03d063,0.7142857142857142,0.8,2,3,0.5714,structure
unlimited@75,attr:Splits/train.sql#47:709932b1,0.40540540540540543,0.3076923076923077,5,8,0.1247,structure
unlimited@75,attr:Splits/train.sql#4:4d653bee,0.23809523809523808,0.0,62,58,0.0,structure
unlimited@75,attr:Splits/train.sql#42:a7be6267,0.40540540540540543,0.3076923076923077,5,8,0.1247,structure
unlimited@75,attr:Splits/train.sql#46:c8acd9e6,0.7142857142857142,0.4,2,3,0.2857,structure
unlimited@75,attr:Splits/test.sql#12:52e294e8,0.0,0.0,3,2,0.0,structure
unlimited@75,attr:Splits/train.sql#9:920a4474,0.16853932584269662,0.0,31,59,0.0,structure
unlimited@75,attr:Splits/train.sql#45:78fca263,0.0,0.0,3,7,0.0,structure
unlimited@75,attr:Splits/train.sql#33:4c6694de,0.45454545454545453,0.28571428571428575,2,5,0.1299,structure
unlimited@75,attr:Splits/train.sql#17:2380388b,0.4268292682926829,0.2580645161290323,14,17,0.1101,structure
unlimited@75,attr:Splits/dev.sql#9:8557f23f,0.0,0.0,0,1,0.0,no rows
unlimited@75,attr:Splits/train.sql#17:5179f971,0.4268292682926829,0.1935483870967742,14,17,0.0826,structure
unlimited@75,attr:Splits/train.sql#36:9fa26c17,0.43478260869565216,0.25,3,5,0.1087,structure
unlimited@75,attr:Splits/train.sql#33:6c8af8bc,0.45454545454545453,0.28571428571428575,2,5,0.1299,structure
unlimited@75,attr:Splits/train.sql#62:7cbf2d97,0.1388888888888889,0.0,4,8,0.0,structure
unlimited@75,attr:Splits/train.sql#49:4f3e7c6f,0.14705882352941174,0.15384615384615383,6,7,0.0226,structure
unlimited@75,attr:Splits/train.sql#36:24bd9eda,0.43478260869565216,0.5,3,5,0.2174,structure
unlimited@75,attr:Splits/train.sql#4:ba6e000a,0.3472222222222222,0.0,28,29,0.0,structure
unlimited@75,attr:Splits/train.sql#57:7e4cd6ac,0.0,0.0,7,8,0.0,structure
unlimited@75,attr:Splits/test.sql#6:586cdd06,0.43478260869565216,0.25,3,5,0.1087,structure
unlimited@75,attr:Splits/train.sql#78:e3b697cb,0.3846153846153846,0.0,1,3,0.0,structure
unlimited@75,attr:Splits/train.sql#53:47c3dfc6,0.0,0.0,4,9,0.0,structure
unlimited@75,attr:Splits/train.sql#36:6a27c9b5,0.43478260869565216,0.5,3,5,0.2174,structure
unlimited@75,attr:Splits/train.sql#45:b0f929d0,0.0,0.0,3,2,0.0,structure
unlimited@75,attr:Splits/train.sql#46:cf647aa6,0.5882352941176471,0.25,5,3,0.1471,structure
unlimited@75,attr:Splits/train.sql#49:beed0181,0.0,0.0,6,6,0.0,structure
unlimited@75,attr:Splits/dev.sql#14:84e26a12,0.5882352941176471,0.0,5,3,0.0,structure
unlimited@75,attr:Splits/test.sql#9:c12243ae,0.0,0.0,0,2,0.0,no rows
unlimited@75,attr:Splits/dev.sql#9:0976d6b5,0.0,0.0,0,1,0.0,no rows
unlimited@75,attr:Splits/train.sql#42:36133d40,0.0,0.0,3,7,0.0,structure
unlimited@75,attr:Splits/test.sql#6:7ed36ed4,0.45454545454545453,0.28571428571428575,2,5,0.1299,structure
unlimited@75,attr:Splits/train.sql#47:1239ef06,0.0,0.0,3,7,0.0,structure
unlimited@75,attr:Splits/train.sql#9:dd83c82e,0.07352941176470588,0.0,4,16,0.0,structure
unlimited@75,attr:Splits/train.sql#28:326b87f1,0.4444444444444445,0.2857142857142857,13,8,0.127,structure
unlimited@75,attr:Splits/train.sql#46:cad60d9e,0.7142857142857142,0.4,2,3,0.2857,structure
unlimited@75,attr:Splits/dev.sql#14:6acd7b54,0.7142857142857142,0.0,2,3,0.0,structure
unlimited@75,attr:Splits/train.sql#49:44ad8347,0.2127659574468085,0.11764705882352941,7,10,0.025,structure
unlimited@75,attr:Splits/train.sql#78:62f97dfd,0.7142857142857142,0.0,2,3,0.0,structure
unlimited@75,attr:Splits/train.sql#42:6b966dbf,0.0,0.0,3,2,0.0,structure
unlimited@75,attr:Splits/train.sql#28:02ad1cdd,0.6521739130434783,0.5,3,5,0.3261,structure
unlimited@75,attr:Splits/train.sql#27:79c3953e,0.45454545454545453,0.0,12,8,0.0,structure
unlimited@75,attr:Splits/train.sql#4:56f19889,0.5045871559633027,0.0,17,23,0.0,structure
unlimited@75,attr:Splits/train.sql#78:e9e539a7,0.7142857142857142,0.0,2,3,0.0,structure
unlimited@75,attr:Splits/dev.sql#2:3d9ec4b5,0.07352941176470588,0.0,4,16,0.0,structure
unlimited@75,attr:Splits/train.sql#62:9e25123e,0.0,0.0,2,7,0.0,structure
unlimited@75,attr:Splits/test.sql#6:1f896440,0.6521739130434783,0.5,3,5,0.3261,structure
unlimited@75,attr:Splits/train.sql#27:eae09d3e,0.45454545454545453,0.0,2,5,0.0,structure
unlimited@75,attr:Splits/train.sql#47:cffaa90c,0.0,0.0,3,2,0.0,structure
unlimited@75,attr:Splits/train.sql#57:bc0eda36,0.0,0.0,5,9,0.0,structure
unlimited@75,attr:Splits/train.sql#53:fb267f05,0.0,0.0,4,9,0.0,structure
unlimited@75,attr:Splits/train.sql#62:f76dae6f,0.0,0.0,3,2,0.0,structure
unlimited@75,attr:Splits/test.sql#7:0251f786,0.5555555555555556,0.6666666666666666,1,2,0.3704,structure
unlimited@75,attr:Splits/train.sql#33:93b35e18,0.45454545454545453,0.28571428571428575,2,5,0.1299,structure
unlimited@75,attr:Splits/dev.sql#9:bf2a0d62,0.0,0.0,0,1,0.0,no rows
unlimited@75,attr:Splits/train.sql#80:549df246,0.7142857142857142,0.8,2,3,0.5714,structure
unlimited@75,attr:Splits/test.sql#7:85426824,0.5555555555555556,0.0,1,2,0.0,structure
budget010@0,attr:Splits/test.sql#9:89669ef3,0.3333333333333333,0.3333333333333333,3,3,0.1111,structure
budget010@0,attr:Splits/train.sql#6:f6d3251f,0.4268292682926829,0.0,14,17,0.0,structure
budget010@0,attr:Splits/dev.sql#14:dba14859,0.7142857142857142,0.0,2,3,0.0,structure
budget010@0,attr:Splits/train.sql#53:b59f3915,0.0,0.0,4,9,0.0,structure
budget010@0,attr:Splits/test.sql#12:efd2b36a,0.0,0.0,4,7,0.0,structure
budget010@0,attr:Splits/train.sql#57:18795eef,0.15151515151515152,0.16666666666666666,5,7,0.0253,structure
budget010@0,attr:Splits/test.sql#9:5bc7e3e4,0.3333333333333333,0.0,11,1,0.0,structure
budget010@0,attr:Splits/train.sql#6:4c333532,0.4268292682926829,0.0,14,17,0.0,structure
budget010@0,attr:Splits/train.sql#45:fe8858e3,0.1388888888888889,0.0,4,8,0.0,structure
budget010@0,attr:Splits/train.sql#6:f342b748,0.4268292682926829,0.0,14,17,0.0,structure
budget010@0,attr:Splits/dev.sql#2:afe5e656,0.30303030303030304,0.06666666666666667,7,23,0.0202,structure
budget010@0,attr:Splits/train.sql#41:ce0c297d,0.6666666666666666,0.3333333333333333,3,3,0.2222,structure
budget010@0,attr:Splits/test.sql#7:133e088b,0.5555555555555556,0.6666666666666666,1,2,0.3704,structure
budget010@0,attr:Splits/train.sql#80:43566f2e,0.7142857142857142,0.8,2,3,0.5714,structure
budget010@0,attr:Splits/train.sql#9:02dbedba,0.3821656050955414,0.0,82,58,0.0,structure
budget010@0,attr:Splits/train.sql#17:867fdf49,0.4268292682926829,0.2580645161290323,14,17,0.1101,structure
budget010@0,attr:Splits/test.sql#12:8c237e5f,0.13513513513513511,0.0,5,8,0.0,structure
budget010@0,attr:Splits/train.sql#28:ab165c7a,0.625,0.4444444444444445,4,5,0.2778,structure
budget010@0,attr:Splits/train.sql#27:7f0a4eea,0.45454545454545453,0.0,2,5,0.0,structure
budget010@0,attr:Splits/dev.sql#2:eed40a53,0.6089743589743589,0.5217391304347826,40,29,0.3177,structure
budget010@0,attr:Splits/train.sql#80:2f03d063,0.7142857142857142,0.8,2,3,0.5714,structure
budget010@0,attr:Splits/train.sql#47:709932b1,0.13513513513513511,0.15384615384615385,5,8,0.0208,structure
budget010@0,attr:Splits/train.sql#4:4d653bee,0.3821656050955414,0.0,82,58,0.0,structure
budget010@0,attr:Splits/train.sql#42:a7be6267,0.13513513513513511,0.15384615384615385,5,8,0.0208,structure
budget010@0,attr:Splits/train.sql#46:c8acd9e6,0.7142857142857142,0.8,2,3,0.5714,structure
budget010@0,attr:Splits/test.sql#12:52e294e8,0.0,0.0,3,2,0.0,structure
budget010@0,attr:Splits/train.sql#9:920a4474,0.16853932584269662,0.0,31,59,0.0,structure
budget010@0,attr:Splits/train.sql#45:78fca263,0.0,0.0,4,7,0.0,structure
budget010@0,attr:Splits/train.sql#33:4c6694de,0.45454545454545453,0.28571428571428575,2,5,0.1299,structure
budget010@0,attr:Splits/train.sql#17:2380388b,0.4268292682926829,0.45161290322580644,14,17,0.1928,structure
budget010@0,attr:Splits/dev.sql#9:8557f23f,0.0,0.0,0,1,0.0,no rows
budget010@0,attr:Splits/train.sql#17:5179f971,0.4268292682926829,0.2580645161290323,14,17,0.1101,structure
budget010@0,attr:Splits/train.sql#36:9fa26c17,0.43478260869565216,0.25,3,5,0.1087,structure
budget010@0,attr:Splits/train.sql#33:6c8af8bc,0.45454545454545453,0.28571428571428575,2,5,0.1299,structure
budget010@0,attr:Splits/train.sql#62:7cbf2d97,0.13513513513513511,0.0,5,8,0.0,structure
budget010@0,attr:Splits/train.sql#49:4f3e7c6f,0.15151515151515152,0.16666666666666666,5,7,0.0253,structure
budget010@0,attr:Splits/train.sql#36:24bd9eda,0.43478260869565216,0.5,3,5,0.2174,structure
budget010@0,attr:Splits/train.sql#4:ba6e000a,0.6089743589743589,0.0,40,29,0.0,structure
budget010@0,attr:Splits/train.sql#57:7e4cd6ac,0.1282051282051282,0.0,7,8,0.0,structure
budget010@0,attr:Splits/test.sql#6:586cdd06,0.43478260869565216,0.25,3,5,0.1087,structure
budget010@0,attr:Splits/train.sql#78:e3b697cb,0.3846153846153846,0.0,1,3,0.0,structure
budget010@0,attr:Splits/train.sql#53:47c3dfc6,0.0,0.0,4,9,0.0,structure
budget010@0,attr:Splits/train.sql#36:6a27c9b5,0.43478260869565216,0.25,3,5,0.1087,structure
budget010@0,attr:Splits/train.sql#45:b0f929d0,0.0,0.0,3,2,0.0,structure
budget010@0,attr:Splits/train.sql#46:cf647aa6,0.6666666666666666,0.3333333333333333,3,3,0.2222,structure
budget010@0,attr:Splits/train.sql#49:beed0181,0.0,0.0,5,6,0.0,structure
budget010@0,attr:Splits/dev.sql#14:84e26a12,0.6666666666666666,0.0,3,3,0.0,structure
budget010@0,attr:Splits/test.sql#9:c12243ae,0.5,0.0,2,2,0.0,structure
budget010@0,attr:Splits/dev.sql#9:0976d6b5,0.0,0.0,0,1,0.0,no rows
budget010@0,attr:Splits/train.sql#42:36133d40,0.0,0.0,4,7,0.0,structure
budget010@0,attr:Splits/test.sql#6:7ed36ed4,0.625,0.4444444444444445,4,5,0.2778,structure
budget010@0,attr:Splits/train.sql#47:1239ef06,0.0,0.0,4,7,0.0,structure
budget010@0,attr:Splits/train.sql#9:dd83c82e,0.07352941176470588,0.0,4,16,0.0,structure
budget010@0,attr:Splits/train.sql#28:326b87f1,0.47619047619047616,0.33333333333333326,10,8,0.1587,structure
budget010@0,attr:Splits/train.sql#46:cad60d9e,0.7142857142857142,0.4,2,3,0.2857,structure
budget010@0,attr:Splits/dev.sql#14:6acd7b54,0.7142857142857142,0.0,2,3,0.0,structure
budget010@0,attr:Splits/train.sql#49:44ad8347,0.2127659574468085,0.11764705882352941,7,10,0.025,structure
budget010@0,attr:Splits/train.sql#78:62f97dfd,0.7142857142857142,0.0,2,3,0.0,structure
budget010@0,attr:Splits/train.sql#42:6b966dbf,0.0,0.0,3,2,0.0,structure
budget010@0,attr:Splits/train.sql#28:02ad1cdd,0.625,0.6666666666666665,4,5,0.4167,structure
budget010@0,attr:Splits/train.sql#27:79c3953e,0.48780487804878053,0.0,9,8,0.0,structure
budget010@0,attr:Splits/train.sql#4:56f19889,0.30303030303030304,0.0,7,23,0.0,structure
budget010@0,attr:Splits/train.sql#78:e9e539a7,0.7142857142857142,0.0,2,3,0.0,structure
budget010@0,attr:Splits/dev.sql#2:3d9ec4b5,0.07352941176470588,0.0,4,16,0.0,structure
budget010@0,attr:Splits/train.sql#62:9e25123e,0.0,0.0,4,7,0.0,structure
budget010@0,attr:Splits/test.sql#6:1f896440,0.625,0.6666666666666665,4,5,0.4167,structure
budget010@0,attr:Splits/train.sql#27:eae09d3e,0.45454545454545453,0.0,2,5,0.0,structure
budget010@0,attr:Splits/train.sql#47:cffaa90c,0.0,0.0,3,2,0.0,structure
budget010@0,attr:Splits/train.sql#57:bc0eda36,0.11904761904761904,0.13333333333333333,6,9,0.0159,structure
budget010@0,attr:Splits/train.sql#53:fb267f05,0.0,0.0,4,9,0.0,structure
budget010@0,attr:Splits/train.sql#62:f76dae6f,0.0,0.0,3,2,0.0,structure
budget010@0,attr:Splits/test.sql#7:0251f786,0.5555555555555556,0.6666666666666666,1,2,0.3704,structure
budget010@0,attr:Splits/train.sql#33:93b35e18,0.45454545454545453,0.28571428571428575,2,5,0.1299,structure
budget010@0,attr:Splits/dev.sql#9:bf2a0d62,0.0,0.0,0,1,0.0,no rows
budget010@0,attr:Splits/train.sql#80:549df246,0.7142857142857142,0.8,2,3,0.5714,structure
budget010@0,attr:Splits/test.sql#7:85426824,0.5555555555555556,0.0,1,2,0.0,structure
budget010@100,attr:Splits/test.sql#9:89669ef3,0.0,0.0,1,3,0.0,structure
budget010@100,attr:Splits/train.sql#6:f6d3251f,0.4268292682926829,0.0,14,17,0.0,structure
budget010@100,attr:Splits/dev.sql#14:dba14859,0.7142857142857142,0.0,2,3,0.0,structure
budget010@100,attr:Splits/train.sql#53:b59f3915,0.0,0.0,4,9,0.0,structure
budget010@100,attr:Splits/test.sql#12:efd2b36a,0.0,0.0,3,7,0.0,structure
budget010@100,attr:Splits/train.sql#57:18795eef,0.0,0.0,1,7,0.0,structure
budget010@100,attr:Splits/test.sql#9:5bc7e3e4,0.0,0.0,0,1,0.0,no rows
budget010@100,attr:Splits/train.sql#6:4c333532,0.4268292682926829,0.0,14,17,0.0,structure
budget010@100,attr:Splits/train.sql#45:fe8858e3,0.0,0.0,1,8,0.0,structure
budget010@100,attr:Splits/train.sql#6:f342b748,0.4268292682926829,0.0,14,17,0.0,structure
budget010@100,attr:Splits/dev.sql#2:afe5e656,0.0,0.0,1,23,0.0,structure
budget010@100,attr:Splits/train.sql#41:ce0c297d,0.0,0.0,1,3,0.0,structure
budget010@100,attr:Splits/test.sql#7:133e088b,0.5555555555555556,0.6666666666666666,1,2,0.3704,structure
budget010@100,attr:Splits/train.sql#80:43566f2e,0.3846153846153846,0.5,1,3,0.1923,structure
budget010@100,attr:Splits/train.sql#9:02dbedba,0.02127659574468085,0.0,3,58,0.0,structure
budget010@100,attr:Splits/train.sql#17:867fdf49,0.4268292682926829,0.3870967741935484,14,17,0.1652,structure
budget010@100,attr:Splits/test.sql#12:8c237e5f,0.0,0.0,1,8,0.0,structure
budget010@100,attr:Splits/train.sql#28:ab165c7a,0.23809523809523808,0.0,1,5,0.0,structure
budget010@100,attr:Splits/train.sql#27:7f0a4eea,0.45454545454545453,0.0,2,5,0.0,structure
budget010@100,attr:Splits/dev.sql#2:eed40a53,0.3793103448275862,0.3103448275862069,29,29,0.1177,structure
budget010@100,attr:Splits/train.sql#80:2f03d063,0.3846153846153846,0.5,1,3,0.1923,structure
budget010@100,attr:Splits/train.sql#47:709932b1,0.0,0.0,1,8,0.0,structure
budget010@100,attr:Splits/train.sql#4:4d653bee,0.02127659574468085,0.0,3,58,0.0,structure
budget010@100,attr:Splits/train.sql#42:a7be6267,0.0,0.0,1,8,0.0,structure
budget010@100,attr:Splits/train.sql#46:c8acd9e6,0.7142857142857142,0.4,2,3,0.2857,structure
budget010@100,attr:Splits/test.sql#12:52e294e8,0.0,0.0,1,2,0.0,structure
budget010@100,attr:Splits/train.sql#9:920a4474,0.0,0.0,2,59,0.0,structure
budget010@100,attr:Splits/train.sql#45:78fca263,0.0,0.0,3,7,0.0,structure
budget010@100,attr:Splits/train.sql#33:4c6694de,0.45454545454545453,0.28571428571428575,2,5,0.1299,structure
budget010@100,attr:Splits/train.sql#17:2380388b,0.4268292682926829,0.3870967741935484,14,17,0.1652,structure
budget010@100,attr:Splits/dev.sql#9:8557f23f,0.0,0.0,0,1,0.0,no rows
budget010@100,attr:Splits/train.sql#17:5179f971,0.4268292682926829,0.3870967741935484,14,17,0.1652,structure
budget010@100,attr:Splits/train.sql#36:9fa26c17,0.43478260869565216,0.25,3,5,0.1087,structure
budget010@100,attr:Splits/train.sql#33:6c8af8bc,0.45454545454545453,0.28571428571428575,2,5,0.1299,structure
budget010@100,attr:Splits/train.sql#62:7cbf2d97,0.0,0.0,1,8,0.0,structure
budget010@100,attr:Splits/train.sql#49:4f3e7c6f,0.0,0.0,1,7,0.0,structure
budget010@100,attr:Splits/train.sql#36:24bd9eda,0.43478260869565216,0.25,3,5,0.1087,structure
budget010@100,attr:Splits/train.sql#4:ba6e000a,0.3472222222222222,0.0,28,29,0.0,structure
budget010@100,attr:Splits/train.sql#57:7e4cd6ac,0.0,0.0,1,8,0.0,structure
budget010@100,attr:Splits/test.sql#6:586cdd06,0.0,0.0,0,5,0.0,no rows
budget010@100,attr:Splits/train.sql#78:e3b697cb,0.0,0.0,0,3,0.0,no rows
budget010@100,attr:Splits/train.sql#53:47c3dfc6,0.0,0.0,4,9,0.0,structure
budget010@100,attr:Splits/train.sql#36:6a27c9b5,0.43478260869565216,0.25,3,5,0.1087,structure
budget010@100,attr:Splits/train.sql#45:b0f929d0,0.0,0.0,1,2,0.0,structure
budget010@100,attr:Splits/train.sql#46:cf647aa6,0.0,0.0,1,3,0.0,structure
budget010@100,attr:Splits/train.sql#49:beed0181,0.0,0.0,1,6,0.0,structure
budget010@100,attr:Splits/dev.sql#14:84e26a12,0.0,0.0,1,3,0.0,structure
budget010@100,attr:Splits/test.sql#9:c12243ae,0.0,0.0,0,2,0.0,no rows
budget010@100,attr:Splits/dev.sql#9:0976d6b5,0.0,0.0,0,1,0.0,no rows
budget010@100,attr:Splits/train.sql#42:36133d40,0.0,0.0,3,7,0.0,structure
budget010@100,attr:Splits/test.sql#6:7ed36ed4,0.23809523809523808,0.0,1,5,0.0,structure
budget010@100,attr:Splits/train.sql#47:1239ef06,0.0,0.0,3,7,0.0,structure
budget010@100,attr:Splits/train.sql#9:dd83c82e,0.07575757575757576,0.0,2,16,0.0,structure
budget010@100,attr:Splits/train.sql#28:326b87f1,0.14705882352941177,0.0,2,8,0.0,structure
budget010@100,attr:Splits/train.sql#46:cad60d9e,0.7142857142857142,0.4,2,3,0.2857,structure
budget010@100,attr:Splits/dev.sql#14:6acd7b54,0.7142857142857142,0.0,2,3,0.0,structure
budget010@100,attr:Splits/train.sql#49:44ad8347,0.0,0.0,1,10,0.0,structure
budget010@100,attr:Splits/train.sql#78:62f97dfd,0.0,0.0,0,3,0.0,no rows
budget010@100,attr:Splits/train.sql#42:6b966dbf,0.0,0.0,1,2,0.0,structure
budget010@100,attr:Splits/train.sql#28:02ad1cdd,0.6521739130434783,0.5,3,5,0.3261,structure
budget010@100,attr:Splits/train.sql#27:79c3953e,0.14705882352941177,0.0,2,8,0.0,structure
budget010@100,attr:Splits/train.sql#4:56f19889,0.05319148936170212,0.0,2,23,0.0,structure
budget010@100,attr:Splits/train.sql#78:e9e539a7,0.0,0.0,0,3,0.0,no rows
budget010@100,attr:Splits/dev.sql#2:3d9ec4b5,0.07575757575757576,0.1111111111111111,2,16,0.0084,structure
budget010@100,attr:Splits/train.sql#62:9e25123e,0.0,0.0,2,7,0.0,structure
budget010@100,attr:Splits/test.sql#6:1f896440,0.6521739130434783,0.5,3,5,0.3261,structure
budget010@100,attr:Splits/train.sql#27:eae09d3e,0.45454545454545453,0.0,2,5,0.0,structure
budget010@100,attr:Splits/train.sql#47:cffaa90c,0.0,0.0,1,2,0.0,structure
budget010@100,attr:Splits/train.sql#57:bc0eda36,0.0,0.0,1,9,0.0,structure
budget010@100,attr:Splits/train.sql#53:fb267f05,0.0,0.0,4,9,0.0,structure
budget010@100,attr:Splits/train.sql#62:f76dae6f,0.0,0.0,1,2,0.0,structure
budget010@100,attr:Splits/test.sql#7:0251f786,0.5555555555555556,0.6666666666666666,1,2,0.3704,structure
budget010@100,attr:Splits/train.sql#33:93b35e18,0.45454545454545453,0.28571428571428575,2,5,0.1299,structure
budget010@100,attr:Splits/dev.sql#9:bf2a0d62,0.0,0.0,0,1,0.0,no rows
budget010@100,attr:Splits/train.sql#80:549df246,0.3846153846153846,0.5,1,3,0.1923,structure
budget010@100,attr:Splits/test.sql#7:85426824,0.5555555555555556,0.0,1,2,0.0,structure
budget010@25,attr:Splits/test.sql#9:89669ef3,0.3333333333333333,0.3333333333333333,3,3,0.1111,structure
budget010@25,attr:Splits/train.sql#6:f6d3251f,0.4268292682926829,0.0,14,17,0.0,structure
budget010@25,attr:Splits/dev.sql#14:dba14859,0.7142857142857142,0.0,2,3,0.0,structure
budget010@25,attr:Splits/train.sql#53:b59f3915,0.0,0.0,4,9,0.0,structure
budget010@25,attr:Splits/test.sql#12:efd2b36a,0.0,0.0,4,7,0.0,structure
budget010@25,attr:Splits/train.sql#57:18795eef,0.15151515151515152,0.16666666666666666,5,7,0.0253,structure
budget010@25,attr:Splits/test.sql#9:5bc7e3e4,0.3333333333333333,0.0,11,1,0.0,structure
budget010@25,attr:Splits/train.sql#6:4c333532,0.4268292682926829,0.0,14,17,0.0,structure
budget010@25,attr:Splits/train.sql#45:fe8858e3,0.1388888888888889,0.0,4,8,0.0,structure
budget010@25,attr:Splits/train.sql#6:f342b748,0.4268292682926829,0.0,14,17,0.0,structure
budget010@25,attr:Splits/dev.sql#2:afe5e656,0.30303030303030304,0.06666666666666667,7,23,0.0202,structure
budget010@25,attr:Splits/train.sql#41:ce0c297d,0.6666666666666666,0.3333333333333333,3,3,0.2222,structure
budget010@25,attr:Splits/test.sql#7:133e088b,0.5555555555555556,0.0,1,2,0.0,structure
budget010@25,attr:Splits/train.sql#80:43566f2e,0.7142857142857142,0.8,2,3,0.5714,structure
budget010@25,attr:Splits/train.sql#9:02dbedba,0.23809523809523808,0.0,62,58,0.0,structure
budget010@25,attr:Splits/train.sql#17:867fdf49,0.4268292682926829,0.2580645161290323,14,17,0.1101,structure
budget010@25,attr:Splits/test.sql#12:8c237e5f,0.13513513513513511,0.0,5,8,0.0,structure
budget010@25,attr:Splits/train.sql#28:ab165c7a,0.625,0.4444444444444445,4,5,0.2778,structure
budget010@25,attr:Splits/train.sql#27:7f0a4eea,0.45454545454545453,0.0,2,5,0.0,structure
budget010@25,attr:Splits/dev.sql#2:eed40a53,0.6089743589743589,0.5217391304347826,40,29,0.3177,structure
budget010@25,attr:Splits/train.sql#80:2f03d063,0.3846153846153846,0.5,1,3,0.1923,structure
budget010@25,attr:Splits/train.sql#47:709932b1,0.13513513513513511,0.15384615384615385,5,8,0.0208,structure
budget010@25,attr:Splits/train.sql#4:4d653bee,0.23809523809523808,0.0,62,58,0.0,structure
budget010@25,attr:Splits/train.sql#42:a7be6267,0.13513513513513511,0.15384615384615385,5,8,0.0208,structure
budget010@25,attr:Splits/train.sql#46:c8acd9e6,0.7142857142857142,0.8,2,3,0.5714,structure
budget010@25,attr:Splits/test.sql#12:52e294e8,0.0,0.0,3,2,0.0,structure
budget010@25,attr:Splits/train.sql#9:920a4474,0.16853932584269662,0.0,31,59,0.0,structure
budget010@25,attr:Splits/train.sql#45:78fca263,0.0,0.0,4,7,0.0,structure
budget010@25,attr:Splits/train.sql#33:4c6694de,0.45454545454545453,0.28571428571428575,2,5,0.1299,structure
budget010@25,attr:Splits/train.sql#17:2380388b,0.4268292682926829,0.2580645161290323,14,17,0.1101,structure
budget010@25,attr:Splits/dev.sql#9:8557f23f,0.0,0.0,0,1,0.0,no rows
budget010@25,attr:Splits/train.sql#17:5179f971,0.4268292682926829,0.3870967741935484,14,17,0.1652,structure
budget010@25,attr:Splits/train.sql#36:9fa26c17,0.43478260869565216,0.25,3,5,0.1087,structure
budget010@25,attr:Splits/train.sql#33:6c8af8bc,0.45454545454545453,0.28571428571428575,2,5,0.1299,structure
budget010@25,attr:Splits/train.sql#62:7cbf2d97,0.13513513513513511,0.0,5,8,0.0,structure
budget010@25,attr:Splits/train.sql#49:4f3e7c6f,0.15151515151515152,0.16666666666666666,5,7,0.0253,structure
budget010@25,attr:Splits/train.sql#36:24bd9eda,0.43478260869565216,0.5,3,5,0.2174,structure
budget010@25,attr:Splits/train.sql#4:ba6e000a,0.6089743589743589,0.0,40,29,0.0,structure
budget010@25,attr:Splits/train.sql#57:7e4cd6ac,0.0,0.0,1,8,0.0,structure
budget010@25,attr:Splits/test.sql#6:586cdd06,0.43478260869565216,0.25,3,5,0.1087,structure
budget010@25,attr:Splits/train.sql#78:e3b697cb,0.3846153846153846,0.0,1,3,0.0,structure
budget010@25,attr:Splits/train.sql#53:47c3dfc6,0.0,0.0,4,9,0.0,structure
budget010@25,attr:Splits/train.sql#36:6a27c9b5,0.43478260869565216,0.25,3,5,0.1087,structure
budget010@25,attr:Splits/train.sql#45:b0f929d0,0.0,0.0,3,2,0.0,structure
budget010@25,attr:Splits/train.sql#46:cf647aa6,0.6666666666666666,0.3333333333333333,3,3,0.2222,structure
budget010@25,attr:Splits/train.sql#49:beed0181,0.0,0.0,1,6,0.0,structure
budget010@25,attr:Splits/dev.sql#14:84e26a12,0.6666666666666666,0.0,3,3,0.0,structure
budget010@25,attr:Splits/test.sql#9:c12243ae,0.0,0.0,0,2,0.0,no rows
budget010@25,attr:Splits/dev.sql#9:0976d6b5,0.0,0.0,0,1,0.0,no rows
budget010@25,attr:Splits/train.sql#42:36133d40,0.0,0.0,4,7,0.0,structure
budget010@25,attr:Splits/test.sql#6:7ed36ed4,0.45454545454545453,0.28571428571428575,2,5,0.1299,structure
budget010@25,attr:Splits/train.sql#47:1239ef06,0.0,0.0,4,7,0.0,structure
budget010@25,attr:Splits/train.sql#9:dd83c82e,0.07352941176470588,0.0,4,16,0.0,structure
budget010@25,attr:Splits/train.sql#28:326b87f1,0.47619047619047616,0.33333333333333326,10,8,0.1587,structure
budget010@25,attr:Splits/train.sql#46:cad60d9e,0.7142857142857142,0.4,2,3,0.2857,structure
budget010@25,attr:Splits/dev.sql#14:6acd7b54,0.7142857142857142,0.0,2,3,0.0,structure
budget010@25,attr:Splits/train.sql#49:44ad8347,0.2127659574468085,0.11764705882352941,7,10,0.025,structure
budget010@25,attr:Splits/train.sql#78:62f97dfd,0.7142857142857142,0.0,2,3,0.0,structure
budget010@25,attr:Splits/train.sql#42:6b966dbf,0.0,0.0,3,2,0.0,structure
budget010@25,attr:Splits/train.sql#28:02ad1cdd,0.625,0.6666666666666665,4,5,0.4167,structure
budget010@25,attr:Splits/train.sql#27:79c3953e,0.48780487804878053,0.0,9,8,0.0,structure
budget010@25,attr:Splits/train.sql#4:56f19889,0.30303030303030304,0.0,7,23,0.0,structure
budget010@25,attr:Splits/train.sql#78:e9e539a7,0.7142857142857142,0.0,2,3,0.0,structure
budget010@25,attr:Splits/dev.sql#2:3d9ec4b5,0.07352941176470588,0.0,4,16,0.0,structure
budget010@25,attr:Splits/train.sql#62:9e25123e,0.0,0.0,4,7,0.0,structure
budget010@25,attr:Splits/test.sql#6:1f896440,0.625,0.6666666666666665,4,5,0.4167,structure
budget010@25,attr:Splits/train.sql#27:eae09d3e,0.45454545454545453,0.0,2,5,0.0,structure
budget010@25,attr:Splits/train.sql#47:cffaa90c,0.0,0.0,3,2,0.0,structure
budget010@25,attr:Splits/train.sql#57:bc0eda36,0.0,0.0,1,9,0.0,structure
budget010@25,attr:Splits/train.sql#53:fb267f05,0.0,0.0,4,9,0.0,structure
budget010@25,attr:Splits/train.sql#62:f76dae6f,0.0,0.0,3,2,0.0,structure
budget010@25,attr:Splits/test.sql#7:0251f786,0.5555555555555556,0.6666666666666666,1,2,0.3704,structure
budget010@25,attr:Splits/train.sql#33:93b35e18,0.45454545454545453,0.28571428571428575,2,5,0.1299,structure
budget010@25,attr:Splits/dev.sql#9:bf2a0d62,0.0,0.0,0,1,0.0,no rows
budget010@25,attr:Splits/train.sql#80:549df246,0.3846153846153846,0.5,1,3,0.1923,structure
budget010@25,attr:Splits/test.sql#7:85426824,0.5555555555555556,0.0,1,2,0.0,structure
budget010@50,attr:Splits/test.sql#9:89669ef3,0.3333333333333333,0.3333333333333333,3,3,0.1111,structure
budget010@50,attr:Splits/train.sql#6:f6d3251f,0.4268292682926829,0.0,14,17,0.0,structure
budget010@50,attr:Splits/dev.sql#14:dba14859,0.7142857142857142,0.0,2,3,0.0,structure
budget010@50,attr:Splits/train.sql#53:b59f3915,0.0,0.0,4,9,0.0,structure
budget010@50,attr:Splits/test.sql#12:efd2b36a,0.0,0.0,4,7,0.0,structure
budget010@50,attr:Splits/train.sql#57:18795eef,0.0,0.0,1,7,0.0,structure
budget010@50,attr:Splits/test.sql#9:5bc7e3e4,0.3333333333333333,0.0,11,1,0.0,structure
budget010@50,attr:Splits/train.sql#6:4c333532,0.4268292682926829,0.0,14,17,0.0,structure
budget010@50,attr:Splits/train.sql#45:fe8858e3,0.1388888888888889,0.0,4,8,0.0,structure
budget010@50,attr:Splits/train.sql#6:f342b748,0.4268292682926829,0.0,14,17,0.0,structure
budget010@50,attr:Splits/dev.sql#2:afe5e656,0.5045871559633027,0.45,17,23,0.2271,structure
budget010@50,attr:Splits/train.sql#41:ce0c297d,0.6666666666666666,0.3333333333333333,3,3,0.2222,structure
budget010@50,attr:Splits/test.sql#7:133e088b,0.5555555555555556,0.0,1,2,0.0,structure
budget010@50,attr:Splits/train.sql#80:43566f2e,0.3846153846153846,0.5,1,3,0.1923,structure
budget010@50,attr:Splits/train.sql#9:02dbedba,0.0,0.0,1,58,0.0,structure
budget010@50,attr:Splits/train.sql#17:867fdf49,0.4268292682926829,0.2580645161290323,14,17,0.1101,structure
budget010@50,attr:Splits/test.sql#12:8c237e5f,0.40540540540540543,0.0,5,8,0.0,structure
budget010@50,attr:Splits/train.sql#28:ab165c7a,0.625,0.4444444444444445,4,5,0.2778,structure
budget010@50,attr:Splits/train.sql#27:7f0a4eea,0.45454545454545453,0.0,2,5,0.0,structure
budget010@50,attr:Splits/dev.sql#2:eed40a53,0.6089743589743589,0.5217391304347826,40,29,0.3177,structure
budget010@50,attr:Splits/train.sql#80:2f03d063,0.3846153846153846,0.5,1,3,0.1923,structure
budget010@50,attr:Splits/train.sql#47:709932b1,0.40540540540540543,0.3076923076923077,5,8,0.1247,structure
budget010@50,attr:Splits/train.sql#4:4d653bee,0.0,0.0,1,58,0.0,structure
budget010@50,attr:Splits/train.sql#42:a7be6267,0.40540540540540543,0.3076923076923077,5,8,0.1247,structure
budget010@50,attr:Splits/train.sql#46:c8acd9e6,0.7142857142857142,0.8,2,3,0.5714,structure
budget010@50,attr:Splits/test.sql#12:52e294e8,0.0,0.0,3,2,0.0,structure
budget010@50,attr:Splits/train.sql#9:920a4474,0.16853932584269662,0.0,31,59,0.0,structure
budget010@50,attr:Splits/train.sql#45:78fca263,0.0,0.0,4,7,0.0,structure
budget010@50,attr:Splits/train.sql#33:4c6694de,0.45454545454545453,0.28571428571428575,2,5,0.1299,structure
budget010@50,attr:Splits/train.sql#17:2380388b,0.4268292682926829,0.3870967741935484,14,17,0.1652,structure
budget010@50,attr:Splits/dev.sql#9:8557f23f,0.0,0.0,0,1,0.0,no rows
budget010@50,attr:Splits/train.sql#17:5179f971,0.4268292682926829,0.3870967741935484,14,17,0.1652,structure
budget010@50,attr:Splits/train.sql#36:9fa26c17,0.43478260869565216,0.25,3,5,0.1087,structure
budget010@50,attr:Splits/train.sql#33:6c8af8bc,0.45454545454545453,0.28571428571428575,2,5,0.1299,structure
budget010@50,attr:Splits/train.sql#62:7cbf2d97,0.1388888888888889,0.0,4,8,0.0,structure
budget010@50,attr:Splits/train.sql#49:4f3e7c6f,0.0,0.0,1,7,0.0,structure
budget010@50,attr:Splits/train.sql#36:24bd9eda,0.43478260869565216,0.5,3,5,0.2174,structure
budget010@50,attr:Splits/train.sql#4:ba6e000a,0.6089743589743589,0.0,40,29,0.0,structure
budget010@50,attr:Splits/train.sql#57:7e4cd6ac,0.0,0.0,1,8,0.0,structure
budget010@50,attr:Splits/test.sql#6:586cdd06,0.43478260869565216,0.25,3,5,0.1087,structure
budget010@50,attr:Splits/train.sql#78:e3b697cb,0.3846153846153846,0.0,1,3,0.0,structure
budget010@50,attr:Splits/train.sql#53:47c3dfc6,0.0,0.0,4,9,0.0,structure
budget010@50,attr:Splits/train.sql#36:6a27c9b5,0.43478260869565216,0.5,3,5,0.2174,structure
budget010@50,attr:Splits/train.sql#45:b0f929d0,0.0,0.0,3,2,0.0,structure
budget010@50,attr:Splits/train.sql#46:cf647aa6,0.6666666666666666,0.3333333333333333,3,3,0.2222,structure
budget010@50,attr:Splits/train.sql#49:beed0181,0.0,0.0,1,6,0.0,structure
budget010@50,attr:Splits/dev.sql#14:84e26a12,0.6666666666666666,0.0,3,3,0.0,structure
budget010@50,attr:Splits/test.sql#9:c12243ae,0.0,0.0,0,2,0.0,no rows
budget010@50,attr:Splits/dev.sql#9:0976d6b5,0.0,0.0,0,1,0.0,no rows
budget010@50,attr:Splits/train.sql#42:36133d40,0.0,0.0,4,7,0.0,structure
budget010@50,attr:Splits/test.sql#6:7ed36ed4,0.0,0.0,0,5,0.0,no rows
budget010@50,attr:Splits/train.sql#47:1239ef06,0.0,0.0,4,7,0.0,structure
budget010@50,attr:Splits/train.sql#9:dd83c82e,0.07352941176470588,0.0,4,16,0.0,structure
budget010@50,attr:Splits/train.sql#28:326b87f1,0.47619047619047616,0.33333333333333326,10,8,0.1587,structure
budget010@50,attr:Splits/train.sql#46:cad60d9e,0.7142857142857142,0.4,2,3,0.2857,structure
budget010@50,attr:Splits/dev.sql#14:6acd7b54,0.7142857142857142,0.0,2,3,0.0,structure
budget010@50,attr:Splits/train.sql#49:44ad8347,0.2127659574468085,0.11764705882352941,7,10,0.025,structure
budget010@50,attr:Splits/train.sql#78:62f97dfd,0.0,0.0,0,3,0.0,no rows
budget010@50,attr:Splits/train.sql#42:6b966dbf,0.0,0.0,3,2,0.0,structure
budget010@50,attr:Splits/train.sql#28:02ad1cdd,0.625,0.6666666666666665,4,5,0.4167,structure
budget010@50,attr:Splits/train.sql#27:79c3953e,0.48780487804878053,0.0,9,8,0.0,structure
budget010@50,attr:Splits/train.sql#4:56f19889,0.5045871559633027,0.0,17,23,0.0,structure
budget010@50,attr:Splits/train.sql#78:e9e539a7,0.0,0.0,0,3,0.0,no rows
budget010@50,attr:Splits/dev.sql#2:3d9ec4b5,0.07352941176470588,0.0,4,16,0.0,structure
budget010@50,attr:Splits/train.sql#62:9e25123e,0.0,0.0,4,7,0.0,structure
budget010@50,attr:Splits/test.sql#6:1f896440,0.625,0.6666666666666665,4,5,0.4167,structure
budget010@50,attr:Splits/train.sql#27:eae09d3e,0.45454545454545453,0.0,2,5,0.0,structure
budget010@50,attr:Splits/train.sql#47:cffaa90c,0.0,0.0,3,2,0.0,structure
budget010@50,attr:Splits/train.sql#57:bc0eda36,0.0,0.0,1,9,0.0,structure
budget010@50,attr:Splits/train.sql#53:fb267f05,0.0,0.0,4,9,0.0,structure
budget010@50,attr:Splits/train.sql#62:f76dae6f,0.0,0.0,3,2,0.0,structure
budget010@50,attr:Splits/test.sql#7:0251f786,0.5555555555555556,0.6666666666666666,1,2,0.3704,structure
budget010@50,attr:Splits/train.sql#33:93b35e18,0.45454545454545453,0.28571428571428575,2,5,0.1299,structure
budget010@50,attr:Splits/dev.sql#9:bf2a0d62,0.0,0.0,0,1,0.0,no rows
budget010@50,attr:Splits/train.sql#80:549df246,0.3846153846153846,0.5,1,3,0.1923,structure
budget010@50,attr:Splits/test.sql#7:85426824,0.5555555555555556,0.0,1,2,0.0,structure
budget010@75,attr:Splits/test.sql#9:89669ef3,0.0,0.0,1,3,0.0,structure
budget010@75,attr:Splits/train.sql#6:f6d3251f,0.4268292682926829,0.0,14,17,0.0,structure
budget010@75,attr:Splits/dev.sql#14:dba14859,0.7142857142857142,0.0,2,3,0.0,structure
budget010@75,attr:Splits/train.sql#53:b59f3915,0.0,0.0,4,9,0.0,structure
budget010@75,attr:Splits/test.sql#12:efd2b36a,0.0,0.0,3,7,0.0,structure
budget010@75,attr:Splits/train.sql#57:18795eef,0.0,0.0,1,7,0.0,structure
budget010@75,attr:Splits/test.sql#9:5bc7e3e4,0.3333333333333333,0.0,11,1,0.0,structure
budget010@75,attr:Splits/train.sql#6:4c333532,0.4268292682926829,0.0,14,17,0.0,structure
budget010@75,attr:Splits/train.sql#45:fe8858e3,0.1388888888888889,0.0,4,8,0.0,structure
budget010@75,attr:Splits/train.sql#6:f342b748,0.4268292682926829,0.0,14,17,0.0,structure
budget010@75,attr:Splits/dev.sql#2:afe5e656,0.0,0.0,1,23,0.0,structure
budget010@75,attr:Splits/train.sql#41:ce0c297d,0.0,0.0,1,3,0.0,structure
budget010@75,attr:Splits/test.sql#7:133e088b,0.5555555555555556,0.6666666666666666,1,2,0.3704,structure
budget010@75,attr:Splits/train.sql#80:43566f2e,0.3846153846153846,0.5,1,3,0.1923,structure
budget010@75,attr:Splits/train.sql#9:02dbedba,0.02127659574468085,0.0,3,58,0.0,structure
budget010@75,attr:Splits/train.sql#17:867fdf49,0.4268292682926829,0.2580645161290323,14,17,0.1101,structure
budget010@75,attr:Splits/test.sql#12:8c237e5f,0.0,0.0,1,8,0.0,structure
budget010@75,attr:Splits/train.sql#28:ab165c7a,0.625,0.4444444444444445,4,5,0.2778,structure
budget010@75,attr:Splits/train.sql#27:7f0a4eea,0.45454545454545453,0.0,2,5,0.0,structure
budget010@75,attr:Splits/dev.sql#2:eed40a53,0.3793103448275862,0.3103448275862069,29,29,0.1177,structure
budget010@75,attr:Splits/train.sql#80:2f03d063,0.3846153846153846,0.5,1,3,0.1923,structure
budget010@75,attr:Splits/train.sql#47:709932b1,0.0,0.0,1,8,0.0,structure
budget010@75,attr:Splits/train.sql#4:4d653bee,0.02127659574468085,0.0,3,58,0.0,structure
budget010@75,attr:Splits/train.sql#42:a7be6267,0.0,0.0,1,8,0.0,structure
budget010@75,attr:Splits/train.sql#46:c8acd9e6,0.7142857142857142,0.4,2,3,0.2857,structure
budget010@75,attr:Splits/test.sql#12:52e294e8,0.0,0.0,3,2,0.0,structure
budget010@75,attr:Splits/train.sql#9:920a4474,0.16853932584269662,0.0,31,59,0.0,structure
budget010@75,attr:Splits/train.sql#45:78fca263,0.0,0.0,3,7,0.0,structure
budget010@75,attr:Splits/train.sql#33:4c6694de,0.45454545454545453,0.28571428571428575,2,5,0.1299,structure
budget010@75,attr:Splits/train.sql#17:2380388b,0.4268292682926829,0.3870967741935484,14,17,0.1652,structure
budget010@75,attr:Splits/dev.sql#9:8557f23f,0.0,0.0,0,1,0.0,no rows
budget010@75,attr:Splits/train.sql#17:5179f971,0.4268292682926829,0.3870967741935484,14,17,0.1652,structure
budget010@75,attr:Splits/train.sql#36:9fa26c17,0.43478260869565216,0.25,3,5,0.1087,structure
budget010@75,attr:Splits/train.sql#33:6c8af8bc,0.45454545454545453,0.28571428571428575,2,5,0.1299,structure
budget010@75,attr:Splits/train.sql#62:7cbf2d97,0.0,0.0,1,8,0.0,structure
budget010@75,attr:Splits/train.sql#49:4f3e7c6f,0.0,0.0,1,7,0.0,structure
budget010@75,attr:Splits/train.sql#36:24bd9eda,0.43478260869565216,0.5,3,5,0.2174,structure
budget010@75,attr:Splits/train.sql#4:ba6e000a,0.3472222222222222,0.0,28,29,0.0,structure
budget010@75,attr:Splits/train.sql#57:7e4cd6ac,0.0,0.0,1,8,0.0,structure
budget010@75,attr:Splits/test.sql#6:586cdd06,0.43478260869565216,0.25,3,5,0.1087,structure
budget010@75,attr:Splits/train.sql#78:e3b697cb,0.3846153846153846,0.0,1,3,0.0,structure
budget010@75,attr:Splits/train.sql#53:47c3dfc6,0.0,0.0,4,9,0.0,structure
budget010@75,attr:Splits/train.sql#36:6a27c9b5,0.43478260869565216,0.25,3,5,0.1087,structure
budget010@75,attr:Splits/train.sql#45:b0f929d0,0.0,0.0,3,2,0.0,structure
budget010@75,attr:Splits/train.sql#46:cf647aa6,0.0,0.0,1,3,0.0,structure
budget010@75,attr:Splits/train.sql#49:beed0181,0.0,0.0,1,6,0.0,structure
budget010@75,attr:Splits/dev.sql#14:84e26a12,0.0,0.0,1,3,0.0,structure
budget010@75,attr:Splits/test.sql#9:c12243ae,0.0,0.0,0,2,0.0,no rows
budget010@75,attr:Splits/dev.sql#9:0976d6b5,0.0,0.0,0,1,0.0,no rows
budget010@75,attr:Splits/train.sql#42:36133d40,0.0,0.0,3,7,0.0,structure
budget010@75,attr:Splits/test.sql#6:7ed36ed4,0.23809523809523808,0.0,1,5,0.0,structure
budget010@75,attr:Splits/train.sql#47:1239ef06,0.0,0.0,3,7,0.0,structure
budget010@75,attr:Splits/train.sql#9:dd83c82e,0.07352941176470588,0.0,4,16,0.0,structure
budget010@75,attr:Splits/train.sql#28:326b87f1,0.14705882352941177,0.0,2,8,0.0,structure
budget010@75,attr:Splits/train.sql#46:cad60d9e,0.7142857142857142,0.4,2,3,0.2857,structure
budget010@75,attr:Splits/dev.sql#14:6acd7b54,0.7142857142857142,0.0,2,3,0.0,structure
budget010@75,attr:Splits/train.sql#49:44ad8347,0.2127659574468085,0.11764705882352941,7,10,0.025,structure
budget010@75,attr:Splits/train.sql#78:62f97dfd,0.0,0.0,0,3,0.0,no rows
budget010@75,attr:Splits/train.sql#42:6b966dbf,0.0,0.0,3,2,0.0,structure
budget010@75,attr:Splits/train.sql#28:02ad1cdd,0.6521739130434783,0.5,3,5,0.3261,structure
budget010@75,attr:Splits/train.sql#27:79c3953e,0.14705882352941177,0.0,2,8,0.0,structure
budget010@75,attr:Splits/train.sql#4:56f19889,0.10526315789473684,0.0,3,23,0.0,structure
budget010@75,attr:Splits/train.sql#78:e9e539a7,0.0,0.0,0,3,0.0,no rows
budget010@75,attr:Splits/dev.sql#2:3d9ec4b5,0.07352941176470588,0.0,4,16,0.0,structure
budget010@75,attr:Splits/train.sql#62:9e25123e,0.0,0.0,2,7,0.0,structure
budget010@75,attr:Splits/test.sql#6:1f896440,0.6521739130434783,0.5,3,5,0.3261,structure
budget010@75,attr:Splits/train.sql#27:eae09d3e,0.45454545454545453,0.0,2,5,0.0,structure
budget010@75,attr:Splits/train.sql#47:cffaa90c,0.0,0.0,3,2,0.0,structure
budget010@75,attr:Splits/train.sql#57:bc0eda36,0.0,0.0,1,9,0.0,structure
budget010@75,attr:Splits/train.sql#53:fb267f05,0.0,0.0,4,9,0.0,structure
budget010@75,attr:Splits/train.sql#62:f76dae6f,0.0,0.0,3,2,0.0,structure
budget010@75,attr:Splits/test.sql#7:0251f786,0.5555555555555556,0.6666666666666666,1,2,0.3704,structure
budget010@75,attr:Splits/train.sql#33:93b35e18,0.45454545454545453,0.28571428571428575,2,5,0.1299,structure
budget010@75,attr:Splits/dev.sql#9:bf2a0d62,0.0,0.0,0,1,0.0,no rows
budget010@75,attr:Splits/train.sql#80:549df246,0.3846153846153846,0.5,1,3,0.1923,structure
budget010@75,attr:Splits/test.sql#7:85426824,0.5555555555555556,0.0,1,2,0.0,structure
budget025@0,attr:Splits/test.sql#9:89669ef3,0.3333333333333333,0.3333333333333333,3,3,0.1111,structure
budget025@0,attr:Splits/train.sql#6:f6d3251f,0.4268292682926829,0.0,14,17,0.0,structure
budget025@0,attr:Splits/dev.sql#14:dba14859,0.7142857142857142,0.0,2,3,0.0,structure
budget025@0,attr:Splits/train.sql#53:b59f3915,0.0,0.0,4,9,0.0,structure
budget025@0,attr:Splits/test.sql#12:efd2b36a,0.0,0.0,4,7,0.0,structure
budget025@0,attr:Splits/train.sql#57:18795eef,0.15151515151515152,0.16666666666666666,5,7,0.0253,structure
budget025@0,attr:Splits/test.sql#9:5bc7e3e4,0.3333333333333333,0.0,11,1,0.0,structure
budget025@0,attr:Splits/train.sql#6:4c333532,0.4268292682926829,0.0,14,17,0.0,structure
budget025@0,attr:Splits/train.sql#45:fe8858e3,0.1388888888888889,0.0,4,8,0.0,structure
budget025@0,attr:Splits/train.sql#6:f342b748,0.4268292682926829,0.0,14,17,0.0,structure
budget025@0,attr:Splits/dev.sql#2:afe5e656,0.30303030303030304,0.06666666666666667,7,23,0.0202,structure
budget025@0,attr:Splits/train.sql#41:ce0c297d,0.6666666666666666,0.3333333333333333,3,3,0.2222,structure
budget025@0,attr:Splits/test.sql#7:133e088b,0.5555555555555556,0.6666666666666666,1,2,0.3704,structure
budget025@0,attr:Splits/train.sql#80:43566f2e,0.7142857142857142,0.8,2,3,0.5714,structure
budget025@0,attr:Splits/train.sql#9:02dbedba,0.3821656050955414,0.0,82,58,0.0,structure
budget025@0,attr:Splits/train.sql#17:867fdf49,0.4268292682926829,0.2580645161290323,14,17,0.1101,structure
budget025@0,attr:Splits/test.sql#12:8c237e5f,0.13513513513513511,0.0,5,8,0.0,structure
budget025@0,attr:Splits/train.sql#28:ab165c7a,0.625,0.4444444444444445,4,5,0.2778,structure
budget025@0,attr:Splits/train.sql#27:7f0a4eea,0.45454545454545453,0.0,2,5,0.0,structure
budget025@0,attr:Splits/dev.sql#2:eed40a53,0.6089743589743589,0.5217391304347826,40,29,0.3177,structure
budget025@0,attr:Splits/train.sql#80:2f03d063,0.7142857142857142,0.8,2,3,0.5714,structure
budget025@0,attr:Splits/train.sql#47:709932b1,0.13513513513513511,0.15384615384615385,5,8,0.0208,structure
budget025@0,attr:Splits/train.sql#4:4d653bee,0.3821656050955414,0.0,82,58,0.0,structure
budget025@0,attr:Splits/train.sql#42:a7be6267,0.13513513513513511,0.15384615384615385,5,8,0.0208,structure
budget025@0,attr:Splits/train.sql#46:c8acd9e6,0.7142857142857142,0.8,2,3,0.5714,structure
budget025@0,attr:Splits/test.sql#12:52e294e8,0.0,0.0,3,2,0.0,structure
budget025@0,attr:Splits/train.sql#9:920a4474,0.16853932584269662,0.0,31,59,0.0,structure
budget025@0,attr:Splits/train.sql#45:78fca263,0.0,0.0,4,7,0.0,structure
budget025@0,attr:Splits/train.sql#33:4c6694de,0.45454545454545453,0.28571428571428575,2,5,0.1299,structure
budget025@0,attr:Splits/train.sql#17:2380388b,0.4268292682926829,0.45161290322580644,14,17,0.1928,structure
budget025@0,attr:Splits/dev.sql#9:8557f23f,0.0,0.0,0,1,0.0,no rows
budget025@0,attr:Splits/train.sql#17:5179f971,0.4268292682926829,0.2580645161290323,14,17,0.1101,structure
budget025@0,attr:Splits/train.sql#36:9fa26c17,0.43478260869565216,0.25,3,5,0.1087,structure
budget025@0,attr:Splits/train.sql#33:6c8af8bc,0.45454545454545453,0.28571428571428575,2,5,0.1299,structure
budget025@0,attr:Splits/train.sql#62:7cbf2d97,0.13513513513513511,0.0,5,8,0.0,structure
budget025@0,attr:Splits/train.sql#49:4f3e7c6f,0.15151515151515152,0.16666666666666666,5,7,0.0253,structure
budget025@0,attr:Splits/train.sql#36:24bd9eda,0.43478260869565216,0.5,3,5,0.2174,structure
budget025@0,attr:Splits/train.sql#4:ba6e000a,0.6089743589743589,0.0,40,29,0.0,structure
budget025@0,attr:Splits/train.sql#57:7e4cd6ac,0.1282051282051282,0.0,7,8,0.0,structure
budget025@0,attr:Splits/test.sql#6:586cdd06,0.43478260869565216,0.25,3,5,0.1087,structure
budget025@0,attr:Splits/train.sql#78:e3b697cb,0.3846153846153846,0.0,1,3,0.0,structure
budget025@0,attr:Splits/train.sql#53:47c3dfc6,0.0,0.0,4,9,0.0,structure
budget025@0,attr:Splits/train.sql#36:6a27c9b5,0.43478260869565216,0.25,3,5,0.1087,structure
budget025@0,attr:Splits/train.sql#45:b0f929d0,0.0,0.0,3,2,0.0,structure
budget025@0,attr:Splits/train.sql#46:cf647aa6,0.6666666666666666,0.3333333333333333,3,3,0.2222,structure
budget025@0,attr:Splits/train.sql#49:beed0181,0.0,0.0,5,6,0.0,structure
budget025@0,attr:Splits/dev.sql#14:84e26a12,0.6666666666666666,0.0,3,3,0.0,structure
budget025@0,attr:Splits/test.sql#9:c12243ae,0.5,0.0,2,2,0.0,structure
budget025@0,attr:Splits/dev.sql#9:0976d6b5,0.0,0.0,0,1,0.0,no rows
budget025@0,attr:Splits/train.sql#42:36133d40,0.0,0.0,4,7,0.0,structure
budget025@0,attr:Splits/test.sql#6:7ed36ed4,0.625,0.4444444444444445,4,5,0.2778,structure
budget025@0,attr:Splits/train.sql#47:1239ef06,0.0,0.0,4,7,0.0,structure
budget025@0,attr:Splits/train.sql#9:dd83c82e,0.07352941176470588,0.0,4,16,0.0,structure
budget025@0,attr:Splits/train.sql#28:326b87f1,0.47619047619047616,0.33333333333333326,10,8,0.1587,structure
budget025@0,attr:Splits/train.sql#46:cad60d9e,0.7142857142857142,0.4,2,3,0.2857,structure
budget025@0,attr:Splits/dev.sql#14:6acd7b54,0.7142857142857142,0.0,2,3,0.0,structure
budget025@0,attr:Splits/train.sql#49:44ad8347,0.2127659574468085,0.11764705882352941,7,10,0.025,structure
budget025@0,attr:Splits/train.sql#78:62f97dfd,0.7142857142857142,0.0,2,3,0.0,structure
budget025@0,attr:Splits/train.sql#42:6b966dbf,0.0,0.0,3,2,0.0,structure
budget025@0,attr:Splits/train.sql#28:02ad1cdd,0.625,0.6666666666666665,4,5,0.4167,structure
budget025@0,attr:Splits/train.sql#27:79c3953e,0.48780487804878053,0.0,9,8,0.0,structure
budget025@0,attr:Splits/train.sql#4:56f19889,0.30303030303030304,0.0,7,23,0.0,structure
budget025@0,attr:Splits/train.sql#78:e9e539a7,0.7142857142857142,0.0,2,3,0.0,structure
budget025@0,attr:Splits/dev.sql#2:3d9ec4b5,0.07352941176470588,0.0,4,16,0.0,structure
budget025@0,attr:Splits/train.sql#62:9e25123e,0.0,0.0,4,7,0.0,structure
budget025@0,attr:Splits/test.sql#6:1f896440,0.625,0.6666666666666665,4,5,0.4167,structure
budget025@0,attr:Splits/train.sql#27:eae09d3e,0.45454545454545453,0.0,2,5,0.0,structure
budget025@0,attr:Splits/train.sql#47:cffaa90c,0.0,0.0,3,2,0.0,structure
budget025@0,attr:Splits/train.sql#57:bc0eda36,0.11904761904761904,0.13333333333333333,6,9,0.0159,structure
budget025@0,attr:Splits/train.sql#53:fb267f05,0.0,0.0,4,9,0.0,structure
budget025@0,attr:Splits/train.sql#62:f76dae6f,0.0,0.0,3,2,0.0,structure
budget025@0,attr:Splits/test.sql#7:0251f786,0.5555555555555556,0.6666666666666666,1,2,0.3704,structure
budget025@0,attr:Splits/train.sql#33:93b35e18,0.45454545454545453,0.28571428571428575,2,5,0.1299,structure
budget025@0,attr:Splits/dev.sql#9:bf2a0d62,0.0,0.0,0,1,0.0,no rows
budget025@0,attr:Splits/train.sql#80:549df246,0.7142857142857142,0.8,2,3,0.5714,structure
budget025@0,attr:Splits/test.sql#7:85426824,0.5555555555555556,0.0,1,2,0.0,structure
budget025@100,attr:Splits/test.sql#9:89669ef3,0.0,0.0,1,3,0.0,structure
budget025@100,attr:Splits/train.sql#6:f6d3251f,0.4268292682926829,0.0,14,17,0.0,structure
budget025@100,attr:Splits/dev.sql#14:dba14859,0.7142857142857142,0.0,2,3,0.0,structure
budget025@100,attr:Splits/train.sql#53:b59f3915,0.0,0.0,4,9,0.0,structure
budget025@100,attr:Splits/test.sql#12:efd2b36a,0.0,0.0,3,7,0.0,structure
budget025@100,attr:Splits/train.sql#57:18795eef,0.14705882352941174,0.15384615384615383,6,7,0.0226,structure
budget025@100,attr:Splits/test.sql#9:5bc7e3e4,0.0,0.0,0,1,0.0,no rows
budget025@100,attr:Splits/train.sql#6:4c333532,0.4268292682926829,0.0,14,17,0.0,structure
budget025@100,attr:Splits/train.sql#45:fe8858e3,0.0,0.0,1,8,0.0,structure
budget025@100,attr:Splits/train.sql#6:f342b748,0.4268292682926829,0.0,14,17,0.0,structure
budget025@100,attr:Splits/dev.sql#2:afe5e656,0.5045871559633027,0.45,17,23,0.2271,structure
budget025@100,attr:Splits/train.sql#41:ce0c297d,0.0,0.0,1,3,0.0,structure
budget025@100,attr:Splits/test.sql#7:133e088b,0.5555555555555556,0.0,1,2,0.0,structure
budget025@100,attr:Splits/train.sql#80:43566f2e,0.3846153846153846,0.5,1,3,0.1923,structure
budget025@100,attr:Splits/train.sql#9:02dbedba,0.23809523809523808,0.0,62,58,0.0,structure
budget025@100,attr:Splits/train.sql#17:867fdf49,0.4268292682926829,0.3870967741935484,14,17,0.1652,structure
budget025@100,attr:Splits/test.sql#12:8c237e5f,0.40540540540540543,0.0,5,8,0.0,structure
budget025@100,attr:Splits/train.sql#28:ab165c7a,0.0,0.0,0,5,0.0,no rows
budget025@100,attr:Splits/train.sql#27:7f0a4eea,0.45454545454545453,0.0,2,5,0.0,structure
budget025@100,attr:Splits/dev.sql#2:eed40a53,0.3793103448275862,0.3103448275862069,29,29,0.1177,structure
budget025@100,attr:Splits/train.sql#80:2f03d063,0.3846153846153846,0.5,1,3,0.1923,structure
budget025@100,attr:Splits/train.sql#47:709932b1,0.40540540540540543,0.3076923076923077,5,8,0.1247,structure
budget025@100,attr:Splits/train.sql#4:4d653bee,0.23809523809523808,0.0,62,58,0.0,structure
budget025@100,attr:Splits/train.sql#42:a7be6267,0.40540540540540543,0.3076923076923077,5,8,0.1247,structure
budget025@100,attr:Splits/train.sql#46:c8acd9e6,0.7142857142857142,0.4,2,3,0.2857,structure
budget025@100,attr:Splits/test.sql#12:52e294e8,0.0,0.0,1,2,0.0,structure
budget025@100,attr:Splits/train.sql#9:920a4474,0.0,0.0,1,59,0.0,structure
budget025@100,attr:Splits/train.sql#45:78fca263,0.0,0.0,3,7,0.0,structure
budget025@100,attr:Splits/train.sql#33:4c6694de,0.45454545454545453,0.28571428571428575,2,5,0.1299,structure
budget025@100,attr:Splits/train.sql#17:2380388b,0.4268292682926829,0.2580645161290323,14,17,0.1101,structure
budget025@100,attr:Splits/dev.sql#9:8557f23f,0.0,0.0,0,1,0.0,no rows
budget025@100,attr:Splits/train.sql#17:5179f971,0.4268292682926829,0.3870967741935484,14,17,0.1652,structure
budget025@100,attr:Splits/train.sql#36:9fa26c17,0.43478260869565216,0.25,3,5,0.1087,structure
budget025@100,attr:Splits/train.sql#33:6c8af8bc,0.45454545454545453,0.28571428571428575,2,5,0.1299,structure
budget025@100,attr:Splits/train.sql#62:7cbf2d97,0.1388888888888889,0.0,4,8,0.0,structure
budget025@100,attr:Splits/train.sql#49:4f3e7c6f,0.14705882352941174,0.15384615384615383,6,7,0.0226,structure
budget025@100,attr:Splits/train.sql#36:24bd9eda,0.43478260869565216,0.25,3,5,0.1087,structure
budget025@100,attr:Splits/train.sql#4:ba6e000a,0.3472222222222222,0.0,28,29,0.0,structure
budget025@100,attr:Splits/train.sql#57:7e4cd6ac,0.0,0.0,1,8,0.0,structure
budget025@100,attr:Splits/test.sql#6:586cdd06,0.0,0.0,0,5,0.0,no rows
budget025@100,attr:Splits/train.sql#78:e3b697cb,0.0,0.0,0,3,0.0,no rows
budget025@100,attr:Splits/train.sql#53:47c3dfc6,0.0,0.0,4,9,0.0,structure
budget025@100,attr:Splits/train.sql#36:6a27c9b5,0.43478260869565216,0.5,3,5,0.2174,structure
budget025@100,attr:Splits/train.sql#45:b0f929d0,0.0,0.0,1,2,0.0,structure
budget025@100,attr:Splits/train.sql#46:cf647aa6,0.0,0.0,1,3,0.0,structure
budget025@100,attr:Splits/train.sql#49:beed0181,0.0,0.0,1,6,0.0,structure
budget025@100,attr:Splits/dev.sql#14:84e26a12,0.0,0.0,1,3,0.0,structure
budget025@100,attr:Splits/test.sql#9:c12243ae,0.0,0.0,0,2,0.0,no rows
budget025@100,attr:Splits/dev.sql#9:0976d6b5,0.0,0.0,0,1,0.0,no rows
budget025@100,attr:Splits/train.sql#42:36133d40,0.0,0.0,3,7,0.0,structure
budget025@100,attr:Splits/test.sql#6:7ed36ed4,0.45454545454545453,0.28571428571428575,2,5,0.1299,structure
budget025@100,attr:Splits/train.sql#47:1239ef06,0.0,0.0,3,7,0.0,structure
budget025@100,attr:Splits/train.sql#9:dd83c82e,0.0,0.0,1,16,0.0,structure
budget025@100,attr:Splits/train.sql#28:326b87f1,0.0,0.0,1,8,0.0,structure
budget025@100,attr:Splits/train.sql#46:cad60d9e,0.7142857142857142,0.4,2,3,0.2857,structure
budget025@100,attr:Splits/dev.sql#14:6acd7b54,0.7142857142857142,0.0,2,3,0.0,structure
budget025@100,attr:Splits/train.sql#49:44ad8347,0.0,0.0,1,10,0.0,structure
budget025@100,attr:Splits/train.sql#78:62f97dfd,0.0,0.0,0,3,0.0,no rows
budget025@100,attr:Splits/train.sql#42:6b966dbf,0.0,0.0,1,2,0.0,structure
budget025@100,attr:Splits/train.sql#28:02ad1cdd,0.6521739130434783,0.5,3,5,0.3261,structure
budget025@100,attr:Splits/train.sql#27:79c3953e,0.0,0.0,1,8,0.0,structure
budget025@100,attr:Splits/train.sql#4:56f19889,0.5045871559633027,0.0,17,23,0.0,structure
budget025@100,attr:Splits/train.sql#78:e9e539a7,0.7142857142857142,0.0,2,3,0.0,structure
budget025@100,attr:Splits/dev.sql#2:3d9ec4b5,0.0,0.0,1,16,0.0,structure
budget025@100,attr:Splits/train.sql#62:9e25123e,0.0,0.0,2,7,0.0,structure
budget025@100,attr:Splits/test.sql#6:1f896440,0.6521739130434783,0.5,3,5,0.3261,structure
budget025@100,attr:Splits/train.sql#27:eae09d3e,0.45454545454545453,0.0,2,5,0.0,structure
budget025@100,attr:Splits/train.sql#47:cffaa90c,0.0,0.0,1,2,0.0,structure
budget025@100,attr:Splits/train.sql#57:bc0eda36,0.0,0.0,1,9,0.0,structure
budget025@100,attr:Splits/train.sql#53:fb267f05,0.0,0.0,4,9,0.0,structure
budget025@100,attr:Splits/train.sql#62:f76dae6f,0.0,0.0,1,2,0.0,structure
budget025@100,attr:Splits/test.sql#7:0251f786,0.5555555555555556,0.6666666666666666,1,2,0.3704,structure
budget025@100,attr:Splits/train.sql#33:93b35e18,0.45454545454545453,0.28571428571428575,2,5,0.1299,structure
budget025@100,attr:Splits/dev.sql#9:bf2a0d62,0.0,0.0,0,1,0.0,no rows
budget025@100,attr:Splits/train.sql#80:549df246,0.3846153846153846,0.5,1,3,0.1923,structure
budget025@100,attr:Splits/test.sql#7:85426824,0.5555555555555556,0.0,1,2,0.0,structure
budget025@25,attr:Splits/test.sql#9:89669ef3,0.3333333333333333,0.3333333333333333,3,3,0.1111,structure
budget025@25,attr:Splits/train.sql#6:f6d3251f,0.4268292682926829,0.0,14,17,0.0,structure
budget025@25,attr:Splits/dev.sql#14:dba14859,0.7142857142857142,0.0,2,3,0.0,structure
budget025@25,attr:Splits/train.sql#53:b59f3915,0.0,0.0,4,9,0.0,structure
budget025@25,attr:Splits/test.sql#12:efd2b36a,0.0,0.0,4,7,0.0,structure
budget025@25,attr:Splits/train.sql#57:18795eef,0.15151515151515152,0.16666666666666666,5,7,0.0253,structure
budget025@25,attr:Splits/test.sql#9:5bc7e3e4,0.3333333333333333,0.0,11,1,0.0,structure
budget025@25,attr:Splits/train.sql#6:4c333532,0.4268292682926829,0.0,14,17,0.0,structure
budget025@25,attr:Splits/train.sql#45:fe8858e3,0.1388888888888889,0.0,4,8,0.0,structure
budget025@25,attr:Splits/train.sql#6:f342b748,0.4268292682926829,0.0,14,17,0.0,structure
budget025@25,attr:Splits/dev.sql#2:afe5e656,0.30303030303030304,0.06666666666666667,7,23,0.0202,structure
budget025@25,attr:Splits/train.sql#41:ce0c297d,0.6666666666666666,0.3333333333333333,3,3,0.2222,structure
budget025@25,attr:Splits/test.sql#7:133e088b,0.5555555555555556,0.0,1,2,0.0,structure
budget025@25,attr:Splits/train.sql#80:43566f2e,0.7142857142857142,0.8,2,3,0.5714,structure
budget025@25,attr:Splits/train.sql#9:02dbedba,0.23809523809523808,0.0,62,58,0.0,structure
budget025@25,attr:Splits/train.sql#17:867fdf49,0.4268292682926829,0.2580645161290323,14,17,0.1101,structure
budget025@25,attr:Splits/test.sql#12:8c237e5f,0.13513513513513511,0.0,5,8,0.0,structure
budget025@25,attr:Splits/train.sql#28:ab165c7a,0.625,0.4444444444444445,4,5,0.2778,structure
budget025@25,attr:Splits/train.sql#27:7f0a4eea,0.45454545454545453,0.0,2,5,0.0,structure
budget025@25,attr:Splits/dev.sql#2:eed40a53,0.6089743589743589,0.5217391304347826,40,29,0.3177,structure
budget025@25,attr:Splits/train.sql#80:2f03d063,0.7142857142857142,0.8,2,3,0.5714,structure
budget025@25,attr:Splits/train.sql#47:709932b1,0.13513513513513511,0.15384615384615385,5,8,0.0208,structure
budget025@25,attr:Splits/train.sql#4:4d653bee,0.23809523809523808,0.0,62,58,0.0,structure
budget025@25,attr:Splits/train.sql#42:a7be6267,0.13513513513513511,0.15384615384615385,5,8,0.0208,structure
budget025@25,attr:Splits/train.sql#46:c8acd9e6,0.7142857142857142,0.8,2,3,0.5714,structure
budget025@25,attr:Splits/test.sql#12:52e294e8,0.0,0.0,3,2,0.0,structure
budget025@25,attr:Splits/train.sql#9:920a4474,0.16853932584269662,0.0,31,59,0.0,structure
budget025@25,attr:Splits/train.sql#45:78fca263,0.0,0.0,4,7,0.0,structure
budget025@25,attr:Splits/train.sql#33:4c6694de,0.45454545454545453,0.28571428571428575,2,5,0.1299,structure
budget025@25,attr:Splits/train.sql#17:2380388b,0.4268292682926829,0.2580645161290323,14,17,0.1101,structure
budget025@25,attr:Splits/dev.sql#9:8557f23f,0.0,0.0,0,1,0.0,no rows
budget025@25,attr:Splits/train.sql#17:5179f971,0.4268292682926829,0.1935483870967742,14,17,0.0826,structure
budget025@25,attr:Splits/train.sql#36:9fa26c17,0.43478260869565216,0.25,3,5,0.1087,structure
budget025@25,attr:Splits/train.sql#33:6c8af8bc,0.45454545454545453,0.28571428571428575,2,5,0.1299,structure
budget025@25,attr:Splits/train.sql#62:7cbf2d97,0.13513513513513511,0.0,5,8,0.0,structure
budget025@25,attr:Splits/train.sql#49:4f3e7c6f,0.15151515151515152,0.16666666666666666,5,7,0.0253,structure
budget025@25,attr:Splits/train.sql#36:24bd9eda,0.43478260869565216,0.5,3,5,0.2174,structure
budget025@25,attr:Splits/train.sql#4:ba6e000a,0.6089743589743589,0.0,40,29,0.0,structure
budget025@25,attr:Splits/train.sql#57:7e4cd6ac,0.0,0.0,7,8,0.0,structure
budget025@25,attr:Splits/test.sql#6:586cdd06,0.43478260869565216,0.25,3,5,0.1087,structure
budget025@25,attr:Splits/train.sql#78:e3b697cb,0.3846153846153846,0.0,1,3,0.0,structure
budget025@25,attr:Splits/train.sql#53:47c3dfc6,0.0,0.0,4,9,0.0,structure
budget025@25,attr:Splits/train.sql#36:6a27c9b5,0.43478260869565216,0.25,3,5,0.1087,structure
budget025@25,attr:Splits/train.sql#45:b0f929d0,0.0,0.0,3,2,0.0,structure
budget025@25,attr:Splits/train.sql#46:cf647aa6,0.6666666666666666,0.3333333333333333,3,3,0.2222,structure
budget025@25,attr:Splits/train.sql#49:beed0181,0.0,0.0,6,6,0.0,structure
budget025@25,attr:Splits/dev.sql#14:84e26a12,0.6666666666666666,0.0,3,3,0.0,structure
budget025@25,attr:Splits/test.sql#9:c12243ae,0.0,0.0,0,2,0.0,no rows
budget025@25,attr:Splits/dev.sql#9:0976d6b5,0.0,0.0,0,1,0.0,no rows
budget025@25,attr:Splits/train.sql#42:36133d40,0.0,0.0,4,7,0.0,structure
budget025@25,attr:Splits/test.sql#6:7ed36ed4,0.45454545454545453,0.28571428571428575,2,5,0.1299,structure
budget025@25,attr:Splits/train.sql#47:1239ef06,0.0,0.0,4,7,0.0,structure
budget025@25,attr:Splits/train.sql#9:dd83c82e,0.07352941176470588,0.0,4,16,0.0,structure
budget025@25,attr:Splits/train.sql#28:326b87f1,0.47619047619047616,0.33333333333333326,10,8,0.1587,structure
budget025@25,attr:Splits/train.sql#46:cad60d9e,0.7142857142857142,0.4,2,3,0.2857,structure
budget025@25,attr:Splits/dev.sql#14:6acd7b54,0.7142857142857142,0.0,2,3,0.0,structure
budget025@25,attr:Splits/train.sql#49:44ad8347,0.2127659574468085,0.11764705882352941,7,10,0.025,structure
budget025@25,attr:Splits/train.sql#78:62f97dfd,0.7142857142857142,0.0,2,3,0.0,structure
budget025@25,attr:Splits/train.sql#42:6b966dbf,0.0,0.0,3,2,0.0,structure
budget025@25,attr:Splits/train.sql#28:02ad1cdd,0.625,0.6666666666666665,4,5,0.4167,structure
budget025@25,attr:Splits/train.sql#27:79c3953e,0.48780487804878053,0.0,9,8,0.0,structure
budget025@25,attr:Splits/train.sql#4:56f19889,0.30303030303030304,0.0,7,23,0.0,structure
budget025@25,attr:Splits/train.sql#78:e9e539a7,0.7142857142857142,0.0,2,3,0.0,structure
budget025@25,attr:Splits/dev.sql#2:3d9ec4b5,0.07352941176470588,0.0,4,16,0.0,structure
budget025@25,attr:Splits/train.sql#62:9e25123e,0.0,0.0,4,7,0.0,structure
budget025@25,attr:Splits/test.sql#6:1f896440,0.625,0.6666666666666665,4,5,0.4167,structure
budget025@25,attr:Splits/train.sql#27:eae09d3e,0.45454545454545453,0.0,2,5,0.0,structure
budget025@25,attr:Splits/train.sql#47:cffaa90c,0.0,0.0,3,2,0.0,structure
budget025@25,attr:Splits/train.sql#57:bc0eda36,0.0,0.0,1,9,0.0,structure
budget025@25,attr:Splits/train.sql#53:fb267f05,0.0,0.0,4,9,0.0,structure
budget025@25,attr:Splits/train.sql#62:f76dae6f,0.0,0.0,3,2,0.0,structure
budget025@25,attr:Splits/test.sql#7:0251f786,0.5555555555555556,0.6666666666666666,1,2,0.3704,structure
budget025@25,attr:Splits/train.sql#33:93b35e18,0.45454545454545453,0.28571428571428575,2,5,0.1299,structure
budget025@25,attr:Splits/dev.sql#9:bf2a0d62,0.0,0.0,0,1,0.0,no rows
budget025@25,attr:Splits/train.sql#80:549df246,0.3846153846153846,0.5,1,3,0.1923,structure
budget025@25,attr:Splits/test.sql#7:85426824,0.5555555555555556,0.0,1,2,0.0,structure
budget025@50,attr:Splits/test.sql#9:89669ef3,0.3333333333333333,0.3333333333333333,3,3,0.1111,structure
budget025@50,attr:Splits/train.sql#6:f6d3251f,0.4268292682926829,0.0,14,17,0.0,structure
budget025@50,attr:Splits/dev.sql#14:dba14859,0.7142857142857142,0.0,2,3,0.0,structure
budget025@50,attr:Splits/train.sql#53:b59f3915,0.0,0.0,4,9,0.0,structure
budget025@50,attr:Splits/test.sql#12:efd2b36a,0.0,0.0,4,7,0.0,structure
budget025@50,attr:Splits/train.sql#57:18795eef,0.14705882352941174,0.15384615384615383,6,7,0.0226,structure
budget025@50,attr:Splits/test.sql#9:5bc7e3e4,0.3333333333333333,0.0,11,1,0.0,structure
budget025@50,attr:Splits/train.sql#6:4c333532,0.4268292682926829,0.0,14,17,0.0,structure
budget025@50,attr:Splits/train.sql#45:fe8858e3,0.1388888888888889,0.0,4,8,0.0,structure
budget025@50,attr:Splits/train.sql#6:f342b748,0.4268292682926829,0.0,14,17,0.0,structure
budget025@50,attr:Splits/dev.sql#2:afe5e656,0.5045871559633027,0.45,17,23,0.2271,structure
budget025@50,attr:Splits/train.sql#41:ce0c297d,0.6666666666666666,0.3333333333333333,3,3,0.2222,structure
budget025@50,attr:Splits/test.sql#7:133e088b,0.5555555555555556,0.0,1,2,0.0,structure
budget025@50,attr:Splits/train.sql#80:43566f2e,0.3846153846153846,0.5,1,3,0.1923,structure
budget025@50,attr:Splits/train.sql#9:02dbedba,0.23809523809523808,0.0,62,58,0.0,structure
budget025@50,attr:Splits/train.sql#17:867fdf49,0.4268292682926829,0.2580645161290323,14,17,0.1101,structure
budget025@50,attr:Splits/test.sql#12:8c237e5f,0.40540540540540543,0.0,5,8,0.0,structure
budget025@50,attr:Splits/train.sql#28:ab165c7a,0.625,0.4444444444444445,4,5,0.2778,structure
budget025@50,attr:Splits/train.sql#27:7f0a4eea,0.45454545454545453,0.0,2,5,0.0,structure
budget025@50,attr:Splits/dev.sql#2:eed40a53,0.6089743589743589,0.5217391304347826,40,29,0.3177,structure
budget025@50,attr:Splits/train.sql#80:2f03d063,0.3846153846153846,0.5,1,3,0.1923,structure
budget025@50,attr:Splits/train.sql#47:709932b1,0.40540540540540543,0.3076923076923077,5,8,0.1247,structure
budget025@50,attr:Splits/train.sql#4:4d653bee,0.23809523809523808,0.0,62,58,0.0,structure
budget025@50,attr:Splits/train.sql#42:a7be6267,0.40540540540540543,0.3076923076923077,5,8,0.1247,structure
budget025@50,attr:Splits/train.sql#46:c8acd9e6,0.7142857142857142,0.8,2,3,0.5714,structure
budget025@50,attr:Splits/test.sql#12:52e294e8,0.0,0.0,3,2,0.0,structure
budget025@50,attr:Splits/train.sql#9:920a4474,0.16853932584269662,0.0,31,59,0.0,structure
budget025@50,attr:Splits/train.sql#45:78fca263,0.0,0.0,4,7,0.0,structure
budget025@50,attr:Splits/train.sql#33:4c6694de,0.45454545454545453,0.28571428571428575,2,5,0.1299,structure
budget025@50,attr:Splits/train.sql#17:2380388b,0.4268292682926829,0.2580645161290323,14,17,0.1101,structure
budget025@50,attr:Splits/dev.sql#9:8557f23f,0.0,0.0,0,1,0.0,no rows
budget025@50,attr:Splits/train.sql#17:5179f971,0.4268292682926829,0.3870967741935484,14,17,0.1652,structure
budget025@50,attr:Splits/train.sql#36:9fa26c17,0.43478260869565216,0.25,3,5,0.1087,structure
budget025@50,attr:Splits/train.sql#33:6c8af8bc,0.45454545454545453,0.28571428571428575,2,5,0.1299,structure
budget025@50,attr:Splits/train.sql#62:7cbf2d97,0.1388888888888889,0.0,4,8,0.0,structure
budget025@50,attr:Splits/train.sql#49:4f3e7c6f,0.14705882352941174,0.15384615384615383,6,7,0.0226,structure
budget025@50,attr:Splits/train.sql#36:24bd9eda,0.43478260869565216,0.5,3,5,0.2174,structure
budget025@50,attr:Splits/train.sql#4:ba6e000a,0.6089743589743589,0.0,40,29,0.0,structure
budget025@50,attr:Splits/train.sql#57:7e4cd6ac,0.0,0.0,1,8,0.0,structure
budget025@50,attr:Splits/test.sql#6:586cdd06,0.43478260869565216,0.25,3,5,0.1087,structure
budget025@50,attr:Splits/train.sql#78:e3b697cb,0.3846153846153846,0.0,1,3,0.0,structure
budget025@50,attr:Splits/train.sql#53:47c3dfc6,0.0,0.0,4,9,0.0,structure
budget025@50,attr:Splits/train.sql#36:6a27c9b5,0.43478260869565216,0.5,3,5,0.2174,structure
budget025@50,attr:Splits/train.sql#45:b0f929d0,0.0,0.0,3,2,0.0,structure
budget025@50,attr:Splits/train.sql#46:cf647aa6,0.6666666666666666,0.3333333333333333,3,3,0.2222,structure
budget025@50,attr:Splits/train.sql#49:beed0181,0.0,0.0,1,6,0.0,structure
budget025@50,attr:Splits/dev.sql#14:84e26a12,0.6666666666666666,0.0,3,3,0.0,structure
budget025@50,attr:Splits/test.sql#9:c12243ae,0.0,0.0,0,2,0.0,no rows
budget025@50,attr:Splits/dev.sql#9:0976d6b5,0.0,0.0,0,1,0.0,no rows
budget025@50,attr:Splits/train.sql#42:36133d40,0.0,0.0,4,7,0.0,structure
budget025@50,attr:Splits/test.sql#6:7ed36ed4,0.45454545454545453,0.28571428571428575,2,5,0.1299,structure
budget025@50,attr:Splits/train.sql#47:1239ef06,0.0,0.0,4,7,0.0,structure
budget025@50,attr:Splits/train.sql#9:dd83c82e,0.07352941176470588,0.0,4,16,0.0,structure
budget025@50,attr:Splits/train.sql#28:326b87f1,0.47619047619047616,0.33333333333333326,10,8,0.1587,structure
budget025@50,attr:Splits/train.sql#46:cad60d9e,0.7142857142857142,0.4,2,3,0.2857,structure
budget025@50,attr:Splits/dev.sql#14:6acd7b54,0.7142857142857142,0.0,2,3,0.0,structure
budget025@50,attr:Splits/train.sql#49:44ad8347,0.2127659574468085,0.11764705882352941,7,10,0.025,structure
budget025@50,attr:Splits/train.sql#78:62f97dfd,0.0,0.0,0,3,0.0,no rows
budget025@50,attr:Splits/train.sql#42:6b966dbf,0.0,0.0,3,2,0.0,structure
budget025@50,attr:Splits/train.sql#28:02ad1cdd,0.625,0.6666666666666665,4,5,0.4167,structure
budget025@50,attr:Splits/train.sql#27:79c3953e,0.48780487804878053,0.0,9,8,0.0,structure
budget025@50,attr:Splits/train.sql#4:56f19889,0.5045871559633027,0.0,17,23,0.0,structure
budget025@50,attr:Splits/train.sql#78:e9e539a7,0.7142857142857142,0.0,2,3,0.0,structure
budget025@50,attr:Splits/dev.sql#2:3d9ec4b5,0.07352941176470588,0.0,4,16,0.0,structure
budget025@50,attr:Splits/train.sql#62:9e25123e,0.0,0.0,4,7,0.0,structure
budget025@50,attr:Splits/test.sql#6:1f896440,0.625,0.6666666666666665,4,5,0.4167,structure
budget025@50,attr:Splits/train.sql#27:eae09d3e,0.45454545454545453,0.0,2,5,0.0,structure
budget025@50,attr:Splits/train.sql#47:cffaa90c,0.0,0.0,3,2,0.0,structure
budget025@50,attr:Splits/train.sql#57:bc0eda36,0.0,0.0,1,9,0.0,structure
budget025@50,attr:Splits/train.sql#53:fb267f05,0.0,0.0,4,9,0.0,structure
budget025@50,attr:Splits/train.sql#62:f76dae6f,0.0,0.0,3,2,0.0,structure
budget025@50,attr:Splits/test.sql#7:0251f786,0.5555555555555556,0.0,1,2,0.0,structure
budget025@50,attr:Splits/train.sql#33:93b35e18,0.45454545454545453,0.28571428571428575,2,5,0.1299,structure
budget025@50,attr:Splits/dev.sql#9:bf2a0d62,0.0,0.0,0,1,0.0,no rows
budget025@50,attr:Splits/train.sql#80:549df246,0.3846153846153846,0.5,1,3,0.1923,structure
budget025@50,attr:Splits/test.sql#7:85426824,0.5555555555555556,0.0,1,2,0.0,structure
budget025@75,attr:Splits/test.sql#9:89669ef3,0.0,0.0,1,3,0.0,structure
budget025@75,attr:Splits/train.sql#6:f6d3251f,0.4268292682926829,0.0,14,17,0.0,structure
budget025@75,attr:Splits/dev.sql#14:dba14859,0.7142857142857142,0.0,2,3,0.0,structure
budget025@75,attr:Splits/train.sql#53:b59f3915,0.0,0.0,4,9,0.0,structure
budget025@75,attr:Splits/test.sql#12:efd2b36a,0.0,0.0,3,7,0.0,structure
budget025@75,attr:Splits/train.sql#57:18795eef,0.14705882352941174,0.15384615384615383,6,7,0.0226,structure
budget025@75,attr:Splits/test.sql#9:5bc7e3e4,0.3333333333333333,0.0,11,1,0.0,structure
budget025@75,attr:Splits/train.sql#6:4c333532,0.4268292682926829,0.0,14,17,0.0,structure
budget025@75,attr:Splits/train.sql#45:fe8858e3,0.1388888888888889,0.0,4,8,0.0,structure
budget025@75,attr:Splits/train.sql#6:f342b748,0.4268292682926829,0.0,14,17,0.0,structure
budget025@75,attr:Splits/dev.sql#2:afe5e656,0.5045871559633027,0.45,17,23,0.2271,structure
budget025@75,attr:Splits/train.sql#41:ce0c297d,0.0,0.0,1,3,0.0,structure
budget025@75,attr:Splits/test.sql#7:133e088b,0.5555555555555556,0.0,1,2,0.0,structure
budget025@75,attr:Splits/train.sql#80:43566f2e,0.3846153846153846,0.5,1,3,0.1923,structure
budget025@75,attr:Splits/train.sql#9:02dbedba,0.23809523809523808,0.0,62,58,0.0,structure
budget025@75,attr:Splits/train.sql#17:867fdf49,0.4268292682926829,0.2580645161290323,14,17,0.1101,structure
budget025@75,attr:Splits/test.sql#12:8c237e5f,0.40540540540540543,0.0,5,8,0.0,structure
budget025@75,attr:Splits/train.sql#28:ab165c7a,0.625,0.4444444444444445,4,5,0.2778,structure
budget025@75,attr:Splits/train.sql#27:7f0a4eea,0.45454545454545453,0.0,2,5,0.0,structure
budget025@75,attr:Splits/dev.sql#2:eed40a53,0.3793103448275862,0.3103448275862069,29,29,0.1177,structure
budget025@75,attr:Splits/train.sql#80:2f03d063,0.3846153846153846,0.5,1,3,0.1923,structure
budget025@75,attr:Splits/train.sql#47:709932b1,0.40540540540540543,0.3076923076923077,5,8,0.1247,structure
budget025@75,attr:Splits/train.sql#4:4d653bee,0.23809523809523808,0.0,62,58,0.0,structure
budget025@75,attr:Splits/train.sql#42:a7be6267,0.40540540540540543,0.3076923076923077,5,8,0.1247,structure
budget025@75,attr:Splits/train.sql#46:c8acd9e6,0.7142857142857142,0.4,2,3,0.2857,structure
budget025@75,attr:Splits/test.sql#12:52e294e8,0.0,0.0,3,2,0.0,structure
budget025@75,attr:Splits/train.sql#9:920a4474,0.16853932584269662,0.0,31,59,0.0,structure
budget025@75,attr:Splits/train.sql#45:78fca263,0.0,0.0,3,7,0.0,structure
budget025@75,attr:Splits/train.sql#33:4c6694de,0.45454545454545453,0.28571428571428575,2,5,0.1299,structure
budget025@75,attr:Splits/train.sql#17:2380388b,0.4268292682926829,0.2580645161290323,14,17,0.1101,structure
budget025@75,attr:Splits/dev.sql#9:8557f23f,0.0,0.0,0,1,0.0,no rows
budget025@75,attr:Splits/train.sql#17:5179f971,0.4268292682926829,0.3870967741935484,14,17,0.1652,structure
budget025@75,attr:Splits/train.sql#36:9fa26c17,0.43478260869565216,0.25,3,5,0.1087,structure
budget025@75,attr:Splits/train.sql#33:6c8af8bc,0.45454545454545453,0.28571428571428575,2,5,0.1299,structure
budget025@75,attr:Splits/train.sql#62:7cbf2d97,0.1388888888888889,0.0,4,8,0.0,structure
budget025@75,attr:Splits/train.sql#49:4f3e7c6f,0.14705882352941174,0.15384615384615383,6,7,0.0226,structure
budget025@75,attr:Splits/train.sql#36:24bd9eda,0.43478260869565216,0.5,3,5,0.2174,structure
budget025@75,attr:Splits/train.sql#4:ba6e000a,0.3472222222222222,0.0,28,29,0.0,structure
budget025@75,attr:Splits/train.sql#57:7e4cd6ac,0.0,0.0,1,8,0.0,structure
budget025@75,attr:Splits/test.sql#6:586cdd06,0.43478260869565216,0.25,3,5,0.1087,structure
budget025@75,attr:Splits/train.sql#78:e3b697cb,0.3846153846153846,0.0,1,3,0.0,structure
budget025@75,attr:Splits/train.sql#53:47c3dfc6,0.0,0.0,4,9,0.0,structure
budget025@75,attr:Splits/train.sql#36:6a27c9b5,0.43478260869565216,0.5,3,5,0.2174,structure
budget025@75,attr:Splits/train.sql#45:b0f929d0,0.0,0.0,3,2,0.0,structure
budget025@75,attr:Splits/train.sql#46:cf647aa6,0.0,0.0,1,3,0.0,structure
budget025@75,attr:Splits/train.sql#49:beed0181,0.0,0.0,1,6,0.0,structure
budget025@75,attr:Splits/dev.sql#14:84e26a12,0.0,0.0,1,3,0.0,structure
budget025@75,attr:Splits/test.sql#9:c12243ae,0.0,0.0,0,2,0.0,no rows
budget025@75,attr:Splits/dev.sql#9:0976d6b5,0.0,0.0,0,1,0.0,no rows
budget025@75,attr:Splits/train.sql#42:36133d40,0.0,0.0,3,7,0.0,structure
budget025@75,attr:Splits/test.sql#6:7ed36ed4,0.45454545454545453,0.28571428571428575,2,5,0.1299,structure
budget025@75,attr:Splits/train.sql#47:1239ef06,0.0,0.0,3,7,0.0,structure
budget025@75,attr:Splits/train.sql#9:dd83c82e,0.07352941176470588,0.0,4,16,0.0,structure
budget025@75,attr:Splits/train.sql#28:326b87f1,0.0,0.0,1,8,0.0,structure
budget025@75,attr:Splits/train.sql#46:cad60d9e,0.7142857142857142,0.4,2,3,0.2857,structure
budget025@75,attr:Splits/dev.sql#14:6acd7b54,0.7142857142857142,0.0,2,3,0.0,structure
budget025@75,attr:Splits/train.sql#49:44ad8347,0.2127659574468085,0.11764705882352941,7,10,0.025,structure
budget025@75,attr:Splits/train.sql#78:62f97dfd,0.0,0.0,0,3,0.0,no rows
budget025@75,attr:Splits/train.sql#42:6b966dbf,0.0,0.0,3,2,0.0,structure
budget025@75,attr:Splits/train.sql#28:02ad1cdd,0.6521739130434783,0.5,3,5,0.3261,structure
budget025@75,attr:Splits/train.sql#27:79c3953e,0.0,0.0,1,8,0.0,structure
budget025@75,attr:Splits/train.sql#4:56f19889,0.5045871559633027,0.0,17,23,0.0,structure
budget025@75,attr:Splits/train.sql#78:e9e539a7,0.7142857142857142,0.0,2,3,0.0,structure
budget025@75,attr:Splits/dev.sql#2:3d9ec4b5,0.07352941176470588,0.0,4,16,0.0,structure
budget025@75,attr:Splits/train.sql#62:9e25123e,0.0,0.0,2,7,0.0,structure
budget025@75,attr:Splits/test.sql#6:1f896440,0.6521739130434783,0.5,3,5,0.3261,structure
budget025@75,attr:Splits/train.sql#27:eae09d3e,0.45454545454545453,0.0,2,5,0.0,structure
budget025@75,attr:Splits/train.sql#47:cffaa90c,0.0,0.0,3,2,0.0,structure
budget025@75,attr:Splits/train.sql#57:bc0eda36,0.0,0.0,1,9,0.0,structure
budget025@75,attr:Splits/train.sql#53:fb267f05,0.0,0.0,4,9,0.0,structure
budget025@75,attr:Splits/train.sql#62:f76dae6f,0.0,0.0,3,2,0.0,structure
budget025@75,attr:Splits/test.sql#7:0251f786,0.5555555555555556,0.0,1,2,0.0,structure
budget025@75,attr:Splits/train.sql#33:93b35e18,0.45454545454545453,0.28571428571428575,2,5,0.1299,structure
budget025@75,attr:Splits/dev.sql#9:bf2a0d62,0.0,0.0,0,1,0.0,no rows
budget025@75,attr:Splits/train.sql#80:549df246,0.3846153846153846,0.5,1,3,0.1923,structure
budget025@75,attr:Splits/test.sql#7:85426824,0.5555555555555556,0.0,1,2,0.0,structure
budget050@0,attr:Splits/test.sql#9:89669ef3,0.3333333333333333,0.3333333333333333,3,3,0.1111,structure
budget050@0,attr:Splits/train.sql#6:f6d3251f,0.4268292682926829,0.0,14,17,0.0,structure
budget050@0,attr:Splits/dev.sql#14:dba14859,0.7142857142857142,0.0,2,3,0.0,structure
budget050@0,attr:Splits/train.sql#53:b59f3915,0.0,0.0,4,9,0.0,structure
budget050@0,attr:Splits/test.sql#12:efd2b36a,0.0,0.0,4,7,0.0,structure
budget050@0,attr:Splits/train.sql#57:18795eef,0.15151515151515152,0.16666666666666666,5,7,0.0253,structure
budget050@0,attr:Splits/test.sql#9:5bc7e3e4,0.3333333333333333,0.0,11,1,0.0,structure
budget050@0,attr:Splits/train.sql#6:4c333532,0.4268292682926829,0.0,14,17,0.0,structure
budget050@0,attr:Splits/train.sql#45:fe8858e3,0.1388888888888889,0.0,4,8,0.0,structure
budget050@0,attr:Splits/train.sql#6:f342b748,0.4268292682926829,0.0,14,17,0.0,structure
budget050@0,attr:Splits/dev.sql#2:afe5e656,0.30303030303030304,0.06666666666666667,7,23,0.0202,structure
budget050@0,attr:Splits/train.sql#41:ce0c297d,0.6666666666666666,0.3333333333333333,3,3,0.2222,structure
budget050@0,attr:Splits/test.sql#7:133e088b,0.5555555555555556,0.6666666666666666,1,2,0.3704,structure
budget050@0,attr:Splits/train.sql#80:43566f2e,0.7142857142857142,0.8,2,3,0.5714,structure
budget050@0,attr:Splits/train.sql#9:02dbedba,0.3821656050955414,0.0,82,58,0.0,structure
budget050@0,attr:Splits/train.sql#17:867fdf49,0.4268292682926829,0.2580645161290323,14,17,0.1101,structure
budget050@0,attr:Splits/test.sql#12:8c237e5f,0.13513513513513511,0.0,5,8,0.0,structure
budget050@0,attr:Splits/train.sql#28:ab165c7a,0.625,0.4444444444444445,4,5,0.2778,structure
budget050@0,attr:Splits/train.sql#27:7f0a4eea,0.45454545454545453,0.0,2,5,0.0,structure
budget050@0,attr:Splits/dev.sql#2:eed40a53,0.6089743589743589,0.5217391304347826,40,29,0.3177,structure
budget050@0,attr:Splits/train.sql#80:2f03d063,0.7142857142857142,0.8,2,3,0.5714,structure
budget050@0,attr:Splits/train.sql#47:709932b1,0.13513513513513511,0.15384615384615385,5,8,0.0208,structure
budget050@0,attr:Splits/train.sql#4:4d653bee,0.3821656050955414,0.0,82,58,0.0,structure
budget050@0,attr:Splits/train.sql#42:a7be6267,0.13513513513513511,0.15384615384615385,5,8,0.0208,structure
budget050@0,attr:Splits/train.sql#46:c8acd9e6,0.7142857142857142,0.8,2,3,0.5714,structure
budget050@0,attr:Splits/test.sql#12:52e294e8,0.0,0.0,3,2,0.0,structure
budget050@0,attr:Splits/train.sql#9:920a4474,0.16853932584269662,0.0,31,59,0.0,structure
budget050@0,attr:Splits/train.sql#45:78fca263,0.0,0.0,4,7,0.0,structure
budget050@0,attr:Splits/train.sql#33:4c6694de,0.45454545454545453,0.28571428571428575,2,5,0.1299,structure
budget050@0,attr:Splits/train.sql#17:2380388b,0.4268292682926829,0.45161290322580644,14,17,0.1928,structure
budget050@0,attr:Splits/dev.sql#9:8557f23f,0.0,0.0,0,1,0.0,no rows
budget050@0,attr:Splits/train.sql#17:5179f971,0.4268292682926829,0.2580645161290323,14,17,0.1101,structure
budget050@0,attr:Splits/train.sql#36:9fa26c17,0.43478260869565216,0.25,3,5,0.1087,structure
budget050@0,attr:Splits/train.sql#33:6c8af8bc,0.45454545454545453,0.28571428571428575,2,5,0.1299,structure
budget050@0,attr:Splits/train.sql#62:7cbf2d97,0.13513513513513511,0.0,5,8,0.0,structure
budget050@0,attr:Splits/train.sql#49:4f3e7c6f,0.15151515151515152,0.16666666666666666,5,7,0.0253,structure
budget050@0,attr:Splits/train.sql#36:24bd9eda,0.43478260869565216,0.5,3,5,0.2174,structure
budget050@0,attr:Splits/train.sql#4:ba6e000a,0.6089743589743589,0.0,40,29,0.0,structure
budget050@0,attr:Splits/train.sql#57:7e4cd6ac,0.1282051282051282,0.0,7,8,0.0,structure
budget050@0,attr:Splits/test.sql#6:586cdd06,0.43478260869565216,0.25,3,5,0.1087,structure
budget050@0,attr:Splits/train.sql#78:e3b697cb,0.3846153846153846,0.0,1,3,0.0,structure
budget050@0,attr:Splits/train.sql#53:47c3dfc6,0.0,0.0,4,9,0.0,structure
budget050@0,attr:Splits/train.sql#36:6a27c9b5,0.43478260869565216,0.25,3,5,0.1087,structure
budget050@0,attr:Splits/train.sql#45:b0f929d0,0.0,0.0,3,2,0.0,structure
budget050@0,attr:Splits/train.sql#46:cf647aa6,0.6666666666666666,0.3333333333333333,3,3,0.2222,structure
budget050@0,attr:Splits/train.sql#49:beed0181,0.0,0.0,5,6,0.0,structure
budget050@0,attr:Splits/dev.sql#14:84e26a12,0.6666666666666666,0.0,3,3,0.0,structure
budget050@0,attr:Splits/test.sql#9:c12243ae,0.5,0.0,2,2,0.0,structure
budget050@0,attr:Splits/dev.sql#9:0976d6b5,0.0,0.0,0,1,0.0,no rows
budget050@0,attr:Splits/train.sql#42:36133d40,0.0,0.0,4,7,0.0,structure
budget050@0,attr:Splits/test.sql#6:7ed36ed4,0.625,0.4444444444444445,4,5,0.2778,structure
budget050@0,attr:Splits/train.sql#47:1239ef06,0.0,0.0,4,7,0.0,structure
budget050@0,attr:Splits/train.sql#9:dd83c82e,0.07352941176470588,0.0,4,16,0.0,structure
budget050@0,attr:Splits/train.sql#28:326b87f1,0.47619047619047616,0.33333333333333326,10,8,0.1587,structure
budget050@0,attr:Splits/train.sql#46:cad60d9e,0.7142857142857142,0.4,2,3,0.2857,structure
budget050@0,attr:Splits/dev.sql#14:6acd7b54,0.7142857142857142,0.0,2,3,0.0,structure
budget050@0,attr:Splits/train.sql#49:44ad8347,0.2127659574468085,0.11764705882352941,7,10,0.025,structure
budget050@0,attr:Splits/train.sql#78:62f97dfd,0.7142857142857142,0.0,2,3,0.0,structure
budget050@0,attr:Splits/train.sql#42:6b966dbf,0.0,0.0,3,2,0.0,structure
budget050@0,attr:Splits/train.sql#28:02ad1cdd,0.625,0.6666666666666665,4,5,0.4167,structure
budget050@0,attr:Splits/train.sql#27:79c3953e,0.48780487804878053,0.0,9,8,0.0,structure
budget050@0,attr:Splits/train.sql#4:56f19889,0.30303030303030304,0.0,7,23,0.0,structure
budget050@0,attr:Splits/train.sql#78:e9e539a7,0.7142857142857142,0.0,2,3,0.0,structure
budget050@0,attr:Splits/dev.sql#2:3d9ec4b5,0.07352941176470588,0.0,4,16,0.0,structure
budget050@0,attr:Splits/train.sql#62:9e25123e,0.0,0.0,4,7,0.0,structure
budget050@0,attr:Splits/test.sql#6:1f896440,0.625,0.6666666666666665,4,5,0.4167,structure
budget050@0,attr:Splits/train.sql#27:eae09d3e,0.45454545454545453,0.0,2,5,0.0,structure
budget050@0,attr:Splits/train.sql#47:cffaa90c,0.0,0.0,3,2,0.0,structure
budget050@0,attr:Splits/train.sql#57:bc0eda36,0.11904761904761904,0.13333333333333333,6,9,0.0159,structure
budget050@0,attr:Splits/train.sql#53:fb267f05,0.0,0.0,4,9,0.0,structure
budget050@0,attr:Splits/train.sql#62:f76dae6f,0.0,0.0,3,2,0.0,structure
budget050@0,attr:Splits/test.sql#7:0251f786,0.5555555555555556,0.6666666666666666,1,2,0.3704,structure
budget050@0,attr:Splits/train.sql#33:93b35e18,0.45454545454545453,0.28571428571428575,2,5,0.1299,structure
budget050@0,attr:Splits/dev.sql#9:bf2a0d62,0.0,0.0,0,1,0.0,no rows
budget050@0,attr:Splits/train.sql#80:549df246,0.7142857142857142,0.8,2,3,0.5714,structure
budget050@0,attr:Splits/test.sql#7:85426824,0.5555555555555556,0.0,1,2,0.0,structure
budget050@100,attr:Splits/test.sql#9:89669ef3,0.0,0.0,1,3,0.0,structure
budget050@100,attr:Splits/train.sql#6:f6d3251f,0.4268292682926829,0.0,14,17,0.0,structure
budget050@100,attr:Splits/dev.sql#14:dba14859,0.7142857142857142,0.0,2,3,0.0,structure
budget050@100,attr:Splits/train.sql#53:b59f3915,0.0,0.0,4,9,0.0,structure
budget050@100,attr:Splits/test.sql#12:efd2b36a,0.0,0.0,3,7,0.0,structure
budget050@100,attr:Splits/train.sql#57:18795eef,0.14705882352941174,0.15384615384615383,6,7,0.0226,structure
budget050@100,attr:Splits/test.sql#9:5bc7e3e4,0.35714285714285715,0.0,10,1,0.0,structure
budget050@100,attr:Splits/train.sql#6:4c333532,0.4268292682926829,0.0,14,17,0.0,structure
budget050@100,attr:Splits/train.sql#45:fe8858e3,0.13157894736842105,0.0,6,8,0.0,structure
budget050@100,attr:Splits/train.sql#6:f342b748,0.4268292682926829,0.0,14,17,0.0,structure
budget050@100,attr:Splits/dev.sql#2:afe5e656,0.5045871559633027,0.45,17,23,0.2271,structure
budget050@100,attr:Splits/train.sql#41:ce0c297d,0.0,0.0,1,3,0.0,structure
budget050@100,attr:Splits/test.sql#7:133e088b,0.5555555555555556,0.0,1,2,0.0,structure
budget050@100,attr:Splits/train.sql#80:43566f2e,0.3846153846153846,0.5,1,3,0.1923,structure
budget050@100,attr:Splits/train.sql#9:02dbedba,0.23809523809523808,0.0,62,58,0.0,structure
budget050@100,attr:Splits/train.sql#17:867fdf49,0.4268292682926829,0.2580645161290323,14,17,0.1101,structure
budget050@100,attr:Splits/test.sql#12:8c237e5f,0.40540540540540543,0.0,5,8,0.0,structure
budget050@100,attr:Splits/train.sql#28:ab165c7a,0.6521739130434783,0.5,3,5,0.3261,structure
budget050@100,attr:Splits/train.sql#27:7f0a4eea,0.45454545454545453,0.0,2,5,0.0,structure
budget050@100,attr:Splits/dev.sql#2:eed40a53,0.3793103448275862,0.3103448275862069,29,29,0.1177,structure
budget050@100,attr:Splits/train.sql#80:2f03d063,0.3846153846153846,0.5,1,3,0.1923,structure
budget050@100,attr:Splits/train.sql#47:709932b1,0.40540540540540543,0.3076923076923077,5,8,0.1247,structure
budget050@100,attr:Splits/train.sql#4:4d653bee,0.23809523809523808,0.0,62,58,0.0,structure
budget050@100,attr:Splits/train.sql#42:a7be6267,0.40540540540540543,0.3076923076923077,5,8,0.1247,structure
budget050@100,attr:Splits/train.sql#46:c8acd9e6,0.7142857142857142,0.4,2,3,0.2857,structure
budget050@100,attr:Splits/test.sql#12:52e294e8,0.0,0.0,2,2,0.0,structure
budget050@100,attr:Splits/train.sql#9:920a4474,0.11718750000000001,0.0,20,59,0.0,structure
budget050@100,attr:Splits/train.sql#45:78fca263,0.0,0.0,3,7,0.0,structure
budget050@100,attr:Splits/train.sql#33:4c6694de,0.45454545454545453,0.28571428571428575,2,5,0.1299,structure
budget050@100,attr:Splits/train.sql#17:2380388b,0.4268292682926829,0.2580645161290323,14,17,0.1101,structure
budget050@100,attr:Splits/dev.sql#9:8557f23f,0.0,0.0,0,1,0.0,no rows
budget050@100,attr:Splits/train.sql#17:5179f971,0.4268292682926829,0.3870967741935484,14,17,0.1652,structure
budget050@100,attr:Splits/train.sql#36:9fa26c17,0.43478260869565216,0.25,3,5,0.1087,structure
budget050@100,attr:Splits/train.sql#33:6c8af8bc,0.45454545454545453,0.28571428571428575,2,5,0.1299,structure
budget050@100,attr:Splits/train.sql#62:7cbf2d97,0.1388888888888889,0.0,4,8,0.0,structure
budget050@100,attr:Splits/train.sql#49:4f3e7c6f,0.14705882352941174,0.15384615384615383,6,7,0.0226,structure
budget050@100,attr:Splits/train.sql#36:24bd9eda,0.43478260869565216,0.5,3,5,0.2174,structure
budget050@100,attr:Splits/train.sql#4:ba6e000a,0.3472222222222222,0.0,28,29,0.0,structure
budget050@100,attr:Splits/train.sql#57:7e4cd6ac,0.0,0.0,1,8,0.0,structure
budget050@100,attr:Splits/test.sql#6:586cdd06,0.6521739130434783,0.5,3,5,0.3261,structure
budget050@100,attr:Splits/train.sql#78:e3b697cb,0.0,0.0,0,3,0.0,no rows
budget050@100,attr:Splits/train.sql#53:47c3dfc6,0.0,0.0,4,9,0.0,structure
budget050@100,attr:Splits/train.sql#36:6a27c9b5,0.43478260869565216,0.5,3,5,0.2174,structure
budget050@100,attr:Splits/train.sql#45:b0f929d0,0.0,0.0,2,2,0.0,structure
budget050@100,attr:Splits/train.sql#46:cf647aa6,0.0,0.0,1,3,0.0,structure
budget050@100,attr:Splits/train.sql#49:beed0181,0.0,0.0,1,6,0.0,structure
budget050@100,attr:Splits/dev.sql#14:84e26a12,0.0,0.0,1,3,0.0,structure
budget050@100,attr:Splits/test.sql#9:c12243ae,0.0,0.0,0,2,0.0,no rows
budget050@100,attr:Splits/dev.sql#9:0976d6b5,0.0,0.0,0,1,0.0,no rows
budget050@100,attr:Splits/train.sql#42:36133d40,0.0,0.0,3,7,0.0,structure
budget050@100,attr:Splits/test.sql#6:7ed36ed4,0.45454545454545453,0.28571428571428575,2,5,0.1299,structure
budget050@100,attr:Splits/train.sql#47:1239ef06,0.0,0.0,3,7,0.0,structure
budget050@100,attr:Splits/train.sql#9:dd83c82e,0.14285714285714285,0.0,6,16,0.0,structure
budget050@100,attr:Splits/train.sql#28:326b87f1,0.0,0.0,1,8,0.0,structure
budget050@100,attr:Splits/train.sql#46:cad60d9e,0.7142857142857142,0.4,2,3,0.2857,structure
budget050@100,attr:Splits/dev.sql#14:6acd7b54,0.7142857142857142,0.0,2,3,0.0,structure
budget050@100,attr:Splits/train.sql#49:44ad8347,0.0,0.0,1,10,0.0,structure
budget050@100,attr:Splits/train.sql#78:62f97dfd,0.0,0.0,0,3,0.0,no rows
budget050@100,attr:Splits/train.sql#42:6b966dbf,0.0,0.0,2,2,0.0,structure
budget050@100,attr:Splits/train.sql#28:02ad1cdd,0.6521739130434783,0.5,3,5,0.3261,structure
budget050@100,attr:Splits/train.sql#27:79c3953e,0.0,0.0,1,8,0.0,structure
budget050@100,attr:Splits/train.sql#4:56f19889,0.5045871559633027,0.0,17,23,0.0,structure
budget050@100,attr:Splits/train.sql#78:e9e539a7,0.7142857142857142,0.0,2,3,0.0,structure
budget050@100,attr:Splits/dev.sql#2:3d9ec4b5,0.14285714285714285,0.09090909090909091,6,16,0.013,structure
budget050@100,attr:Splits/train.sql#62:9e25123e,0.0,0.0,2,7,0.0,structure
budget050@100,attr:Splits/test.sql#6:1f896440,0.6521739130434783,0.5,3,5,0.3261,structure
budget050@100,attr:Splits/train.sql#27:eae09d3e,0.45454545454545453,0.0,2,5,0.0,structure
budget050@100,attr:Splits/train.sql#47:cffaa90c,0.0,0.0,2,2,0.0,structure
budget050@100,attr:Splits/train.sql#57:bc0eda36,0.0,0.0,1,9,0.0,structure
budget050@100,attr:Splits/train.sql#53:fb267f05,0.0,0.0,4,9,0.0,structure
budget050@100,attr:Splits/train.sql#62:f76dae6f,0.0,0.0,2,2,0.0,structure
budget050@100,attr:Splits/test.sql#7:0251f786,0.5555555555555556,0.0,1,2,0.0,structure
budget050@100,attr:Splits/train.sql#33:93b35e18,0.45454545454545453,0.28571428571428575,2,5,0.1299,structure
budget050@100,attr:Splits/dev.sql#9:bf2a0d62,0.0,0.0,0,1,0.0,no rows
budget050@100,attr:Splits/train.sql#80:549df246,0.3846153846153846,0.5,1,3,0.1923,structure
budget050@100,attr:Splits/test.sql#7:85426824,0.5555555555555556,0.0,1,2,0.0,structure
budget050@25,attr:Splits/test.sql#9:89669ef3,0.3333333333333333,0.3333333333333333,3,3,0.1111,structure
budget050@25,attr:Splits/train.sql#6:f6d3251f,0.4268292682926829,0.0,14,17,0.0,structure
budget050@25,attr:Splits/dev.sql#14:dba14859,0.7142857142857142,0.0,2,3,0.0,structure
budget050@25,attr:Splits/train.sql#53:b59f3915,0.0,0.0,4,9,0.0,structure
budget050@25,attr:Splits/test.sql#12:efd2b36a,0.0,0.0,4,7,0.0,structure
budget050@25,attr:Splits/train.sql#57:18795eef,0.15151515151515152,0.16666666666666666,5,7,0.0253,structure
budget050@25,attr:Splits/test.sql#9:5bc7e3e4,0.3333333333333333,0.0,11,1,0.0,structure
budget050@25,attr:Splits/train.sql#6:4c333532,0.4268292682926829,0.0,14,17,0.0,structure
budget050@25,attr:Splits/train.sql#45:fe8858e3,0.1388888888888889,0.0,4,8,0.0,structure
budget050@25,attr:Splits/train.sql#6:f342b748,0.4268292682926829,0.0,14,17,0.0,structure
budget050@25,attr:Splits/dev.sql#2:afe5e656,0.30303030303030304,0.06666666666666667,7,23,0.0202,structure
budget050@25,attr:Splits/train.sql#41:ce0c297d,0.6666666666666666,0.3333333333333333,3,3,0.2222,structure
budget050@25,attr:Splits/test.sql#7:133e088b,0.5555555555555556,0.0,1,2,0.0,structure
budget050@25,attr:Splits/train.sql#80:43566f2e,0.7142857142857142,0.8,2,3,0.5714,structure
budget050@25,attr:Splits/train.sql#9:02dbedba,0.23809523809523808,0.0,62,58,0.0,structure
budget050@25,attr:Splits/train.sql#17:867fdf49,0.4268292682926829,0.2580645161290323,14,17,0.1101,structure
budget050@25,attr:Splits/test.sql#12:8c237e5f,0.13513513513513511,0.0,5,8,0.0,structure
budget050@25,attr:Splits/train.sql#28:ab165c7a,0.625,0.4444444444444445,4,5,0.2778,structure
budget050@25,attr:Splits/train.sql#27:7f0a4eea,0.45454545454545453,0.0,2,5,0.0,structure
budget050@25,attr:Splits/dev.sql#2:eed40a53,0.6089743589743589,0.5217391304347826,40,29,0.3177,structure
budget050@25,attr:Splits/train.sql#80:2f03d063,0.7142857142857142,0.8,2,3,0.5714,structure
budget050@25,attr:Splits/train.sql#47:709932b1,0.13513513513513511,0.15384615384615385,5,8,0.0208,structure
budget050@25,attr:Splits/train.sql#4:4d653bee,0.23809523809523808,0.0,62,58,0.0,structure
budget050@25,attr:Splits/train.sql#42:a7be6267,0.13513513513513511,0.15384615384615385,5,8,0.0208,structure
budget050@25,attr:Splits/train.sql#46:c8acd9e6,0.7142857142857142,0.8,2,3,0.5714,structure
budget050@25,attr:Splits/test.sql#12:52e294e8,0.0,0.0,3,2,0.0,structure
budget050@25,attr:Splits/train.sql#9:920a4474,0.16853932584269662,0.0,31,59,0.0,structure
budget050@25,attr:Splits/train.sql#45:78fca263,0.0,0.0,4,7,0.0,structure
budget050@25,attr:Splits/train.sql#33:4c6694de,0.45454545454545453,0.28571428571428575,2,5,0.1299,structure
budget050@25,attr:Splits/train.sql#17:2380388b,0.4268292682926829,0.2580645161290323,14,17,0.1101,structure
budget050@25,attr:Splits/dev.sql#9:8557f23f,0.0,0.0,0,1,0.0,no rows
budget050@25,attr:Splits/train.sql#17:5179f971,0.4268292682926829,0.1935483870967742,14,17,0.0826,structure
budget050@25,attr:Splits/train.sql#36:9fa26c17,0.43478260869565216,0.25,3,5,0.1087,structure
budget050@25,attr:Splits/train.sql#33:6c8af8bc,0.45454545454545453,0.28571428571428575,2,5,0.1299,structure
budget050@25,attr:Splits/train.sql#62:7cbf2d97,0.13513513513513511,0.0,5,8,0.0,structure
budget050@25,attr:Splits/train.sql#49:4f3e7c6f,0.15151515151515152,0.16666666666666666,5,7,0.0253,structure
budget050@25,attr:Splits/train.sql#36:24bd9eda,0.43478260869565216,0.5,3,5,0.2174,structure
budget050@25,attr:Splits/train.sql#4:ba6e000a,0.6089743589743589,0.0,40,29,0.0,structure
budget050@25,attr:Splits/train.sql#57:7e4cd6ac,0.0,0.0,7,8,0.0,structure
budget050@25,attr:Splits/test.sql#6:586cdd06,0.43478260869565216,0.25,3,5,0.1087,structure
budget050@25,attr:Splits/train.sql#78:e3b697cb,0.3846153846153846,0.0,1,3,0.0,structure
budget050@25,attr:Splits/train.sql#53:47c3dfc6,0.0,0.0,4,9,0.0,structure
budget050@25,attr:Splits/train.sql#36:6a27c9b5,0.43478260869565216,0.25,3,5,0.1087,structure
budget050@25,attr:Splits/train.sql#45:b0f929d0,0.0,0.0,3,2,0.0,structure
budget050@25,attr:Splits/train.sql#46:cf647aa6,0.6666666666666666,0.3333333333333333,3,3,0.2222,structure
budget050@25,attr:Splits/train.sql#49:beed0181,0.0,0.0,6,6,0.0,structure
budget050@25,attr:Splits/dev.sql#14:84e26a12,0.6666666666666666,0.0,3,3,0.0,structure
budget050@25,attr:Splits/test.sql#9:c12243ae,0.0,0.0,0,2,0.0,no rows
budget050@25,attr:Splits/dev.sql#9:0976d6b5,0.0,0.0,0,1,0.0,no rows
budget050@25,attr:Splits/train.sql#42:36133d40,0.0,0.0,4,7,0.0,structure
budget050@25,attr:Splits/test.sql#6:7ed36ed4,0.45454545454545453,0.28571428571428575,2,5,0.1299,structure
budget050@25,attr:Splits/train.sql#47:1239ef06,0.0,0.0,4,7,0.0,structure
budget050@25,attr:Splits/train.sql#9:dd83c82e,0.07352941176470588,0.0,4,16,0.0,structure
budget050@25,attr:Splits/train.sql#28:326b87f1,0.47619047619047616,0.33333333333333326,10,8,0.1587,structure
budget050@25,attr:Splits/train.sql#46:cad60d9e,0.7142857142857142,0.4,2,3,0.2857,structure
budget050@25,attr:Splits/dev.sql#14:6acd7b54,0.7142857142857142,0.0,2,3,0.0,structure
budget050@25,attr:Splits/train.sql#49:44ad8347,0.2127659574468085,0.11764705882352941,7,10,0.025,structure
budget050@25,attr:Splits/train.sql#78:62f97dfd,0.7142857142857142,0.0,2,3,0.0,structure
budget050@25,attr:Splits/train.sql#42:6b966dbf,0.0,0.0,3,2,0.0,structure
budget050@25,attr:Splits/train.sql#28:02ad1cdd,0.625,0.6666666666666665,4,5,0.4167,structure
budget050@25,attr:Splits/train.sql#27:79c3953e,0.48780487804878053,0.0,9,8,0.0,structure
budget050@25,attr:Splits/train.sql#4:56f19889,0.30303030303030304,0.0,7,23,0.0,structure
budget050@25,attr:Splits/train.sql#78:e9e539a7,0.7142857142857142,0.0,2,3,0.0,structure
budget050@25,attr:Splits/dev.sql#2:3d9ec4b5,0.07352941176470588,0.0,4,16,0.0,structure
budget050@25,attr:Splits/train.sql#62:9e25123e,0.0,0.0,4,7,0.0,structure
budget050@25,attr:Splits/test.sql#6:1f896440,0.625,0.6666666666666665,4,5,0.4167,structure
budget050@25,attr:Splits/train.sql#27:eae09d3e,0.45454545454545453,0.0,2,5,0.0,structure
budget050@25,attr:Splits/train.sql#47:cffaa90c,0.0,0.0,3,2,0.0,structure
budget050@25,attr:Splits/train.sql#57:bc0eda36,0.0,0.0,5,9,0.0,structure
budget050@25,attr:Splits/train.sql#53:fb267f05,0.0,0.0,4,9,0.0,structure
budget050@25,attr:Splits/train.sql#62:f76dae6f,0.0,0.0,3,2,0.0,structure
budget050@25,attr:Splits/test.sql#7:0251f786,0.5555555555555556,0.6666666666666666,1,2,0.3704,structure
budget050@25,attr:Splits/train.sql#33:93b35e18,0.45454545454545453,0.28571428571428575,2,5,0.1299,structure
budget050@25,attr:Splits/dev.sql#9:bf2a0d62,0.0,0.0,0,1,0.0,no rows
budget050@25,attr:Splits/train.sql#80:549df246,0.7142857142857142,0.8,2,3,0.5714,structure
budget050@25,attr:Splits/test.sql#7:85426824,0.5555555555555556,0.0,1,2,0.0,structure
budget050@50,attr:Splits/test.sql#9:89669ef3,0.3333333333333333,0.3333333333333333,3,3,0.1111,structure
budget050@50,attr:Splits/train.sql#6:f6d3251f,0.4268292682926829,0.0,14,17,0.0,structure
budget050@50,attr:Splits/dev.sql#14:dba14859,0.7142857142857142,0.0,2,3,0.0,structure
budget050@50,attr:Splits/train.sql#53:b59f3915,0.0,0.0,4,9,0.0,structure
budget050@50,attr:Splits/test.sql#12:efd2b36a,0.0,0.0,4,7,0.0,structure
budget050@50,attr:Splits/train.sql#57:18795eef,0.14705882352941174,0.15384615384615383,6,7,0.0226,structure
budget050@50,attr:Splits/test.sql#9:5bc7e3e4,0.3333333333333333,0.0,11,1,0.0,structure
budget050@50,attr:Splits/train.sql#6:4c333532,0.4268292682926829,0.0,14,17,0.0,structure
budget050@50,attr:Splits/train.sql#45:fe8858e3,0.1388888888888889,0.0,4,8,0.0,structure
budget050@50,attr:Splits/train.sql#6:f342b748,0.4268292682926829,0.0,14,17,0.0,structure
budget050@50,attr:Splits/dev.sql#2:afe5e656,0.5045871559633027,0.45,17,23,0.2271,structure
budget050@50,attr:Splits/train.sql#41:ce0c297d,0.6666666666666666,0.3333333333333333,3,3,0.2222,structure
budget050@50,attr:Splits/test.sql#7:133e088b,0.5555555555555556,0.0,1,2,0.0,structure
budget050@50,attr:Splits/train.sql#80:43566f2e,0.7142857142857142,0.8,2,3,0.5714,structure
budget050@50,attr:Splits/train.sql#9:02dbedba,0.23809523809523808,0.0,62,58,0.0,structure
budget050@50,attr:Splits/train.sql#17:867fdf49,0.4268292682926829,0.2580645161290323,14,17,0.1101,structure
budget050@50,attr:Splits/test.sql#12:8c237e5f,0.40540540540540543,0.0,5,8,0.0,structure
budget050@50,attr:Splits/train.sql#28:ab165c7a,0.625,0.4444444444444445,4,5,0.2778,structure
budget050@50,attr:Splits/train.sql#27:7f0a4eea,0.45454545454545453,0.0,2,5,0.0,structure
budget050@50,attr:Splits/dev.sql#2:eed40a53,0.6089743589743589,0.5217391304347826,40,29,0.3177,structure
budget050@50,attr:Splits/train.sql#80:2f03d063,0.7142857142857142,0.8,2,3,0.5714,structure
budget050@50,attr:Splits/train.sql#47:709932b1,0.40540540540540543,0.3076923076923077,5,8,0.1247,structure
budget050@50,attr:Splits/train.sql#4:4d653bee,0.23809523809523808,0.0,62,58,0.0,structure
budget050@50,attr:Splits/train.sql#42:a7be6267,0.40540540540540543,0.3076923076923077,5,8,0.1247,structure
budget050@50,attr:Splits/train.sql#46:c8acd9e6,0.7142857142857142,0.8,2,3,0.5714,structure
budget050@50,attr:Splits/test.sql#12:52e294e8,0.0,0.0,3,2,0.0,structure
budget050@50,attr:Splits/train.sql#9:920a4474,0.16853932584269662,0.0,31,59,0.0,structure
budget050@50,attr:Splits/train.sql#45:78fca263,0.0,0.0,4,7,0.0,structure
budget050@50,attr:Splits/train.sql#33:4c6694de,0.45454545454545453,0.28571428571428575,2,5,0.1299,structure
budget050@50,attr:Splits/train.sql#17:2380388b,0.4268292682926829,0.2580645161290323,14,17,0.1101,structure
budget050@50,attr:Splits/dev.sql#9:8557f23f,0.0,0.0,0,1,0.0,no rows
budget050@50,attr:Splits/train.sql#17:5179f971,0.4268292682926829,0.1935483870967742,14,17,0.0826,structure
budget050@50,attr:Splits/train.sql#36:9fa26c17,0.43478260869565216,0.25,3,5,0.1087,structure
budget050@50,attr:Splits/train.sql#33:6c8af8bc,0.45454545454545453,0.28571428571428575,2,5,0.1299,structure
budget050@50,attr:Splits/train.sql#62:7cbf2d97,0.1388888888888889,0.0,4,8,0.0,structure
budget050@50,attr:Splits/train.sql#49:4f3e7c6f,0.14705882352941174,0.15384615384615383,6,7,0.0226,structure
budget050@50,attr:Splits/train.sql#36:24bd9eda,0.43478260869565216,0.5,3,5,0.2174,structure
budget050@50,attr:Splits/train.sql#4:ba6e000a,0.6089743589743589,0.0,40,29,0.0,structure
budget050@50,attr:Splits/train.sql#57:7e4cd6ac,0.0,0.0,1,8,0.0,structure
budget050@50,attr:Splits/test.sql#6:586cdd06,0.43478260869565216,0.25,3,5,0.1087,structure
budget050@50,attr:Splits/train.sql#78:e3b697cb,0.3846153846153846,0.0,1,3,0.0,structure
budget050@50,attr:Splits/train.sql#53:47c3dfc6,0.0,0.0,4,9,0.0,structure
budget050@50,attr:Splits/train.sql#36:6a27c9b5,0.43478260869565216,0.5,3,5,0.2174,structure
budget050@50,attr:Splits/train.sql#45:b0f929d0,0.0,0.0,3,2,0.0,structure
budget050@50,attr:Splits/train.sql#46:cf647aa6,0.6666666666666666,0.3333333333333333,3,3,0.2222,structure
budget050@50,attr:Splits/train.sql#49:beed0181,0.0,0.0,6,6,0.0,structure
budget050@50,attr:Splits/dev.sql#14:84e26a12,0.6666666666666666,0.0,3,3,0.0,structure
budget050@50,attr:Splits/test.sql#9:c12243ae,0.0,0.0,0,2,0.0,no rows
budget050@50,attr:Splits/dev.sql#9:0976d6b5,0.0,0.0,0,1,0.0,no rows
budget050@50,attr:Splits/train.sql#42:36133d40,0.0,0.0,4,7,0.0,structure
budget050@50,attr:Splits/test.sql#6:7ed36ed4,0.45454545454545453,0.28571428571428575,2,5,0.1299,structure
budget050@50,attr:Splits/train.sql#47:1239ef06,0.0,0.0,4,7,0.0,structure
budget050@50,attr:Splits/train.sql#9:dd83c82e,0.07352941176470588,0.0,4,16,0.0,structure
budget050@50,attr:Splits/train.sql#28:326b87f1,0.47619047619047616,0.33333333333333326,10,8,0.1587,structure
budget050@50,attr:Splits/train.sql#46:cad60d9e,0.7142857142857142,0.4,2,3,0.2857,structure
budget050@50,attr:Splits/dev.sql#14:6acd7b54,0.7142857142857142,0.0,2,3,0.0,structure
budget050@50,attr:Splits/train.sql#49:44ad8347,0.2127659574468085,0.11764705882352941,7,10,0.025,structure
budget050@50,attr:Splits/train.sql#78:62f97dfd,0.7142857142857142,0.0,2,3,0.0,structure
budget050@50,attr:Splits/train.sql#42:6b966dbf,0.0,0.0,3,2,0.0,structure
budget050@50,attr:Splits/train.sql#28:02ad1cdd,0.625,0.6666666666666665,4,5,0.4167,structure
budget050@50,attr:Splits/train.sql#27:79c3953e,0.48780487804878053,0.0,9,8,0.0,structure
budget050@50,attr:Splits/train.sql#4:56f19889,0.5045871559633027,0.0,17,23,0.0,structure
budget050@50,attr:Splits/train.sql#78:e9e539a7,0.7142857142857142,0.0,2,3,0.0,structure
budget050@50,attr:Splits/dev.sql#2:3d9ec4b5,0.07352941176470588,0.0,4,16,0.0,structure
budget050@50,attr:Splits/train.sql#62:9e25123e,0.0,0.0,4,7,0.0,structure
budget050@50,attr:Splits/test.sql#6:1f896440,0.625,0.6666666666666665,4,5,0.4167,structure
budget050@50,attr:Splits/train.sql#27:eae09d3e,0.45454545454545453,0.0,2,5,0.0,structure
budget050@50,attr:Splits/train.sql#47:cffaa90c,0.0,0.0,3,2,0.0,structure
budget050@50,attr:Splits/train.sql#57:bc0eda36,0.0,0.0,1,9,0.0,structure
budget050@50,attr:Splits/train.sql#53:fb267f05,0.0,0.0,4,9,0.0,structure
budget050@50,attr:Splits/train.sql#62:f76dae6f,0.0,0.0,3,2,0.0,structure
budget050@50,attr:Splits/test.sql#7:0251f786,0.5555555555555556,0.6666666666666666,1,2,0.3704,structure
budget050@50,attr:Splits/train.sql#33:93b35e18,0.45454545454545453,0.28571428571428575,2,5,0.1299,structure
budget050@50,attr:Splits/dev.sql#9:bf2a0d62,0.0,0.0,0,1,0.0,no rows
budget050@50,attr:Splits/train.sql#80:549df246,0.3846153846153846,0.5,1,3,0.1923,structure
budget050@50,attr:Splits/test.sql#7:85426824,0.5555555555555556,0.0,1,2,0.0,structure
budget050@75,attr:Splits/test.sql#9:89669ef3,0.0,0.0,1,3,0.0,structure
budget050@75,attr:Splits/train.sql#6:f6d3251f,0.4268292682926829,0.0,14,17,0.0,structure
budget050@75,attr:Splits/dev.sql#14:dba14859,0.7142857142857142,0.0,2,3,0.0,structure
budget050@75,attr:Splits/train.sql#53:b59f3915,0.0,0.0,4,9,0.0,structure
budget050@75,attr:Splits/test.sql#12:efd2b36a,0.0,0.0,3,7,0.0,structure
budget050@75,attr:Splits/train.sql#57:18795eef,0.14705882352941174,0.15384615384615383,6,7,0.0226,structure
budget050@75,attr:Splits/test.sql#9:5bc7e3e4,0.3333333333333333,0.0,11,1,0.0,structure
budget050@75,attr:Splits/train.sql#6:4c333532,0.4268292682926829,0.0,14,17,0.0,structure
budget050@75,attr:Splits/train.sql#45:fe8858e3,0.1388888888888889,0.0,4,8,0.0,structure
budget050@75,attr:Splits/train.sql#6:f342b748,0.4268292682926829,0.0,14,17,0.0,structure
budget050@75,attr:Splits/dev.sql#2:afe5e656,0.5045871559633027,0.45,17,23,0.2271,structure
budget050@75,attr:Splits/train.sql#41:ce0c297d,0.5882352941176471,0.25,5,3,0.1471,structure
budget050@75,attr:Splits/test.sql#7:133e088b,0.5555555555555556,0.0,1,2,0.0,structure
budget050@75,attr:Splits/train.sql#80:43566f2e,0.7142857142857142,0.8,2,3,0.5714,structure
budget050@75,attr:Splits/train.sql#9:02dbedba,0.23809523809523808,0.0,62,58,0.0,structure
budget050@75,attr:Splits/train.sql#17:867fdf49,0.4268292682926829,0.2580645161290323,14,17,0.1101,structure
budget050@75,attr:Splits/test.sql#12:8c237e5f,0.40540540540540543,0.0,5,8,0.0,structure
budget050@75,attr:Splits/train.sql#28:ab165c7a,0.625,0.4444444444444445,4,5,0.2778,structure
budget050@75,attr:Splits/train.sql#27:7f0a4eea,0.45454545454545453,0.0,2,5,0.0,structure
budget050@75,attr:Splits/dev.sql#2:eed40a53,0.3793103448275862,0.3103448275862069,29,29,0.1177,structure
budget050@75,attr:Splits/train.sql#80:2f03d063,0.3846153846153846,0.5,1,3,0.1923,structure
budget050@75,attr:Splits/train.sql#47:709932b1,0.40540540540540543,0.3076923076923077,5,8,0.1247,structure
budget050@75,attr:Splits/train.sql#4:4d653bee,0.23809523809523808,0.0,62,58,0.0,structure
budget050@75,attr:Splits/train.sql#42:a7be6267,0.40540540540540543,0.3076923076923077,5,8,0.1247,structure
budget050@75,attr:Splits/train.sql#46:c8acd9e6,0.7142857142857142,0.4,2,3,0.2857,structure
budget050@75,attr:Splits/test.sql#12:52e294e8,0.0,0.0,3,2,0.0,structure
budget050@75,attr:Splits/train.sql#9:920a4474,0.16853932584269662,0.0,31,59,0.0,structure
budget050@75,attr:Splits/train.sql#45:78fca263,0.0,0.0,3,7,0.0,structure
budget050@75,attr:Splits/train.sql#33:4c6694de,0.45454545454545453,0.28571428571428575,2,5,0.1299,structure
budget050@75,attr:Splits/train.sql#17:2380388b,0.4268292682926829,0.2580645161290323,14,17,0.1101,structure
budget050@75,attr:Splits/dev.sql#9:8557f23f,0.0,0.0,0,1,0.0,no rows
budget050@75,attr:Splits/train.sql#17:5179f971,0.4268292682926829,0.3870967741935484,14,17,0.1652,structure
budget050@75,attr:Splits/train.sql#36:9fa26c17,0.43478260869565216,0.25,3,5,0.1087,structure
budget050@75,attr:Splits/train.sql#33:6c8af8bc,0.45454545454545453,0.28571428571428575,2,5,0.1299,structure
budget050@75,attr:Splits/train.sql#62:7cbf2d97,0.1388888888888889,0.0,4,8,0.0,structure
budget050@75,attr:Splits/train.sql#49:4f3e7c6f,0.14705882352941174,0.15384615384615383,6,7,0.0226,structure
budget050@75,attr:Splits/train.sql#36:24bd9eda,0.43478260869565216,0.5,3,5,0.2174,structure
budget050@75,attr:Splits/train.sql#4:ba6e000a,0.3472222222222222,0.0,28,29,0.0,structure
budget050@75,attr:Splits/train.sql#57:7e4cd6ac,0.0,0.0,1,8,0.0,structure
budget050@75,attr:Splits/test.sql#6:586cdd06,0.43478260869565216,0.25,3,5,0.1087,structure
budget050@75,attr:Splits/train.sql#78:e3b697cb,0.3846153846153846,0.0,1,3,0.0,structure
budget050@75,attr:Splits/train.sql#53:47c3dfc6,0.0,0.0,4,9,0.0,structure
budget050@75,attr:Splits/train.sql#36:6a27c9b5,0.43478260869565216,0.5,3,5,0.2174,structure
budget050@75,attr:Splits/train.sql#45:b0f929d0,0.0,0.0,3,2,0.0,structure
budget050@75,attr:Splits/train.sql#46:cf647aa6,0.5882352941176471,0.25,5,3,0.1471,structure
budget050@75,attr:Splits/train.sql#49:beed0181,0.0,0.0,1,6,0.0,structure
budget050@75,attr:Splits/dev.sql#14:84e26a12,0.5882352941176471,0.0,5,3,0.0,structure
budget050@75,attr:Splits/test.sql#9:c12243ae,0.0,0.0,0,2,0.0,no rows
budget050@75,attr:Splits/dev.sql#9:0976d6b5,0.0,0.0,0,1,0.0,no rows
budget050@75,attr:Splits/train.sql#42:36133d40,0.0,0.0,3,7,0.0,structure
budget050@75,attr:Splits/test.sql#6:7ed36ed4,0.45454545454545453,0.28571428571428575,2,5,0.1299,structure
budget050@75,attr:Splits/train.sql#47:1239ef06,0.0,0.0,3,7,0.0,structure
budget050@75,attr:Splits/train.sql#9:dd83c82e,0.07352941176470588,0.0,4,16,0.0,structure
budget050@75,attr:Splits/train.sql#28:326b87f1,0.4444444444444445,0.2857142857142857,13,8,0.127,structure
budget050@75,attr:Splits/train.sql#46:cad60d9e,0.7142857142857142,0.4,2,3,0.2857,structure
budget050@75,attr:Splits/dev.sql#14:6acd7b54,0.7142857142857142,0.0,2,3,0.0,structure
budget050@75,attr:Splits/train.sql#49:44ad8347,0.2127659574468085,0.11764705882352941,7,10,0.025,structure
budget050@75,attr:Splits/train.sql#78:62f97dfd,0.7142857142857142,0.0,2,3,0.0,structure
budget050@75,attr:Splits/train.sql#42:6b966dbf,0.0,0.0,3,2,0.0,structure
budget050@75,attr:Splits/train.sql#28:02ad1cdd,0.6521739130434783,0.5,3,5,0.3261,structure
budget050@75,attr:Splits/train.sql#27:79c3953e,0.45454545454545453,0.0,12,8,0.0,structure
budget050@75,attr:Splits/train.sql#4:56f19889,0.5045871559633027,0.0,17,23,0.0,structure
budget050@75,attr:Splits/train.sql#78:e9e539a7,0.7142857142857142,0.0,2,3,0.0,structure
budget050@75,attr:Splits/dev.sql#2:3d9ec4b5,0.07352941176470588,0.0,4,16,0.0,structure
budget050@75,attr:Splits/train.sql#62:9e25123e,0.0,0.0,2,7,0.0,structure
budget050@75,attr:Splits/test.sql#6:1f896440,0.6521739130434783,0.5,3,5,0.3261,structure
budget050@75,attr:Splits/train.sql#27:eae09d3e,0.45454545454545453,0.0,2,5,0.0,structure
budget050@75,attr:Splits/train.sql#47:cffaa90c,0.0,0.0,3,2,0.0,structure
budget050@75,attr:Splits/train.sql#57:bc0eda36,0.0,0.0,1,9,0.0,structure
budget050@75,attr:Splits/train.sql#53:fb267f05,0.0,0.0,4,9,0.0,structure
budget050@75,attr:Splits/train.sql#62:f76dae6f,0.0,0.0,3,2,0.0,structure
budget050@75,attr:Splits/test.sql#7:0251f786,0.5555555555555556,0.6666666666666666,1,2,0.3704,structure
budget050@75,attr:Splits/train.sql#33:93b35e18,0.45454545454545453,0.28571428571428575,2,5,0.1299,structure
budget050@75,attr:Splits/dev.sql#9:bf2a0d62,0.0,0.0,0,1,0.0,no rows
budget050@75,attr:Splits/train.sql#80:549df246,0.3846153846153846,0.5,1,3,0.1923,structure
budget050@75,attr:Splits/test.sql#7:85426824,0.5555555555555556,0.0,1,2,0.0,structure
budget075@0,attr:Splits/test.sql#9:89669ef3,0.3333333333333333,0.3333333333333333,3,3,0.1111,structure
budget075@0,attr:Splits/train.sql#6:f6d3251f,0.4268292682926829,0.0,14,17,0.0,structure
budget075@0,attr:Splits/dev.sql#14:dba14859,0.7142857142857142,0.0,2,3,0.0,structure
budget075@0,attr:Splits/train.sql#53:b59f3915,0.0,0.0,4,9,0.0,structure
budget075@0,attr:Splits/test.sql#12:efd2b36a,0.0,0.0,4,7,0.0,structure
budget075@0,attr:Splits/train.sql#57:18795eef,0.15151515151515152,0.16666666666666666,5,7,0.0253,structure
budget075@0,attr:Splits/test.sql#9:5bc7e3e4,0.3333333333333333,0.0,11,1,0.0,structure
budget075@0,attr:Splits/train.sql#6:4c333532,0.4268292682926829,0.0,14,17,0.0,structure
budget075@0,attr:Splits/train.sql#45:fe8858e3,0.1388888888888889,0.0,4,8,0.0,structure
budget075@0,attr:Splits/train.sql#6:f342b748,0.4268292682926829,0.0,14,17,0.0,structure
budget075@0,attr:Splits/dev.sql#2:afe5e656,0.30303030303030304,0.06666666666666667,7,23,0.0202,structure
budget075@0,attr:Splits/train.sql#41:ce0c297d,0.6666666666666666,0.3333333333333333,3,3,0.2222,structure
budget075@0,attr:Splits/test.sql#7:133e088b,0.5555555555555556,0.6666666666666666,1,2,0.3704,structure
budget075@0,attr:Splits/train.sql#80:43566f2e,0.7142857142857142,0.8,2,3,0.5714,structure
budget075@0,attr:Splits/train.sql#9:02dbedba,0.3821656050955414,0.0,82,58,0.0,structure
budget075@0,attr:Splits/train.sql#17:867fdf49,0.4268292682926829,0.2580645161290323,14,17,0.1101,structure
budget075@0,attr:Splits/test.sql#12:8c237e5f,0.13513513513513511,0.0,5,8,0.0,structure
budget075@0,attr:Splits/train.sql#28:ab165c7a,0.625,0.4444444444444445,4,5,0.2778,structure
budget075@0,attr:Splits/train.sql#27:7f0a4eea,0.45454545454545453,0.0,2,5,0.0,structure
budget075@0,attr:Splits/dev.sql#2:eed40a53,0.6089743589743589,0.5217391304347826,40,29,0.3177,structure
budget075@0,attr:Splits/train.sql#80:2f03d063,0.7142857142857142,0.8,2,3,0.5714,structure
budget075@0,attr:Splits/train.sql#47:709932b1,0.13513513513513511,0.15384615384615385,5,8,0.0208,structure
budget075@0,attr:Splits/train.sql#4:4d653bee,0.3821656050955414,0.0,82,58,0.0,structure
budget075@0,attr:Splits/train.sql#42:a7be6267,0.13513513513513511,0.15384615384615385,5,8,0.0208,structure
budget075@0,attr:Splits/train.sql#46:c8acd9e6,0.7142857142857142,0.8,2,3,0.5714,structure
budget075@0,attr:Splits/test.sql#12:52e294e8,0.0,0.0,3,2,0.0,structure
budget075@0,attr:Splits/train.sql#9:920a4474,0.16853932584269662,0.0,31,59,0.0,structure
budget075@0,attr:Splits/train.sql#45:78fca263,0.0,0.0,4,7,0.0,structure
budget075@0,attr:Splits/train.sql#33:4c6694de,0.45454545454545453,0.28571428571428575,2,5,0.1299,structure
budget075@0,attr:Splits/train.sql#17:2380388b,0.4268292682926829,0.45161290322580644,14,17,0.1928,structure
budget075@0,attr:Splits/dev.sql#9:8557f23f,0.0,0.0,0,1,0.0,no rows
budget075@0,attr:Splits/train.sql#17:5179f971,0.4268292682926829,0.2580645161290323,14,17,0.1101,structure
budget075@0,attr:Splits/train.sql#36:9fa26c17,0.43478260869565216,0.25,3,5,0.1087,structure
budget075@0,attr:Splits/train.sql#33:6c8af8bc,0.45454545454545453,0.28571428571428575,2,5,0.1299,structure
budget075@0,attr:Splits/train.sql#62:7cbf2d97,0.13513513513513511,0.0,5,8,0.0,structure
budget075@0,attr:Splits/train.sql#49:4f3e7c6f,0.15151515151515152,0.16666666666666666,5,7,0.0253,structure
budget075@0,attr:Splits/train.sql#36:24bd9eda,0.43478260869565216,0.5,3,5,0.2174,structure
budget075@0,attr:Splits/train.sql#4:ba6e000a,0.6089743589743589,0.0,40,29,0.0,structure
budget075@0,attr:Splits/train.sql#57:7e4cd6ac,0.1282051282051282,0.0,7,8,0.0,structure
budget075@0,attr:Splits/test.sql#6:586cdd06,0.43478260869565216,0.25,3,5,0.1087,structure
budget075@0,attr:Splits/train.sql#78:e3b697cb,0.3846153846153846,0.0,1,3,0.0,structure
budget075@0,attr:Splits/train.sql#53:47c3dfc6,0.0,0.0,4,9,0.0,structure
budget075@0,attr:Splits/train.sql#36:6a27c9b5,0.43478260869565216,0.25,3,5,0.1087,structure
budget075@0,attr:Splits/train.sql#45:b0f929d0,0.0,0.0,3,2,0.0,structure
budget075@0,attr:Splits/train.sql#46:cf647aa6,0.6666666666666666,0.3333333333333333,3,3,0.2222,structure
budget075@0,attr:Splits/train.sql#49:beed0181,0.0,0.0,5,6,0.0,structure
budget075@0,attr:Splits/dev.sql#14:84e26a12,0.6666666666666666,0.0,3,3,0.0,structure
budget075@0,attr:Splits/test.sql#9:c12243ae,0.5,0.0,2,2,0.0,structure
budget075@0,attr:Splits/dev.sql#9:0976d6b5,0.0,0.0,0,1,0.0,no rows
budget075@0,attr:Splits/train.sql#42:36133d40,0.0,0.0,4,7,0.0,structure
budget075@0,attr:Splits/test.sql#6:7ed36ed4,0.625,0.4444444444444445,4,5,0.2778,structure
budget075@0,attr:Splits/train.sql#47:1239ef06,0.0,0.0,4,7,0.0,structure
budget075@0,attr:Splits/train.sql#9:dd83c82e,0.07352941176470588,0.0,4,16,0.0,structure
budget075@0,attr:Splits/train.sql#28:326b87f1,0.47619047619047616,0.33333333333333326,10,8,0.1587,structure
budget075@0,attr:Splits/train.sql#46:cad60d9e,0.7142857142857142,0.4,2,3,0.2857,structure
budget075@0,attr:Splits/dev.sql#14:6acd7b54,0.7142857142857142,0.0,2,3,0.0,structure
budget075@0,attr:Splits/train.sql#49:44ad8347,0.2127659574468085,0.11764705882352941,7,10,0.025,structure
budget075@0,attr:Splits/train.sql#78:62f97dfd,0.7142857142857142,0.0,2,3,0.0,structure
budget075@0,attr:Splits/train.sql#42:6b966dbf,0.0,0.0,3,2,0.0,structure
budget075@0,attr:Splits/train.sql#28:02ad1cdd,0.625,0.6666666666666665,4,5,0.4167,structure
budget075@0,attr:Splits/train.sql#27:79c3953e,0.48780487804878053,0.0,9,8,0.0,structure
budget075@0,attr:Splits/train.sql#4:56f19889,0.30303030303030304,0.0,7,23,0.0,structure
budget075@0,attr:Splits/train.sql#78:e9e539a7,0.7142857142857142,0.0,2,3,0.0,structure
budget075@0,attr:Splits/dev.sql#2:3d9ec4b5,0.07352941176470588,0.0,4,16,0.0,structure
budget075@0,attr:Splits/train.sql#62:9e25123e,0.0,0.0,4,7,0.0,structure
budget075@0,attr:Splits/test.sql#6:1f896440,0.625,0.6666666666666665,4,5,0.4167,structure
budget075@0,attr:Splits/train.sql#27:eae09d3e,0.45454545454545453,0.0,2,5,0.0,structure
budget075@0,attr:Splits/train.sql#47:cffaa90c,0.0,0.0,3,2,0.0,structure
budget075@0,attr:Splits/train.sql#57:bc0eda36,0.11904761904761904,0.13333333333333333,6,9,0.0159,structure
budget075@0,attr:Splits/train.sql#53:fb267f05,0.0,0.0,4,9,0.0,structure
budget075@0,attr:Splits/train.sql#62:f76dae6f,0.0,0.0,3,2,0.0,structure
budget075@0,attr:Splits/test.sql#7:0251f786,0.5555555555555556,0.6666666666666666,1,2,0.3704,structure
budget075@0,attr:Splits/train.sql#33:93b35e18,0.45454545454545453,0.28571428571428575,2,5,0.1299,structure
budget075@0,attr:Splits/dev.sql#9:bf2a0d62,0.0,0.0,0,1,0.0,no rows
budget075@0,attr:Splits/train.sql#80:549df246,0.7142857142857142,0.8,2,3,0.5714,structure
budget075@0,attr:Splits/test.sql#7:85426824,0.5555555555555556,0.0,1,2,0.0,structure
budget075@100,attr:Splits/test.sql#9:89669ef3,0.0,0.0,1,3,0.0,structure
budget075@100,attr:Splits/train.sql#6:f6d3251f,0.4268292682926829,0.0,14,17,0.0,structure
budget075@100,attr:Splits/dev.sql#14:dba14859,0.7142857142857142,0.0,2,3,0.0,structure
budget075@100,attr:Splits/train.sql#53:b59f3915,0.0,0.0,4,9,0.0,structure
budget075@100,attr:Splits/test.sql#12:efd2b36a,0.0,0.0,3,7,0.0,structure
budget075@100,attr:Splits/train.sql#57:18795eef,0.14705882352941174,0.15384615384615383,6,7,0.0226,structure
budget075@100,attr:Splits/test.sql#9:5bc7e3e4,0.35714285714285715,0.0,10,1,0.0,structure
budget075@100,attr:Splits/train.sql#6:4c333532,0.4268292682926829,0.0,14,17,0.0,structure
budget075@100,attr:Splits/train.sql#45:fe8858e3,0.13157894736842105,0.0,6,8,0.0,structure
budget075@100,attr:Splits/train.sql#6:f342b748,0.4268292682926829,0.0,14,17,0.0,structure
budget075@100,attr:Splits/dev.sql#2:afe5e656,0.5045871559633027,0.45,17,23,0.2271,structure
budget075@100,attr:Splits/train.sql#41:ce0c297d,0.5882352941176471,0.25,5,3,0.1471,structure
budget075@100,attr:Splits/test.sql#7:133e088b,0.5555555555555556,0.0,1,2,0.0,structure
budget075@100,attr:Splits/train.sql#80:43566f2e,0.7142857142857142,0.8,2,3,0.5714,structure
budget075@100,attr:Splits/train.sql#9:02dbedba,0.23809523809523808,0.0,62,58,0.0,structure
budget075@100,attr:Splits/train.sql#17:867fdf49,0.4268292682926829,0.2580645161290323,14,17,0.1101,structure
budget075@100,attr:Splits/test.sql#12:8c237e5f,0.40540540540540543,0.0,5,8,0.0,structure
budget075@100,attr:Splits/train.sql#28:ab165c7a,0.6521739130434783,0.5,3,5,0.3261,structure
budget075@100,attr:Splits/train.sql#27:7f0a4eea,0.45454545454545453,0.0,2,5,0.0,structure
budget075@100,attr:Splits/dev.sql#2:eed40a53,0.3793103448275862,0.3103448275862069,29,29,0.1177,structure
budget075@100,attr:Splits/train.sql#80:2f03d063,0.7142857142857142,0.8,2,3,0.5714,structure
budget075@100,attr:Splits/train.sql#47:709932b1,0.40540540540540543,0.3076923076923077,5,8,0.1247,structure
budget075@100,attr:Splits/train.sql#4:4d653bee,0.23809523809523808,0.0,62,58,0.0,structure
budget075@100,attr:Splits/train.sql#42:a7be6267,0.40540540540540543,0.3076923076923077,5,8,0.1247,structure
budget075@100,attr:Splits/train.sql#46:c8acd9e6,0.7142857142857142,0.4,2,3,0.2857,structure
budget075@100,attr:Splits/test.sql#12:52e294e8,0.0,0.0,2,2,0.0,structure
budget075@100,attr:Splits/train.sql#9:920a4474,0.11718750000000001,0.0,20,59,0.0,structure
budget075@100,attr:Splits/train.sql#45:78fca263,0.0,0.0,3,7,0.0,structure
budget075@100,attr:Splits/train.sql#33:4c6694de,0.45454545454545453,0.28571428571428575,2,5,0.1299,structure
budget075@100,attr:Splits/train.sql#17:2380388b,0.4268292682926829,0.2580645161290323,14,17,0.1101,structure
budget075@100,attr:Splits/dev.sql#9:8557f23f,0.0,0.0,0,1,0.0,no rows
budget075@100,attr:Splits/train.sql#17:5179f971,0.4268292682926829,0.3870967741935484,14,17,0.1652,structure
budget075@100,attr:Splits/train.sql#36:9fa26c17,0.43478260869565216,0.25,3,5,0.1087,structure
budget075@100,attr:Splits/train.sql#33:6c8af8bc,0.45454545454545453,0.28571428571428575,2,5,0.1299,structure
budget075@100,attr:Splits/train.sql#62:7cbf2d97,0.1388888888888889,0.0,4,8,0.0,structure
budget075@100,attr:Splits/train.sql#49:4f3e7c6f,0.14705882352941174,0.15384615384615383,6,7,0.0226,structure
budget075@100,attr:Splits/train.sql#36:24bd9eda,0.43478260869565216,0.5,3,5,0.2174,structure
budget075@100,attr:Splits/train.sql#4:ba6e000a,0.3472222222222222,0.0,28,29,0.0,structure
budget075@100,attr:Splits/train.sql#57:7e4cd6ac,0.0,0.0,7,8,0.0,structure
budget075@100,attr:Splits/test.sql#6:586cdd06,0.6521739130434783,0.5,3,5,0.3261,structure
budget075@100,attr:Splits/train.sql#78:e3b697cb,0.0,0.0,0,3,0.0,no rows
budget075@100,attr:Splits/train.sql#53:47c3dfc6,0.0,0.0,4,9,0.0,structure
budget075@100,attr:Splits/train.sql#36:6a27c9b5,0.43478260869565216,0.5,3,5,0.2174,structure
budget075@100,attr:Splits/train.sql#45:b0f929d0,0.0,0.0,2,2,0.0,structure
budget075@100,attr:Splits/train.sql#46:cf647aa6,0.5882352941176471,0.25,5,3,0.1471,structure
budget075@100,attr:Splits/train.sql#49:beed0181,0.0,0.0,6,6,0.0,structure
budget075@100,attr:Splits/dev.sql#14:84e26a12,0.5882352941176471,0.0,5,3,0.0,structure
budget075@100,attr:Splits/test.sql#9:c12243ae,0.0,0.0,0,2,0.0,no rows
budget075@100,attr:Splits/dev.sql#9:0976d6b5,0.0,0.0,0,1,0.0,no rows
budget075@100,attr:Splits/train.sql#42:36133d40,0.0,0.0,3,7,0.0,structure
budget075@100,attr:Splits/test.sql#6:7ed36ed4,0.45454545454545453,0.28571428571428575,2,5,0.1299,structure
budget075@100,attr:Splits/train.sql#47:1239ef06,0.0,0.0,3,7,0.0,structure
budget075@100,attr:Splits/train.sql#9:dd83c82e,0.14285714285714285,0.0,6,16,0.0,structure
budget075@100,attr:Splits/train.sql#28:326b87f1,0.4444444444444445,0.2857142857142857,13,8,0.127,structure
budget075@100,attr:Splits/train.sql#46:cad60d9e,0.7142857142857142,0.4,2,3,0.2857,structure
budget075@100,attr:Splits/dev.sql#14:6acd7b54,0.7142857142857142,0.0,2,3,0.0,structure
budget075@100,attr:Splits/train.sql#49:44ad8347,0.0,0.0,1,10,0.0,structure
budget075@100,attr:Splits/train.sql#78:62f97dfd,0.7142857142857142,0.0,2,3,0.0,structure
budget075@100,attr:Splits/train.sql#42:6b966dbf,0.0,0.0,2,2,0.0,structure
budget075@100,attr:Splits/train.sql#28:02ad1cdd,0.6521739130434783,0.5,3,5,0.3261,structure
budget075@100,attr:Splits/train.sql#27:79c3953e,0.45454545454545453,0.0,12,8,0.0,structure
budget075@100,attr:Splits/train.sql#4:56f19889,0.5045871559633027,0.0,17,23,0.0,structure
budget075@100,attr:Splits/train.sql#78:e9e539a7,0.7142857142857142,0.0,2,3,0.0,structure
budget075@100,attr:Splits/dev.sql#2:3d9ec4b5,0.14285714285714285,0.09090909090909091,6,16,0.013,structure
budget075@100,attr:Splits/train.sql#62:9e25123e,0.0,0.0,2,7,0.0,structure
budget075@100,attr:Splits/test.sql#6:1f896440,0.6521739130434783,0.5,3,5,0.3261,structure
budget075@100,attr:Splits/train.sql#27:eae09d3e,0.45454545454545453,0.0,2,5,0.0,structure
budget075@100,attr:Splits/train.sql#47:cffaa90c,0.0,0.0,2,2,0.0,structure
budget075@100,attr:Splits/train.sql#57:bc0eda36,0.0,0.0,1,9,0.0,structure
budget075@100,attr:Splits/train.sql#53:fb267f05,0.0,0.0,4,9,0.0,structure
budget075@100,attr:Splits/train.sql#62:f76dae6f,0.0,0.0,2,2,0.0,structure
budget075@100,attr:Splits/test.sql#7:0251f786,0.5555555555555556,0.0,1,2,0.0,structure
budget075@100,attr:Splits/train.sql#33:93b35e18,0.45454545454545453,0.28571428571428575,2,5,0.1299,structure
budget075@100,attr:Splits/dev.sql#9:bf2a0d62,0.0,0.0,0,1,0.0,no rows
budget075@100,attr:Splits/train.sql#80:549df246,0.3846153846153846,0.5,1,3,0.1923,structure
budget075@100,attr:Splits/test.sql#7:85426824,0.5555555555555556,0.0,1,2,0.0,structure
budget075@25,attr:Splits/test.sql#9:89669ef3,0.3333333333333333,0.3333333333333333,3,3,0.1111,structure
budget075@25,attr:Splits/train.sql#6:f6d3251f,0.4268292682926829,0.0,14,17,0.0,structure
budget075@25,attr:Splits/dev.sql#14:dba14859,0.7142857142857142,0.0,2,3,0.0,structure
budget075@25,attr:Splits/train.sql#53:b59f3915,0.0,0.0,4,9,0.0,structure
budget075@25,attr:Splits/test.sql#12:efd2b36a,0.0,0.0,4,7,0.0,structure
budget075@25,attr:Splits/train.sql#57:18795eef,0.15151515151515152,0.16666666666666666,5,7,0.0253,structure
budget075@25,attr:Splits/test.sql#9:5bc7e3e4,0.3333333333333333,0.0,11,1,0.0,structure
budget075@25,attr:Splits/train.sql#6:4c333532,0.4268292682926829,0.0,14,17,0.0,structure
budget075@25,attr:Splits/train.sql#45:fe8858e3,0.1388888888888889,0.0,4,8,0.0,structure
budget075@25,attr:Splits/train.sql#6:f342b748,0.4268292682926829,0.0,14,17,0.0,structure
budget075@25,attr:Splits/dev.sql#2:afe5e656,0.30303030303030304,0.06666666666666667,7,23,0.0202,structure
budget075@25,attr:Splits/train.sql#41:ce0c297d,0.6666666666666666,0.3333333333333333,3,3,0.2222,structure
budget075@25,attr:Splits/test.sql#7:133e088b,0.5555555555555556,0.0,1,2,0.0,structure
budget075@25,attr:Splits/train.sql#80:43566f2e,0.7142857142857142,0.8,2,3,0.5714,structure
budget075@25,attr:Splits/train.sql#9:02dbedba,0.23809523809523808,0.0,62,58,0.0,structure
budget075@25,attr:Splits/train.sql#17:867fdf49,0.4268292682926829,0.2580645161290323,14,17,0.1101,structure
budget075@25,attr:Splits/test.sql#12:8c237e5f,0.13513513513513511,0.0,5,8,0.0,structure
budget075@25,attr:Splits/train.sql#28:ab165c7a,0.625,0.4444444444444445,4,5,0.2778,structure
budget075@25,attr:Splits/train.sql#27:7f0a4eea,0.45454545454545453,0.0,2,5,0.0,structure
budget075@25,attr:Splits/dev.sql#2:eed40a53,0.6089743589743589,0.5217391304347826,40,29,0.3177,structure
budget075@25,attr:Splits/train.sql#80:2f03d063,0.7142857142857142,0.8,2,3,0.5714,structure
budget075@25,attr:Splits/train.sql#47:709932b1,0.13513513513513511,0.15384615384615385,5,8,0.0208,structure
budget075@25,attr:Splits/train.sql#4:4d653bee,0.23809523809523808,0.0,62,58,0.0,structure
budget075@25,attr:Splits/train.sql#42:a7be6267,0.13513513513513511,0.15384615384615385,5,8,0.0208,structure
budget075@25,attr:Splits/train.sql#46:c8acd9e6,0.7142857142857142,0.8,2,3,0.5714,structure
budget075@25,attr:Splits/test.sql#12:52e294e8,0.0,0.0,3,2,0.0,structure
budget075@25,attr:Splits/train.sql#9:920a4474,0.16853932584269662,0.0,31,59,0.0,structure
budget075@25,attr:Splits/train.sql#45:78fca263,0.0,0.0,4,7,0.0,structure
budget075@25,attr:Splits/train.sql#33:4c6694de,0.45454545454545453,0.28571428571428575,2,5,0.1299,structure
budget075@25,attr:Splits/train.sql#17:2380388b,0.4268292682926829,0.2580645161290323,14,17,0.1101,structure
budget075@25,attr:Splits/dev.sql#9:8557f23f,0.0,0.0,0,1,0.0,no rows
budget075@25,attr:Splits/train.sql#17:5179f971,0.4268292682926829,0.1935483870967742,14,17,0.0826,structure
budget075@25,attr:Splits/train.sql#36:9fa26c17,0.43478260869565216,0.25,3,5,0.1087,structure
budget075@25,attr:Splits/train.sql#33:6c8af8bc,0.45454545454545453,0.28571428571428575,2,5,0.1299,structure
budget075@25,attr:Splits/train.sql#62:7cbf2d97,0.13513513513513511,0.0,5,8,0.0,structure
budget075@25,attr:Splits/train.sql#49:4f3e7c6f,0.15151515151515152,0.16666666666666666,5,7,0.0253,structure
budget075@25,attr:Splits/train.sql#36:24bd9eda,0.43478260869565216,0.5,3,5,0.2174,structure
budget075@25,attr:Splits/train.sql#4:ba6e000a,0.6089743589743589,0.0,40,29,0.0,structure
budget075@25,attr:Splits/train.sql#57:7e4cd6ac,0.0,0.0,7,8,0.0,structure
budget075@25,attr:Splits/test.sql#6:586cdd06,0.43478260869565216,0.25,3,5,0.1087,structure
budget075@25,attr:Splits/train.sql#78:e3b697cb,0.3846153846153846,0.0,1,3,0.0,structure
budget075@25,attr:Splits/train.sql#53:47c3dfc6,0.0,0.0,4,9,0.0,structure
budget075@25,attr:Splits/train.sql#36:6a27c9b5,0.43478260869565216,0.25,3,5,0.1087,structure
budget075@25,attr:Splits/train.sql#45:b0f929d0,0.0,0.0,3,2,0.0,structure
budget075@25,attr:Splits/train.sql#46:cf647aa6,0.6666666666666666,0.3333333333333333,3,3,0.2222,structure
budget075@25,attr:Splits/train.sql#49:beed0181,0.0,0.0,6,6,0.0,structure
budget075@25,attr:Splits/dev.sql#14:84e26a12,0.6666666666666666,0.0,3,3,0.0,structure
budget075@25,attr:Splits/test.sql#9:c12243ae,0.0,0.0,0,2,0.0,no rows
budget075@25,attr:Splits/dev.sql#9:0976d6b5,0.0,0.0,0,1,0.0,no rows
budget075@25,attr:Splits/train.sql#42:36133d40,0.0,0.0,4,7,0.0,structure
budget075@25,attr:Splits/test.sql#6:7ed36ed4,0.45454545454545453,0.28571428571428575,2,5,0.1299,structure
budget075@25,attr:Splits/train.sql#47:1239ef06,0.0,0.0,4,7,0.0,structure
budget075@25,attr:Splits/train.sql#9:dd83c82e,0.07352941176470588,0.0,4,16,0.0,structure
budget075@25,attr:Splits/train.sql#28:326b87f1,0.47619047619047616,0.33333333333333326,10,8,0.1587,structure
budget075@25,attr:Splits/train.sql#46:cad60d9e,0.7142857142857142,0.4,2,3,0.2857,structure
budget075@25,attr:Splits/dev.sql#14:6acd7b54,0.7142857142857142,0.0,2,3,0.0,structure
budget075@25,attr:Splits/train.sql#49:44ad8347,0.2127659574468085,0.11764705882352941,7,10,0.025,structure
budget075@25,attr:Splits/train.sql#78:62f97dfd,0.7142857142857142,0.0,2,3,0.0,structure
budget075@25,attr:Splits/train.sql#42:6b966dbf,0.0,0.0,3,2,0.0,structure
budget075@25,attr:Splits/train.sql#28:02ad1cdd,0.625,0.6666666666666665,4,5,0.4167,structure
budget075@25,attr:Splits/train.sql#27:79c3953e,0.48780487804878053,0.0,9,8,0.0,structure
budget075@25,attr:Splits/train.sql#4:56f19889,0.30303030303030304,0.0,7,23,0.0,structure
budget075@25,attr:Splits/train.sql#78:e9e539a7,0.7142857142857142,0.0,2,3,0.0,structure
budget075@25,attr:Splits/dev.sql#2:3d9ec4b5,0.07352941176470588,0.0,4,16,0.0,structure
budget075@25,attr:Splits/train.sql#62:9e25123e,0.0,0.0,4,7,0.0,structure
budget075@25,attr:Splits/test.sql#6:1f896440,0.625,0.6666666666666665,4,5,0.4167,structure
budget075@25,attr:Splits/train.sql#27:eae09d3e,0.45454545454545453,0.0,2,5,0.0,structure
budget075@25,attr:Splits/train.sql#47:cffaa90c,0.0,0.0,3,2,0.0,structure
budget075@25,attr:Splits/train.sql#57:bc0eda36,0.0,0.0,5,9,0.0,structure
budget075@25,attr:Splits/train.sql#53:fb267f05,0.0,0.0,4,9,0.0,structure
budget075@25,attr:Splits/train.sql#62:f76dae6f,0.0,0.0,3,2,0.0,structure
budget075@25,attr:Splits/test.sql#7:0251f786,0.5555555555555556,0.6666666666666666,1,2,0.3704,structure
budget075@25,attr:Splits/train.sql#33:93b35e18,0.45454545454545453,0.28571428571428575,2,5,0.1299,structure
budget075@25,attr:Splits/dev.sql#9:bf2a0d62,0.0,0.0,0,1,0.0,no rows
budget075@25,attr:Splits/train.sql#80:549df246,0.7142857142857142,0.8,2,3,0.5714,structure
budget075@25,attr:Splits/test.sql#7:85426824,0.5555555555555556,0.0,1,2,0.0,structure
budget075@50,attr:Splits/test.sql#9:89669ef3,0.3333333333333333,0.3333333333333333,3,3,0.1111,structure
budget075@50,attr:Splits/train.sql#6:f6d3251f,0.4268292682926829,0.0,14,17,0.0,structure
budget075@50,attr:Splits/dev.sql#14:dba14859,0.7142857142857142,0.0,2,3,0.0,structure
budget075@50,attr:Splits/train.sql#53:b59f3915,0.0,0.0,4,9,0.0,structure
budget075@50,attr:Splits/test.sql#12:efd2b36a,0.0,0.0,4,7,0.0,structure
budget075@50,attr:Splits/train.sql#57:18795eef,0.14705882352941174,0.15384615384615383,6,7,0.0226,structure
budget075@50,attr:Splits/test.sql#9:5bc7e3e4,0.3333333333333333,0.0,11,1,0.0,structure
budget075@50,attr:Splits/train.sql#6:4c333532,0.4268292682926829,0.0,14,17,0.0,structure
budget075@50,attr:Splits/train.sql#45:fe8858e3,0.1388888888888889,0.0,4,8,0.0,structure
budget075@50,attr:Splits/train.sql#6:f342b748,0.4268292682926829,0.0,14,17,0.0,structure
budget075@50,attr:Splits/dev.sql#2:afe5e656,0.5045871559633027,0.45,17,23,0.2271,structure
budget075@50,attr:Splits/train.sql#41:ce0c297d,0.6666666666666666,0.3333333333333333,3,3,0.2222,structure
budget075@50,attr:Splits/test.sql#7:133e088b,0.5555555555555556,0.0,1,2,0.0,structure
budget075@50,attr:Splits/train.sql#80:43566f2e,0.7142857142857142,0.8,2,3,0.5714,structure
budget075@50,attr:Splits/train.sql#9:02dbedba,0.23809523809523808,0.0,62,58,0.0,structure
budget075@50,attr:Splits/train.sql#17:867fdf49,0.4268292682926829,0.2580645161290323,14,17,0.1101,structure
budget075@50,attr:Splits/test.sql#12:8c237e5f,0.40540540540540543,0.0,5,8,0.0,structure
budget075@50,attr:Splits/train.sql#28:ab165c7a,0.625,0.4444444444444445,4,5,0.2778,structure
budget075@50,attr:Splits/train.sql#27:7f0a4eea,0.45454545454545453,0.0,2,5,0.0,structure
budget075@50,attr:Splits/dev.sql#2:eed40a53,0.6089743589743589,0.5217391304347826,40,29,0.3177,structure
budget075@50,attr:Splits/train.sql#80:2f03d063,0.7142857142857142,0.8,2,3,0.5714,structure
budget075@50,attr:Splits/train.sql#47:709932b1,0.40540540540540543,0.3076923076923077,5,8,0.1247,structure
budget075@50,attr:Splits/train.sql#4:4d653bee,0.23809523809523808,0.0,62,58,0.0,structure
budget075@50,attr:Splits/train.sql#42:a7be6267,0.40540540540540543,0.3076923076923077,5,8,0.1247,structure
budget075@50,attr:Splits/train.sql#46:c8acd9e6,0.7142857142857142,0.8,2,3,0.5714,structure
budget075@50,attr:Splits/test.sql#12:52e294e8,0.0,0.0,3,2,0.0,structure
budget075@50,attr:Splits/train.sql#9:920a4474,0.16853932584269662,0.0,31,59,0.0,structure
budget075@50,attr:Splits/train.sql#45:78fca263,0.0,0.0,4,7,0.0,structure
budget075@50,attr:Splits/train.sql#33:4c6694de,0.45454545454545453,0.28571428571428575,2,5,0.1299,structure
budget075@50,attr:Splits/train.sql#17:2380388b,0.4268292682926829,0.2580645161290323,14,17,0.1101,structure
budget075@50,attr:Splits/dev.sql#9:8557f23f,0.0,0.0,0,1,0.0,no rows
budget075@50,attr:Splits/train.sql#17:5179f971,0.4268292682926829,0.1935483870967742,14,17,0.0826,structure
budget075@50,attr:Splits/train.sql#36:9fa26c17,0.43478260869565216,0.25,3,5,0.1087,structure
budget075@50,attr:Splits/train.sql#33:6c8af8bc,0.45454545454545453,0.28571428571428575,2,5,0.1299,structure
budget075@50,attr:Splits/train.sql#62:7cbf2d97,0.1388888888888889,0.0,4,8,0.0,structure
budget075@50,attr:Splits/train.sql#49:4f3e7c6f,0.14705882352941174,0.15384615384615383,6,7,0.0226,structure
budget075@50,attr:Splits/train.sql#36:24bd9eda,0.43478260869565216,0.5,3,5,0.2174,structure
budget075@50,attr:Splits/train.sql#4:ba6e000a,0.6089743589743589,0.0,40,29,0.0,structure
budget075@50,attr:Splits/train.sql#57:7e4cd6ac,0.0,0.0,7,8,0.0,structure
budget075@50,attr:Splits/test.sql#6:586cdd06,0.43478260869565216,0.25,3,5,0.1087,structure
budget075@50,attr:Splits/train.sql#78:e3b697cb,0.3846153846153846,0.0,1,3,0.0,structure
budget075@50,attr:Splits/train.sql#53:47c3dfc6,0.0,0.0,4,9,0.0,structure
budget075@50,attr:Splits/train.sql#36:6a27c9b5,0.43478260869565216,0.5,3,5,0.2174,structure
budget075@50,attr:Splits/train.sql#45:b0f929d0,0.0,0.0,3,2,0.0,structure
budget075@50,attr:Splits/train.sql#46:cf647aa6,0.6666666666666666,0.3333333333333333,3,3,0.2222,structure
budget075@50,attr:Splits/train.sql#49:beed0181,0.0,0.0,6,6,0.0,structure
budget075@50,attr:Splits/dev.sql#14:84e26a12,0.6666666666666666,0.0,3,3,0.0,structure
budget075@50,attr:Splits/test.sql#9:c12243ae,0.0,0.0,0,2,0.0,no rows
budget075@50,attr:Splits/dev.sql#9:0976d6b5,0.0,0.0,0,1,0.0,no rows
budget075@50,attr:Splits/train.sql#42:36133d40,0.0,0.0,4,7,0.0,structure
budget075@50,attr:Splits/test.sql#6:7ed36ed4,0.45454545454545453,0.28571428571428575,2,5,0.1299,structure
budget075@50,attr:Splits/train.sql#47:1239ef06,0.0,0.0,4,7,0.0,structure
budget075@50,attr:Splits/train.sql#9:dd83c82e,0.07352941176470588,0.0,4,16,0.0,structure
budget075@50,attr:Splits/train.sql#28:326b87f1,0.47619047619047616,0.33333333333333326,10,8,0.1587,structure
budget075@50,attr:Splits/train.sql#46:cad60d9e,0.7142857142857142,0.4,2,3,0.2857,structure
budget075@50,attr:Splits/dev.sql#14:6acd7b54,0.7142857142857142,0.0,2,3,0.0,structure
budget075@50,attr:Splits/train.sql#49:44ad8347,0.2127659574468085,0.11764705882352941,7,10,0.025,structure
budget075@50,attr:Splits/train.sql#78:62f97dfd,0.7142857142857142,0.0,2,3,0.0,structure
budget075@50,attr:Splits/train.sql#42:6b966dbf,0.0,0.0,3,2,0.0,structure
budget075@50,attr:Splits/train.sql#28:02ad1cdd,0.625,0.6666666666666665,4,5,0.4167,structure
budget075@50,attr:Splits/train.sql#27:79c3953e,0.48780487804878053,0.0,9,8,0.0,structure
budget075@50,attr:Splits/train.sql#4:56f19889,0.5045871559633027,0.0,17,23,0.0,structure
budget075@50,attr:Splits/train.sql#78:e9e539a7,0.7142857142857142,0.0,2,3,0.0,structure
budget075@50,attr:Splits/dev.sql#2:3d9ec4b5,0.07352941176470588,0.0,4,16,0.0,structure
budget075@50,attr:Splits/train.sql#62:9e25123e,0.0,0.0,4,7,0.0,structure
budget075@50,attr:Splits/test.sql#6:1f896440,0.625,0.6666666666666665,4,5,0.4167,structure
budget075@50,attr:Splits/train.sql#27:eae09d3e,0.45454545454545453,0.0,2,5,0.0,structure
budget075@50,attr:Splits/train.sql#47:cffaa90c,0.0,0.0,3,2,0.0,structure
budget075@50,attr:Splits/train.sql#57:bc0eda36,0.0,0.0,5,9,0.0,structure
budget075@50,attr:Splits/train.sql#53:fb267f05,0.0,0.0,4,9,0.0,structure
budget075@50,attr:Splits/train.sql#62:f76dae6f,0.0,0.0,3,2,0.0,structure
budget075@50,attr:Splits/test.sql#7:0251f786,0.5555555555555556,0.6666666666666666,1,2,0.3704,structure
budget075@50,attr:Splits/train.sql#33:93b35e18,0.45454545454545453,0.28571428571428575,2,5,0.1299,structure
budget075@50,attr:Splits/dev.sql#9:bf2a0d62,0.0,0.0,0,1,0.0,no rows
budget075@50,attr:Splits/train.sql#80:549df246,0.7142857142857142,0.8,2,3,0.5714,structure
budget075@50,attr:Splits/test.sql#7:85426824,0.5555555555555556,0.0,1,2,0.0,structure
budget075@75,attr:Splits/test.sql#9:89669ef3,0.0,0.0,1,3,0.0,structure
budget075@75,attr:Splits/train.sql#6:f6d3251f,0.4268292682926829,0.0,14,17,0.0,structure
budget075@75,attr:Splits/dev.sql#14:dba14859,0.7142857142857142,0.0,2,3,0.0,structure
budget075@75,attr:Splits/train.sql#53:b59f3915,0.0,0.0,4,9,0.0,structure
budget075@75,attr:Splits/test.sql#12:efd2b36a,0.0,0.0,3,7,0.0,structure
budget075@75,attr:Splits/train.sql#57:18795eef,0.14705882352941174,0.15384615384615383,6,7,0.0226,structure
budget075@75,attr:Splits/test.sql#9:5bc7e3e4,0.3333333333333333,0.0,11,1,0.0,structure
budget075@75,attr:Splits/train.sql#6:4c333532,0.4268292682926829,0.0,14,17,0.0,structure
budget075@75,attr:Splits/train.sql#45:fe8858e3,0.1388888888888889,0.0,4,8,0.0,structure
budget075@75,attr:Splits/train.sql#6:f342b748,0.4268292682926829,0.0,14,17,0.0,structure
budget075@75,attr:Splits/dev.sql#2:afe5e656,0.5045871559633027,0.45,17,23,0.2271,structure
budget075@75,attr:Splits/train.sql#41:ce0c297d,0.5882352941176471,0.25,5,3,0.1471,structure
budget075@75,attr:Splits/test.sql#7:133e088b,0.5555555555555556,0.0,1,2,0.0,structure
budget075@75,attr:Splits/train.sql#80:43566f2e,0.7142857142857142,0.8,2,3,0.5714,structure
budget075@75,attr:Splits/train.sql#9:02dbedba,0.23809523809523808,0.0,62,58,0.0,structure
budget075@75,attr:Splits/train.sql#17:867fdf49,0.4268292682926829,0.2580645161290323,14,17,0.1101,structure
budget075@75,attr:Splits/test.sql#12:8c237e5f,0.40540540540540543,0.0,5,8,0.0,structure
budget075@75,attr:Splits/train.sql#28:ab165c7a,0.625,0.4444444444444445,4,5,0.2778,structure
budget075@75,attr:Splits/train.sql#27:7f0a4eea,0.45454545454545453,0.0,2,5,0.0,structure
budget075@75,attr:Splits/dev.sql#2:eed40a53,0.3793103448275862,0.3103448275862069,29,29,0.1177,structure
budget075@75,attr:Splits/train.sql#80:2f03d063,0.7142857142857142,0.8,2,3,0.5714,structure
budget075@75,attr:Splits/train.sql#47:709932b1,0.40540540540540543,0.3076923076923077,5,8,0.1247,structure
budget075@75,attr:Splits/train.sql#4:4d653bee,0.23809523809523808,0.0,62,58,0.0,structure
budget075@75,attr:Splits/train.sql#42:a7be6267,0.40540540540540543,0.3076923076923077,5,8,0.1247,structure
budget075@75,attr:Splits/train.sql#46:c8acd9e6,0.7142857142857142,0.4,2,3,0.2857,structure
budget075@75,attr:Splits/test.sql#12:52e294e8,0.0,0.0,3,2,0.0,structure
budget075@75,attr:Splits/train.sql#9:920a4474,0.16853932584269662,0.0,31,59,0.0,structure
budget075@75,attr:Splits/train.sql#45:78fca263,0.0,0.0,3,7,0.0,structure
budget075@75,attr:Splits/train.sql#33:4c6694de,0.45454545454545453,0.28571428571428575,2,5,0.1299,structure
budget075@75,attr:Splits/train.sql#17:2380388b,0.4268292682926829,0.2580645161290323,14,17,0.1101,structure
budget075@75,attr:Splits/dev.sql#9:8557f23f,0.0,0.0,0,1,0.0,no rows
budget075@75,attr:Splits/train.sql#17:5179f971,0.4268292682926829,0.1935483870967742,14,17,0.0826,structure
budget075@75,attr:Splits/train.sql#36:9fa26c17,0.43478260869565216,0.25,3,5,0.1087,structure
budget075@75,attr:Splits/train.sql#33:6c8af8bc,0.45454545454545453,0.28571428571428575,2,5,0.1299,structure
budget075@75,attr:Splits/train.sql#62:7cbf2d97,0.1388888888888889,0.0,4,8,0.0,structure
budget075@75,attr:Splits/train.sql#49:4f3e7c6f,0.14705882352941174,0.15384615384615383,6,7,0.0226,structure
budget075@75,attr:Splits/train.sql#36:24bd9eda,0.43478260869565216,0.5,3,5,0.2174,structure
budget075@75,attr:Splits/train.sql#4:ba6e000a,0.3472222222222222,0.0,28,29,0.0,structure
budget075@75,attr:Splits/train.sql#57:7e4cd6ac,0.0,0.0,7,8,0.0,structure
budget075@75,attr:Splits/test.sql#6:586cdd06,0.43478260869565216,0.25,3,5,0.1087,structure
budget075@75,attr:Splits/train.sql#78:e3b697cb,0.3846153846153846,0.0,1,3,0.0,structure
budget075@75,attr:Splits/train.sql#53:47c3dfc6,0.0,0.0,4,9,0.0,structure
budget075@75,attr:Splits/train.sql#36:6a27c9b5,0.43478260869565216,0.5,3,5,0.2174,structure
budget075@75,attr:Splits/train.sql#45:b0f929d0,0.0,0.0,3,2,0.0,structure
budget075@75,attr:Splits/train.sql#46:cf647aa6,0.5882352941176471,0.25,5,3,0.1471,structure
budget075@75,attr:Splits/train.sql#49:beed0181,0.0,0.0,6,6,0.0,structure
budget075@75,attr:Splits/dev.sql#14:84e26a12,0.5882352941176471,0.0,5,3,0.0,structure
budget075@75,attr:Splits/test.sql#9:c12243ae,0.0,0.0,0,2,0.0,no rows
budget075@75,attr:Splits/dev.sql#9:0976d6b5,0.0,0.0,0,1,0.0,no rows
budget075@75,attr:Splits/train.sql#42:36133d40,0.0,0.0,3,7,0.0,structure
budget075@75,attr:Splits/test.sql#6:7ed36ed4,0.45454545454545453,0.28571428571428575,2,5,0.1299,structure
budget075@75,attr:Splits/train.sql#47:1239ef06,0.0,0.0,3,7,0.0,structure
budget075@75,attr:Splits/train.sql#9:dd83c82e,0.07352941176470588,0.0,4,16,0.0,structure
budget075@75,attr:Splits/train.sql#28:326b87f1,0.4444444444444445,0.2857142857142857,13,8,0.127,structure
budget075@75,attr:Splits/train.sql#46:cad60d9e,0.7142857142857142,0.4,2,3,0.2857,structure
budget075@75,attr:Splits/dev.sql#14:6acd7b54,0.7142857142857142,0.0,2,3,0.0,structure
budget075@75,attr:Splits/train.sql#49:44ad8347,0.2127659574468085,0.11764705882352941,7,10,0.025,structure
budget075@75,attr:Splits/train.sql#78:62f97dfd,0.7142857142857142,0.0,2,3,0.0,structure
budget075@75,attr:Splits/train.sql#42:6b966dbf,0.0,0.0,3,2,0.0,structure
budget075@75,attr:Splits/train.sql#28:02ad1cdd,0.6521739130434783,0.5,3,5,0.3261,structure
budget075@75,attr:Splits/train.sql#27:79c3953e,0.45454545454545453,0.0,12,8,0.0,structure
budget075@75,attr:Splits/train.sql#4:56f19889,0.5045871559633027,0.0,17,23,0.0,structure
budget075@75,attr:Splits/train.sql#78:e9e539a7,0.7142857142857142,0.0,2,3,0.0,structure
budget075@75,attr:Splits/dev.sql#2:3d9ec4b5,0.07352941176470588,0.0,4,16,0.0,structure
budget075@75,attr:Splits/train.sql#62:9e25123e,0.0,0.0,2,7,0.0,structure
budget075@75,attr:Splits/test.sql#6:1f896440,0.6521739130434783,0.5,3,5,0.3261,structure
budget075@75,attr:Splits/train.sql#27:eae09d3e,0.45454545454545453,0.0,2,5,0.0,structure
budget075@75,attr:Splits/train.sql#47:cffaa90c,0.0,0.0,3,2,0.0,structure
budget075@75,attr:Splits/train.sql#57:bc0eda36,0.0,0.0,5,9,0.0,structure
budget075@75,attr:Splits/train.sql#53:fb267f05,0.0,0.0,4,9,0.0,structure
budget075@75,attr:Splits/train.sql#62:f76dae6f,0.0,0.0,3,2,0.0,structure
budget075@75,attr:Splits/test.sql#7:0251f786,0.5555555555555556,0.6666666666666666,1,2,0.3704,structure
budget075@75,attr:Splits/train.sql#33:93b35e18,0.45454545454545453,0.28571428571428575,2,5,0.1299,structure
budget075@75,attr:Splits/dev.sql#9:bf2a0d62,0.0,0.0,0,1,0.0,no rows
budget075@75,attr:Splits/train.sql#80:549df246,0.7142857142857142,0.8,2,3,0.5714,structure
budget075@75,attr:Splits/test.sql#7:85426824,0.5555555555555556,0.0,1,2,0.0,structure
budget100@0,attr:Splits/test.sql#9:89669ef3,0.3333333333333333,0.3333333333333333,3,3,0.1111,structure
budget100@0,attr:Splits/train.sql#6:f6d3251f,0.4268292682926829,0.0,14,17,0.0,structure
budget100@0,attr:Splits/dev.sql#14:dba14859,0.7142857142857142,0.0,2,3,0.0,structure
budget100@0,attr:Splits/train.sql#53:b59f3915,0.0,0.0,4,9,0.0,structure
budget100@0,attr:Splits/test.sql#12:efd2b36a,0.0,0.0,4,7,0.0,structure
budget100@0,attr:Splits/train.sql#57:18795eef,0.15151515151515152,0.16666666666666666,5,7,0.0253,structure
budget100@0,attr:Splits/test.sql#9:5bc7e3e4,0.3333333333333333,0.0,11,1,0.0,structure
budget100@0,attr:Splits/train.sql#6:4c333532,0.4268292682926829,0.0,14,17,0.0,structure
budget100@0,attr:Splits/train.sql#45:fe8858e3,0.1388888888888889,0.0,4,8,0.0,structure
budget100@0,attr:Splits/train.sql#6:f342b748,0.4268292682926829,0.0,14,17,0.0,structure
budget100@0,attr:Splits/dev.sql#2:afe5e656,0.30303030303030304,0.06666666666666667,7,23,0.0202,structure
budget100@0,attr:Splits/train.sql#41:ce0c297d,0.6666666666666666,0.3333333333333333,3,3,0.2222,structure
budget100@0,attr:Splits/test.sql#7:133e088b,0.5555555555555556,0.6666666666666666,1,2,0.3704,structure
budget100@0,attr:Splits/train.sql#80:43566f2e,0.7142857142857142,0.8,2,3,0.5714,structure
budget100@0,attr:Splits/train.sql#9:02dbedba,0.3821656050955414,0.0,82,58,0.0,structure
budget100@0,attr:Splits/train.sql#17:867fdf49,0.4268292682926829,0.2580645161290323,14,17,0.1101,structure
budget100@0,attr:Splits/test.sql#12:8c237e5f,0.13513513513513511,0.0,5,8,0.0,structure
budget100@0,attr:Splits/train.sql#28:ab165c7a,0.625,0.4444444444444445,4,5,0.2778,structure
budget100@0,attr:Splits/train.sql#27:7f0a4eea,0.45454545454545453,0.0,2,5,0.0,structure
budget100@0,attr:Splits/dev.sql#2:eed40a53,0.6089743589743589,0.5217391304347826,40,29,0.3177,structure
budget100@0,attr:Splits/train.sql#80:2f03d063,0.7142857142857142,0.8,2,3,0.5714,structure
budget100@0,attr:Splits/train.sql#47:709932b1,0.13513513513513511,0.15384615384615385,5,8,0.0208,structure
budget100@0,attr:Splits/train.sql#4:4d653bee,0.3821656050955414,0.0,82,58,0.0,structure
budget100@0,attr:Splits/train.sql#42:a7be6267,0.13513513513513511,0.15384615384615385,5,8,0.0208,structure
budget100@0,attr:Splits/train.sql#46:c8acd9e6,0.7142857142857142,0.8,2,3,0.5714,structure
budget100@0,attr:Splits/test.sql#12:52e294e8,0.0,0.0,3,2,0.0,structure
budget100@0,attr:Splits/train.sql#9:920a4474,0.16853932584269662,0.0,31,59,0.0,structure
budget100@0,attr:Splits/train.sql#45:78fca263,0.0,0.0,4,7,0.0,structure
budget100@0,attr:Splits/train.sql#33:4c6694de,0.45454545454545453,0.28571428571428575,2,5,0.1299,structure
budget100@0,attr:Splits/train.sql#17:2380388b,0.4268292682926829,0.45161290322580644,14,17,0.1928,structure
budget100@0,attr:Splits/dev.sql#9:8557f23f,0.0,0.0,0,1,0.0,no rows
budget100@0,attr:Splits/train.sql#17:5179f971,0.4268292682926829,0.2580645161290323,14,17,0.1101,structure
budget100@0,attr:Splits/train.sql#36:9fa26c17,0.43478260869565216,0.25,3,5,0.1087,structure
budget100@0,attr:Splits/train.sql#33:6c8af8bc,0.45454545454545453,0.28571428571428575,2,5,0.1299,structure
budget100@0,attr:Splits/train.sql#62:7cbf2d97,0.13513513513513511,0.0,5,8,0.0,structure
budget100@0,attr:Splits/train.sql#49:4f3e7c6f,0.15151515151515152,0.16666666666666666,5,7,0.0253,structure
budget100@0,attr:Splits/train.sql#36:24bd9eda,0.43478260869565216,0.5,3,5,0.2174,structure
budget100@0,attr:Splits/train.sql#4:ba6e000a,0.6089743589743589,0.0,40,29,0.0,structure
budget100@0,attr:Splits/train.sql#57:7e4cd6ac,0.1282051282051282,0.0,7,8,0.0,structure
budget100@0,attr:Splits/test.sql#6:586cdd06,0.43478260869565216,0.25,3,5,0.1087,structure
budget100@0,attr:Splits/train.sql#78:e3b697cb,0.3846153846153846,0.0,1,3,0.0,structure
budget100@0,attr:Splits/train.sql#53:47c3dfc6,0.0,0.0,4,9,0.0,structure
budget100@0,attr:Splits/train.sql#36:6a27c9b5,0.43478260869565216,0.25,3,5,0.1087,structure
budget100@0,attr:Splits/train.sql#45:b0f929d0,0.0,0.0,3,2,0.0,structure
budget100@0,attr:Splits/train.sql#46:cf647aa6,0.6666666666666666,0.3333333333333333,3,3,0.2222,structure
budget100@0,attr:Splits/train.sql#49:beed0181,0.0,0.0,5,6,0.0,structure
budget100@0,attr:Splits/dev.sql#14:84e26a12,0.6666666666666666,0.0,3,3,0.0,structure
budget100@0,attr:Splits/test.sql#9:c12243ae,0.5,0.0,2,2,0.0,structure
budget100@0,attr:Splits/dev.sql#9:0976d6b5,0.0,0.0,0,1,0.0,no rows
budget100@0,attr:Splits/train.sql#42:36133d40,0.0,0.0,4,7,0.0,structure
budget100@0,attr:Splits/test.sql#6:7ed36ed4,0.625,0.4444444444444445,4,5,0.2778,structure
budget100@0,attr:Splits/train.sql#47:1239ef06,0.0,0.0,4,7,0.0,structure
budget100@0,attr:Splits/train.sql#9:dd83c82e,0.07352941176470588,0.0,4,16,0.0,structure
budget100@0,attr:Splits/train.sql#28:326b87f1,0.47619047619047616,0.33333333333333326,10,8,0.1587,structure
budget100@0,attr:Splits/train.sql#46:cad60d9e,0.7142857142857142,0.4,2,3,0.2857,structure
budget100@0,attr:Splits/dev.sql#14:6acd7b54,0.7142857142857142,0.0,2,3,0.0,structure
budget100@0,attr:Splits/train.sql#49:44ad8347,0.2127659574468085,0.11764705882352941,7,10,0.025,structure
budget100@0,attr:Splits/train.sql#78:62f97dfd,0.7142857142857142,0.0,2,3,0.0,structure
budget100@0,attr:Splits/train.sql#42:6b966dbf,0.0,0.0,3,2,0.0,structure
budget100@0,attr:Splits/train.sql#28:02ad1cdd,0.625,0.6666666666666665,4,5,0.4167,structure
budget100@0,attr:Splits/train.sql#27:79c3953e,0.48780487804878053,0.0,9,8,0.0,structure
budget100@0,attr:Splits/train.sql#4:56f19889,0.30303030303030304,0.0,7,23,0.0,structure
budget100@0,attr:Splits/train.sql#78:e9e539a7,0.7142857142857142,0.0,2,3,0.0,structure
budget100@0,attr:Splits/dev.sql#2:3d9ec4b5,0.07352941176470588,0.0,4,16,0.0,structure
budget100@0,attr:Splits/train.sql#62:9e25123e,0.0,0.0,4,7,0.0,structure
budget100@0,attr:Splits/test.sql#6:1f896440,0.625,0.6666666666666665,4,5,0.4167,structure
budget100@0,attr:Splits/train.sql#27:eae09d3e,0.45454545454545453,0.0,2,5,0.0,structure
budget100@0,attr:Splits/train.sql#47:cffaa90c,0.0,0.0,3,2,0.0,structure
budget100@0,attr:Splits/train.sql#57:bc0eda36,0.11904761904761904,0.13333333333333333,6,9,0.0159,structure
budget100@0,attr:Splits/train.sql#53:fb267f05,0.0,0.0,4,9,0.0,structure
budget100@0,attr:Splits/train.sql#62:f76dae6f,0.0,0.0,3,2,0.0,structure
budget100@0,attr:Splits/test.sql#7:0251f786,0.5555555555555556,0.6666666666666666,1,2,0.3704,structure
budget100@0,attr:Splits/train.sql#33:93b35e18,0.45454545454545453,0.28571428571428575,2,5,0.1299,structure
budget100@0,attr:Splits/dev.sql#9:bf2a0d62,0.0,0.0,0,1,0.0,no rows
budget100@0,attr:Splits/train.sql#80:549df246,0.7142857142857142,0.8,2,3,0.5714,structure
budget100@0,attr:Splits/test.sql#7:85426824,0.5555555555555556,0.0,1,2,0.0,structure
budget100@100,attr:Splits/test.sql#9:89669ef3,0.0,0.0,1,3,0.0,structure
budget100@100,attr:Splits/train.sql#6:f6d3251f,0.4268292682926829,0.0,14,17,0.0,structure
budget100@100,attr:Splits/dev.sql#14:dba14859,0.7142857142857142,0.0,2,3,0.0,structure
budget100@100,attr:Splits/train.sql#53:b59f3915,0.0,0.0,4,9,0.0,structure
budget100@100,attr:Splits/test.sql#12:efd2b36a,0.0,0.0,3,7,0.0,structure
budget100@100,attr:Splits/train.sql#57:18795eef,0.14705882352941174,0.15384615384615383,6,7,0.0226,structure
budget100@100,attr:Splits/test.sql#9:5bc7e3e4,0.35714285714285715,0.0,10,1,0.0,structure
budget100@100,attr:Splits/train.sql#6:4c333532,0.4268292682926829,0.0,14,17,0.0,structure
budget100@100,attr:Splits/train.sql#45:fe8858e3,0.13157894736842105,0.0,6,8,0.0,structure
budget100@100,attr:Splits/train.sql#6:f342b748,0.4268292682926829,0.0,14,17,0.0,structure
budget100@100,attr:Splits/dev.sql#2:afe5e656,0.5045871559633027,0.45,17,23,0.2271,structure
budget100@100,attr:Splits/train.sql#41:ce0c297d,0.5882352941176471,0.25,5,3,0.1471,structure
budget100@100,attr:Splits/test.sql#7:133e088b,0.5555555555555556,0.0,1,2,0.0,structure
budget100@100,attr:Splits/train.sql#80:43566f2e,0.7142857142857142,0.8,2,3,0.5714,structure
budget100@100,attr:Splits/train.sql#9:02dbedba,0.23809523809523808,0.0,62,58,0.0,structure
budget100@100,attr:Splits/train.sql#17:867fdf49,0.4268292682926829,0.2580645161290323,14,17,0.1101,structure
budget100@100,attr:Splits/test.sql#12:8c237e5f,0.40540540540540543,0.0,5,8,0.0,structure
budget100@100,attr:Splits/train.sql#28:ab165c7a,0.6521739130434783,0.5,3,5,0.3261,structure
budget100@100,attr:Splits/train.sql#27:7f0a4eea,0.45454545454545453,0.0,2,5,0.0,structure
budget100@100,attr:Splits/dev.sql#2:eed40a53,0.3793103448275862,0.3103448275862069,29,29,0.1177,structure
budget100@100,attr:Splits/train.sql#80:2f03d063,0.7142857142857142,0.8,2,3,0.5714,structure
budget100@100,attr:Splits/train.sql#47:709932b1,0.40540540540540543,0.3076923076923077,5,8,0.1247,structure
budget100@100,attr:Splits/train.sql#4:4d653bee,0.23809523809523808,0.0,62,58,0.0,structure
budget100@100,attr:Splits/train.sql#42:a7be6267,0.40540540540540543,0.3076923076923077,5,8,0.1247,structure
budget100@100,attr:Splits/train.sql#46:c8acd9e6,0.7142857142857142,0.4,2,3,0.2857,structure
budget100@100,attr:Splits/test.sql#12:52e294e8,0.0,0.0,2,2,0.0,structure
budget100@100,attr:Splits/train.sql#9:920a4474,0.11718750000000001,0.0,20,59,0.0,structure
budget100@100,attr:Splits/train.sql#45:78fca263,0.0,0.0,3,7,0.0,structure
budget100@100,attr:Splits/train.sql#33:4c6694de,0.45454545454545453,0.28571428571428575,2,5,0.1299,structure
budget100@100,attr:Splits/train.sql#17:2380388b,0.4268292682926829,0.2580645161290323,14,17,0.1101,structure
budget100@100,attr:Splits/dev.sql#9:8557f23f,0.0,0.0,0,1,0.0,no rows
budget100@100,attr:Splits/train.sql#17:5179f971,0.4268292682926829,0.1935483870967742,14,17,0.0826,structure
budget100@100,attr:Splits/train.sql#36:9fa26c17,0.43478260869565216,0.25,3,5,0.1087,structure
budget100@100,attr:Splits/train.sql#33:6c8af8bc,0.45454545454545453,0.28571428571428575,2,5,0.1299,structure
budget100@100,attr:Splits/train.sql#62:7cbf2d97,0.1388888888888889,0.0,4,8,0.0,structure
budget100@100,attr:Splits/train.sql#49:4f3e7c6f,0.14705882352941174,0.15384615384615383,6,7,0.0226,structure
budget100@100,attr:Splits/train.sql#36:24bd9eda,0.43478260869565216,0.5,3,5,0.2174,structure
budget100@100,attr:Splits/train.sql#4:ba6e000a,0.3472222222222222,0.0,28,29,0.0,structure
budget100@100,attr:Splits/train.sql#57:7e4cd6ac,0.0,0.0,7,8,0.0,structure
budget100@100,attr:Splits/test.sql#6:586cdd06,0.6521739130434783,0.5,3,5,0.3261,structure
budget100@100,attr:Splits/train.sql#78:e3b697cb,0.3846153846153846,0.0,1,3,0.0,structure
budget100@100,attr:Splits/train.sql#53:47c3dfc6,0.0,0.0,4,9,0.0,structure
budget100@100,attr:Splits/train.sql#36:6a27c9b5,0.43478260869565216,0.5,3,5,0.2174,structure
budget100@100,attr:Splits/train.sql#45:b0f929d0,0.0,0.0,2,2,0.0,structure
budget100@100,attr:Splits/train.sql#46:cf647aa6,0.5882352941176471,0.25,5,3,0.1471,structure
budget100@100,attr:Splits/train.sql#49:beed0181,0.0,0.0,6,6,0.0,structure
budget100@100,attr:Splits/dev.sql#14:84e26a12,0.5882352941176471,0.0,5,3,0.0,structure
budget100@100,attr:Splits/test.sql#9:c12243ae,0.0,0.0,0,2,0.0,no rows
budget100@100,attr:Splits/dev.sql#9:0976d6b5,0.0,0.0,0,1,0.0,no rows
budget100@100,attr:Splits/train.sql#42:36133d40,0.0,0.0,3,7,0.0,structure
budget100@100,attr:Splits/test.sql#6:7ed36ed4,0.45454545454545453,0.28571428571428575,2,5,0.1299,structure
budget100@100,attr:Splits/train.sql#47:1239ef06,0.0,0.0,3,7,0.0,structure
budget100@100,attr:Splits/train.sql#9:dd83c82e,0.14285714285714285,0.0,6,16,0.0,structure
budget100@100,attr:Splits/train.sql#28:326b87f1,0.4444444444444445,0.2857142857142857,13,8,0.127,structure
budget100@100,attr:Splits/train.sql#46:cad60d9e,0.7142857142857142,0.4,2,3,0.2857,structure
budget100@100,attr:Splits/dev.sql#14:6acd7b54,0.7142857142857142,0.0,2,3,0.0,structure
budget100@100,attr:Splits/train.sql#49:44ad8347,0.32608695652173914,0.37499999999999994,6,10,0.1223,structure
budget100@100,attr:Splits/train.sql#78:62f97dfd,0.7142857142857142,0.0,2,3,0.0,structure
budget100@100,attr:Splits/train.sql#42:6b966dbf,0.0,0.0,2,2,0.0,structure
budget100@100,attr:Splits/train.sql#28:02ad1cdd,0.6521739130434783,0.5,3,5,0.3261,structure
budget100@100,attr:Splits/train.sql#27:79c3953e,0.45454545454545453,0.0,12,8,0.0,structure
budget100@100,attr:Splits/train.sql#4:56f19889,0.5045871559633027,0.0,17,23,0.0,structure
budget100@100,attr:Splits/train.sql#78:e9e539a7,0.7142857142857142,0.0,2,3,0.0,structure
budget100@100,attr:Splits/dev.sql#2:3d9ec4b5,0.14285714285714285,0.09090909090909091,6,16,0.013,structure
budget100@100,attr:Splits/train.sql#62:9e25123e,0.0,0.0,2,7,0.0,structure
budget100@100,attr:Splits/test.sql#6:1f896440,0.6521739130434783,0.5,3,5,0.3261,structure
budget100@100,attr:Splits/train.sql#27:eae09d3e,0.45454545454545453,0.0,2,5,0.0,structure
budget100@100,attr:Splits/train.sql#47:cffaa90c,0.0,0.0,2,2,0.0,structure
budget100@100,attr:Splits/train.sql#57:bc0eda36,0.0,0.0,1,9,0.0,structure
budget100@100,attr:Splits/train.sql#53:fb267f05,0.0,0.0,4,9,0.0,structure
budget100@100,attr:Splits/train.sql#62:f76dae6f,0.0,0.0,2,2,0.0,structure
budget100@100,attr:Splits/test.sql#7:0251f786,0.5555555555555556,0.6666666666666666,1,2,0.3704,structure
budget100@100,attr:Splits/train.sql#33:93b35e18,0.45454545454545453,0.28571428571428575,2,5,0.1299,structure
budget100@100,attr:Splits/dev.sql#9:bf2a0d62,0.0,0.0,0,1,0.0,no rows
budget100@100,attr:Splits/train.sql#80:549df246,0.3846153846153846,0.5,1,3,0.1923,structure
budget100@100,attr:Splits/test.sql#7:85426824,0.5555555555555556,0.0,1,2,0.0,structure
budget100@25,attr:Splits/test.sql#9:89669ef3,0.3333333333333333,0.3333333333333333,3,3,0.1111,structure
budget100@25,attr:Splits/train.sql#6:f6d3251f,0.4268292682926829,0.0,14,17,0.0,structure
budget100@25,attr:Splits/dev.sql#14:dba14859,0.7142857142857142,0.0,2,3,0.0,structure
budget100@25,attr:Splits/train.sql#53:b59f3915,0.0,0.0,4,9,0.0,structure
budget100@25,attr:Splits/test.sql#12:efd2b36a,0.0,0.0,4,7,0.0,structure
budget100@25,attr:Splits/train.sql#57:18795eef,0.15151515151515152,0.16666666666666666,5,7,0.0253,structure
budget100@25,attr:Splits/test.sql#9:5bc7e3e4,0.3333333333333333,0.0,11,1,0.0,structure
budget100@25,attr:Splits/train.sql#6:4c333532,0.4268292682926829,0.0,14,17,0.0,structure
budget100@25,attr:Splits/train.sql#45:fe8858e3,0.1388888888888889,0.0,4,8,0.0,structure
budget100@25,attr:Splits/train.sql#6:f342b748,0.4268292682926829,0.0,14,17,0.0,structure
budget100@25,attr:Splits/dev.sql#2:afe5e656,0.30303030303030304,0.06666666666666667,7,23,0.0202,structure
budget100@25,attr:Splits/train.sql#41:ce0c297d,0.6666666666666666,0.3333333333333333,3,3,0.2222,structure
budget100@25,attr:Splits/test.sql#7:133e088b,0.5555555555555556,0.0,1,2,0.0,structure
budget100@25,attr:Splits/train.sql#80:43566f2e,0.7142857142857142,0.8,2,3,0.5714,structure
budget100@25,attr:Splits/train.sql#9:02dbedba,0.23809523809523808,0.0,62,58,0.0,structure
budget100@25,attr:Splits/train.sql#17:867fdf49,0.4268292682926829,0.2580645161290323,14,17,0.1101,structure
budget100@25,attr:Splits/test.sql#12:8c237e5f,0.13513513513513511,0.0,5,8,0.0,structure
budget100@25,attr:Splits/train.sql#28:ab165c7a,0.625,0.4444444444444445,4,5,0.2778,structure
budget100@25,attr:Splits/train.sql#27:7f0a4eea,0.45454545454545453,0.0,2,5,0.0,structure
budget100@25,attr:Splits/dev.sql#2:eed40a53,0.6089743589743589,0.5217391304347826,40,29,0.3177,structure
budget100@25,attr:Splits/train.sql#80:2f03d063,0.7142857142857142,0.8,2,3,0.5714,structure
budget100@25,attr:Splits/train.sql#47:709932b1,0.13513513513513511,0.15384615384615385,5,8,0.0208,structure
budget100@25,attr:Splits/train.sql#4:4d653bee,0.23809523809523808,0.0,62,58,0.0,structure
budget100@25,attr:Splits/train.sql#42:a7be6267,0.13513513513513511,0.15384615384615385,5,8,0.0208,structure
budget100@25,attr:Splits/train.sql#46:c8acd9e6,0.7142857142857142,0.8,2,3,0.5714,structure
budget100@25,attr:Splits/test.sql#12:52e294e8,0.0,0.0,3,2,0.0,structure
budget100@25,attr:Splits/train.sql#9:920a4474,0.16853932584269662,0.0,31,59,0.0,structure
budget100@25,attr:Splits/train.sql#45:78fca263,0.0,0.0,4,7,0.0,structure
budget100@25,attr:Splits/train.sql#33:4c6694de,0.45454545454545453,0.28571428571428575,2,5,0.1299,structure
budget100@25,attr:Splits/train.sql#17:2380388b,0.4268292682926829,0.2580645161290323,14,17,0.1101,structure
budget100@25,attr:Splits/dev.sql#9:8557f23f,0.0,0.0,0,1,0.0,no rows
budget100@25,attr:Splits/train.sql#17:5179f971,0.4268292682926829,0.1935483870967742,14,17,0.0826,structure
budget100@25,attr:Splits/train.sql#36:9fa26c17,0.43478260869565216,0.25,3,5,0.1087,structure
budget100@25,attr:Splits/train.sql#33:6c8af8bc,0.45454545454545453,0.28571428571428575,2,5,0.1299,structure
budget100@25,attr:Splits/train.sql#62:7cbf2d97,0.13513513513513511,0.0,5,8,0.0,structure
budget100@25,attr:Splits/train.sql#49:4f3e7c6f,0.15151515151515152,0.16666666666666666,5,7,0.0253,structure
budget100@25,attr:Splits/train.sql#36:24bd9eda,0.43478260869565216,0.5,3,5,0.2174,structure
budget100@25,attr:Splits/train.sql#4:ba6e000a,0.6089743589743589,0.0,40,29,0.0,structure
budget100@25,attr:Splits/train.sql#57:7e4cd6ac,0.0,0.0,7,8,0.0,structure
budget100@25,attr:Splits/test.sql#6:586cdd06,0.43478260869565216,0.25,3,5,0.1087,structure
budget100@25,attr:Splits/train.sql#78:e3b697cb,0.3846153846153846,0.0,1,3,0.0,structure
budget100@25,attr:Splits/train.sql#53:47c3dfc6,0.0,0.0,4,9,0.0,structure
budget100@25,attr:Splits/train.sql#36:6a27c9b5,0.43478260869565216,0.25,3,5,0.1087,structure
budget100@25,attr:Splits/train.sql#45:b0f929d0,0.0,0.0,3,2,0.0,structure
budget100@25,attr:Splits/train.sql#46:cf647aa6,0.6666666666666666,0.3333333333333333,3,3,0.2222,structure
budget100@25,attr:Splits/train.sql#49:beed0181,0.0,0.0,6,6,0.0,structure
budget100@25,attr:Splits/dev.sql#14:84e26a12,0.6666666666666666,0.0,3,3,0.0,structure
budget100@25,attr:Splits/test.sql#9:c12243ae,0.0,0.0,0,2,0.0,no rows
budget100@25,attr:Splits/dev.sql#9:0976d6b5,0.0,0.0,0,1,0.0,no rows
budget100@25,attr:Splits/train.sql#42:36133d40,0.0,0.0,4,7,0.0,structure
budget100@25,attr:Splits/test.sql#6:7ed36ed4,0.45454545454545453,0.28571428571428575,2,5,0.1299,structure
budget100@25,attr:Splits/train.sql#47:1239ef06,0.0,0.0,4,7,0.0,structure
budget100@25,attr:Splits/train.sql#9:dd83c82e,0.07352941176470588,0.0,4,16,0.0,structure
budget100@25,attr:Splits/train.sql#28:326b87f1,0.47619047619047616,0.33333333333333326,10,8,0.1587,structure
budget100@25,attr:Splits/train.sql#46:cad60d9e,0.7142857142857142,0.4,2,3,0.2857,structure
budget100@25,attr:Splits/dev.sql#14:6acd7b54,0.7142857142857142,0.0,2,3,0.0,structure
budget100@25,attr:Splits/train.sql#49:44ad8347,0.2127659574468085,0.11764705882352941,7,10,0.025,structure
budget100@25,attr:Splits/train.sql#78:62f97dfd,0.7142857142857142,0.0,2,3,0.0,structure
budget100@25,attr:Splits/train.sql#42:6b966dbf,0.0,0.0,3,2,0.0,structure
budget100@25,attr:Splits/train.sql#28:02ad1cdd,0.625,0.6666666666666665,4,5,0.4167,structure
budget100@25,attr:Splits/train.sql#27:79c3953e,0.48780487804878053,0.0,9,8,0.0,structure
budget100@25,attr:Splits/train.sql#4:56f19889,0.30303030303030304,0.0,7,23,0.0,structure
budget100@25,attr:Splits/train.sql#78:e9e539a7,0.7142857142857142,0.0,2,3,0.0,structure
budget100@25,attr:Splits/dev.sql#2:3d9ec4b5,0.07352941176470588,0.0,4,16,0.0,structure
budget100@25,attr:Splits/train.sql#62:9e25123e,0.0,0.0,4,7,0.0,structure
budget100@25,attr:Splits/test.sql#6:1f896440,0.625,0.6666666666666665,4,5,0.4167,structure
budget100@25,attr:Splits/train.sql#27:eae09d3e,0.45454545454545453,0.0,2,5,0.0,structure
budget100@25,attr:Splits/train.sql#47:cffaa90c,0.0,0.0,3,2,0.0,structure
budget100@25,attr:Splits/train.sql#57:bc0eda36,0.0,0.0,5,9,0.0,structure
budget100@25,attr:Splits/train.sql#53:fb267f05,0.0,0.0,4,9,0.0,structure
budget100@25,attr:Splits/train.sql#62:f76dae6f,0.0,0.0,3,2,0.0,structure
budget100@25,attr:Splits/test.sql#7:0251f786,0.5555555555555556,0.6666666666666666,1,2,0.3704,structure
budget100@25,attr:Splits/train.sql#33:93b35e18,0.45454545454545453,0.28571428571428575,2,5,0.1299,structure
budget100@25,attr:Splits/dev.sql#9:bf2a0d62,0.0,0.0,0,1,0.0,no rows
budget100@25,attr:Splits/train.sql#80:549df246,0.7142857142857142,0.8,2,3,0.5714,structure
budget100@25,attr:Splits/test.sql#7:85426824,0.5555555555555556,0.0,1,2,0.0,structure
budget100@50,attr:Splits/test.sql#9:89669ef3,0.3333333333333333,0.3333333333333333,3,3,0.1111,structure
budget100@50,attr:Splits/train.sql#6:f6d3251f,0.4268292682926829,0.0,14,17,0.0,structure
budget100@50,attr:Splits/dev.sql#14:dba14859,0.7142857142857142,0.0,2,3,0.0,structure
budget100@50,attr:Splits/train.sql#53:b59f3915,0.0,0.0,4,9,0.0,structure
budget100@50,attr:Splits/test.sql#12:efd2b36a,0.0,0.0,4,7,0.0,structure
budget100@50,attr:Splits/train.sql#57:18795eef,0.14705882352941174,0.15384615384615383,6,7,0.0226,structure
budget100@50,attr:Splits/test.sql#9:5bc7e3e4,0.3333333333333333,0.0,11,1,0.0,structure
budget100@50,attr:Splits/train.sql#6:4c333532,0.4268292682926829,0.0,14,17,0.0,structure
budget100@50,attr:Splits/train.sql#45:fe8858e3,0.1388888888888889,0.0,4,8,0.0,structure
budget100@50,attr:Splits/train.sql#6:f342b748,0.4268292682926829,0.0,14,17,0.0,structure
budget100@50,attr:Splits/dev.sql#2:afe5e656,0.5045871559633027,0.45,17,23,0.2271,structure
budget100@50,attr:Splits/train.sql#41:ce0c297d,0.6666666666666666,0.3333333333333333,3,3,0.2222,structure
budget100@50,attr:Splits/test.sql#7:133e088b,0.5555555555555556,0.0,1,2,0.0,structure
budget100@50,attr:Splits/train.sql#80:43566f2e,0.7142857142857142,0.8,2,3,0.5714,structure
budget100@50,attr:Splits/train.sql#9:02dbedba,0.23809523809523808,0.0,62,58,0.0,structure
budget100@50,attr:Splits/train.sql#17:867fdf49,0.4268292682926829,0.2580645161290323,14,17,0.1101,structure
budget100@50,attr:Splits/test.sql#12:8c237e5f,0.40540540540540543,0.0,5,8,0.0,structure
budget100@50,attr:Splits/train.sql#28:ab165c7a,0.625,0.4444444444444445,4,5,0.2778,structure
budget100@50,attr:Splits/train.sql#27:7f0a4eea,0.45454545454545453,0.0,2,5,0.0,structure
budget100@50,attr:Splits/dev.sql#2:eed40a53,0.6089743589743589,0.5217391304347826,40,29,0.3177,structure
budget100@50,attr:Splits/train.sql#80:2f03d063,0.7142857142857142,0.8,2,3,0.5714,structure
budget100@50,attr:Splits/train.sql#47:709932b1,0.40540540540540543,0.3076923076923077,5,8,0.1247,structure
budget100@50,attr:Splits/train.sql#4:4d653bee,0.23809523809523808,0.0,62,58,0.0,structure
budget100@50,attr:Splits/train.sql#42:a7be6267,0.40540540540540543,0.3076923076923077,5,8,0.1247,structure
budget100@50,attr:Splits/train.sql#46:c8acd9e6,0.7142857142857142,0.8,2,3,0.5714,structure
budget100@50,attr:Splits/test.sql#12:52e294e8,0.0,0.0,3,2,0.0,structure
budget100@50,attr:Splits/train.sql#9:920a4474,0.16853932584269662,0.0,31,59,0.0,structure
budget100@50,attr:Splits/train.sql#45:78fca263,0.0,0.0,4,7,0.0,structure
budget100@50,attr:Splits/train.sql#33:4c6694de,0.45454545454545453,0.28571428571428575,2,5,0.1299,structure
budget100@50,attr:Splits/train.sql#17:2380388b,0.4268292682926829,0.2580645161290323,14,17,0.1101,structure
budget100@50,attr:Splits/dev.sql#9:8557f23f,0.0,0.0,0,1,0.0,no rows
budget100@50,attr:Splits/train.sql#17:5179f971,0.4268292682926829,0.1935483870967742,14,17,0.0826,structure
budget100@50,attr:Splits/train.sql#36:9fa26c17,0.43478260869565216,0.25,3,5,0.1087,structure
budget100@50,attr:Splits/train.sql#33:6c8af8bc,0.45454545454545453,0.28571428571428575,2,5,0.1299,structure
budget100@50,attr:Splits/train.sql#62:7cbf2d97,0.1388888888888889,0.0,4,8,0.0,structure
budget100@50,attr:Splits/train.sql#49:4f3e7c6f,0.14705882352941174,0.15384615384615383,6,7,0.0226,structure
budget100@50,attr:Splits/train.sql#36:24bd9eda,0.43478260869565216,0.5,3,5,0.2174,structure
budget100@50,attr:Splits/train.sql#4:ba6e000a,0.6089743589743589,0.0,40,29,0.0,structure
budget100@50,attr:Splits/train.sql#57:7e4cd6ac,0.0,0.0,7,8,0.0,structure
budget100@50,attr:Splits/test.sql#6:586cdd06,0.43478260869565216,0.25,3,5,0.1087,structure
budget100@50,attr:Splits/train.sql#78:e3b697cb,0.3846153846153846,0.0,1,3,0.0,structure
budget100@50,attr:Splits/train.sql#53:47c3dfc6,0.0,0.0,4,9,0.0,structure
budget100@50,attr:Splits/train.sql#36:6a27c9b5,0.43478260869565216,0.5,3,5,0.2174,structure
budget100@50,attr:Splits/train.sql#45:b0f929d0,0.0,0.0,3,2,0.0,structure
budget100@50,attr:Splits/train.sql#46:cf647aa6,0.6666666666666666,0.3333333333333333,3,3,0.2222,structure
budget100@50,attr:Splits/train.sql#49:beed0181,0.0,0.0,6,6,0.0,structure
budget100@50,attr:Splits/dev.sql#14:84e26a12,0.6666666666666666,0.0,3,3,0.0,structure
budget100@50,attr:Splits/test.sql#9:c12243ae,0.0,0.0,0,2,0.0,no rows
budget100@50,attr:Splits/dev.sql#9:0976d6b5,0.0,0.0,0,1,0.0,no rows
budget100@50,attr:Splits/train.sql#42:36133d40,0.0,0.0,4,7,0.0,structure
budget100@50,attr:Splits/test.sql#6:7ed36ed4,0.45454545454545453,0.28571428571428575,2,5,0.1299,structure
budget100@50,attr:Splits/train.sql#47:1239ef06,0.0,0.0,4,7,0.0,structure
budget100@50,attr:Splits/train.sql#9:dd83c82e,0.07352941176470588,0.0,4,16,0.0,structure
budget100@50,attr:Splits/train.sql#28:326b87f1,0.47619047619047616,0.33333333333333326,10,8,0.1587,structure
budget100@50,attr:Splits/train.sql#46:cad60d9e,0.7142857142857142,0.4,2,3,0.2857,structure
budget100@50,attr:Splits/dev.sql#14:6acd7b54,0.7142857142857142,0.0,2,3,0.0,structure
budget100@50,attr:Splits/train.sql#49:44ad8347,0.2127659574468085,0.11764705882352941,7,10,0.025,structure
budget100@50,attr:Splits/train.sql#78:62f97dfd,0.7142857142857142,0.0,2,3,0.0,structure
budget100@50,attr:Splits/train.sql#42:6b966dbf,0.0,0.0,3,2,0.0,structure
budget100@50,attr:Splits/train.sql#28:02ad1cdd,0.625,0.6666666666666665,4,5,0.4167,structure
budget100@50,attr:Splits/train.sql#27:79c3953e,0.48780487804878053,0.0,9,8,0.0,structure
budget100@50,attr:Splits/train.sql#4:56f19889,0.5045871559633027,0.0,17,23,0.0,structure
budget100@50,attr:Splits/train.sql#78:e9e539a7,0.7142857142857142,0.0,2,3,0.0,structure
budget100@50,attr:Splits/dev.sql#2:3d9ec4b5,0.07352941176470588,0.0,4,16,0.0,structure
budget100@50,attr:Splits/train.sql#62:9e25123e,0.0,0.0,4,7,0.0,structure
budget100@50,attr:Splits/test.sql#6:1f896440,0.625,0.6666666666666665,4,5,0.4167,structure
budget100@50,attr:Splits/train.sql#27:eae09d3e,0.45454545454545453,0.0,2,5,0.0,structure
budget100@50,attr:Splits/train.sql#47:cffaa90c,0.0,0.0,3,2,0.0,structure
budget100@50,attr:Splits/train.sql#57:bc0eda36,0.0,0.0,5,9,0.0,structure
budget100@50,attr:Splits/train.sql#53:fb267f05,0.0,0.0,4,9,0.0,structure
budget100@50,attr:Splits/train.sql#62:f76dae6f,0.0,0.0,3,2,0.0,structure
budget100@50,attr:Splits/test.sql#7:0251f786,0.5555555555555556,0.6666666666666666,1,2,0.3704,structure
budget100@50,attr:Splits/train.sql#33:93b35e18,0.45454545454545453,0.28571428571428575,2,5,0.1299,structure
budget100@50,attr:Splits/dev.sql#9:bf2a0d62,0.0,0.0,0,1,0.0,no rows
budget100@50,attr:Splits/train.sql#80:549df246,0.7142857142857142,0.8,2,3,0.5714,structure
budget100@50,attr:Splits/test.sql#7:85426824,0.5555555555555556,0.0,1,2,0.0,structure
budget100@75,attr:Splits/test.sql#9:89669ef3,0.0,0.0,1,3,0.0,structure
budget100@75,attr:Splits/train.sql#6:f6d3251f,0.4268292682926829,0.0,14,17,0.0,structure
budget100@75,attr:Splits/dev.sql#14:dba14859,0.7142857142857142,0.0,2,3,0.0,structure
budget100@75,attr:Splits/train.sql#53:b59f3915,0.0,0.0,4,9,0.0,structure
budget100@75,attr:Splits/test.sql#12:efd2b36a,0.0,0.0,3,7,0.0,structure
budget100@75,attr:Splits/train.sql#57:18795eef,0.14705882352941174,0.15384615384615383,6,7,0.0226,structure
budget100@75,attr:Splits/test.sql#9:5bc7e3e4,0.3333333333333333,0.0,11,1,0.0,structure
budget100@75,attr:Splits/train.sql#6:4c333532,0.4268292682926829,0.0,14,17,0.0,structure
budget100@75,attr:Splits/train.sql#45:fe8858e3,0.1388888888888889,0.0,4,8,0.0,structure
budget100@75,attr:Splits/train.sql#6:f342b748,0.4268292682926829,0.0,14,17,0.0,structure
budget100@75,attr:Splits/dev.sql#2:afe5e656,0.5045871559633027,0.45,17,23,0.2271,structure
budget100@75,attr:Splits/train.sql#41:ce0c297d,0.5882352941176471,0.25,5,3,0.1471,structure
budget100@75,attr:Splits/test.sql#7:133e088b,0.5555555555555556,0.0,1,2,0.0,structure
budget100@75,attr:Splits/train.sql#80:43566f2e,0.7142857142857142,0.8,2,3,0.5714,structure
budget100@75,attr:Splits/train.sql#9:02dbedba,0.23809523809523808,0.0,62,58,0.0,structure
budget100@75,attr:Splits/train.sql#17:867fdf49,0.4268292682926829,0.2580645161290323,14,17,0.1101,structure
budget100@75,attr:Splits/test.sql#12:8c237e5f,0.40540540540540543,0.0,5,8,0.0,structure
budget100@75,attr:Splits/train.sql#28:ab165c7a,0.625,0.4444444444444445,4,5,0.2778,structure
budget100@75,attr:Splits/train.sql#27:7f0a4eea,0.45454545454545453,0.0,2,5,0.0,structure
budget100@75,attr:Splits/dev.sql#2:eed40a53,0.3793103448275862,0.3103448275862069,29,29,0.1177,structure
budget100@75,attr:Splits/train.sql#80:2f03d063,0.7142857142857142,0.8,2,3,0.5714,structure
budget100@75,attr:Splits/train.sql#47:709932b1,0.40540540540540543,0.3076923076923077,5,8,0.1247,structure
budget100@75,attr:Splits/train.sql#4:4d653bee,0.23809523809523808,0.0,62,58,0.0,structure
budget100@75,attr:Splits/train.sql#42:a7be6267,0.40540540540540543,0.3076923076923077,5,8,0.1247,structure
budget100@75,attr:Splits/train.sql#46:c8acd9e6,0.7142857142857142,0.4,2,3,0.2857,structure
budget100@75,attr:Splits/test.sql#12:52e294e8,0.0,0.0,3,2,0.0,structure
budget100@75,attr:Splits/train.sql#9:920a4474,0.16853932584269662,0.0,31,59,0.0,structure
budget100@75,attr:Splits/train.sql#45:78fca263,0.0,0.0,3,7,0.0,structure
budget100@75,attr:Splits/train.sql#33:4c6694de,0.45454545454545453,0.28571428571428575,2,5,0.1299,structure
budget100@75,attr:Splits/train.sql#17:2380388b,0.4268292682926829,0.2580645161290323,14,17,0.1101,structure
budget100@75,attr:Splits/dev.sql#9:8557f23f,0.0,0.0,0,1,0.0,no rows
budget100@75,attr:Splits/train.sql#17:5179f971,0.4268292682926829,0.1935483870967742,14,17,0.0826,structure
budget100@75,attr:Splits/train.sql#36:9fa26c17,0.43478260869565216,0.25,3,5,0.1087,structure
budget100@75,attr:Splits/train.sql#33:6c8af8bc,0.45454545454545453,0.28571428571428575,2,5,0.1299,structure
budget100@75,attr:Splits/train.sql#62:7cbf2d97,0.1388888888888889,0.0,4,8,0.0,structure
budget100@75,attr:Splits/train.sql#49:4f3e7c6f,0.14705882352941174,0.15384615384615383,6,7,0.0226,structure
budget100@75,attr:Splits/train.sql#36:24bd9eda,0.43478260869565216,0.5,3,5,0.2174,structure
budget100@75,attr:Splits/train.sql#4:ba6e000a,0.3472222222222222,0.0,28,29,0.0,structure
budget100@75,attr:Splits/train.sql#57:7e4cd6ac,0.0,0.0,7,8,0.0,structure
budget100@75,attr:Splits/test.sql#6:586cdd06,0.43478260869565216,0.25,3,5,0.1087,structure
budget100@75,attr:Splits/train.sql#78:e3b697cb,0.3846153846153846,0.0,1,3,0.0,structure
budget100@75,attr:Splits/train.sql#53:47c3dfc6,0.0,0.0,4,9,0.0,structure
budget100@75,attr:Splits/train.sql#36:6a27c9b5,0.43478260869565216,0.5,3,5,0.2174,structure
budget100@75,attr:Splits/train.sql#45:b0f929d0,0.0,0.0,3,2,0.0,structure
budget100@75,attr:Splits/train.sql#46:cf647aa6,0.5882352941176471,0.25,5,3,0.1471,structure
budget100@75,attr:Splits/train.sql#49:beed0181,0.0,0.0,6,6,0.0,structure
budget100@75,attr:Splits/dev.sql#14:84e26a12,0.5882352941176471,0.0,5,3,0.0,structure
budget100@75,attr:Splits/test.sql#9:c12243ae,0.0,0.0,0,2,0.0,no rows
budget100@75,attr:Splits/dev.sql#9:0976d6b5,0.0,0.0,0,1,0.0,no rows
budget100@75,attr:Splits/train.sql#42:36133d40,0.0,0.0,3,7,0.0,structure
budget100@75,attr:Splits/test.sql#6:7ed36ed4,0.45454545454545453,0.28571428571428575,2,5,0.1299,structure
budget100@75,attr:Splits/train.sql#47:1239ef06,0.0,0.0,3,7,0.0,structure
budget100@75,attr:Splits/train.sql#9:dd83c82e,0.07352941176470588,0.0,4,16,0.0,structure
budget100@75,attr:Splits/train.sql#28:326b87f1,0.4444444444444445,0.2857142857142857,13,8,0.127,structure
budget100@75,attr:Splits/train.sql#46:cad60d9e,0.7142857142857142,0.4,2,3,0.2857,structure
budget100@75,attr:Splits/dev.sql#14:6acd7b54,0.7142857142857142,0.0,2,3,0.0,structure
budget100@75,attr:Splits/train.sql#49:44ad8347,0.2127659574468085,0.11764705882352941,7,10,0.025,structure
budget100@75,attr:Splits/train.sql#78:62f97dfd,0.7142857142857142,0.0,2,3,0.0,structure
budget100@75,attr:Splits/train.sql#42:6b966dbf,0.0,0.0,3,2,0.0,structure
budget100@75,attr:Splits/train.sql#28:02ad1cdd,0.6521739130434783,0.5,3,5,0.3261,structure
budget100@75,attr:Splits/train.sql#27:79c3953e,0.45454545454545453,0.0,12,8,0.0,structure
budget100@75,attr:Splits/train.sql#4:56f19889,0.5045871559633027,0.0,17,23,0.0,structure
budget100@75,attr:Splits/train.sql#78:e9e539a7,0.7142857142857142,0.0,2,3,0.0,structure
budget100@75,attr:Splits/dev.sql#2:3d9ec4b5,0.07352941176470588,0.0,4,16,0.0,structure
budget100@75,attr:Splits/train.sql#62:9e25123e,0.0,0.0,2,7,0.0,structure
budget100@75,attr:Splits/test.sql#6:1f896440,0.6521739130434783,0.5,3,5,0.3261,structure
budget100@75,attr:Splits/train.sql#27:eae09d3e,0.45454545454545453,0.0,2,5,0.0,structure
budget100@75,attr:Splits/train.sql#47:cffaa90c,0.0,0.0,3,2,0.0,structure
budget100@75,attr:Splits/train.sql#57:bc0eda36,0.0,0.0,5,9,0.0,structure
budget100@75,attr:Splits/train.sql#53:fb267f05,0.0,0.0,4,9,0.0,structure
budget100@75,attr:Splits/train.sql#62:f76dae6f,0.0,0.0,3,2,0.0,structure
budget100@75,attr:Splits/test.sql#7:0251f786,0.5555555555555556,0.6666666666666666,1,2,0.3704,structure
budget100@75,attr:Splits/train.sql#33:93b35e18,0.45454545454545453,0.28571428571428575,2,5,0.1299,structure
budget100@75,attr:Splits/dev.sql#9:bf2a0d62,0.0,0.0,0,1,0.0,no rows
budget100@75,attr:Splits/train.sql#80:549df246,0.7142857142857142,0.8,2,3,0.5714,structure
budget100@75,attr:Splits/test.sql#7:85426824,0.5555555555555556,0.0,1,2,0.0,structure
static@100,attr:Splits/test.sql#9:89669ef3,0.0,0.0,0,3,0.0,no rows
static@100,attr:Splits/train.sql#6:f6d3251f,0.4268292682926829,0.0,14,17,0.0,structure
static@100,attr:Splits/dev.sql#14:dba14859,0.7142857142857142,0.0,2,3,0.0,structure
static@100,attr:Splits/train.sql#53:b59f3915,0.0,0.0,4,9,0.0,structure
static@100,attr:Splits/test.sql#12:efd2b36a,0.0,0.0,1,7,0.0,structure
static@100,attr:Splits/train.sql#57:18795eef,0.0,0.0,1,7,0.0,structure
static@100,attr:Splits/test.sql#9:5bc7e3e4,0.0,0.0,0,1,0.0,no rows
static@100,attr:Splits/train.sql#6:4c333532,0.4268292682926829,0.0,14,17,0.0,structure
static@100,attr:Splits/train.sql#45:fe8858e3,0.0,0.0,1,8,0.0,structure
static@100,attr:Splits/train.sql#6:f342b748,0.4268292682926829,0.0,14,17,0.0,structure
static@100,attr:Splits/dev.sql#2:afe5e656,0.0,0.0,1,23,0.0,structure
static@100,attr:Splits/train.sql#41:ce0c297d,0.0,0.0,1,3,0.0,structure
static@100,attr:Splits/test.sql#7:133e088b,0.5555555555555556,0.0,1,2,0.0,structure
static@100,attr:Splits/train.sql#80:43566f2e,0.3846153846153846,0.5,1,3,0.1923,structure
static@100,attr:Splits/train.sql#9:02dbedba,0.0,0.0,1,58,0.0,structure
static@100,attr:Splits/train.sql#17:867fdf49,0.4268292682926829,0.3870967741935484,14,17,0.1652,structure
static@100,attr:Splits/test.sql#12:8c237e5f,0.0,0.0,1,8,0.0,structure
static@100,attr:Splits/train.sql#28:ab165c7a,0.0,0.0,0,5,0.0,no rows
static@100,attr:Splits/train.sql#27:7f0a4eea,0.45454545454545453,0.0,2,5,0.0,structure
static@100,attr:Splits/dev.sql#2:eed40a53,0.0,0.0,1,29,0.0,structure
static@100,attr:Splits/train.sql#80:2f03d063,0.3846153846153846,0.5,1,3,0.1923,structure
static@100,attr:Splits/train.sql#47:709932b1,0.0,0.0,1,8,0.0,structure
static@100,attr:Splits/train.sql#4:4d653bee,0.0,0.0,1,58,0.0,structure
static@100,attr:Splits/train.sql#42:a7be6267,0.0,0.0,1,8,0.0,structure
static@100,attr:Splits/train.sql#46:c8acd9e6,0.7142857142857142,0.4,2,3,0.2857,structure
static@100,attr:Splits/test.sql#12:52e294e8,0.0,0.0,1,2,0.0,structure
static@100,attr:Splits/train.sql#9:920a4474,0.0,0.0,1,59,0.0,structure
static@100,attr:Splits/train.sql#45:78fca263,0.0,0.0,1,7,0.0,structure
static@100,attr:Splits/train.sql#33:4c6694de,0.45454545454545453,0.28571428571428575,2,5,0.1299,structure
static@100,attr:Splits/train.sql#17:2380388b,0.4268292682926829,0.3870967741935484,14,17,0.1652,structure
static@100,attr:Splits/dev.sql#9:8557f23f,0.0,0.0,0,1,0.0,no rows
static@100,attr:Splits/train.sql#17:5179f971,0.4268292682926829,0.3870967741935484,14,17,0.1652,structure
static@100,attr:Splits/train.sql#36:9fa26c17,0.43478260869565216,0.25,3,5,0.1087,structure
static@100,attr:Splits/train.sql#33:6c8af8bc,0.45454545454545453,0.28571428571428575,2,5,0.1299,structure
static@100,attr:Splits/train.sql#62:7cbf2d97,0.0,0.0,1,8,0.0,structure
static@100,attr:Splits/train.sql#49:4f3e7c6f,0.0,0.0,1,7,0.0,structure
static@100,attr:Splits/train.sql#36:24bd9eda,0.43478260869565216,0.25,3,5,0.1087,structure
static@100,attr:Splits/train.sql#4:ba6e000a,0.0,0.0,1,29,0.0,structure
static@100,attr:Splits/train.sql#57:7e4cd6ac,0.0,0.0,1,8,0.0,structure
static@100,attr:Splits/test.sql#6:586cdd06,0.0,0.0,0,5,0.0,no rows
static@100,attr:Splits/train.sql#78:e3b697cb,0.0,0.0,0,3,0.0,no rows
static@100,attr:Splits/train.sql#53:47c3dfc6,0.0,0.0,4,9,0.0,structure
static@100,attr:Splits/train.sql#36:6a27c9b5,0.43478260869565216,0.25,3,5,0.1087,structure
static@100,attr:Splits/train.sql#45:b0f929d0,0.0,0.0,1,2,0.0,structure
static@100,attr:Splits/train.sql#46:cf647aa6,0.0,0.0,1,3,0.0,structure
static@100,attr:Splits/train.sql#49:beed0181,0.0,0.0,1,6,0.0,structure
static@100,attr:Splits/dev.sql#14:84e26a12,0.0,0.0,1,3,0.0,structure
static@100,attr:Splits/test.sql#9:c12243ae,0.0,0.0,0,2,0.0,no rows
static@100,attr:Splits/dev.sql#9:0976d6b5,0.0,0.0,0,1,0.0,no rows
static@100,attr:Splits/train.sql#42:36133d40,0.0,0.0,1,7,0.0,structure
static@100,attr:Splits/test.sql#6:7ed36ed4,0.0,0.0,0,5,0.0,no rows
static@100,attr:Splits/train.sql#47:1239ef06,0.0,0.0,1,7,0.0,structure
static@100,attr:Splits/train.sql#9:dd83c82e,0.0,0.0,1,16,0.0,structure
static@100,attr:Splits/train.sql#28:326b87f1,0.0,0.0,1,8,0.0,structure
static@100,attr:Splits/train.sql#46:cad60d9e,0.7142857142857142,0.4,2,3,0.2857,structure
static@100,attr:Splits/dev.sql#14:6acd7b54,0.7142857142857142,0.0,2,3,0.0,structure
static@100,attr:Splits/train.sql#49:44ad8347,0.0,0.0,1,10,0.0,structure
static@100,attr:Splits/train.sql#78:62f97dfd,0.0,0.0,0,3,0.0,no rows
static@100,attr:Splits/train.sql#42:6b966dbf,0.0,0.0,1,2,0.0,structure
static@100,attr:Splits/train.sql#28:02ad1cdd,0.0,0.0,0,5,0.0,no rows
static@100,attr:Splits/train.sql#27:79c3953e,0.0,0.0,1,8,0.0,structure
static@100,attr:Splits/train.sql#4:56f19889,0.0,0.0,1,23,0.0,structure
static@100,attr:Splits/train.sql#78:e9e539a7,0.0,0.0,0,3,0.0,no rows
static@100,attr:Splits/dev.sql#2:3d9ec4b5,0.0,0.0,1,16,0.0,structure
static@100,attr:Splits/train.sql#62:9e25123e,0.0,0.0,1,7,0.0,structure
static@100,attr:Splits/test.sql#6:1f896440,0.0,0.0,0,5,0.0,no rows
static@100,attr:Splits/train.sql#27:eae09d3e,0.45454545454545453,0.0,2,5,0.0,structure
static@100,attr:Splits/train.sql#47:cffaa90c,0.0,0.0,1,2,0.0,structure
static@100,attr:Splits/train.sql#57:bc0eda36,0.0,0.0,1,9,0.0,structure
static@100,attr:Splits/train.sql#53:fb267f05,0.0,0.0,4,9,0.0,structure
static@100,attr:Splits/train.sql#62:f76dae6f,0.0,0.0,1,2,0.0,structure
static@100,attr:Splits/test.sql#7:0251f786,0.5555555555555556,0.0,1,2,0.0,structure
static@100,attr:Splits/train.sql#33:93b35e18,0.45454545454545453,0.28571428571428575,2,5,0.1299,structure
static@100,attr:Splits/dev.sql#9:bf2a0d62,0.0,0.0,0,1,0.0,no rows
static@100,attr:Splits/train.sql#80:549df246,0.3846153846153846,0.5,1,3,0.1923,structure
static@100,attr:Splits/test.sql#7:85426824,0.5555555555555556,0.0,1,2,0.0,structure
