ID,name,nationality,art_movement,birth_date,death_date,age,century,zodiac,birth_country,birth_city,birth_continent,death_country,death_city,field,genre,marriage,art_institution,teaching,awards
1,Nicolas Carone,American,Abstract Expressionism,1917/6/4,2010/7/15,93,20th-21st,Gemini,United States,New York City,North America,United Kingdom,New York,Painting||Sculpture,Abstract,,National Academy of Design under Leon Kroll||Art Students League of New York||Hans Hofmann School of Fine Arts||Rome Academy of Fine Arts,1,2
2,Agustín Cárdenas Alfonso,Cuban,Surrealism,1927/4/10,2001/2/9,73,20th-21st,Aries,Cuba,Matanzas,North America,Cuba,Havana,Sculpture,,,Escuela Nacional de Bellas Artes “San Alejandro”,0,4
3,Twins Seven Seven,Nigerian,Osogbo School,1944/5/3,2001/6/16,57,20th-21st,Taurus,Nigeria,Ogidi,Africa,Nigeria,Ibadan,Music||Painting||Sculpture,,,,1,3
4,Zao Wou-Ki,French||Chinese,Abstract Expressionism||Impressionism,1920/2/13,2013/4/9,93,20th-21st,Aquarius,China,Beijing,Asia,Switzerland,Nyon,Painting,Abstract,Remarried,China Academy of Art,1,0
5,Lidia Elena Prati,Argentinean,Asociación Arte Concreto-Invención||Grupo de Artistas Modernos de la Argentina||Madí,1905/4/4,1905/6/30,0,20th,Aries,Argentina,"Resistencia, Chaco",South America,Argentina,Buenos Aires,Decorative||Graphic Design||Painting||Textile Art,Abstract,,,0,0
6,Alexander Bogen,,,1916/1/24,2010/10/20,94,20th-21st,Aquarius,Estonia,Tartu,Europe,Israel,Tel Aviv,Graphic Design||Illustration||Painting||Sculpture,,Married,Stefan Batory art academy affiliated with the Wilno University,1,0
7,Jorge R. Camacho Lazo,French||Cuban,Surrealism,1934/1/5,2011/3/30,77,20th-21st,,Cuba,Havana,North America,France,Paris,Painting,,,,1,0
8,Emma Amos,American,Postmodern,1937/3/16,2020/5/20,83,20th-21st,Pisces,United States,Atlanta,North America,,,Painting||Printmaking||Textile Art,Figurative,,"Antioch College in Yellow Springs, Ohio|| the Central School of Art and Design in London||New York University",1,0
9,Gunther Gerzso,Mexican,Abstract Art||Surrealism,1915/6/17,2000/4/21,84,20th-21st,Gemini,Mexico,Mexico City,North America,,,Film||Graphic Design||Literature||Painting,,Married,,0,7
10,Eduardo Chillida Juantegui,Spanish,Abstract Art,1924/1/10,2002/8/19,78,20th-21st,,Spain,San Sebastián De Los Reyes,Europe,Spain,San Sebastián,Sculpture,Abstract,Married,University of Madrid,0,0
11,Laurel Burch,American,,1945/12/31,2007/9/13,61,20th-21st,,United States,San Fernando Valley,North America,United States,Novato,Graphic Design||Others,,Remarried,,0,0
12,Christiaan Karel Appel,Dutch,CoBrA,1921/4/25,2006/5/3,85,20th-21st,Taurus,Netherlands,Amesterdam,Europe,Switzerland,Zurich,Literature||Painting||Sculpture,,,Rijksakademie van beeldende kunsten,0,0
13,Eduard Isabekyan,American,,1914/11/14,2007/8/17,92,20th-21st,Scorpio,Turkey,,Europe,Armenia,,Painting,Abstract||Illustration||Landscape||Other||Portrait,,Yerevan State Academy of Fine Arts,0,0
14,John Hoyland,British,Color Field painting||Lyrical Abstraction||Post-Painterly Abstraction,1934/10/12,2011/7/31,76,20th-21st,Libra,United Kingdom,Sheffield,Europe,United Kingdom,London,Painting,Abstract,,Sheffield School of Art||Royal Academy Schools,1,2
15,Raoul De Keyser,Belgian,New Vision,1930/8/29,2012/10/5,82,20th-21st,Virgo,Belgium,Deinze,Europe,Belgium,Deinze,Painting,Abstract,Widowed,Academy of Fine Arts,0,0
16,Esteban Vicente Pérez,Spain,Abstract Expressionism,1903/1/20,2001/1/10,97,20th-21st,Aquarius,Spain,Turégano,Europe,United States,New York,Painting,,Married,Real Academia de Bellas Artes de San Fernando,1,0
17,Manuel Felguérez Barra,Mexico,Abstract Art||Generación de la Ruptura,1928/12/12,2020/6/8,91,20th-21st,Sagittarius,Mexico,Valparaíso,North America,Mexico,Zacatecas,Conceptual||Sculpture,,,Academia de San Carlos||Académie de la Grande Chaumière||Académie Colarossi,0,0
18,Neil Gavin Welliver,American,Modern Art,1929/7/22,2005/4/5,75,20th-21st,Cancer,United States,Millville,North America,United States,Belfast,Painting,Landscape,,Philadelphia College of Art||Yale University,1,0
19,Eyvind Earle,American,,1916/4/26,2000/7/20,84,20th-21st,Taurus,United States,New York,North America,,,Illustration||Painting,,,Art Center College of Design,0,0
20,Howard Finster,American,Naïve art||Outsider art||Visionary art,1916/12/2,2001/10/20,84,20th-21st,Sagittarius,United States,Valley Head,North America,,,Others||Spiritual,Fantasy||Portrait,Married,,0,0
21,Patrick Procktor,British||Irish,Pop Art,1936/3/12,2003/8/29,67,20th-21st,Pisces,Ireland,Dublin,Europe,,,Painting||Printmaking,Figurative||Pop Art,,,0,0
22,Mary Fedden,British,,1915/8/14,2012/6/22,96,20th-21st,Leo,United Kingdom,Bristol,Europe,United Kingdom,London,Painting,Nature and Botanical||Still Life,Married,Slade School of Fine Art,1,2
23,Ronald Brooks Kitaj,American,,1932/10/29,2007/10/21,74,20th-21st,Scorpio,United States,Chagrin Falls||Ohio,North America,United States,Los Angeles,Painting,Figurative,,,1,2
24,Louise Joséphine Bourgeois,French||American,Abstract Expressionism||Feminist art||Surrealism,1911/12/25,2010/5/31,98,20th-21st,,France,Paris,Europe,United States,New York City,Installation||Painting||Printmaking||Sculpture,,Married,,0,1
25,Avigdor Arikha,French||Jewish||Romanian||Israeli,,1928/4/29,2010/4/30,82,20th-21st,Taurus,Romania,Raduq||Romania,Europe,France,Paris,Drawing||Education||Painting||Printmaking,Landscape||Nude||Portrait||Still Life,Married,Bezalel Academy of Arts and Design|| école Nationale Supérieure des Beaux-Arts,1,0
26,Henry Pierre Villierme,American,Abstract Expressionism||Bay Area Figurative Movement,1928/8/21,2013/3/13,84,20th-21st,Leo,United States,San Francisco||California,North America,United States,San Francisco,Painting||Sculpture,Landscape||Portrait||Still Life,,,0,0
27,Jean René Bazaine,French,Modern School of Paris,1904/12/21,2001/3/4,96,20th-21st,Sagittarius,France,Paris,Europe,France,Clamart,Graphic Design||Literature||Painting,Abstract,,,0,0
28,Edward Clark,American,Abstract Expressionism,1926/5/26,2019/10/18,93,20th-21st,Gemini,United States,New Orleans||Louisiana,North America,United States,Detroit,Painting,,,,0,1
29,Patrick Joseph Caulfield,British,Pop Art,1936/1/29,2005/9/29,69,20th-21st,Aquarius,United Kingdom,London,Europe,United Kingdom,London,Painting||Printmaking,Figurative,,,1,0
30,Maqbool Fida Husain,Indian||Qatari,Cubism||Indian Modernism,1915/9/17,2011/6/9,95,20th-21st,Virgo,India,Pandharpur||Maharashtra,Asia,United Kingdom,London,Drawing||Film||Painting||Photography||Printmaking,Narrative,,Art school in Bombay,0,0
31,Lonny Wood,American,Aerosol Art||Hip Hop,1955/8/2,2019/12/12,64,20th-21st,Leo,United States,New York City,North America,United States,New York City,Others,Pop Art,,,0,0
32,Leonora Carrington,British||Mexican,Surrealism,1917/4/6,2011/5/25,94,20th-21st,Aries,United Kingdom,Clayton-le-Woods,Europe,Mexico,Mexico City,Literature||Painting,Surrealist,Married,Mrs Penrose's Academy of Art||Chelsea School of Art||Ozenfant Academy,0,0
33,Nassos Daphnis,American||Greek,Abstract Art,1914/7/23,2010/11/23,96,20th-21st,Leo,United States,Krokeai,Europe,United States,Provincetown,Painting||Sculpture,Abstract||Other,,Art Students League of New York||Istituto Statale D'Arte,0,0
34,Frank Jeffrey Edson Smart,Australian,Precisionism,1905/4/4,2013/6/20,108,20th-21st,Aries,Australia,Adelaide,Oceania,Italy,Arezzo,Painting,Landscape,,Adelaide Teachers College||South Australian School of Arts and Crafts||Académie Montmartre,1,1
35,Afewerk Tekle,Ethiopians,,1932/10/22,2012/4/10,79,20th-21st,Libra,Ethiopia,Ankober,Africa,Ethiopia,Addis Ababa,Architecture||Decorative||Painting||Sculpture,Cultural and Regional Themes||Religious,,Central School of Arts and Crafts||Slade School of Art,0,0
36,Richard Ernst Artschwager,American,Conceptual art||Minimalism||Pop Art,1923/12/26,2013/2/9,89,20th-21st,,United States,"Washington, D.C.",North America,,,Illustration||Painting||Sculpture,,Married,Cornell University||Amédée Ozenfant's Studio,0,0
37,Dorothea Margaret Tanning,American,Surrealism,1910/8/25,2012/1/31,101,20th-21st,Virgo,United States,Galesburg,North America,United States,Manhattan,Literature||Painting||Printmaking||Sculpture,Surrealist,Remarried,Knox College||Chicago Academy of Fine Art,0,0
38,Maurice Bernard Sendak,American,,1928/6/10,2012/5/8,83,20th-21st,Gemini,United States,Brooklyn,North America,United States,Danbury,Illustration||Literature,Illustration,,Art Students League of New York,0,0
39,Vilen Isaakovych Barskyi,Ukrainian||German||Jewish,Conceptualism||Postmodernism,1930/10/27,2012/12/24,82,20th-21st,Scorpio,Ukraine,Kyiv,Europe,Germany,Dortmund,Graphic Design||Painting,Abstract||Avant Garde Experimental,Married,Kyiv Art School||Kyiv Art Institute,1,0
40,Richard Smith,British,Colour Field Painting||Pop Art,1931/10/27,2016/4/15,84,20th-21st,Scorpio,United Kingdom,Letchworth,Europe,United States,New York,Painting||Printmaking,Abstract,,St Albans School of Art||Royal College of Art,1,0
41,Jean-Paul Riopelle,Canadian,Automatism||Lyrical Abstraction||Surrealism,1923/10/7,2002/3/12,78,20th-21st,Libra,Canada,Montreal,North America,Canada,,Painting||Sculpture,Abstract,,,0,1
42,Albert Ràfols-Casamada,Spanish,Vanguard,1923/2/2,2009/12/17,86,20th-21st,Aquarius,Spain,Barcelona,Europe,Spain,Barcelona,Literature||Painting,Abstract,Married,,1,0
43,David Alexander Colville,Canadian,,1920/8/24,2013/7/16,92,20th-21st,Virgo,Canada,Toronto,North America,Canada,Wolfville,Painting||Printmaking,,Married,,1,0
44,Paolo Salvati,Italian,Expressionism,1939/2/22,2014/6/24,75,20th-21st,Pisces,Italy,Rome,Europe,Italy,Rome,Painting,Landscape||Portrait,,,0,3
45,Sir Terry Frost,British,Abstract Art,1915/10/13,2003/9/1,87,20th-21st,Libra,United Kingdom,Leamington Spa,Europe,,,Painting,Abstract,Married,Royal Academy of Arts (RA)||London||UK,1,2
46,"Solomon ""Sol"" LeWitt",American,Conceptual art||Minimalism,1928/9/9,2007/4/8,78,20th-21st,Virgo,United States,Hartford,North America,United States,New York,Drawing||Illustration||Installation||Painting||Photography||Printmaking,,Married,School of Visual Arts (SVA)||New York City||NY||US,1,0
47,Morris Graves,American,Modernism||Northwest School,1910/8/28,2001/5/5,90,20th-21st,Virgo,United States,Fox Valley,North America,United States,Loleta,Painting,Fantasy,Unmarried,,0,0
48,George ?tef?nescu-Ramnic,Romanian,,1914/4/20,2007/10/29,93,20th-21st,Taurus,Romania,Pl?ine?ti (Dumbr?veni),Europe,Germany,,Painting,,Married,,0,0
49,Manuel álvarez Bravo,Mexican,Mexican muralism,1902/2/4,2002/10/19,100,20th-21st,Aquarius,Mexico,Mexico City,North America,Mexico,Mexico City,Photography,Other||Surrealist,Remarried,,0,2
50,Jeremy Henderson,British,,1952/12/25,2009/4/28,56,20th-21st,,United Kingdom,Lisbellaw,Europe,United Kingdom,Lisbellaw,Painting,,Married,,1,0
51,Hans Ruedi Giger,Swiss,,1940/2/5,2014/5/12,74,20th-21st,Aquarius,Switzerland,Chur,Europe,Switzerland,,Graphic Design||Painting,Other||Surrealist,Remarried,,0,2
52,Tetsuya Ishida,Japanese,Surrealism,1973/6/16,2005/5/23,31,20th-21st,Gemini,Japan,Yaizu,Asia,Denmark,,Painting,Surrealist,,Musashino Art University,0,0
53,Anton Heyboer,Dutch,,1924/2/9,2005/4/9,81,20th-21st,Aquarius,Netherlands,,Europe,Netherlands,,Painting||Printmaking,,,,0,0
54,Fred Sandback,American,Minimalism,1943/8/29,2003/6/23,59,20th-21st,Virgo,United States,Bronxville||New York,North America,United States,New York City,Drawing||Printmaking||Sculpture,,,Yale School of Art （MFA）,0,0
55,Kenneth Price,American,,1935/2/16,2012/2/24,77,20th-21st,Aquarius,United States,Los Angeles,North America,United States,Arroyo Hondo,Ceramics||Sculpture,Abstract,,Santa Monica City College||Chouinard Art Institute ||Otis Art Institute (now Otis College of Art and Design)||University of Southern California|| Chouinard Art Institute||New York State College of Ceramics at Alfred University,0,1
56,Nancy Holt,American,Earthworks||Land Art,1938/4/5,2014/2/8,75,20th-21st,Aries,United States,Worcester,North America,,,Environment||Film||Installation||Literature||Photography||Sculpture||Social,Environmental||Other,Widowed,,0,6
57,Ken Danby,Canadian,Realism,1940/3/6,2007/9/23,67,20th-21st,Pisces,Canada,Sault Ste. Marie,North America,Canada,,Painting,Other,Married,Ontario College of Art|| Laurentian University,0,8
58,Conrad Marca-Relli,American,Abstract Expressionism,1913/6/5,2000/8/29,87,20th-21st,Gemini,United States,Boston,North America,Italy,Parma,Collage||Painting,Architecture||Fantasy||Landscape||Still Life,Married,Cooper Union,1,1
59,Mirdidingkingathi Juwarnda Sally Gabori,Australian,,1905/4/7,1905/7/7,0,20th,Aries,Australia,,Oceania,Australia,,Music||Painting||Textile Art,Abstract||Cultural and Regional Themes,Married,,0,0
60,Marjorie Virginia Strider,American,Avant-garde||Pop,1931/1/26,2014/8/27,83,20th-21st,Aquarius,United States,Oklahoma,North America,United States,Saugerties,Painting||Performance||Sculpture,,Married,Kansas City Art Institute,0,0
61,"Alexander ""Skunder"" Boghossian",American||Armenians||Ethiopians,,1937/7/22,2003/5/4,65,20th-21st,Cancer,Ethiopia,Addis Ababa,Africa,United States,"Washington, D.C.",Education||Painting,,,"Central Saint Martins (CSM), London, UK||UCL Slade School of Fine Art (University College London), London, UK||Academie de la Grande Chaumiere, Paris, France",1,1
62,Arman,French||American,,1928/11/17,2005/10/22,76,20th-21st,Scorpio,France,Nice,Europe,United States,New York,Painting,Abstract||Other,,,1,0
63,Balthasar Klossowski de Rola,French,Modern,1908/2/29,2001/2/18,92,20th-21st,Pisces,France,Paris,Europe,Switzerland,Rossiniere,Painting,,Remarried,Ecole de Paris,0,0
64,Tove Marika Jansson,Finnish||Swedish,,1914/8/9,2001/6/27,86,20th-21st,Leo,Finland,Helsinki,Europe,Finland,Helsinki,Illustration||Literature||Painting,Narrative,,"University College of Arts, Crafts and Design||Finnish Academy of Fine Arts||L'école des Beaux-Arts",0,1
65,J?rg Immendorff,German,Neue Wilde,1945/6/14,2007/5/28,61,20th-21st,Gemini,Germany,Bleckede,Europe,Germany,Düsseldorf,Painting||Performance||Sculpture,Political,,Kunstakademie Dusseldorf||Stadelschule Frankfurt,1,0
66,Richard William Hamilton,British,Pop Art,1922/2/24,2011/9/13,89,20th-21st,Pisces,United Kingdom,London,Europe,England,,Collage||Painting,,,Saint Martin's School of Art||Westminster School of Art||Royal Academy of Arts||Slade School of Art||University College London||Central School of Art and Design,1,0
67,Judith Scott,United States,,1943/5/1,2005/5/15,62,20th-21st,Taurus,United States,Cincinnati,North America,United States,Dutch Flat,Sculpture,Abstract,,Creative Growth Art Center,0,0
68,Vivian Dorothy Maier,American,,1926/2/1,2009/4/21,83,20th-21st,Aquarius,United States,New York,North America,United States,Chicago,Photography,Film,,,0,0
69,"Margareta Wechsler ""Medi"" Dinu",Romanian||Jewish,Classical,1908/12/22,2016/7/18,107,20th-21st,,Romania,Brezoi,Europe,Romania,Bucharest,Painting,Environmental||Landscape||Portrait,Married,"Academy of Belle Arte, Bucharest",1,1
70,Piero Dorazio,Italian,Abstract Art||Color field||Lyrical Abstraction,1927/6/27,2005/5/17,77,20th-21st,Cancer,Italy,Italy,Europe,Italy,Perugia,Painting,Abstract,Married,Ecole des Beaux-Arts||University of Pennsylvania School of Design,1,1
71,James Rosenquist,American,Pop Art,1933/11/28,2017/5/31,83,20th-21st,Sagittarius,United States,Grand Forks,North America,United States,New York,Painting,,,Minneapolis School of Art||University of Minnesota||Art Students League,0,1
72,Abdul Mati Klarwein,French||German,Surrealism,1932/4/9,2002/5/7,70,20th-21st,Aries,Germany,Hamburg,Europe,Spain,Deia,Painting,Landscape||Portrait||Still Life||Surrealist,Married,"Academie Julian, Paris, France||Ecole des Beaux-Arts, Paris, France",0,0
73,Gregoire Johannes Boonzaier,South African,Cape Impressionism,1909/7/31,2005/4/22,95,20th-21st,Leo,South Africa,Newlands,Africa,South Africa,Onrus,Painting,Landscape||Portrait||Still Life,Married,Heatherley School of Fine Art||Central School of Art and Design,1,0
74,Georges Mathieu,French,Lyrical Abstraction,1921/1/27,2012/6/10,91,20th-21st,Aquarius,France,Boulogne-sur-Mer,Europe,France,Boulogne-Billancourt,Painting||Theory,Abstract,,,0,0
75,Clifford Possum Tjapaltjarri,Australian,Western Desert Art Movement,1905/4/15,2002/6/21,97,20th-21st,Aries,Australia,Napperby,Oceania,Australia,Alice Springs/Stuart,Painting,,,,0,1
76,Walter Joseph De Maria,American,Conceptual art||Land art||Minimal art,1935/10/1,2013/7/25,77,20th-21st,Libra,United States,Albany,North America,United States,Los Angeles,Illustration||Others||Sculpture,,Married,"University of California, Berkeley||",0,0
77,David Robert Jones,British,Glam Rock,1947/1/8,2016/1/10,69,20th-21st,,United Kingdom,Brixton,Europe,United States,New York,Music||Performance,Music||Other||Pop Art,Remarried,,0,43
78,Hedda Sterne,Romanian||Jewish||American,Abstract Expressionism||Surrealism,1910/8/4,2011/4/8,100,20th-21st,Leo,Romania,Bucharest,Europe,United States,Manhattan,Painting,,Married,,0,0
79,Andrew Newell Wyeth,American,Regionalism,1917/7/12,2009/1/16,91,20th-21st,Cancer,United States,Chadds Ford,North America,United States,Chadds Ford,Painting,Other,Married,,0,0
80,"Bernhard ""Bernd"" Becher||Hilla Becher",German,Conceptual art||New Topographics,1905/5/12,1905/6/29,0,20th,Taurus,Germany,Siegen||Potsdam,Europe,,,Graphic Design||Painting||Photography,Film,Married,Staatliche Akademie der Bildenden Künste Stuttgart||Kunstakademie Düsseldorf,0,2
81,Karl Benjamin,American,Abstract Classicism,1925/12/29,2012/7/26,86,20th-21st,,United States,Chicago,North America,United States,Claremont,Painting,Abstract,Married,Northwestern University||Claremont Graduate University,1,0
82,John Angus Chamberlain,American,Abstract Expressionism,1927/4/16,2011/12/21,84,20th-21st,Aries,United States,Rochester,North America,United States,Manhattan,Sculpture,Abstract||Avant Garde Experimental,,Art Institute of Chicago||Black Mountain College,0,0
83,William-Adolphe Bouguereau,French,Academic,1825/11/30,1905/8/19,79,19th-20th,Sagittarius,France,La Rochelle,Europe,,,Painting,Mythological||Other,,école des Beaux-Arts,0,0
84,Frida Kahlo,Mexican,Magical Realism||Mexicayotl||Surrealism,1907/7/6,1954/7/13,47,20th,Gemini,Mexico,Coyoacán,North America,,,Painting,Portrait,,"Escuela Nacional de Pintura, Escultura y Grabado ""La Esmeralda""",0,0
85,Mary Frances Pratt,Canadian,Realism,1935/3/15,,,,Pisces,Canada,Fredericton,North America,,,Painting,Narrative||Still Life,,,0,0
86,Mark George Tobey,American,Abstract Expressionism,1890/12/11,1976/4/24,85,19th-20th,Scorpio,United States,Centerville,North America,Switzerland,Basel,Painting,,,Art Institute of Chicago||The Cornish School,0,0
87,Romero Britto,Brazilian,Cubism||Graffiti||Pop Art,1963/10/6,,,,Gemini,Brazil,Recife,South America,,,Painting||Printmaking||Sculpture,,,,0,0
88,Hito Steyerl,German,,1966/1/1,,,,,Germany,Munich,Europe,,,Film||Literature,Narrative,,Academy of Fine Arts Vienna||Japan Institute of the Moving Image||University of Television and Film Munich,0,0
89,Jenny Saville,British,Young British Artists,1970/5/7,,,,Cancer,England,Cambridge,Europe,,,Painting,Nude,,Lilley and Stone School||Glasgow School of Art||University of Cincinnati,0,0
90,Alison Knowles,American,Fluxus,1905/4/16,,,,,,,,,,Digital Art||Performance||Social||Visual,Avant Garde Experimental,,Pratt Institute,0,0
91,Pat Steir,American,Conceptual Art||Minimalism,1905/4/23,,,,,United States,Newark,North America,,,Installation||Painting||Printmaking,Abstract,,Pratt Institute||Boston University College of Fine Arts,0,0
92,Alberto Burri,Italian,Arte Povera||Neo-Dada||Nouveau réalisme||Postminimalism,1915/3/12,1995/2/13,79,20th,Sagittarius,Italy,Città di Castello,Europe,,,Painting||Sculpture,,,,0,0
93,Olafur Eliasson,Icelandic||Danish,,,,,,,Denmark,Copenhagen,Europe,,,Installation||Sculpture,,,Royal Danish Academy of Fine Arts,0,0
94,Richard Dean Tuttle,American,Postminimalism,1941/7/12,,,,Sagittarius,United States,Rahway,North America,,,Decorative||Drawing||Illustration||Installation||Painting||Printmaking||Sculpture,,,Trinity College||Cooper Union,0,0
95,Vasily Vasilyevich Vereshchagin,Russian,Realism,1842/10/26,1904/4/13,61,19th-20th,Scorpio,Russia,Cherepovets,Europe,,,Painting,War,,"Alexander Cadet Corps, Sea Cadet Corps at St Petersburg, St Petersburg Academy, Paris under Jean-Léon Gér?me",0,0
96,László Mednyánszky,Hungarian,,1852/4/23,1919/4/17,66,19th-20th,Taurus,Kingdom of Hungary,Beckó,Europe,Austria,Vienna,Painting,,,Akademie der Bildenden Künste||école des Beaux-Arts,0,0
97,Balcomb Greene,,Abstract Art||Modernism,1904/5/22,1905/6/12,85,20th,Gemini,United States,Millville,North America,,,Painting,Abstract||Figurative||Landscape,,Syracuse University||Columbia University||Académie de la Grande Chaumière||New York University,0,0
98,Wolfgang Tillmans,German,Contemporary photography,1968/8/16,,,,Leo,Germany,Remscheid,Europe,,,Photography,Portrait,,Bournemouth and Poole College of Art and Design,0,0
99,Julie Mehretu,,,,,,,,Ethiopia,Addis Ababa,Africa,,,Drawing||Painting||Printmaking,Abstract,,Kalamazoo College||Cheikh Anta Diop University||Rhode Island School of Design,0,0
100,Konstantin Yegorovich Makovsky,Russian,Academic art||Peredvizhniki||Russian Impressionism,1839/6/20,1915/9/17,76,19th-20th,Gemini,Russia,Moscow,Europe,Russia,Saint Petersburg,Painting,History||Portrait,,"Moscow School of Painting, Sculpture and Architecture||Imperial Academy of Arts",0,0
101,Gerhard Richter,German,,1932/2/9,,,,Virgo,Germany,Dresden,Europe,,,Decorative||Painting||Photography,Abstract||Illustration,,Dresden Academy of Fine Arts,0,0
102,Peter Dreher,German,Die Brücke||Neue Sachlichkeit,1932/8/26,,,,Virgo,Germany,Mannheim,Europe,,,Painting,Architecture||Landscape||Still Life,,"Academy of Fine Arts, Karlsruhe",0,0
103,Alfred Julio Jensen,Danish||German-Pole,Abstract Expressionism,1903/12/11,1905/6/3,77,20th,Scorpio,Guatemala,Guatemala City,North America,,,Painting,Abstract,,San Diego Fine Arts School||Academie Scandinave,0,0
104,Frederic Sackrider Remington,American,,1861/10/4,1909/12/26,48,19th-20th,Aries,United States,Canton,North America,,,Illustration||Literature||Painting||Sculpture,History,,Vermont Episcopal Institute,0,0
105,Simon St?lenhag,Swedish,,1984/1/20,,,,Aquarius,Sweden,,Europe,,,Graphic Design||Music||Others,History||Other||Surrealist,,,0,0
106,Henriette Theodora Markovitch || Dora Maar,French,Surrealism,1907/11/22,1997/7/16,89,20th,Sagittarius,France,Paris,Europe,,,Literature||Painting||Photography,,,Central Union of Decorative Arts || School of Photography || école des Beaux-Arts || Académie Julian,0,0
107,Abidin Dino,Turkish,New realism,1913/3/23,1993/12/7,80,20th,Aries,Turkey,Istanbul,Europe,,,Drawing||Literature||Painting||Sculpture,,,,0,0
108,Jules Chéret,French,Belle époque,1836/5/31,1932/9/23,96,19th-20th,Gemini,France,Paris,Europe,France,Nice,Graphic Design||Painting||Printmaking,Illustration,,école Nationale de Dessin,0,0
109,Ralph Albert Blakelock,American,Romanticism||Tonalism,1847/10/15,1919/8/9,71,19th-20th,Libra,United States,New York City,North America,United States,,Painting,Landscape,,Free Academy of the City of New York,0,0
110,Mierle Laderman Ukeles,,Conceptual Art||Feminist Art,1905/4/22,,,,,United States,Denver,North America,,,Others,,,Barnard College||Pratt Institute||New York University,0,0
111,Liam Gillick,English,Relational Art,1964/1/1,,,,,,,,,,Conceptual,,,Goldsmiths College,0,0
112,Adrian Margaret Smith Piper,American,Conceptual art,1948/9/20,,,,Virgo,United States,New York City,North America,,,Conceptual||Theory,,,"School of Visual Arts, City College of New York, Harvard University, University of Heidelberg",0,0
113,Rachel Whiteread,English,Young British Artists,1963/4/20,,,,Taurus,,Ilford,,,,Sculpture,,,"Cyprus College of Art||Slade School of Art, University College London",0,0
114,Joaquín Torres-García,Uruguayan||Spanish,Abstraction||Cubism||Dada||Geometry||Modern Classicism||Neo plasticisme||Noucentisme||Primitivisme||Surrealisme||Universal Constructivism,1874/7/28,1949/8/8,75,19th-20th,Leo,Uruguay,Montevideo,South America,,,Literature||Painting||Sculpture,,,,0,0
115,Marcel Mari?n,Belgian,Situationism||Surrealism,1920/4/29,1993/9/19,73,20th,Taurus,Belgium,Antwerp,Europe,Belgium,Brussels,Collage||Film||Literature||Photography,Surrealist,,,0,0
116,"Charles Thomas ""Chuck"" Close",American,Hyperrealism||Photorealism,1940/7/5,,,,Taurus,United States,Monroe,North America,,,Painting||Photography,Portrait,,Everett Community College||University of Washington||Yale University||Academy of Fine Arts Vienna,0,0
117,Marina Abramovi?,Serbian,Performance Art,1946/11/30,,,,Sagittarius,Yugoslavia,Belgrade,Europe,,,Performance,,,Academy of Fine Arts in Belgrade||Academy of Fine Arts in Zagreb,0,0
118,Paul Thek,American,,1933/11/2,1988/8/10,55,20th,Aquarius,United States,Brooklyn,North America,United States,New York City,Installation||Painting||Performance||Sculpture,,,Art Students League||Pratt Institute||Cooper Union,0,0
119,Sir John Lavery,Irish,,1856/3/20,1941/1/10,85,19th-20th,Pisces,Ireland,Belfast,Europe,Ireland,Kilmoganny,Painting,Portrait,,Haldane Academy||Académie Julian,0,0
120,Ludwig Johann Passini,Austrian,,1832/7/9,1903/11/6,70,19th-20th,Virgo,Austria,Vienna,Europe,Italy,Venice,Painting||Printmaking,Genre||Narrative||Portrait,,Vienna Academy of Art,0,0
121,Diego Rivera,Mexican,Mexican mural movement,1886/12/8,1957/11/24,71,19th-20th,Leo,Mexico,Guanajuato,North America,,,Painting,Architecture,,Academy of San Carlos,0,0
122,Ilya Kabakov,Russian||American,Conceptual Art,1933/9/30,,,,Libra,Soviet Union,Dnipropetrovsk,Europe,,,Drawing||Installation||Others||Painting,,,Leningrad Academy of Art||V.I. Surikov State Art Institute,0,0
123,Ettore Tito,Italian,,1859/12/17,1941/6/26,81,19th-20th,Sagittarius,Italy,Castellammare di Stabia,Europe,Italy,Venice,Drawing||Painting||Sculpture,Landscape||Mythological||Symbolic,,Accademia di Belle Arti,0,0
124,Norval Morrisseau,Canadian,Indian Group of Seven||Woodlands School,1931/3/14,2007/12/4,76,20th-21st,Pisces,Canada,Beardmore||Fort William||Thunder Bay,North America,,,Painting,,,,0,0
125,George Frederic Watts,English,Symbolism,1817/2/23,1904/7/1,86,19th-20th,Pisces,England,London,Europe,,,Painting||Sculpture,Allegorical||Landscape,,Royal Academy,0,0
126,Henri-Edmond Cross,French,Neo-Impressionism,1856/5/20,1910/5/16,53,19th-20th,Taurus,France,Douai,Europe,,,Painting||Printmaking,Landscape||Portrait||Still Life,,école des Beaux-Arts||écoles Académiques de Dessin et d'Architecture,0,0
127,Damien Steven Hirst,English,Young British Artists,1965/6/7,,,,Cancer,United Kingdom,Bristol,Europe,,,Painting||Professional||Sculpture,,,Jacob Kramer School of Art,0,0
128,Lewis Wickes Hine,American,,1874/9/26,1940/11/3,65,19th-20th,Libra,United States,Oshkosh,North America,,,Photography||Professional,Narrative,,University of Chicago||Columbia University||New York University,0,0
129,Hubertine Heijermans,Swiss,Impressionism,1936/1/8,,,,Leo,Netherlands,Amsterdam,Europe,,,Painting||Printmaking,Figurative,,Barlaeus Gymnasium||Rijksakademie||Villa Schifanoia,0,0
130,Lygia Clark,Brazilian,Brazilian Constructivism||Neo-Concrete||Tropicalia,1920/10/23,1988/4/25,67,20th,Scorpio,Brazil,Belo Horizonte,South America,Brazil,Rio de Janeiro,Installation||Painting||Professional||Sculpture,,,Sorbonne,0,0
131,Barbara Chase-Riboud,American,Modern,1939/6/26,,,,Cancer,United States,Philadelphia,North America,,,Literature||Sculpture||Visual,,,Fleisher Art Memorial School||Philadelphia Museum School of Art||Tyler School at Temple University||American Academy in Rome||Yale University School of Design and Architecture,0,0
132,Arthur Lismer,English-Canadian,Canadian Art||Group of Seven||Post-Impressionism,1885/6/27,1969/3/23,83,19th-20th,Cancer,England,,Europe,Canada,Montreal,Education||Painting,Landscape,,Sheffield School of Arts||Academie Royale,0,0
133,Pierre Emmanuel Damoye,French,Barbizon,1847/2/20,1905/3/30,68,19th-20th,Pisces,France,Paris,Europe,France,Paris,Painting,Landscape,,école des Beaux-Arts,0,0
134,Rebecca Horn,German,,1944/3/24,,,,Aries,Germany,Michelstadt,Europe,,,Film||Installation||Others||Performance||Sculpture,,,Hochschule für bildende Künste Hamburg,0,0
135,Ignacy Aleksander Gierymski,Polish,Impressionism,1850/1/30,1901/3/6,,,Aquarius,Poland,Warsaw,Europe,Italy,Rome,Painting,Landscape||Social Realism,,Academy of Fine Arts in Munich,0,0
136,James Browning Wyeth,American,Realism,1946/7/6,,,,Gemini,United States,Chadds Ford Township,North America,,,Painting,,,N. C. Wyeth House and Studio,0,0
137,Arne Quinze,Belgian,Conceptual Art,1971/12/15,,,,Sagittarius,Belgium,,Europe,,,Drawing||Painting||Sculpture,Social Realism,,,0,0
138,Sheila Hicks,American,,,,,,,USA,Hastings,North America,,,Painting||Sculpture||Textile Art,,,Yale School of Art,0,0
139,Rirkrit Tiravanija,Thai,Contemporary,1905/5/14,,,,,Argentina,Buenos Aires,South America,,,Installation,Avant Garde Experimental,,Ontario College of Art||Banff Center School of Fine Arts||School of the Art Institute of Chicago||Whitney Independent Studies Program,0,0
140,Edward Mitchell Bannister,Canadian-American,Tonalism,,1901/1/9,,,,Canada,St. Andrews,North America,United States,Providence,Painting,Genre||Landscape||Mythological||Portrait||Religious,,,0,0
141,Alice Neel,American,Ashcan School||Expressionism,1900/1/28,1984/10/13,84,20th,Aquarius,USA,Merion Square,North America,,,Painting,Portrait,,Philadelphia School of Design for Women,0,0
142,Mikalojus Konstantinas ?iurlionis,Lithuanian,Art Nouveau||Symbolism,1875/9/22,1911/4/10,36,19th-20th,Virgo,Lithuania,Senoji Var?na,Europe,Poland,Marki,Literature||Music||Painting,Abstract||Literature,,Musical school of Polish Prince Micha? Ogiński||Warsaw Conservatory||Leipzig Conservatory||Warsaw School of Fine Arts,0,0
143,Donald K. Sultan,American,New Image,1905/5/4,,,,,United States,Asheville,North America,,,Painting||Printmaking||Sculpture,Still Life,,University of North Carolina at Chapel Hill||Art Institute of Chicago,0,0
144,Delesio Antonio Berni,Argentine,Nuevo Realismo||Social Realism,1905/5/14,1981/10/13,76,20th,Taurus,Argentina,Rosario,South America,Argentina,Buenos Aires,Painting,Abstract||Figurative,,Rosario Catalá Center||Académie de la Grande Chaumière,0,0
145,Charles Garabed Atamian,Ottoman||French||Armenian,,1872/9/18,1947/7/30,74,19th-20th,Virgo,Ottoman Empire,Istanbul,Europe,,,Painting,Landscape||Portrait,,Mkhitaryan Armenian School||Lycée de Saint-Benoit||Murad Rafaelian Armenian School,0,0
146,?tefan Luchian,Romanian,Modernism||Post-impressionism||Symbolism,1868/2/1,1916/6/28,48,19th-20th,,Romania,?tef?ne?ti,Europe,Romania,Bucharest,Painting,Landscape||Still Life,,Fine Arts School||Munich Fine Arts Academy||Académie Julian,0,0
147,Julio Le Parc,Argentinean,Kinetic Art||Op Art,1928/9/23,,,,Libra,Argentina,,South America,,,Painting||Printmaking,,,School of Fine Arts||Academy of Fine Arts,0,0
148,Diane Arbus,American,,1923/3/14,1971/7/26,48,20th,Pisces,United States,New York City,North America,,,Photography,,,Fieldston School for Ethical Culture,0,0
149,Edvard Munch,Norwegian,Expressionism||Symbolism,1863/12/12,1944/1/23,80,19th-20th,Sagittarius,United Kingdoms of Sweden and Norway,"?dalsbruk, L?ten",Europe,,,Painting||Printmaking,,,,0,0
150,Odd Nerdrum,Norwegian,The Kitsch Movement,1944/4/8,,,,Leo,Sweden,,Europe,,,Painting,Allegorical||Portrait||Still Life,,Rudolf Steiner school,0,0
151,Billy Childish,British,Stuckism,1959/12/1,,,,Sagittarius,United Kingdom,Chatham,Europe,,,Film||Literature||Music||Painting||Photography||Social,Music||Other||Pop Art,,University of Kent||Saint Martin's School of Art,1,0
152,Gyula Kosice,Argentinean||Slovak,Concrete art||Constructivist art||Kinetic art||Luminal art||Madí||Non-figurative art,1924/4/26,,,,Taurus,Slovakia,Kosice,Europe,,,Conceptual||Literature||Sculpture,Abstract,,,0,0
153,Susan Rothenberg,American,Contemporary,1905/4/28,,,,Taurus,United States,Buffalo,North America,,,Drawing||Painting||Printmaking,Abstract||Figurative,,Cornell University||George Washington University||Corcoran Museum School,0,0
154,Joy St Clair Hester,Australian,Angry Penguins||Australian Modernism||Heide Circle,1920/8/31,1960/12/4,39,20th,Virgo,,Elwood,,,,Drawing||Painting,Portrait,,St Michael's Grammar School||Brighton Technical School||National Gallery School,0,0
155,Lee Ufan,Korean,Korean Monotone Art||Mono-ha,1905/4/19,,,,,Korea,Haman County,Asia,,,Painting||Sculpture,Abstract,,Seoul National University||Nihon University||Tama Art University,0,0
156,Alfio Giuffrida,Italian,Contemporary,1953/1/28,,,,Aquarius,Italy,Zafferana Etnea,Europe,,,Graphic Design||Installation||Painting||Sculpture,,,,0,0
157,"Ervand ""Kochar"" Kocharyan",Armenian,Painting in Space,1899/7/15,1905/6/1,5,19th-20th,Cancer,Georgia,Tbilisi,Asia,Armenia,Yerevan,Conceptual||Sculpture,,,Arts School of the Caucasus Association for Promotion of Fine Arts (O. Schmerling School)||State Free Art Studio of Moscow,1,5
158,John Milton Cage Jr.,American,Avant-Garde,1912/9/5,1992/8/12,79,20th,Virgo,United States,Los Angeles,North America,United States,,Music||Performance,,Unmarried,,0,0
159,Mathias Goeritz || Werner Mathias Goeritz Brunner,Mexican || German,,1915/4/4,1990/8/4,75,20th,Aries,Germany,Danzig,Europe,Mexico,Mexico City,Painting||Sculpture,,,Humboldt University of Berlin || Kunstgewerbe- und Handwerkerschule,0,0
160,Nathan Oliveira,American,Bay Area Figurative Movement,1928/12/19,2010/11/13,81,20th-21st,Sagittarius,United States,Oakland,North America,United States,Palo Alto,Painting||Printmaking||Sculpture,Abstract||Figurative,,San Francisco's George Washington High School||California College of Arts and Crafts||Mills College||,1,0
161,Oskar Kokoschka,Austrian,Expressionism,1886/3/1,1980/2/22,94,19th-20th,,Austria,P?chlarn,Europe,,,Literature||Painting||Performance,Landscape||Portrait,,Kunstgewerbeschule,0,0
162,Brice Marden,American,Minimalism,1938/10/15,,,,Libra,United States,Bronxville,North America,,,Drawing||Painting,Abstract,Remarried,Boston University||Florida Southern College||Yale School of Art and Architecture,0,0
163,Abbas Kiarostami,Iranian,Iranian New Wave,1940/6/22,2016/7/4,76,20th-21st,Cancer,Islamic Republic of Iran,Teheran,Asia,France,Paris,Film||Graphic Design||Illustration||Literature||Painting||Photography,Fantasy||Narrative,,University of Tehran School of Fine Arts,0,1
164,Chen Yifei,Chineses,Romantic Realism,1946/4/12,2005/4/10,58,20th-21st,Aries,China,Ningbo,Asia,China,Shanghai,Film||Painting,Landscape||Portrait,,Hunter College||Shanghai Training School of Art,0,0
165,Howard Arkley,Australian,,1951/5/5,1999/7/22,48,20th,Taurus,Australia,Melbourne,Oceania,Australia,Melbourne,Painting,Architecture||Environmental,Remarried,Prahran College of Advanced Education,0,0
166,Donald Judd,American,Minimalism,1928/6/3,1994/2/12,65,20th,Gemini,United States,Excelsior Springs,North America,United States,Manhattan,Painting||Sculpture,Abstract,,College of William and Mary||Columbia University School of General Studies,0,0
167,Robert L. Williams,American,,1943/3/2,,,,Pisces,United States,Albuquerque,North America,,,Graphic Design||Painting,Fantasy,Married,California Institute of the Arts||Los Angeles City College,0,0
168,Jonathan Eastman Johnson,American,Genre painting,1824/7/29,1906/4/5,81,19th-20th,Leo,United States,Lovell,North America,,,Painting,Genre||Portrait,,Düsseldorf school of painting,0,0
169,Al Held,American,Abstract expressionism,1928/10/12,2005/7/27,76,20th-21st,Libra,United States,Brooklyn,North America,United States,,Painting,Abstract,Remarried,Art Students League of New York||Academie de la Grande Chaumiere,1,2
170,Niki de Saint Phalle,French,Outsider art,1930/10/29,2002/5/21,71,20th-21st,Scorpio,France,Neuilly-sur-Seine,Europe,United States,California,Film||Painting||Sculpture,Cultural and Regional Themes||Sculpture,Remarried,,0,0
171,Bahia Shehab,,,1977/1/1,,,,,,,,,,Education||Graphic Design||Others||Social,Cultural and Regional Themes||Political||Social Realism,,AUC||Queen Rania Foundation,0,0
172,Ludwig Mies van der Rohe,German-American,Modernist Architecture,1886/3/27,1969/8/17,83,19th-20th,Aries,Germany,Aachen,Europe,,,Architecture,,,Bauhaus||Armour Institute of Technology||Illinois Institute of Technology,0,0
173,Lawrence Weiner,American,Conceptual Art||Postminimalism,1942/2/10,,,,Aquarius,United States,Bronx,North America,,,Digital Art||Film||Graphic Design||Installation||Performance||Sculpture||Social,,,Hunter College||Stuyvesant High School,0,0
174,Noma Bar,Israeli,,1973/1/1,,,,,Israel,,Asia,,,Digital Art||Graphic Design||Illustration||Others||Sculpture,,,Jerusalem Academy of Art,0,0
175,John Register,American,Realism,1905/4/22,1905/6/18,57,20th,,United States,New York City,North America,United States,Malibu,Drawing||Painting,Abstract,,Pasadena Art Center||Académie Julian||California School of Fine Arts||Pratt Institute||Art Students League,0,0
176,Luigi Serafini,Italian,,1949/8/4,,,,Aries,Italy,Rome,Europe,,,Architecture||Ceramics||Graphic Design||Others,,,,0,0
177,Bahman Mohassess,Iranians,Avant-garde,1931/3/1,2010/7/28,79,20th-21st,Pisces,Iran,Rasht,Asia,Italy,Rome,Painting||Performance||Sculpture||Translation,,Married,Tehran's Faculty of Fine Arts,1,0
178,Brett Whiteley,Australian,Abstract Art||Figuration||Modernism,1939/4/7,1992/6/12,53,20th,Aries,Australia,Sydney,Oceania,Australia,Wollongong,Painting,,Married,the National Art School in East Sydney,0,3
179,Ethel Léontine Gabain,French-English,,1883/3/26,1950/1/30,66,19th-20th,Aries,France,,Europe,,,Graphic Design||Painting||Printmaking,Portrait,,Wycombe Abbey School||Slade School of Fine Art||Raphael Collin's Studio||Central School of Arts and Crafts||Chelsea Polytechnic,0,0
180,Clyfford Still,American,Abstract Expressionism,1904/11/30,1980/6/23,75,20th,Sagittarius,United States,Grandin,North America,,,Painting,Landscape||Portrait,,Art Students League||Spokane University||California School of Fine Arts,0,0
181,Barbara Kruger,American,Conceptual art,1945/1/26,,,,Aquarius,United States,Newark,North America,,,Collage,,,Syracuse University||Parsons School of Design,0,0
182,Pierre Molinier,French,Surrealism,1900/4/13,1976/3/3,75,20th,Aries,France,Agen,Europe,,,Others||Painting||Photography,Erotic||Landscape,Married,,0,0
183,Adolf Richard Fleischmann,Germany,Abstract Art||Constructivism||Op Art,1892/3/18,1968/1/28,75,19th-20th,Pisces,Germany,Esslingen am Neckar,Europe,Germany,Stuttgart,Painting,Abstract,Married,the Kunstgewerbeschule||the Royal Academy of Arts,0,0
184,Grace Thurston Arnold Albee,American,,1890/7/28,1985/7/26,94,19th-20th,Leo,United States,Scituate,North America,United States,Bristol,Printmaking,,Married,the Rhode Island School of Design,0,50
185,Joan Mitchell,American,Abstract Expressionism,1925/2/12,1992/10/30,66,20th,Sagittarius,United States,Chicago,North America,,,Painting||Printmaking,Landscape,,The Art Institute of Chicago||Smith College,0,0
186,Gotthard Graubner,German,,1930/6/13,2013/5/24,82,20th-21st,Gemini,Germany,Eribach,Europe,Germany,Neuss,Painting,,Married,Kunstakademie Düsseldorf||Akademie der Künste Berlin||Dresden Academy of Fine Arts,1,0
187,Nam June Paik,American||South Korean,Fluxus||Neo-Dada,1932/7/20,2006/1/29,73,20th-21st,Cancer,South Korean,Seoul,Asia,United States,Miami,Digital Art||Music,,,Kunstakademie Düsseldorf,0,0
188,Jacob M?cznik,Polish || French,école de Paris,1905/12/4,1945/5/10,40,20th,Aries,Poland,?ód?,Europe,,,Painting,Other,,"School of Fine Arts, Warsaw",0,0
189,Emil Schumacher,German,Abstract expressionism,1912/8/29,1999/10/4,87,20th,Virgo,Germany,Hagen,Europe,Spain,San José,Painting,,Married,,1,0
190,Wilhelm Sasnal,Polish,,1972/12/29,,,,,Poland,Tarnów,Europe,,,Film||Illustration||Painting||Photography,Contemporary||Landscape||Other||Portrait,,Jan Matejko Academy of Fine Arts,0,0
191,Paul Delvaux,Belgian,Surrealism,1897/9/23,1994/7/20,96,19th-20th,Libra,Belgium,Antheit,Europe,Belgium,Veurne,Painting,Landscape||Nude,,Académie Royale des Beaux-Arts,0,0
192,Antonio López García,Spanish,Hyperrealism||Magic Realism||Neo-academism||Realism,1936/1/6,,,,,Spain,Tomelloso,Europe,,,Painting||Sculpture,Other||Surrealist,Married,Real Academia de Bellas Artes de San Fernando,0,0
193,Philip Pearlstein,American,Modernist Realism,1924/5/24,,,,Gemini,USA,Pittsburgh,North America,,,Painting,Figurative||Landscape||Portrait,,Carnegie Institute of Technology||New York University Institute of Fine Arts,0,0
194,Francesca Stern Woodman,American,,1958/4/3,1981/1/19,22,20th,Aries,United States,Denver,North America,United States,New York City,Photography,Illustration,Unmarried,the Rhode Island School of Design,0,0
195,Mark Lancaster,English,American Modernist||Pop art,1938/5/14,,,,Taurus,England,Holmfirth,Europe,,,Graphic Design||Painting,,,"King's College, Newcastle||Bath Academy of Art",0,0
196,Luchita Hurtado,Venezuelan||American,,1920/10/28,2020/8/13,99,20th-21st,Scorpio,Venezuela,Luisa Amelia García Rodriguez Hurtado,South America,United States,Santa Monica,Painting,,Remarried,,0,0
197,Nobuo Sekine,Japanese,Mono-ha,1905/4/25,,,,Taurus,Japan,Shiki City,Asia,,,Sculpture,,,painting department at Tama Art University,0,0
198,Grace Cossington Smith,Australian,Post-Impressionism,1892/4/20,1984/12/20,92,19th-20th,Taurus,Australia,Neutral Bay,Oceania,Australia,Roseville,Painting,Architecture||Landscape||Still Life,,Abbotsleigh School for Girls,0,0
199,Hélio Oiticica,Brazilian,Neo-Concrete Movement,1937/7/26,1980/3/22,42,20th,Leo,Brazil,Rio de Janeiro,South America,Brazil,Rio de Janeiro,Film||Literature||Painting||Performance||Sculpture||Visual,Environmental,,,0,0
200,"Jacqueline ""Jackie"" Winsor",American||Canadian,Anti-form||Postminimalism||Process Art,1941/10/20,,,,Libra,Canada,"St. John's, Newfoundland and Labrador",North America,,,Sculpture,Abstract||Political,Married,Massachusetts College of Art,0,0
201,Vladimir Grigoryevich Tretchikoff,Russian,,1913/12/26,2006/8/26,92,20th-21st,,Kazakhstan,Petropavl / Petropavlovsk,Asia,South Africa,Cape Town,Illustration||Painting,Portrait||Still Life,Married,,0,0
202,Jimmie Durham,American,,1940/7/10,,,,Cancer,United States,Houston,North America,Germany,Berlin,Literature||Sculpture,,,L'école des Beaux-Arts,0,0
203,Tr?n V?n C?n,Vietnamese,Social Realism,1910/8/13,1905/6/16,83,20th,Leo,Vietnam,Ki?n An||H?i Phòng,Asia,,,Painting,Architecture||Illustration||Other,,école des Beaux-Arts d'Indochine,0,0
204,Billy Apple,New Zealander,Conceptual Art||Pop Art,1935/12/31,2021/9/6,85,20th-21st,,New Zealand,Auckland,Europe,New Zealand,,Painting||Sculpture,,,the Royal College of Art,0,1
205,George Milwa Mnyaluza Pemba,South African,Impressionism,1912/4/2,2001/7/12,89,20th-21st,Aries,South Africa,Korsten,Africa,South Africa,,Literature||Painting,Landscape||Portrait,,,1,3
206,Callum Innes,British,Abstract Art,1905/5/15,,,,Taurus,United Kingdom,Edinburgh,Europe,,,Painting,,,Gray's School of Art||Edinburgh College of Art,0,4
207,Jeanne Hébuterne,French,,1898/4/6,1920/1/26,21,19th-20th,Gemini,France,Meaux,Europe,,,Drawing,,,Académie Colarossi,0,0
208,Charuvi Agrawal,Indian,,1983/6/20,,,,Gemini,India,New Delhi,Asia,,,Digital Art||Film||Painting||Sculpture||Visual,,,Sheridan Institute of Technology and Advanced Learning||the College of Art in Delhi,0,0
209,Nikos Hadjikyriakos-Ghikas,Greek,Cubism||Modernism,1906/2/26,1994/9/3,88,20th,Pisces,Greece,Athens,Europe,Greece,Athens,Education||Literature||Painting||Printmaking||Sculpture,Abstract||Landscape,Married,the Sorbonne University,1,0
210,Kishio Suga,Japanese,Mono-ha,1905/4/27,,,,Taurus,Japan,Morioka,Asia,,,Installation||Sculpture,,,the painting department at Tama Art University,0,0
211,Elmer Nelson Bischoff,American,Bay Area Figurative Movement,1916/7/9,1991/3/2,74,20th,Virgo,USA,Berkeley,North America,,,Visual,Abstract||Figurative,,"University of California, Berkeley||San Francisco's California School of Fine Arts",0,0
212,Francis Bacon,British||Irish,,1909/10/28,1992/4/28,82,20th,Scorpio,Ireland,Dublin,Europe,,,Painting,Figurative,,,0,0
213,Pierre Soulages,French,,1919/12/24,,,,,France,Rodez,Europe,,,Painting||Printmaking||Sculpture,,,,0,0
214,Ashley Bickerton,Barbadian||American,Neo-Geo,1905/5/12,,,,Taurus,Britain,Barbados,Europe,,,MixedMedia,,,the California Institute of the Arts,0,0
215,Joseph Kosuth,American,Conceptual Art,1945/1/31,,,,Aquarius,United States,Toledo,North America,,,Literature||Others,Conceptual,,the Toledo Museum School of Design||the Cleveland Institute of Art,1,0
216,Mary Blair,American,California School of Watercolor,1911/10/21,1978/7/26,66,20th,Libra,United States,McAlester,North America,,,Digital Art||Graphic Design||Others,,,Chouinard Art Institute,0,0
217,Martha Rosler,American,,1905/4/26,,,,Taurus,United States,Brooklyn,North America,,,Digital Art||Installation||Literature||Performance||Photography||Sculpture,Illustration,,Erasmus Hall High School in Brooklyn||Brooklyn College (1965)||the University of California,1,0
218,Walter Frederick Osborne,Irish,Impressionism||Post-Impressionism,1859/6/17,1903/4/24,43,19th-20th,Gemini,Ireland,Dublin,Europe,,,Painting,Landscape||Narrative||Portrait,,Academie Royale des Beaux Arts||Royal Hibernian Academy school||Koninklijke Academie voor Schone Kunsten,0,0
219,On Kawara,American||Japanese,Conceptual,1933/1/2,2014/7/10,81,20th-21st,,Japan,Kariya,Asia,United States,New York City,Painting,,,,0,0
220,Hirohiko Araki,Japanese,,1960/6/7,,,,Gemini,Japan,Sendai,Asia,,,Film,,,,0,0
221,Tea Jorjadze,German||Georgian,,1905/5/24,,,,Gemini,Georgia,Tbilisi,Asia,,,Digital Art||Drawing||Installation||Music||Others||Painting||Performance||Sculpture,,,the Academy of Arts in Tbilisi||Gerrit Rietveld Academy,0,0
222,Richard Paul Lohse,Swiss,Concrete||Constructive,1902/9/13,1988/9/16,86,20th,Virgo,Switzerland,Zürich,Europe,Switzerland,Zurich,Graphic Design||Painting,Abstract||Still Life,Married,the Kunstgewerbeschule Zürich,0,0
223,Paul Jenkins,American,Abstract Expressionism,1923/7/12,2012/6/9,88,20th-21st,Cancer,United States,Kansas City,North America,United States,Manhattan,Painting,Abstract,,Art Students League of New York,0,0
224,Shadi Ghadirian,Iranian,Contemporary,1905/5/27,,,,,Iran,Tehran,Asia,,,Photography,Portrait,,Azad University,0,0
225,Albert Namatjira,Australian,Hermannsburg School,1902/7/28,1959/8/8,57,20th,Leo,Australia,,Oceania,Australia,Alice Springs / Stuart,Painting,Landscape,Married,,0,0
226,Gy?rgy Kepes,Hungarian||American,,1906/10/4,2001/12/29,95,20th-21st,Libra,Hungary,Selyp,Europe,United States,Cambridge,Education||Graphic Design||Painting||Photography||Theory,,Married,Hungarian University of Fine Arts,1,0
227,Benny Andrews,American,Abstract Expressionism,1930/11/13,2006/11/10,75,20th-21st,Scorpio,United States,Plainview,North America,,,Collage||Painting||Printmaking,,,,1,0
228,Ralph Fasanella,American,,1914/9/2,1997/12/16,83,20th,Aquarius,United States,Bronx,North America,,,Painting,,,,0,0
229,Helene Schjerfbeck,Finnish,Realism,1862/7/10,1946/1/23,83,19th-20th,Libra,Finland,Helsinki,Europe,,,Painting,Landscape||Other||Portrait||Still Life,,Finnish Art Society Drawing School||Adolf von Becker's private academy||Académie Colarossi,0,0
230,Robert Indiana,American,Pop Art,1928/9/13,,,,Virgo,United States,New Castle,North America,,,Graphic Design||Painting||Sculpture,,,the Art Institute of Chicago||the Skowhegan School of Painting and Sculpture||Edinburgh University||Edinburgh College of Art,0,0
231,Yayoi Kusama,Japanese,Abstract Expressionism||Pop Art,1929/3/22,,,,Aries,Japan,Matsumoto,Asia,,,Fashion||Film||Installation||Literature||Painting||Performance||Sculpture,Abstract||Avant Garde Experimental||Conceptual||Political||Surrealist,,Kyoto School of Arts and Crafts,0,0
232,Malcolm Morley,English,Abstract Expressionism||Photorealism||Super Realism,1931/6/7,,,,Cancer,United Kingdom,London,Europe,,,Painting,Illustration||Other,,Camberwell School of Arts||Royal College of Art,0,0
233,Jennifer Losch Bartlett,American,Conceptual art||Neo-expressionism,1941/3/14,,,,Pisces,United States,Long Beach,North America,,,Painting||Printmaking,Abstract||Figurative,Divorced,Mills College,0,0
234,Konrad Zuse,German,,1910/6/22,1995/12/18,85,20th,Cancer,Germany,Berlin,Europe,Germany,,Professional||Science,,,the Technische Hochschule Berlin,0,0
235,Ron Gorchov,American,Abstract Expressionism,1930/4/5,,,,Aries,United States,Chicago,North America,,,Painting||Sculpture,Abstract,Married,the University of Mississippi||the Roosevelt College & Art Institute||the University of Illinois in Urbana,0,0
236,Vito Acconci,American,Situationism,1940/1/24,,,,Aquarius,United States,Bronx,North America,,,Architecture||Digital Art||Graphic Design||Installation||Performance||Sculpture,,,the College of the Holy Cross||the University of Iowa,1,3
237,Wifredo Lam,Cuban,Surrealism,1902/12/8,1982/9/11,79,20th,Sagittarius,Cuba,Sagua La Grande,Europe,France,Paris,Ceramics||Painting||Printmaking||Sculpture,,Widowed,Museo del Prado,0,0
238,Erich Heckel,German,Expressionism,1883/7/31,1970/1/27,86,19th-20th,Leo,Germany,D?beln,Europe,Germany,Radolfzell,Painting||Printmaking,,,Dresden Polytechnic Institute,0,0
239,Robert Mangold,American,Minimalism,1937/10/12,,,,Sagittarius,United States,North Tonawanda,North America,,,Painting,,,Cleveland Institute of Art||Yale University,0,0
240,Gerhard von Graevenitz,German,Kinetic Art||Nouvelle Tendance||Op Art||Zero Group,1934/9/19,1983/8/20,48,20th,Virgo,Germany,"Schilde, Prignitz/Mark Brandenburg",Europe,Switzerland,Near Habkern/Traubachtal,Conceptual,,,,0,0
241,Richard Prince,American,,1949/8/6,,,,Leo,United States,Panama Canal Zone,North America,,,Painting||Photography,,,,0,0
242,Mel Bochner,American,Conceptual Art,1905/4/23,,,,,United States,Pittsburgh,North America,,,Education||Painting||Printmaking||Sculpture,Conceptual||Other,,Carnegie Mellon University||Northwestern University,0,0
243,Fred Williams,Australian,,1927/1/23,1982/4/22,55,20th,Aquarius,Australia,"Richmond, Victoria",Oceania,Australia,"Hawthorn, Victoria",Painting||Printmaking,Landscape,,"National Gallery School, Melbourne||Chelsea School of Art, London||Central School of Arts and Crafts",0,0
244,Otto Muehl,Austrian,Viennese Actionism,1925/6/16,2013/5/26,87,20th-21st,Gemini,Austria,Mariasdorf,Europe,Portugal,Moncarapacho,Performance||Sculpture,,,Akademie der Bildenden Kunste Wien,0,0
245,Nabil Kanso,American,Post-modernism,1905/4/29,,,,Taurus,Lebanon,Beirut,Asia,,,Painting,Contemporary||History||Literature,,,0,0
246,José Sobral de Almada Negreiros,Portuguese,Futurism||Modernism,1893/4/7,1970/6/15,77,19th-20th,Aries,,Colony of Sao Tome e Principe,Africa,,,Decorative||Graphic Design||Literature||Mosaic||Others||Painting||Performance||Printmaking,,Married,,0,0
247,Betty Roodish Goodwin,Canadian,,1923/3/19,2008/12/1,85,20th-21st,Pisces,Canada,"Montreal, Quebec",North America,Canada,"Montreal, Quebec",Installation||Painting||Printmaking||Sculpture,Narrative||Still Life,,Valentine's Commercial School of Art in Montreal,0,4
248,Pauline Boty,British,Pop Art,1938/3/6,1966/7/1,28,20th,Pisces,United Kingdom,London,Europe,,,Painting,,,Slade School of Fine Art||School of Stained Glass at the Royal College of Art,0,0
249,Richard Diebenkorn,American,Abstract Expressionism||Bay Area Figurative Movement,1922/4/22,1993/3/30,70,20th,Taurus,United States,"Portland, Oregon",North America,United States,"Berkeley, California",Painting,,,Stanford University||California School of Fine Arts,1,0
250,Endre Rozsda,Hungarian-French,Surrealism,1913/11/18,1999/9/17,85,20th,Scorpio,Hungary,Mohács,Europe,France,Paris,Painting,Surrealist,,école de Louvre,0,0
251,Anthony Alfred Caro,British,Modernism,1924/3/8,2013/10/23,89,20th-21st,Pisces,United Kingdom,New Malden,Europe,,,Sculpture,Abstract,,Farnham School of Art||Regent Street Polytechnic||Royal Academy Schools,0,0
252,William Balthazar Rose,British||Italian||Scottish||Jewish,Bay Area Figurative Movement,1961/2/28,,,,Pisces,United Kingdom,Cambridge,Europe,,,Painting,Figurative,,,0,0
253,Alexander Georg Rudolf Bauer,American||German,Abstract Art||Non-Objective,1889/2/11,1953/11/28,64,19th-20th,Aquarius,Poland,Wirsitz,Europe,United States,"Deal, New Jersey",Painting,Abstract||Figurative,Married,,1,0
254,Eduardo Luigi Paolozzi,British,Pop Art,1924/3/7,2005/4/22,81,20th-21st,Pisces,United Kingdom,"Leith, Edinburgh, Scotland",Europe,United States,London,Collage||Sculpture,Avant Garde Experimental||Pop Art,,Edinburgh College of Art||Saint Martin's School of Art,1,0
255,Joan Brown,American,Bay Area Figurative Movement,1938/2/19,1990/10/26,52,20th,Pisces,United States,San Francisco,North America,,,Painting,Figurative,,California School of Fine Art||San Francisco Art Institute,0,0
256,Yves Tanguy,French||American,Surrealism,1900/1/5,1955/1/15,54,20th,Taurus,France,Paris,Europe,United States,Woodbury,Painting,,,,0,0
257,John Steuart Curry,American,American Regionalism,1897/11/14,1946/8/29,48,19th-20th,Scorpio,United States,Dunavant,North America,United States,Madison,Graphic Design||Illustration||Others||Painting,,,Kansas City Art Institute || Art Institute of Chicago,0,0
258,Aydin Aghdashloo,Iranian,Surrealism,1940/10/30,,,,Scorpio,Islamic Republic of Iran,,Asia,,,Film||Literature||Painting,Other||Surrealist,,Tehran University's school of Fine Arts,0,1
259,Albert Bitran,French,Geometrical Abstraction||Lyrical Abstraction,,,,,,Turkey,Istanbul,Asia,,,Painting||Printmaking||Sculpture,Abstract||Landscape,,,0,0
260,Lasar Segall,Brazilian||Jewish,Expressionism||Impressionism||Modernism,1891/7/21,1957/8/2,65,19th-20th,Cancer,Lithuania,Vilnius,Europe,,,Painting||Printmaking||Sculpture,Erotic||Other||Political||War,,Berlin K?nigliche Akademie der Künste||Kunstakademie Dresden,0,0
261,Edna Andrade,American,Op Art,1917/1/25,2008/4/17,91,20th-21st,Aquarius,United States,"Portsmouth, Virginia",North America,United States,Philadelphia,Painting,Abstract,Married,University of Pennsylvania||Pennsylvania Academy of Fine Arts,1,0
262,Valerie Jaudon,American,Abstraction||Pattern and Decoration||Postminimal,1945/8/6,,,,Leo,United States,"Greenville, Mississippi",North America,,,Painting,,,Mississippi University for Women||Memphis Academy of Art||University of the Americas in Mexico City||Central Saint Martins College of Arts and Design in London,0,0
263,Tess Jaray,British||Austrian,,1937/12/31,,,,,Austria,Vienna,Europe,,,Painting||Printmaking,,,Saint Martins School of Art in London||Slade School of Fine Art,1,4
264,Luke Chueh,American,Lowbrow||Pop Surrealism,1973/3/7,,,,Pisces,United States,Philadelphia,North America,,,Illustration||Painting,Portrait,,California Polytechnic State University,0,0
265,Jessica Stockholder,,Abstract Expressionism,,,,,,,,,,,Installation||Sculpture,,,University of Victoria||Yale University,0,0
266,Walter Gay,American,,1856/1/22,1937/7/13,81,19th-20th,Aquarius,United States,Hingham,North America,,,Painting,Architecture||Genre,,,0,0
267,Robert Doisneau,French,Humanist Photography||Photojournalism,1912/4/14,1994/4/1,81,20th,Aries,France,Paris,Europe,France,Paris,Photography,,,Ecole Estienne,0,0
268,Maurice Boitel,French,La Jeune Peinture,1919/7/31,2007/8/11,88,20th-21st,Leo,France,Tillieres-sur-Avre,Europe,France,Pas-de-Calais,Painting,,,Fine Arts schools of Boulogne-sur-Mer and of Amiens||Fine Arts Academy of Dijon||Ecole nationale superieure des Beaux-Arts,0,0
269,Ali Akbar Sadeghi,Iranian,Persian Surrealism,1905/4/20,,,,Taurus,Islamic Republic of Iran,Teheran,Asia,,,Film||Graphic Design||Illustration||Painting,Illustration||Narrative||Surrealist,,"College of Art, University of Tehran",1,0
270,Rochelle Blumenfeld,American,,,,,,,USA,Pittsburgh,North America,,,Graphic Design||Painting,Abstract,,Carnegie Mellon University||Carnegie Museum,0,0
271,Paul-émile Borduas,Canadian,Automatiste,1905/11/1,1905/5/13,-1,20th,Scorpio,Canada,Quebec,North America,,,Painting,Abstract,,Ecole des Beaux-Arts de Montreal||Ateliers d'Art Sacre,1,0
272,Wangechi Mutu,Kenyan,,1972/6/22,,,,Cancer,Kenya,Nairobi,Africa,,,Collage||Digital Art||Painting||Performance||Sculpture,,,Loreto Convent Msongari||United World College of the Atlantic||The New School for Social Research||Parsons School of Art and Design||Cooper Union for the Advancement of the Arts and Science||Yale School of Art,0,0
273,Kent Monkman,Canadian||Indigenous North Americans,,1905/5/18,,,,Taurus,Canada,Ontario,North America,,,Digital Art||Film||Installation||Painting||Performance,History||Landscape,,Banff Centre||Sundance Institute in Los Angeles||Canadian Screen Training Institute||Oakville's Sheridan College,0,2
274,Duane Hanson,American,Realism,1925/1/17,1996/1/6,70,20th,,United States,Alexandria,North America,United States,Boca Raton,Sculpture,Social Realism,,Luther College||University of Washington||Macalester College||Cranbrook Academy of Art in Bloomfield Hills,1,0
275,Christo Vladimirov Javacheff,Bulgarians||French||Americans,Environmental Art,1935/6/13,,,,Gemini,,,Europe,,,Social,,Married,,0,0
276,Manuel Rodríguez Lozano,Mexican,,,1971/3/27,,,,Mexico,Mexico City,North America,Mexico,Mexico City,Painting,,,Academy of San Carlos,0,0
277,Jean Messagier,French,Art informel||Lyrical abstraction||Nuagisme||Tachisme||paysagisme abstrait,1920/7/13,1999/9/10,79,20th,Cancer,France,Montbeliard,Europe,France,Paris,Literature||Painting||Printmaking||Sculpture,Abstract||Landscape||Portrait,Married,Large-Chenois in Montbeliard||l'Ecole Nationale des Arts Decoratifs||College de France,1,0
278,Miriam Schapiro,American||Canadian||Jewish,Pattern and Decoration,1923/11/15,2015/6/20,91,20th-21st,Scorpio,Canada,Toronto,North America,United States,Hampton Bays,Painting||Printmaking||Sculpture,Abstract||Political,Married,Hunter College||University of Iowa,0,0
279,Kenny Scharf,American,,1905/5/11,,,,Taurus,United States,"Los Angeles, California",North America,,,Conceptual||Digital Art||Fashion||Painting||Performance||Sculpture,Pop Art,,School of Visual Arts,0,0
280,Lo?s Mailou Jones,American,Harlem Renaissance,1905/11/3,1998/6/9,92,20th,Scorpio,United States,"Boston, Massachusetts",North America,United States,"Washington, D.C.",Graphic Design||Illustration||Painting,Other||Portrait,,High School of Practical Arts in Boston||Boston Museum of Fine Arts||Boston Normal Art School||Design Art School of Boston,0,1
281,Vladimir Kush,American,Metaphorical Realism||Surrealism,1965/3/1,,,,Pisces,Russia,Moscow,Europe,,,Painting||Sculpture,Surrealist,,Surikov Moscow Art Institute,0,1
282,John Anthony Baldessari,American,Conceptual,1931/6/17,,,,Gemini,United States,National City,North America,,,Digital Art||Film||Installation||Painting||Photography||Printmaking||Sculpture,,,"Sweetwater High School, San Diego State College",0,0
283,Marie Bronislava Vorobyeva-Stebelska||Marevna,Russian,Cubism||Pointillism,1905/3/6,1984/5/4,,,,Russia,Cheboksary,Europe,,,Painting,,,Stroganov Art Academy,0,0
284,Zdzis?aw Beksiński,Polish,Dystopian Surrealism,1929/2/24,2005/2/21,75,20th-21st,Pisces,Poland,Sanok,Europe,Poland,Warsaw,Painting||Photography||Sculpture,Abstract||Surrealist,,Faculty of Architecture at the Krakow Polytechnic,0,0
285,Nasreen Mohamedi,Indian,,,,,,,India,Karachi,Asia,,,Drawing,,,St. Martin's School of the Arts||Bhulabhai Institute for the Arts,0,0
286,Cildo Meireles,Brazilian,Conceptual||Neo-Concrete,1905/5/1,,,,Taurus,Brazil,Rio de Janeiro,South America,,,Installation||Sculpture,,,Escola Nacional de Belas Artes,0,0
287,Bruce Nauman,American,,1941/12/6,,,,Gemini,United States,Fort Wayne,North America,,,Digital Art||Drawing||Others||Performance||Photography||Printmaking||Sculpture,,,"University of Wisconsin–Madison||University of California, Davis",0,0
288,El Anatsui,Ghanaian||Nigerian,,1905/4/27,,,,Taurus,Ghana,,Africa,,,Sculpture,Avant Garde Experimental,,"College of Art, University of Science and Technology, in Kumasi, in central Ghana",0,0
289,Jerry W. McDaniel,American,Modernism,,,,,,USA,Zaleski,North America,,,Graphic Design||Illustration||Painting,Landscape||Other||Political||Portrait,,Columbus College of Art and Design,0,0
290,Eva Hesse,American||Jewish||German,Postminimalism,1936/1/11,1970/5/29,34,20th,,Germany,Hamburg,Europe,,,Sculpture,,Divorced,New York's School of Industrial Art||Yale University,0,0
291,Jesús Rafael Soto,Venezuelan,Kinetic art||Op art,1923/6/5,2005/1/14,81,20th-21st,Gemini,Venezuela,Ciudad Bolivar,South America,,,Painting||Sculpture,Abstract,,Escuela de Artes Plasticas y Artes Aplicadas,1,1
292,Gianni Piacentino,Italian,Minimalism,1905/4/28,,,,Taurus,Italy,Coazze,Europe,,,Painting||Sculpture,Other,,,0,0
293,Banksy,English,Graffiti||Street Art,,,,,,England,,Europe,,,Conceptual||Film,Narrative||Political,,,0,0
294,Charles Henry Alston,American,Harlem Renaissance,1907/11/28,1977/4/27,69,20th,Sagittarius,United States,Charlotte,North America,,,Illustration||Others||Painting||Sculpture,,,,0,0
295,Prudence Heward,Canadian,,1896/7/2,1947/3/19,50,19th-20th,Cancer,Canada,Quebec,North America,United States,"Los Angeles, California",Painting,Figurative,,Art Association of Montreal school,0,0
296,Robert Rauschenberg,American,Neo Dadaist||Pop Art,1925/10/22,2008/5/12,82,20th-21st,Libra,United States,Port Arthur,North America,United States,Captiva Island,Decorative||Painting||Performance||Photography||Printmaking||Sculpture,Abstract,Married,Académie Julian||National Academy of Design||Black Mountain College||Art Students League of New York,0,2
297,Matthias Laurenz Gr?ff,Austrian,,1984/7/19,,,,Cancer,Austria,Gars am Kamp,Europe,,,Painting,,,University of Applied Arts Vienna||New Design University St. P?lten||Summer academy of Geras,0,1
298,Lubo Kristek,Czech,,1943/5/8,,,,Leo,Czech Republic,,Europe,,,Painting||Performance||Sculpture,,,,0,0
299,Remedios Varo Uranga,Spanish||Mexican||Catalan,Surrealism,1908/12/16,1963/10/8,54,20th,Sagittarius,Spain,Angles,Europe,Mexico,Mexico City,Painting,Surrealist,,,0,0
300,Ellen Gallagher,American,Abstract Art||Minimalism,1965/12/16,,,,Sagittarius,United States,Providence,North America,,,MixedMedia||Painting,Abstract||Narrative,,Moses Brown||Oberlin College||Studio 70||School of the Museum of Fine Arts||Skowhegan School of Painting and Sculpture,0,0
301,Piero Gilardi,Italian||Swiss,Arte Povera,1905/4/25,,,,,Italy,Turin,Europe,,,Visual,,,Liceo Artistico,0,0
302,Alberto Carneiro,Portuguese,British Conceptual Art||Land Art||Minimal,1937/9/20,2017/4/15,79,20th-21st,Virgo,Portugal,Sao Mamede de Coronado,Europe,,,Sculpture,Conceptual||Environmental,,Saint Martin's School of Ar||University of Porto,1,1
303,Felix Gonzalez-Torres,American||Cuban,Minimalism,1957/11/26,1996/1/9,38,20th,Sagittarius,Cuba,Guaimaro,North America,United States,Miami,Installation||Sculpture||Visual,Abstract,,University of Puerto Rico||Pratt Institute of Art||International Center of Photography,1,2
304,Winifred Nicholson,British,Impressionism,1893/12/21,1981/3/5,87,19th-20th,Sagittarius,United Kingdom,Oxford,Europe,United Kingdom,Carlisle,Painting,Landscape||Still Life,Divorced,Byam Shaw School of Art,0,0
305,Mihai Olos,Romanian,Conceptual Art||Constructivism||Neo-avant-garde,1940/2/26,2015/2/22,74,20th-21st,Pisces,Romania,Arinis,Europe,Germany,Amoltern,Literature||Painting||Sculpture,Abstract,,,1,1
306,Xavier Prou,French,Graffiti art||Stencil graffiti||Urban art,1952/11/15,,,,Scorpio,France,Boulogne-Billancourt,Europe,,,Conceptual,Pop Art,Married,,0,0
307,Zeng Fanzhi,Chinese,Expressionism,1905/5/17,,,,,China,Wuhang,Asia,,,Painting,Abstract||Contemporary,,Hubei Academy of Fine Arts,0,0
308,Jules Adolphe Aimé Louis Breton,French,Realism,1827/5/1,1906/7/5,79,19th-20th,,France,Courrières,Europe,,,Painting,Environmental,,"College St. Bertin||Academy of Fine Arts, Ghent||école des Beaux-Arts",0,0
309,Peter Laszlo Peri,Hungarian,Constructivism,1899/6/13,1967/1/19,67,19th-20th,Gemini,Hungary,Budapest,Europe,,,Painting||Sculpture,Abstract||Figurative,,MA Theater School,0,0
310,George Warren Rickey,American,Kinetic Art,1907/6/6,2002/7/17,95,20th-21st,Gemini,United States,South Bend,North America,United States,Saint Paul,Sculpture,,,Glenalmond College||Balliol College||Ruskin School of Drawing||Académie L'Hote||Académie ModerneNew York University Institute of Fine Arts||Chicago Institute of Design,0,0
311,Beatriz González,Colombian,Pop Art,1938/11/16,,,,Scorpio,Colombia,Bucaramanga,South America,,,Education||Painting||Professional||Sculpture||Theory,,Married,University of Los Andes,0,1
312,Ansel Easton Adams,American,,1902/2/20,1984/4/22,82,20th,Pisces,United States,San Francisco,North America,United States,Monterey,Photography||Social,Landscape,,,0,0
313,Vija Celmins,American||Latvian,Photorealism||Pop Art,1938/10/25,,,,Scorpio,Latvia,Riga,Europe,,,Drawing||Painting||Printmaking||Sculpture,Illustration||Still Life,,John Herron School of Art||Yale University||University of California at Los Angeles,1,1
314,Robert Smithson,American,Minimalism,1938/1/2,1973/7/20,35,20th,,United States,Passaic,North America,United States,Texas,Environment||Literature||Photography||Sculpture,Abstract||Environmental,Married,Art Students League of New York||Brooklyn Museum School,0,0
315,Lisa Yuskavage,American,Contemporary Art,1962/5/16,,,,Taurus,United States,Philadelphia,North America,,,Painting,Figurative||Landscape||Still Life,,Yale School of Art at Yale University||Tyler School of Art at Temple University,0,0
316,Vik Muniz,Brazilian,Postmodernism,1961/1/1,,,,,Brazil,Sao Paulo,South America,,,Photography||Sculpture,,,,0,2
317,Pieter Willem Frederick Wenning,South African,Cape Impressionism,1873/9/9,1921/1/24,47,19th-20th,Virgo,Netherlands,The Hague,Europe,,,Painting||Printmaking,,,Hogere Burgerschool,0,0
318,Charles Wilbert White,American,,1918/4/2,1979/10/3,61,20th,Aries,United States,Chicago,North America,United States,Los Angeles,Others||Painting,,,Art Institute of Chicago,1,1
319,Theodoros Stamos,American||Greek,Abstract Expressionism,1922/12/31,1997/2/2,74,20th,,United States,New York City,North America,Greece,,Painting,,,American Artists School,0,1
320,Matthew Barney,American,Contemporary,1967/3/25,,,,Aries,United States,San Francisco,North America,,,Drawing||Film||Photography||Sculpture,Avant Garde Experimental,Divorced,Yale University,0,1
321,James Lesesne Wells,American,Harlem Renaissance,1902/11/2,1993/1/20,90,20th,Scorpio,United States,Atlanta,North America,United States,Washington,Graphic Design||Painting||Sculpture,,,Lincoln University||Columbia University||National Academy of Design,1,3
322,Adolph Gottlieb,American||Jewish,Abstract Expressionism,1903/3/14,1974/3/4,70,20th,Pisces,United States,New York,North America,United States,New York,Painting||Printmaking||Sculpture,Abstract||Surrealist,,Art Students League of New York||Parsons School of Design||Cooper Union||Educational Alliance,0,0
323,Giuseppe Penone,Italian,Arte povera,1947/4/3,,,,Pisces,Italy,Garessio,Europe,,,Drawing||Installation||Sculpture,,,Accademia Albertina,0,0
324,Franz Kline,American,Abstract Expressionism,1910/5/23,1962/5/13,51,20th,Gemini,United States,Wilkes-Barre,North America,United States,New York City,Painting,Landscape||Portrait,,Boston University||Heatherley School of Fine Art,0,0
325,Fikret Mualla Sayg?,French||Turkish,Avant-garde,1904/1/1,1967/7/20,63,20th,,Turkey,Kadikoy,Europe,France,Reillanne,Painting,,Unmarried,,1,0
326,Burhan C. Do?an?ay,Turkish,Nouveau Réalisme,1929/9/11,2013/1/16,83,20th-21st,Virgo,Turkey,Istanbul,Europe,Turkey,Istanbul,Collage||Painting||Photography,Architecture,Married,Academie de la Grande Chaumiere,0,0
327,Ming Smith,American,Surrealism,1947/1/1,,,,,United States,Detroit,North America,,,Photography,Narrative||Surrealist,,Howard University,0,0
328,Alexander Calder,American,,1898/7/20,1976/11/11,78,19th-20th,Cancer,United States,Lawnton,North America,United States,New York,Painting||Printmaking||Sculpture,Abstract,Unmarried,,0,2
329,Vladimir Victorovich Kibalchich Rusakov,Mexican,,1920/6/15,2005/7/21,85,20th-21st,Gemini,Russian Federation,Saint Petersburg,Europe,Mexico,Cuernavaca,Painting,,,,0,1
330,Louis Schanker,American,Abstract Art||Cubism,1903/1/1,1981/1/1,78,20th,,USA,New York,North America,,,Graphic Design||Painting,Abstract,,Cooper Union||The Educational Alliance||The Art Students League||Académie de la Grande Chaumière,0,0
331,Carlos D. Almaraz,American||Mexican,Chicano,1941/10/5,1989/12/11,48,20th,Libra,Mexico,Mexico City,North America,United States,Los Angeles,Painting,,,Los Angeles City College||Loyola Marymount University||California State University||Otis College of Art and Design||University of California,1,0
332,Beauford Delaney,American,Abstract Expressionism||Harlem Renaissance||Modernism,1901/12/30,1979/3/26,77,20th,,United States,Knoxville,North America,France,Paris,Painting,Abstract||Portrait,,Massachusetts Normal School||South Boston School of Art||Copley Society,0,0
333,Joseph Beuys,German,Fluxus,1921/1/1,1986/1/1,65,20th,,Germany,Krefeld,Europe,Germany,Dusseldorf,Graphic Design||Installation||Performance||Sculpture||Theory,,,,1,0
334,Christo Coetzee,South African,Assemblage||Neo-Baroque,1929/3/24,2000/11/12,71,20th-21st,Aries,South Africa,Johannesburg,Africa,South Africa,Tulbagh,Collage,,Married,University of the Witwatersrand||Slade School of Art,0,0
335,Jean Hélion,French,Abstract Art||Figurative,1904/4/21,1987/10/27,83,20th,Taurus,France,Couterne,Europe,,,Literature||Painting,Abstract||Figurative||Still Life,,Ecole centrale de Lille,0,0
336,Andrzej Wróblewski,Polish,Capism||Modern Art,1927/6/15,1957/3/23,29,20th,Gemini,Lithuania,Vilnius,Europe,Poland,,Painting||Sculpture,Figurative,,Academy of Fine Arts||Jagiellonian University,1,0
337,Simone Forti,American||Italian,Fluxus||Postmodern,1935/3/25,,,,Aries,Italy,Florence,Europe,,,Literature||Performance,Avant Garde Experimental,,Halprin-Lathrop School||San Francisco Dancer's Workshop||Merce Cunningham Studio,0,0
338,Emilio Pettoruti,Argentine,,1892/10/1,1971/10/16,79,19th-20th,Libra,Argentina,La Plata,South America,France,,Painting,Abstract||Illustration||Other,Married,Local Academy of Fine Arts||Drawing School in the Museum of Natural History,1,0
339,Sheikh Rashid bin Khalifa Al Khalifa,Bahraini,Abstract Expressionism||Impressionism||Individualism||Realism||Romanticism,1952/1/1,,,,,Bahrain,Manama,Asia,,,Painting,Abstract||Landscape,,Hasting College,0,0
340,Robert Morris,American,Conceptual Art||Land Art||Minimalism||Process Art,1931/2/9,2018/11/28,87,20th-21st,Aquarius,United States,Kansas City,North America,United States,Kingston,Conceptual||Installation||Literature||Performance||Sculpture,,Widowed,University of Kansas||Kansas City Art Institute||Reed College||Hunter College,1,0
341,Andreas Gursky,German,Düsseldorf school,1955/1/15,,,,,Germany,Leipzig,Europe,,,Photography,Architecture||Landscape,,Folkwang University of the Arts||Dusseldorf Art Academy,1,0
342,Morton Livingston Schamberg,American,Cubism||Dada||Modernism||Precisionism,1881/10/15,1918/10/13,36,19th-20th,Libra,United States,Philadelphia,North America,,,Painting||Photography,Landscape||Portrait,,Pennsylvania Academy of the Fine Arts,0,0
343,Richard Estes,American,Hyper-realism||Photorealism||Super-realism,1932/5/14,,,,Taurus,United States,Kewanee,North America,,,Painting,Landscape,,The School of the Art Institute of Chicago,0,1
344,André Kertész,Hungarian,Dada,1894/7/2,1985/9/28,91,19th-20th,Cancer,Hungary,Budapest,Europe,United States,New York,Photography,Other,,,0,0
345,Barton Lidice Beněs,American,,1942/11/16,2012/5/30,69,20th-21st,Scorpio,United States,Hackensack,North America,United States,New York,Installation,,Cohabiting,Pratt Institute||Beaux-Arts,1,0
346,"Adolph Frederick ""Ad"" Reinhardt",American,Abstract expressionism,1913/12/24,1967/8/30,53,20th,,United States,Buffalo,North America,,,Painting,Abstract,,Columbia University||Teachers College||American Artists School||National Academy of Design,0,0
347,Brion Gysin,Canadian,Surrealism,1916/1/19,1986/7/13,70,20th,,England||Canada,Taplow,Europe,,,Literature||Painting||Performance,Conceptual||Illustration||Narrative,,Sorbonne,0,0
348,Friedensreich Regentag Dunkelbunt Hundertwasser,Austrian,,1928/12/15,2000/2/19,71,20th-21st,Sagittarius,Austria,,,,,Architecture||Others||Painting||Social,,Divorced,Academy of Fine Arts,0,0
349,Peter Max,American||German,Pop Art,1937/10/19,,,,Libra,Germany,Berlin,Europe,,,Painting,Fantasy,,Lafayette High School (New York City)||Art Students League of New York,0,0
350,John Albert Bauer,Swedish,Romantic Nationalism,1882/6/4,1918/11/20,36,19th-20th,Aries,Sweden,J?nk?ping,Europe,Sweden,Lake V?ttern,Illustration||Painting,Landscape||Mythological||Portrait,,Royal Swedish Academy of Arts,0,0
351,John Stuart Ingle,American,Contemporary Realism||Magic Realism,1933/1/1,2010/10/30,77,20th-21st,,United States,Evansville,South America,United States,Minnetonka,Painting,Still Life,,,0,0
352,Haroutiun Galentz,Armenian,,1910/3/27,1967/3/7,57,20th,Aries,Ottoman Empire (present day Turkey),Gürün,Asia,Armenia,Yerevan,Painting,Landscape||Still Life,,Beirut Academy of Fine Arts,0,0
353,Walter Whall Battiss,South African,Abstract Art,1906/1/6,1982/8/20,76,20th,,South Africa,Karoo,Africa,South Africa,Port Shepstone,Painting,Abstract,,Witwatersrand Technical College || Johannesburg Training College || University of South Africa,1,0
354,"Christopher ""Kit"" Williams",British,,1946/4/28,,,,Taurus,United Kingdom,Kent,Europe,,,Illustration||Painting,Figurative,,,0,0
355,Pierre Huyghe,French,Contemporary Art,1962/12/11,,,,Sagittarius,France,Paris,Europe,,,Film||Sculpture,,,the Ecole Nationale Superieure des Arts Decoratifs in Paris,0,6
356,Carsten H?ller,German||Belgian,,1961/9/1,,,,Virgo,Belgium,Brussels,Europe,,,Installation||Performance||Sculpture,Avant Garde Experimental||Other,Cohabiting,,0,0
357,Lucian Michael Freud,British,School of London,1922/12/8,2011/7/20,88,20th-21st,Sagittarius,Germany,Berlin,Europe,United Kingdom,London,Drawing||Painting,Figurative||Portrait,Married,UCL Slade School of Fine Art,1,0
358,Mira Schendel,Brazilian,Concrete Art||Modernism,1919/6/7,1988/7/24,69,20th,Cancer,Switzerland,Zurich,Europe,Brazil,,Drawing||Literature||Painting||Sculpture,Avant Garde Experimental,,Universita Cattolica del Sacro Cuore,0,0
359,John Dwyer McLaughlin,American,Hard-edge painting||Minimalism,1898/5/21,1976/3/20,77,19th-20th,Gemini,United States,Sharon,North America,California,Dana Point,Painting,Abstract,Married,,0,1
360,Saul Steinberg,Romanian || American,Modernism,1914/6/15,1999/5/12,85,20th,Gemini,Romania,Ramnicu S?rat,Europe,,,Graphic Design||Illustration,,,University of Bucharest || Politecnico di Milano,0,0
361,Danh V?,Vietnamese||Danish,Contemporary,1975/8/1,,,,Leo,Vietnam,,Asia,,,Conceptual||Installation,,Remarried,Stadelschule in Frankfur,0,0
362,Kexin Di,Chinese,Classical Realism,,,,,,China,Jinzhou,Asia,,,Painting,Figurative||Other,,"Luxun Academy of Fine Arts, China Academy of Art",0,0
363,Robert Filliou,French||American,Fluxus,1926/1/17,1987/12/2,61,20th,,,,,France,Les Eyzies,Film||Sculpture,,,,0,0
364,Xu Beihong,Chinese,Chinese modern art,1895/7/19,1953/9/26,58,19th-20th,Cancer,China,Yixing,Asia,,,Painting,Illustration,,"école Nationale Supérieure des Beaux-Arts, National Central University, Central Academy of Fine Arts",0,0
365,José Luis Cuevas,Mexican,Generación de la Ruptura,1934/2/26,2017/7/3,83,20th-21st,Pisces,Mexico,Mexico City,North America,Mexico,Mexico City,Illustration||Painting||Printmaking,,,"the National School of Painting and Sculpture ""La Esmeralda""",1,0
366,Claudio Bravo Camus,Chilean,Hyperrealism,1936/11/8,2011/6/4,74,20th-21st,Scorpio,Chile,Valparaiso,South America,,,Drawing||Painting||Printmaking||Sculpture,Portrait||Still Life,,the Colegio San Ignacio in Santiago,0,0
367,Wang Guangyi,Chinese,Political Pop,1905/5/10,,,,Taurus,China,Harbin,Asia,,,Painting,Political,,Zhejiang Academy of Fine Arts,0,0
368,Ronnie Landfield,American,Abstract expressionism||Color Field painting||Lyrical Abstraction||Postminimalism,1947/1/9,,,,,United States,New York,North America,,,Painting,Abstract||Landscape,,Kansas City Art Institute,0,0
369,Georg Baselitz,German,Expressive||Figurative,1938/1/23,,,,Aquarius,Germany,Deutschbaselitz,Europe,,,Graphic Design||Painting||Sculpture,Abstract||Figurative,,Hochschule für Bildende und Angewandte Kunst||Hochschule der Künste,0,0
370,Piero Manzoni,Italian,Arte Povera||Avant-garde Art||Conceptual Art,1933/7/13,1963/2/6,29,20th,Cancer,Italy,Soncino Cremona,Europe,Italy,Milan,Others,,,,0,0
371,Salvador Domingo Felipe Jacinto Dalí i Domènech,Spanish||Catalan,Surrealism,1904/5/11,1989/1/23,84,20th,Taurus,Spain,Figueres,Europe,Spain,Figueres,Film||Painting||Photography||Sculpture,Avant Garde Experimental||Surrealist,,Real Academia de Bellas Artes de San Fernando,0,0
372,Johannes Itten,Swiss,Expressionism,1888/11/10,1905/5/20,16,19th-20th,Scorpio,Switzerland,Südern-Linden,Europe,Switzerland,Zurich,Education||Graphic Design||Literature||Painting,,,Bern-Hofwil Teachers' Academy,1,0
373,Anselm Kiefer,German||Austrian,Neo–Expressionism||New Symbolism,1945/3/8,,,,Pisces,Germany,Donaueschingen,Europe,,,Painting||Sculpture,,,Art academies in Freiburg,0,0
374,Gillian Ayres,British,Abstract Art,1930/2/3,2018/4/11,88,20th-21st,Aquarius,United Kingdom,London,Europe,,,Painting||Printmaking,Abstract,,Camberwell School of Art,1,1
375,Rafa al-Nasiri,Iraqi,Pan-Arab modern art,1905/4/23,2013/12/7,73,20th-21st,,Iraq,Tikrit,Asia,Jordan,Amman,Drawing||Education||Literature||Painting||Printmaking,Political||Social Realism,,Baghdad’s Institute of Fine Arts||Beijing’s Central Academy of Fine Arts,0,0
376,Victor Vasarely,French||Hungarian,Op art,1906/4/9,1997/3/15,90,20th,Aries,Hungary,Pécs,Europe,France,Paris,Graphic Design||Sculpture,Abstract,Married,private Podolini-Volkmann Academy,0,0
377,Robert Motherwell,American,Abstract Expressionism||New York School,1915/2/24,1991/7/16,76,20th,Pisces,United States,Aberdeen,North America,United States,Provincetown,Film||Painting||Printmaking,Abstract,Married,California School of Fine Arts||Harvard||Columbia University,0,0
378,William Thomas Kinkade III,American,American scene painting,1958/1/19,2012/4/6,54,20th-21st,,United States,Sacramento,North America,United States,Monte Sereno,Painting,Environmental||Other,Separated,Art Center College of Design,0,0
379,Frank Graham Bell,South African,Euston Road School||Realism,1910/11/21,1943/8/9,32,20th,Scorpio,South Africa,Durban||Transvaal,Africa,United Kingdom,,Literature||Others||Painting,Landscape||Portrait||Still Life,,Durban Art School,0,0
380,Oswaldo Vigas,Venezuelan,Abstraction||Constructivism,1923/8/4,2014/4/22,90,20th-21st,Leo,Venezuela,Carabobo,South America,Venezuela,Caracas,Ceramics||Drawing||Others||Painting||Sculpture,Abstract||Figurative,Married,Taller Libre de Artes||Escuela de Artes Plasticas Cristobal Rojas||Ecole des Beaux-Arts (Paris),0,1
381,Kiki Smith,American||German,,1954/1/18,,,,,Germany,Nuremberg,North America,,,Printmaking||Sculpture,,,Hartford Art School,0,0
382,Afro Libio Basaldella,Italian,Neo-Cubism||Scuola Romana,1912/3/4,1976/7/24,64,20th,Pisces,Italy,Udine,Europe,Switzerland,Zurich,Painting,Abstract,,,1,1
383,Carlos Cruz-Diez,Venezuelan,Kinetic Art||Op Art,1923/8/17,,,,Leo,Venezuela,Caracas,South America,,,Graphic Design||Visual,,,School of Plastic and Applied Arts,1,0
384,Anthony Peter Smith,American,Minimalist,1912/9/23,1980/12/26,68,20th,Libra,United States,South Orange,North America,,,Architecture||Sculpture||Visual,Abstract,,Art Students League of New York||New Bauhaus,0,0
385,Max Bill,Swiss,Modern Movement,1908/12/22,1994/12/9,85,20th,,Switzerland,Winterthur,Europe,Germany,Berlin,Architecture||Graphic Design||Others||Painting||Sculpture,Abstract,,,1,1
386,Lygia Pape,Brazilian,Concrete||Neo-Concrete,1927/4/7,2004/5/3,77,20th-21st,Aries,Brazil,Nova Friburgo,South America,Brazil,Rio de Janeiro,Film||Printmaking||Sculpture,,,,1,0
387,Frederick Hammersley,American,Abstract Art,1919/2/5,2009/5/31,90,20th-21st,Aquarius,United States,Salt Lake City,North America,United States,Albuquerque,Painting,Abstract,,Chouinard Art Institute||Jepson Art Institute||Ecole des Beaux-Arts,1,2
388,Joseph Cornell,American,Assemblage||Avant-garde||Surrealism,1903/12/24,1972/12/29,69,20th,,United States,Nyack,North America,United States,New York City,Film||Others,Avant Garde Experimental||Film,,,0,0
389,Dorothea Foster Black || Dorrit Black,Australian,Cubism||Modernism,1891/12/23,1951/9/13,59,19th-20th,,Australia,Burnside,Australia,Australia,Adelaide,Painting||Printmaking,Landscape||Portrait,,South Australian School of Arts and Crafts || Julian Ashton’s Sydney Art School || Grosvenor School of Modern Art || André Lhote’s Academy,0,0
390,Jacques Villon||Gaston Duchamp||Emile Méry Frédéric Gaston Duchamp,French,Abstract Impressionism||Cubism||Fauvism,1875/7/31,1963/6/9,88,19th-20th,Leo,France,Damville,Europe,,,Painting||Printmaking,Abstract,,University of Paris,0,0
391,Sergei Parajanov,Armenian||Ukrainian,,1924/2/9,1990/7/21,66,20th,Aquarius,Georgia,Tbilisi,Asia,Armenia,Erevan,Film||Others,,,VGIK,0,6
392,Joan Snyder,American,Abstract Art,1940/4/16,,,,Aries,United States,New York,North America,,,Painting,Abstract||Landscape||Portrait,Remarried,Douglass College||Rutgers University,0,4
393,Dana Schutz,American,,1905/5/29,,,,Gemini,United States,Livonia,North America,,,Painting,,,Cleveland Institute of Art||Norwich School of Art and Design,0,0
394,Daniel Buren,French,Conceptual Art||Minimalism,1938/3/25,,,,Aries,France,Boulogne-Billancourt,,,,Conceptual,Avant Garde Experimental,,"Ecole Nationale Superieure des Metiers d'Art in Paris,",0,0
395,Oscar Agustín Alejandro Schulz Solari,Argentinean,Concrete||Non-objective,1887/12/14,1963/4/9,75,19th-20th,Sagittarius,Argentina,San Fernando,South America,Argentina,Tigre,Painting||Printmaking,Abstract,,,0,0
396,Yves Gaucher,Canadian,Abstract Art,1934/2/4,2000/9/8,66,20th-21st,Aquarius,Canada,Montreal,North America,Canada,Montreal,Painting||Printmaking,,,College Brebeuf in Montreal,0,1
397,James Turrell,American,Light and Space,1943/5/6,,,,Taurus,United States,Los Angeles,North America,,,Environment,,,Pomona College,0,2
398,Cornelia Ann Parker,English,,,,,,,,,,,,Installation||Sculpture,,,Gloucestershire College of Art and Design||Wolverhampton Polytechnic||Reading University,0,0
399,Elsa Hildegard Baroness von Freytag-Loringhoven,German,Dadaism,1874/7/12,1927/12/15,53,19th-20th,Sagittarius,Germany,Swinemünde,Europe,,,Literature||Performance,Avant Garde Experimental,,Dachau,0,0
400,Samia A. Halaby,Palestinians,Abstract Art,1936/12/12,,,,Sagittarius,Palestinian,Jerusalem,Asia,,,Painting,Abstract||Narrative,,,1,0
401,Nancy Graves,American,,1939/12/23,1995/10/21,55,20th,,United States,Pittsfield,North America,,,Film||Painting||Printmaking||Sculpture,,,Yale University,0,0
402,Kent Bellows,American,Realism,1949/6/26,2005/12/14,56,20th-21st,Cancer,United States,Blair,North America,,,Illustration||Painting,Abstract||Figurative,Married,,0,0
403,Antonio Sicurezza,Italian,Italian figurative art,1905/2/25,1979/8/29,74,20th,Pisces,Italy,Santa Maria Capua Vetere,Europe,,,Painting,Landscape||Nude||Portrait||Religious||Still Life,,"Academy of Fine Arts, Naples",0,0
404,LeRoy Neiman,American,Expressionism,1921/6/8,2012/6/20,91,20th-21st,Gemini,United States,Saint Paul,North America,United States,New York City,Illustration||Painting,Other,,St. Paul School of Art||School of the Art Institute of Chicago,1,0
405,Enrico Castellani,Italian,Azimuth||Zero,1930/8/4,,,,Leo,Italy,Castelmassa,Europe,,,Architecture||Painting||Sculpture,Abstract,,Academie Royale des Beaux-Arts,0,1
406,Philippe Halsman,American,Surrealism,1906/5/2,1979/6/25,73,20th,Aquarius,Russian Empire||Latvia,Riga,Europe,United States,New York City,Photography,Portrait,,,0,0
407,Ali Omar Ermes,Libyan,,1905/4/28,,,,Taurus,Libyan,,Africa,,,Literature||Social,Cultural and Regional Themes||Social Realism,,Plymouth School of art and design,0,0
408,Haralampi G. Oroschakoff,Austrian,Conceptualism,1905/5/8,,,,Taurus,Bulgaria,Sofia,Europe,,,Literature||Painting||Social,,Remarried,Academy of Fine Arts Vienna,0,4
409,Victor Brauner,Jewish||Romanian,Surrealism,1903/6/15,1966/3/12,62,20th,Gemini,Romania,Piatra Neamt,Europe,France,Paris,Painting||Sculpture,Landscape||Portrait||Surrealist,,"National School of Fine Arts,Bucharest|| Horia Igirosanu private school of painting",0,0
410,Phyllida Barlow,British,,1944/1/1,,,,,United Kingdom,Newcastle upon Tyne,Europe,,,Sculpture,Abstract,,Chelsea College of Art||Slade School of Fine Art,0,0
411,Chaim Goldberg,Polish-Jewish,,1917/3/20,2004/6/26,87,20th-21st,Pisces,Poland,Kazimierz Dolny,Europe,United States,,Painting||Printmaking||Sculpture,,,"Józef Mehoffer School for Fine Arts||Academy of Fine Arts, Warsaw",0,0
412,Claude Viallat,French,Support/Surfaces,1905/4/19,,,,Aries,France,Nimes,Europe,,,Painting,Abstract,Married,e Ecole Nationale Superieure des Beaux-Arts,1,1
413,Mona Hatoum,Palestinian,,,,,,,Lebanon,Beirut,Asia,,,Digital Art||Installation,,,Byam Shaw School of Art||Slade School of Fine Art,0,0
414,Irma Stern,South African,Expressionism,1905/3/8,1966/8/23,61,20th,Pisces,South Africa,Schweizer-Reneke,Africa,South Africa,Cape Town,Painting,,Divorced,Weimar Academy||Levin-Funcke Studio||Novembergruppe,0,0
415,John Roddam Spencer Stanhope,English,Aestheticism||British Symbolism||Pre-Raphaelite,1829/1/20,1908/8/2,79,19th-20th,Aquarius,England,Yorkshire,Europe,Italy,Florence,Painting,Allegorical||Contemporary||Mythological||Religious,,Oxford,0,0
416,Wade Guyton,American,Post-conceptual,1905/5/25,,,,Gemini,United States,Hammond,North America,,,Painting,Abstract||Avant Garde Experimental,,Hunter College's MFA program,0,0
417,Charles Hinman,American,Abstract Minimalism,1905/4/15,,,,Aries,United States,Cleveland,North America,,,Painting,Abstract,,Yale University School of Ar,1,0
418,Lenore Tawney,American,Fiber art,1907/5/10,2007/9/24,100,20th-21st,Taurus,United States,Lorain,North America,United States,New York City,Textile Art,Architecture,Married,Chicago Institute of Design||University of Illinois||Penland School of Crafts,0,0
419,Georg,Austrian,,1946/5/4,,,,Aries,Austria,,Europe,,,Painting,Landscape||Narrative,,Gilardo Gilardi Conservatory of Music,0,0
420,Sister Esther Newport,American,,1901/1/1,1986/1/1,85,20th,,United States,Clinton,North America,,,Education||Painting||Sculpture,Religious,,Saint Mary-of-the-Woods College||School of the Art Institute of Chicago||Syracuse University,0,0
421,Samuel John Peploe,Scottish,Post-Impressionism,1871/1/27,1935/10/11,64,19th-20th,Aquarius,Scotland,Edinburgh,Europe,Scotland,Edinburgh,Painting,Landscape||Still Life,,Royal Scottish Academy||Académie Julian||Académie Colarossi,0,0
422,Robert Del Naja,British,Stencil graffiti||Trip hop,1965/1/21,,,,Aquarius,United Kingdom,,Europe,,,Conceptual||Music,Pop Art,,The Wild Bunch||Massive Attack,0,0
423,Qi Baishi,Chinese,,1864/1/1,1957/9/16,93,19th-20th,,China,Xiangtan,Asia,China,Beijing,Painting||Printmaking,Animal||Landscape,,,0,0
424,K?the Kollwitz,German,Expressionism,1867/7/8,1945/4/22,77,19th-20th,Leo,Prussia,K?nigsberg,Europe,,,Painting||Printmaking||Sculpture,,,Art school for women in Berlin||Women's Art School in Munich,0,0
425,Alice Aycock,American,Land Art,1946/11/20,,,,Scorpio,United States,Harrisburg,North America,,,Installation||Sculpture,Environmental||Social Realism,,"Hunter College, City University of New York",0,0
426,Günther F?rg,German,Abstract Art,1952/12/5,2013/12/5,61,20th-21st,Sagittarius,Germany,Fussen,Europe,Germany,Munich,Graphic Design||Painting||Photography||Sculpture,Abstract,,Akademie der Bildenden Kunste,1,0
427,Lee Bontecou,American,Abstract Art,1931/1/15,,,,,United States,Providence,North America,,,Printmaking||Sculpture,Abstract,,Yale University School of Art,1,0
428,Fernando Carlo,American,,1905/5/21,,,,Gemini,United States,New York City,North America,,,Conceptual,,,,0,0
429,Edward Hopper,American,Impressionism||Realism,1882/7/22,1967/5/15,84,19th-20th,Cancer,United States,Upper Nyack,North America,,,Painting||Printmaking,Environmental||Landscape,,New York School of Art and Design,0,0
430,Peter Halley,American,Neo-Conceptualism,1953/9/24,,,,Libra,United States,New York City,North America,,,Painting||Printmaking,Abstract,,Yale University School of Art,0,0
431,Alice Phillipot (Alice Rahon),French||Mexican,Surrealism,1904/6/8,1987/9/1,,,Gemini,France,Saint-Brieuc,Europe,Mexico,Mexico City,Literature||Painting,,,,0,0
432,Robert Ryman,American,Conceptual art||Minimalism||Monochrome painting,1930/5/30,,,,Gemini,United States,Nashville,North America,,,Painting||Printmaking,Abstract,,,0,0
433,Kathleen Petyarre,Australian,Abstract Expressionism,,,,,,Australia,Atnangkere,Australia,,,Painting||Textile Art,Abstract,,,0,0
434,"Bastiaan Johan Christiaan ""Bas Jan"" Ader",Dutch,Conceptual Art,1942/4/19,,,,Aries,Netherlands,Drieborg,Europe,,,Conceptual||Film||Performance||Photography,Avant Garde Experimental||Film,,Gerrit Rietveld Academy || Otis College of Art and Design || Claremont Graduate University,0,0
435,Yves Klein,French,Nouveau réalisme,1928/4/28,1962/6/6,34,20th,Taurus,France,Nice,Europe,France,Paris,Painting||Performance,Abstract,Married,,0,0
436,Toko Shinoda,Japanese,Abstract Expressionism,1913/3/28,2021/3/1,107,20th-21st,Aries,China,Dalian,Asia,Japan,Tokyo,Painting||Printmaking,Abstract||Illustration,Married,,0,0
437,Otto Piene,German,Kinetic||Technology-based||ZERO,1928/4/18,2014/7/17,86,20th-21st,Aries,Germany,Magdeburg,Europe,United States,Groton,Digital Art||Painting,Digital Art||Other,,Center for Advanced Visual Studies (CAVS) at MIT,1,0
438,Alberto Sughi,Italian,Existential Realism||Realism,1928/10/5,2012/3/31,83,20th-21st,Libra,Italy,Rome,Europe,,,Painting,,,,0,0
439,Alfred Freddy Krupa,Croatian||Polish||German||Jewish,New Ink Art,1971/6/14,,,,Gemini,Yugoslavia,Karlovac,Europe,,,Drawing||Education||Painting||Photography||Social,,,Academy of Fine Arts||University of Zagreb,1,0
440,John Randall Bratby,English,Kitchen sink realism,1928/7/19,1992/7/20,64,20th,Cancer,,Wimbledon,Europe,,,Literature||Painting,Figurative||Landscape||Portrait||Still Life,,Kingston College of Art||Royal College of Art,0,0
441,Geta Br?tescu,Romanian,,1926/5/4,,,,Aries,Romania,Ploie?ti,Europe,,,Collage||Drawing||Film||Illustration||Performance||Photography||Textile Art,,,"National University of Arts Bucharest||Faculty of Letters, University of Bucharest||Academy of Fine Arts||Institute of Fine Arts ""Nicolae Grigorescu""",0,0
442,Hans Richter,German,Dada,1888/4/6,1976/2/1,87,19th-20th,Gemini,Germany,Berlin,Europe,Switzerland,Minusio,Film||Graphic Design||Painting,Avant Garde Experimental,,Institute of Film Techniques,0,0
443,Larry Bell,American,Light and Space,1905/4/22,,,,Taurus,United States,Chicago,North America,,,Painting||Sculpture,Abstract,,Chouinard Art Institute in Los Angeles,0,0
444,Edward Robert Hughes,English,Aestheticism||Pre-Raphaelitism,1851/11/5,1914/4/23,62,19th-20th,Taurus,,,Europe,,,Painting,Portrait,,Heatherley's||Royal Academy School,0,0
445,Ivan Le Lorraine Albright,American,Magic Realism,1897/2/20,1983/11/18,86,19th-20th,Pisces,United States,North Harvey,North America,United States,,Painting,Figurative||Portrait||Still Life,,"The Art Institute of Chicago, Northwestern University||University of Illinois at Urbana-Champaign",0,0
446,Oliver Percival Kilbourn,British,Modern art,1904/10/6,1993/4/,,,Libra,United Kingdom,Ashington,Europe,United Kingdom,,Painting,,,,0,0
447,Paul Johan du Toit,South African,,1965/10/31,2014/1/9,48,20th-21st,Scorpio,South Africa,Johannesburg,Africa,South Africa,,MixedMedia||Others||Painting||Sculpture,,,,0,2
448,David Keith Lynch,American,Renaissance||Surrealism,1946/1/20,,,,Aquarius,United States,Missoula,North America,,,Film||Music||Painting||Performance||Photography,Fantasy||Narrative||Other||Surrealist,,"Tufts School of the Museum of Fine Arts,||Pennsylvania Academy of Fine Arts",0,4
449,"Nancy ""Nan"" Goldin",American,,1953/9/12,,,,Sagittarius,United States,"Washington, D.C.",North America,,,Photography,Avant Garde Experimental||Political,,School of the Museum of Fine Arts,0,0
450,Gisela Colon,American||Canadian,Finish Fetish||Light and Space,1905/5/19,,,,Taurus,Canada,Vancouver,North America,,,Painting||Sculpture,Abstract,,University of Puerto Rico||Southwestern University School of Law,0,0
451,Tania Bruguera,Cuban,,1905/5/21,,,,,Cuba,,North America,,,Installation||Performance,,,Instituto Superior de Arte||School of the Art Institute of Chicago,0,0
452,Beatriz Milhazes,Brazilian,Brazilian modernist,1905/5/13,,,,Taurus,Brazil,Rio de Janeiro,South America,,,Collage||Painting,,,Faculdades Integradas Hélio Alonso (FACHA)||School of Visual Arts (Escola de Artes Visuais - EAV) of Parque Lage,0,0
453,Alfred Wallis,British,Naïve art,1855/8/18,1942/8/29,87,19th-20th,Leo,England,Devonport,Europe,England,Madron,Painting,Landscape,,,0,0
454,Jane Schenthal Frank,American,Abstract Expressionism,1918/7/25,1986/5/31,67,20th,Leo,United States,,North America,United States,,MixedMedia||Painting||Sculpture||Textile Art,Abstract||Landscape,Married,Maryland Institute of Arts and Sciences (MICA)||Parsons School of Design||New Theatre School,0,0
455,William Saroyan,Armenian-American,,1908/8/31,1981/5/18,72,20th,Virgo,United States,Fresno,North America,,,Literature||Performance,,,,0,0
456,Guity Novin,Iranian-Canadian,Transpressionism,,,,,,Iran,Kermanshah,Asia,,,Graphic Design||Painting,Figurative,,,0,0
457,John Vassos,American,Art Deco,1905/3/12,1985/12/6,80,20th,Pisces,Romania,,Europe,United States,,Graphic Design||Illustration,,Married,Fenway Art School||Art Students League of New York,0,2
458,Bruno Schulz,Polish||Jewish||Ukrainian,,1892/7/12,1942/11/19,50,19th-20th,Cancer,Ukraine,Drohobych,Europe,Poland,Drohobycz Ghetto,Education||Literature||Painting,Narrative,,Lviv Polytechnic,1,1
459,Betty Parsons,American,Abstract Expressionism,1900/1/31,1982/7/23,82,20th,Aquarius,USA,New York City,North America,,,Painting||Sculpture,,,Miss Chapin's school||Académie de la Grande Chaumière,0,0
460,Makinti Napanangka,Australian,Contemporary Indigenous Australian,1905/4/13,2011/1/9,105,20th-21st,Aries,Australia,,Oceania,Australia,,Painting,,Married,Papunya Tula Artists Cooperative,0,1
461,"Domenico ""Mimmo"" Rotella",Italian,Nouveau Réalisme,1918/10/7,2006/1/8,87,20th-21st,Libra,Italy,Catanzaro,Europe,Italy,Milan,Collage||Graphic Design,,,,1,2
462,Richard Warren Pousette-Dart,American,New York School,1916/6/8,1992/10/25,76,20th,Leo,United States,Saint Paul,North America,,,Drawing||Painting||Photography||Sculpture,Abstract,,Scarborough School||Bard College,0,0
463,Helen Pashgian,American,Light and Space,1905/4/17,,,,Aries,United States,,North America,,,Sculpture,,,Pomona College (B.A.)||Columbia University (attended)||Boston University (M.A.)||Harvard University (Ph.D. pursuit),1,2
464,Judy Chicago,American,Feminist Art,1939/7/20,,,,Cancer,United States,Chicago,North America,,,Education||Literature||Others,Avant Garde Experimental,Married,"University of California (UCLA), Los Angeles, CA, US",1,0
465,Allan Kaprow,American,Performance art,1927/8/23,2006/4/5,78,20th-21st,Virgo,United States,,North America,United States,,Collage||Painting||Performance,Avant Garde Experimental||Other,,Hansa and Reuben Galleries||Judson Gallery||Rutgers University||Pratt Institute||State University of New York at Stony Brook||California Institute of the Arts||University of California,1,0
466,"Ronald ""Ron"" Davis",American,3D Computer Graphics||Abstract Illusionism||Color field painting||Geometric abstraction||Hard-edge painting||Lyrical Abstraction||Shaped canvas painting,1905/4/20,,,,Taurus,United States,Santa Monica,North America,,,Painting,Abstract,,San Francisco Art Institute||Yale-Norfolk Summer School Grantee,0,0
467,Ay?e Erkmen,Turkish,,1949/1/1,,,,,Turkey,Istanbul,Europe,,,Visual,,,Academy of Fine Arts Istanbul||Kassel Art Academy||Kunstakademie Münster,0,0
468,Isamu Noguchi,American||Japanese,,1904/11/17,1988/12/30,84,20th,Scorpio,United States,Los Angeles,North America,United States,New York City,Architecture||Sculpture,Social Realism,,Academie Julian||Gutzon Borglum,0,0
469,Ralph Hotere,New Zealander,Abstract Art||Minimalism,1931/8/11,2013/2/24,81,20th-21st,Leo,New Zealand,Mitimiti,Oceania,New Zealand,,Installation||Painting,Abstract,,Hato Petera College||Auckland Teachers' Training College||Dunedin School of Art||Central School of Art and Design in London,0,2
470,Marcel Janco,Jewish||Romanian||Israeli,Art Nouveau||Constructivism||Cubism||Dadaism||Expressionism||Futurism,1895/5/24,1984/4/21,88,19th-20th,Gemini,Romania,Bucharest,Europe,Israel,,Architecture||Illustration||Painting||Sculpture||Theory||Visual,,,Romanian art magazine Simbolul||Das Neue Leben and Contimporanul,0,2
471,Senga Nengudi,African-American,Avant-garde,1943/9/18,,,,Virgo,United States,Chicago,North America,,,Sculpture||Visual,Abstract,,"California State University, Los Angeles||Waseda University",0,0
472,Antoni Tàpies i Puig,Spanish||Catalan,Dadaism||Informalism||Surrealism,1923/12/13,2012/2/6,88,20th-21st,Sagittarius,Spain,Barcelona,Europe,Spain,Barcelona,Painting||Sculpture||Theory,Abstract||Avant Garde Experimental||Other,Married,German School of Barcelona,0,0
473,Keidō Fukushima,Japanese,,1933/3/1,2011/3/1,78,20th-21st,Pisces,Japan,,Asia,Japan,,Calligraphy,,,Otani University||Claremont Colleges,1,0
474,Alex Katz,American,Pop Art,1927/7/24,,,,Leo,America,Brooklyn,North America,,,Others||Painting||Sculpture,Landscape||Portrait,,The Cooper Union||Skowhegan School of Painting and Sculpture,0,0
475,Willi Baumeister,German,Expressionism,1889/1/22,1955/8/31,66,19th-20th,Aquarius,Germany,Stuttgart,Europe,Germany,Stuttgart,Graphic Design||Painting||Performance,,,Stuttgart Art Academy,0,0
476,Russ Warren,American,Neo-Expressionism,1951/12/29,,,,,United States,"Washington, D.C.",North America,,,Painting,Fantasy||Figurative,,University of New Mexico,0,1
477,Jasper Johns,American,Abstract expressionism||Neo-Dada||Pop Art,1930/5/15,,,,Taurus,United States,Augusta,North America,,,Painting||Printmaking||Sculpture,,,University of South Carolina||Parsons School of Design,0,0
478,Vasiliy Ryabchenko,Ukrainian,New Ukrainian Wave||Postmodernism,1954/7/23,,,,Leo,USSR,Odessa,Europe,,,Graphic Design||Installation||Painting||Photography,Other||Still Life,,Grekov Odessa Art School||Mukhina School of Art||Ushinsky South Ukrainian Pedagogical University,0,0
479,Julian Opie,British,New British Sculpture,1905/5/11,,,,Taurus,United Kingdom,London,Europe,,,Visual,Landscape||Portrait,,University of London,0,1
480,Evelyne Axell,Belgian,Pop Art,1935/8/16,1972/9/10,37,20th,Leo,Belgium,Namur,Europe,,,Painting,Erotic||Fantasy,,Namur School of Art,0,0
481,Frank Bowling,British,Abstract expressionism||Color Field painting||Lyrical Abstraction,1936/2/29,,,,Pisces,Guyana,Bartica,South America,,,Painting,,,Chelsea School of Art||Royal College of Art,0,0
482,Pierre Daura,Spanish,Cercle et Carré,1896/2/21,1976/1/1,79,19th-20th,Pisces,Spain,Minorca,Europe,United States,Rockbridge Baths,Painting,Abstract,Married,Academy of Fine Arts in Barcelona,0,0
483,Roland Petersen,American,Bay Area Figurative Movement,1905/4/9,,,,Aries,Denmark,Endelave,Europe,,,Painting||Printmaking,Figurative,Married,University of California at Berkeley||San Francisco Art Institute||California College of Arts and Crafts||Atelier 17||Islington Studio||Print Workshop||Hans Hofmann School,0,0
484,Carlos Botelho,Portuguese,,1899/9/18,1982/8/18,82,19th-20th,Virgo,Portugal,Lisbon,Europe,Portugal,Lisbon,Graphic Design||Illustration||Painting,,,Lisbon School of Fine Arts||Free Academies like the Grande Chaumière,0,0
485,John Currin,American,,1905/5/15,,,,Taurus,United States,Boulder,North America,,,Painting,Figurative,,Carnegie Mellon University||Yale School of Art,0,0
486,Leonor Fini,Argentinean,Surrealism,1908/8/30,1996/1/18,87,20th,Virgo,Argentina,Buenos Aires,South America,,,Graphic Design||Illustration||Literature||Painting,Portrait||Surrealist,,,0,0
487,Kerry James Marshall,American,,1955/10/17,,,,Libra,United States,Birmingham,North America,,,Painting||Sculpture,,,,0,0
488,Navjot Altaf,Indian,Progressive Youth Movement,,,,,,India,Meerut,Asia,,,Digital Art||Drawing||Installation||MixedMedia||Painting||Photography||Sculpture||Social,,,Sir J.J. School of Art,0,0
489,John Harvey McCracken,American,Light and Space||Minimalism,1934/12/9,2011/4/8,76,20th-21st,Sagittarius,United States,Berkeley,North America,United States,New York City,Sculpture,,,California College of Arts and Crafts,1,0
490,Oskar Schlemmer,German,Bauhaus,1888/9/4,1943/4/13,55,19th-20th,Aries,Germany,Stuttgart,Europe,,,Graphic Design||Painting||Performance||Sculpture,,,Kunstgewerbeschule Stuttgart||Akademie der Bildenden Künste Stuttgart||Bauhaus School||Art Academy Breslau,0,0
491,Marcel Barbeau,Canadian,Abstract expressionism||Action painting||Automatism||Kinetic art||Minimalism||Tachisme,1925/2/18,,,,Aquarius,Canada,Montreal,North America,,,Collage||Drawing||Painting||Performance||Sculpture,Abstract,,,0,0
492,"Henry Joseph Darger, Jr.",American,Outsider art,1892/4/12,1973/4/13,80,19th-20th,Sagittarius,USA,Chicago,North America,,,Literature||MixedMedia||Painting,Fantasy,,Mission of Our Lady of Mercy||Illinois Asylum for Feeble-Minded Children,0,0
493,Candido Portinari,Brazilian,Neo-realism,1905/3/17,1905/5/15,0,20th,Pisces,Brazil,Brodowski,South America,Brazil,Rio de Janeiro,Painting,,,,0,0
494,"Robert L. Qualters, Jr.",American,Bay Area Figurative Movement,1934/3/13,,,,Pisces,United States,McKeesport,North America,,,Installation||Painting||Printmaking,Figurative,,Bay Area Figurative School||Carnegie Institute of Technology|| California College of Arts and Crafts,1,0
495,Joseph Farquharson,Scottish,,1846/5/4,1935/4/15,89,19th-20th,Aries,Scotland,Edinburgh,Europe,Scotland,"Finzean, Aberdeenshire",Painting,Landscape,,"Trustees' Academy, Life School at the Royal Scottish Academy",0,0
496,Lino Tagliapietra,Italian,,1905/4/17,,,,Aries,Italy,Murano,Europe,,,Decorative,,,Pilchuck Glass School,1,0
497,Agostino Bonalumi,Italian,Nouvelle école Européenne||Zero,1935/7/10,,,,Cancer,Italy,Vimercate,Europe,,,Drawing||Painting||Sculpture,Environmental,,,0,1
498,Alberto Giacometti,Swiss,Cubism||Surrealism,1901/10/10,1966/1/11,64,20th,Libra,Switzerland,Borgonovo,Europe,Switzerland,Chur,Drawing||Painting||Printmaking||Sculpture,Figurative,Married,école de Paris||Geneva School of Fine Arts,0,0
499,Baron Adolph de Meyer,German||Scottish,,1868/9/1,1946/1/6,78,19th-20th,,,Paris,Europe,,,Photography,Portrait,,Royal Photographic Society,0,0
500,Maya Ying Lin,American,,1959/10/5,,,,Libra,,,,,,Architecture||Environment||Graphic Design||Sculpture,Environmental||History,,Yale University,0,0
501,Richard Serra,United States,Minimalism||Process Art,1939/11/2,,,,Scorpio,United States,San Francisco,North America,,,Digital Art||Sculpture,Abstract,Remarried,"University of California, Berkeley||University of California, Santa Barbara",0,0
502,Telemaco Signorini,Italian,Macchiaioli,1835/8/18,1901/2/1,65,19th-20th,Leo,Italy,Florence,Europe,Italy,,Painting,Landscape,,Florentine Academy,0,0
503,Jeremy Moon,British,Abstract Art,1934/8/29,1973/11/30,39,20th,Virgo,United Kingdom,Altrincham,Europe,,,Painting,Abstract,Married,Central School of Art,1,0
504,Martín Chirino López,Spanish,Abstract art||El Paso,1925/3/1,,,,,Spain,Las Palmas de Gran Canaria,Europe,,,Sculpture,Abstract,,Royal Academy of Fine Arts of San Fernando||Royal Academy of Arts,0,0
505,Michelangelo Pistoletto,Italian,Arte Povera,1933/6/25,,,,Cancer,Italy,Biella,Europe,United Kingdom,,Digital Art||Painting||Performance||Sculpture,Avant Garde Experimental||Conceptual||Portrait,,,0,0
506,Barkley L. Hendricks,American,Conceptualism||Contemporary,1945/4/16,2017/4/18,72,20th-21st,Aries,United States,Tioga,North America,United States,New London,Painting||Photography,Landscape||Portrait,,Simon Gratz High School||Pennsylvania Academy of the Fine Arts||Yale University,1,0
507,Albert Oehlen,German,Neue Wilde,1954/9/17,,,,Virgo,Germany,Krefeld,Europe,,,Music||Painting,Abstract||Figurative,Married,Hochschule für bildende Künste Hamburg,0,0
508,Harmonia Rosales,American,,1905/6/6,,,,Gemini,United States,Chicago,North America,,,Painting,,,Glenville State College,0,0
509,"Lenore ""Lee"" Krassner",American,Abstract Expressionism,1908/10/27,1984/6/19,75,20th,Scorpio,United States,New York,North America,United States,New York,Painting,Portrait||Still Life,Married,The Cooper Union||National Academy of Design,0,0
510,Peter Doig,Scottish,,1959/4/17,,,,Aries,Scotland,Edinburgh,Europe,,,Painting,Figurative||Landscape,,Wimbledon School of Art||Saint Martin's School of Art||Chelsea School of Art,0,0
511,Anne Ryan,American,Abstract Expressionism,1905/3/3,1905/5/7,0,20th,Pisces,United States,Hoboken,North America,United States,Morristown,Collage||Painting||Printmaking,,Separated,Academy of St Elizabeth Convent,0,0
512,Allan McCollum,American,Contemporary,1944/8/4,,,,Leo,United States,Los Angeles,North America,,,Painting,,,Los Angeles Trade Technical College,0,0
513,António Dacosta,Portuguese,Surrealism,1914/11/3,1990/12/2,76,20th,Scorpio,Portugal,Angra do Heroísmo,Europe,France,Paris,Literature||Painting||Theory,Surrealist,,Angra high school|| Escola de Belas Artes,0,0
514,Nalini Malani,Indian,Contemporary,1905/4/29,,,,,British India||Pakistan,Karachi,Asia,,,Digital Art||Drawing||Film||Painting,,,Sir Jamsetjee Jeejebhoy School of Art||Bhulabhai Memorial Institute||Paris (French Government Scholarship),0,0
515,Antonietta Brandeis,Czech||Italian,,1848/1/13,,,,,Austria-Hungary,Miskovice,Europe,,,Painting,Genre||Landscape||Portrait||Religious,,Venetian Academy of Fine Arts,0,0
516,Ralston Crawford,American||Canadian,Abstract Art,1906/9/5,1978/4/27,71,20th,Virgo,Canada,,North America,United States,Houston,Painting||Photography||Printmaking,Abstract||Landscape,Married,Pennsylvania Academy of the Fine Arts||Barnes Foundation,0,0
517,Mary Corse,American,Light and Space||Minimalism,,,,,,,,,,,Painting,Abstract,,University of California||Chouinard Art Institute,0,0
518,Adriana Varej?o,Brazilian,Contemporary,1964/11/11,,,,Scorpio,Brazil,Rio de Janeiro,South America,,,Drawing||Installation||Painting||Photography||Sculpture,Portrait,,,0,0
519,Kara Elizabeth Walker,American,Contemporary,1969/11/26,,,,Sagittarius,United States,Stockton,North America,,,Film||Installation||Others||Painting||Printmaking,,,Atlanta College of Art||Rhode Island School of Design,0,0
520,Henri Cartier-Bresson,French,Surrealism,1908/8/22,2004/8/3,95,20th-21st,Leo,France,Chanteloup-en-Brie,Europe,France,Montjustin,Painting||Photography,Film,,école Fénelon||Lhote Academy,0,0
521,Otto Gustaf Carlsund,Swedish,Concrete art||Constructivism||Cubism||Neo-Plasticism||Purism,,,,,,,,Europe,,,Painting||Theory,Abstract,,Académie Moderne,0,0
522,Josè Guerrero,Spanish,Abstract Expressionism,1914/10/29,1991/12/23,77,20th,Scorpio,Spain,Granada,Europe,Spain,Barcelona,Painting,Abstract,,Escuela de Artes y Oficios||Escuela Superior de Bellas Artes de San Fernando||école des Beaux-Arts,0,0
523,Roberto Sebastián Antonio Matta Echaurren,Chilean,Abstract Expressionism||Surrealism,1911/11/11,2002/11/23,91,20th-21st,Scorpio,Chile,Santiago,South America,Italy,Civitavecchia,Painting,Abstract||Surrealist,,Pontificia Universidad Católica de Chile,0,0
524,Louise Nevelson,American||Russian||Jewish,Conceptual Art,1899/9/23,1988/4/17,88,19th-20th,Libra,Russian Federation,Perislav,Europe,United States,New York,Sculpture,,,,0,0
525,Ana Mendieta,American||Cuban,,1948/11/18,1985/9/8,36,20th,Scorpio,Cuba,Havana,North America,United States,New York,Digital Art||Painting||Performance||Sculpture,,,Catholic private school||University of Iowa,0,0
526,Edward Joseph Ruscha IV,American,Pop Art,1937/12/16,,,,Sagittarius,United States,Omaha,North America,,,Drawing||Film||Painting||Photography||Printmaking,,,Chouinard Art Institute||University of California,0,0
527,Claes Oldenburg,American||Swedish,Pop Art,1929/1/28,,,,Aquarius,Sweden,Stockholm,Europe,,,Sculpture,Sculpture||Social Realism,Married,School of the Art Institute of Chicago,0,0
528,Patrick Heron,British,Modernism,1920/1/30,1999/3/20,79,20th,Aquarius,United Kingdom,Headingley,Europe,United Kingdom,Zennor,Literature||Painting,Abstract||Figurative,Married,St. George's School||The Slade School of Art,0,0
529,Etel Adnan,Lebanese-American,,1925/2/24,,,,Pisces,Lebanon,Beirut,Asia,,,Literature||Painting||Visual,Abstract||Landscape,,"Sorbonne||University of California, Berkeley||Harvard University",0,0
530,Arnold B?cklin,Swiss,Symbolism,1827/10/16,1901/1/16,73,19th-20th,Libra,Switzerland,Basel,Europe,Italy,Fiesole,Painting,Fantasy||Mythological,,Düsseldorf academy||Weimar academy,0,0
531,Hanne Darboven,German,Conceptual Art||Minimal Art,1941/4/29,2009/3/9,67,20th-21st,Taurus,Germany,Munich,Europe,Germany,Hamburg,Installation,Abstract,,Hochschule für bildende Künste Hamburg,0,0
532,Sonya Rapoport,American||Jewish,Conceptual||New Media,1923/10/6,1905/7/7,-19,20th,Libra,United States,Boston,North America,United States,Berkeley,Digital Art||Painting,Abstract||Pop Art,Married,"Massachusetts College of Art||Boston University||New York University||Art Students League of New York||Corcoran School of Art||University of California, Berkeley",1,0
533,Hiroshi Sugimoto,Japanese,Dadaism||Surrealism,1948/2/23,,,,Pisces,Japan,Tokyo,Asia,,,Architecture||Photography,,,Rikkyo University||Art Center College of Design,0,0
534,Leo Valledor,American||Filipino,Minimalism,1905/4/19,1905/6/11,0,20th,Aries,United States,San Francisco,North America,United States,San Francisco,Painting,Abstract,Married,California School of Fine Arts,1,1
535,Keith Allen Haring,American,Graffiti||Pop Art,1958/5/4,1990/2/16,31,20th,Taurus,United States,Reading,North America,United States,New York City,Conceptual||Digital Art||Painting||Performance,,,School of Visual Arts,0,0
536,Takashi Murakami,Japanese,Contemporary,1962/2/1,,,,Aquarius,Japan,Tokyo,Asia,,,Digital Art||Fashion||Others||Painting||Sculpture,,,Tokyo University of the Arts,0,0
537,Horace Pippin,United States,,1988/2/22,1946/7/6,-42,20th,Pisces,United States,West Chester,North America,United States,West Chester,Painting,History||Landscape||Narrative||Portrait||Religious,,,0,0
538,Jean Philippe Arthur Dubuffet,French,Art Brut,1901/7/31,1985/5/12,83,20th,Leo,France,Le Havre,Europe,France,Paris,Painting||Sculpture,,Married,Académie Julian,0,0
539,Hans Haacke,American||German,Institutional Critique||Zero,1936/8/12,,,,Leo,Germany,Cologne,Europe,,,Environment||Installation||Painting,Political,,Cooper Union in New York,1,0
540,Corita Kent,American,Pop Art,1918/11/20,1986/9/18,67,20th,Scorpio,United States,Fort Dodge,North America,United States,,Education||Graphic Design||Others,,,Immaculate Heart College,1,0
541,Isidore Isou,French,Lettrism,1925/1/31,2007/8/28,82,20th-21st,Aquarius,Romania,Botosani,Europe,France,Paris,Film||Literature||Science||Visual,Avant Garde Experimental,,,0,0
542,Samuel Bak,Lithuanian,Conceptual Art||Post-modernism,1933/8/12,,,,Leo,Lithuanian,Vilnius,Europe,,,Literature||Painting,Abstract||Pop Art||Surrealist,,,0,0
543,Shirin Neshat,Iranian,,1957/3/26,,,,Aries,Iran,Qazvin,Asia,,,Digital Art||Film||Photography,,,UC Berkeley,0,0
544,Aleksander Mikhailovich Rodchenko,Russian,Constructivism||Cubism||Futurism||Productivism||Suprematism,1891/12/5,1956/12/3,64,19th-20th,Sagittarius,Russian,St. Petersburg,Europe,Russian,Moscow,Graphic Design||Painting||Photography||Sculpture,,Married,RABIS/VKhUTEMAS/VKhUTEIN,0,0
545,Mahmoud Farshchian,Iranian,,1930/1/24,,,,Aquarius,Iran,Isfahan,Asia,,,Painting||Sculpture,Other,,"Isfahan High School for the Fine Arts, University of Tehran's School of Fine Arts",0,0
546,Bracha Lichtenberg Ettinger,Israeli,,1948/3/23,,,,Aries,Israel,Tel Aviv,Asia,,,Drawing||Painting||Photography,,,,0,0
547,Tamara ?empicka||Tamara de Lempicka||Maria Górska,Polish,Art Deco,1898/5/16,1980/3/18,81,19th-20th,Taurus,Russia||Russian Empire,Warsaw,Europe,Mexico,,Painting,Nude||Portrait,,,0,0
548,Michel Majerus,Luxembourgers,,可以的可以的可以,,,,,Luxembourgers,Esch-sur-Alzette,Europe,,,Painting,,,,0,0
549,Carlos Orozco Romero,Mexican,Mexican muralism,1896/9/3,1984/3/29,87,19th-20th,Virgo,Mexico,Guadalajara,South America,Mexico,,Graphic Design||Painting,,Married,,0,1
550,Gustav Metzger,Stateless,Art Strike||Auto-Destructive Art,1926/4/10,2017/3/1,90,20th-21st,Libra,Germany,Nuremberg,Europe,,,Others,Avant Garde Experimental||Political,,Royal Academy of Fine Arts,0,0
551,Fu Baoshi,Chinese,New Chinese Painting Movement||New Jinling School of Fine Arts,1905/3/18,1905/5/18,61,20th,,China,Xinyu,Asia,,,Painting,Figurative||Landscape,,Tokyo School of Fine Arts,0,0
552,Frank Eugene,American,Photo-Secession,1865/9/19,1936/12/16,71,19th-20th,Virgo,United States,New York City,North America,Germany,,Drawing||Photography,,,City College of New York||Bavarian Academy of Fine Arts,0,0
553,Sherrie Levine,American,Appropriation art||Postmodernism,1947/4/17,,,,Aries,America,Hazleton,North America,,,Conceptual||Painting||Photography,,,,0,0
554,John Hilliard,British,Conceptual,1905/4/28,,,,Taurus,Britain,Lancaster,Europe,,,Photography,Conceptual||Other,,,0,0
555,Naum Gabo,Russian,Constructivism||Cubism||Futurism,1890/8/5,1977/8/23,87,19th-20th,Leo,Russian,Bryansk,Europe,America,,Sculpture,Abstract,,,0,1
556,Jorge Pardo,Cuban-American,,1905/5/16,,,,,Cuba,Havana,North America,,,Architecture||Graphic Design||Painting||Sculpture,,,University of Illinois at Chicago||Art Center College of Design,0,0
557,Jacqueline Lamba,French,Surrealism,1910/11/17,1993/7/20,82,20th,Scorpio,France,Saint-Mandé,Europe,France,Rochecorbon,Drawing||Painting,,Married,,0,0
558,Philip Howard Francis Dixon Evergood,American,,1905/3/15,1905/5/26,,,,United States,New York City,North America,United States,Bridgewater,Illustration||Literature||Painting||Printmaking||Sculpture,,,Eton||Cambridge University||Slade School||Art Students League of New York||Académie Julian||Atelier 17,0,0
559,Sir Antony Mark David Gormley,British,,1950/8/30,,,,Virgo,Britain,Hampstead,Europe,,,Sculpture,,Married,,0,0
560,Audrey L. Flack,American,Abstract Expressionism||New Realism||Photorealism,1931/5/30,,,,Gemini,United States,New York City,North America,,,Painting||Photography||Sculpture,Illustration,,Cooper Union||Yale University||New York University Institute of Fine Arts||High School of Music & Art,0,0
561,Camilla L?w,Norwegian,,1905/5/29,,,,Gemini,Norway,,Europe,,,Others,,,Glasgow School of Art,0,0
562,,Hungarian,,1921/5/26,1985/6/19,64,20th,Gemini,Hungary,,Europe,,,Graphic Design||Painting,,,új Iskola,0,0
563,Nicolae Tonitza,Romanian,Expressionism||Post-impressionism,1886/4/13,1940/2/27,53,19th-20th,Aries,Romania,Barlad,Europe,,,Others||Painting||Printmaking||Theory,,,Ia?i National School of Fine Arts||Royal Academy of Fine Arts,0,0
564,Romare Bearden,African-American,Harlem Renaissance,1911/9/2,1988/3/12,77,20th,Aquarius,United States,Charlotte,North America,,,Collage||Graphic Design||Literature||Painting,,,Sorbonne||Art Students League||New York University||Lincoln University||Boston University,0,0
565,Wu Guanzhong,Chinese,Fauvism||Impressionism||Modern Chinese,1919/8/29,2010/6/25,90,20th-21st,Virgo,China,Yixing,Asia,China,Beijing,Literature||Painting,Landscape,,Zhejiang Industrial School||Hangzhou National Academy of Art ||Ecole Nationale Supérieure des Beaux Arts,0,0
566,Rita Angus,New Zealander,,1908/3/12,1970/1/25,61,20th,Sagittarius,New Zealand,Hastings,Oceania,New Zealand,Wellington,Painting,Landscape||Portrait,,Canterbury College School of Art||Elam School of Fine Arts,0,0
567,Michael Heizer,American,Land Art,1905/4/27,,,,Taurus,United States,Berkeley,North America,,,Sculpture,,,,0,0
568,Méret Elisabeth Oppenheim,German||Swiss,Surrealism,1913/10/6,1985/11/15,72,20th,Libra,Germany,Berlin,Europe,Switzerland,Basel,Conceptual||Photography,,,,0,0
569,Jacob Lawrence,African-American,Dynamic Cubism,1917/9/7,2000/6/9,83,20th-21st,Cancer,United States,Atlantic City,North America,,,Painting,Avant Garde Experimental||History,,University of Washington,0,0
570,Jean Hugo,,Magical Realism||Metaphysical Painting||Romanticism,1894/11/19,1984/6/21,89,19th-20th,Scorpio,France,Paris,Europe,France,Lunel,Illustration||Literature||Painting||Performance,Architecture||Illustration||Sketch,,,0,0
571,Marino Marini,Italian,,1901/2/27,1980/8/6,79,20th,Pisces,Italy,,Europe,Italy,,Painting||Sculpture,Fantasy||Figurative||Nude||Portrait,,"Accademia di Belle Arti, Florence||Scuola d’Arte di Villa Reale, Monza||Accademia di Belle Arti di Brera, Milan",0,0
572,Meta Vaux Warrick Fuller,African-American,Harlem Renaissance,1877/6/9,1968/3/18,90,19th-20th,Virgo,United States,Philadelphia,North America,,,Literature||Painting||Sculpture,Cultural and Regional Themes,,Pennsylvania Academy of the Fine Arts||Pennsylvania Museum and School of Industrial Art,0,0
573,Edmund Charles Tarbell,American,Impressionism,1862/4/26,1938/8/1,76,19th-20th,Taurus,United States,Groton,North America,United States,New Castle,Painting,Portrait,Married,Massachusetts Normal Art School||School of the Museum of Fine Arts||Académie Julian,1,0
574,Sir Peter Thomas Blake,British,Pop Art,1932/6/25,,,,Cancer,United Kingdom,Dartford,Europe,,,Graphic Design||Painting,,Divorced,Gravesend Technical College school of art||Royal College of Art,0,0
575,Georges Henri Rouault,French,Expressionism||Fauvism,1871/5/27,1958/2/13,86,19th-20th,Gemini,France,Paris,Europe,,,Drawing||Others||Painting,Landscape||Religious||Social Realism||Still Life,,école des Beaux-Arts,0,0
576,Lita Albuquerque,American,Light and Space,1905/4/29,,,,Taurus,United States,Santa Monica,North America,,,Installation||Painting||Sculpture||Social,,,University of California (UCLA)||Otis College of Art and Design,1,4
577,Sheikh Mohammed Sultan||SM Sultan,Bengali,Avant-garde,1923/8/10,1994/10/10,71,20th,Libra,British India,Machimdia||Jessore,Asia,Bangladesh,,Drawing||Painting,,,Government School of Art,0,0
578,Richard Ernst Eurich,British,,1903/3/13,1992/6/6,89,20th,Pisces,United Kingdom,Bradford,Europe,United Kingdom,Southampton,Painting,Landscape||Narrative,,St George's School||Bradford Grammar School||Bradford School for Arts and Crafts||Slade School of Art,0,0
579,Maurizio Cattelan,Italian,,1960/11/21,,,,Scorpio,Italy,Padova,Europe,,,Sculpture,,,,0,0
580,Frederick Sommer,American,,1905/9/7,1999/1/23,93,20th,Virgo,Italy,Angri,Europe,United States,Prescott,Collage||Drawing||Photography,Abstract||Landscape||Nude||Still Life,Married,Cornell University,1,0
581,Sam Gilliam,American,Abstract Expressionism||Color Field||Lyrical Abstraction,1933/11/30,,,,Sagittarius,United States,Tupelo,North America,,,Painting||Sculpture,Abstract,Remarried,Central High School in Louisville||University of Louisville,1,0
582,Glenn Brown,British,,1905/5/19,,,,Taurus,United Kingdom,Hexham,Europe,,,Painting,,,Norwich School of Art & Design||Bath School of Art and Design||Goldsmith's College,0,0
583,Isa Genzken,German,Contemporary,1948/11/27,,,,Sagittarius,Germany,Bad Oldesloe,Europe,,,Collage||Digital Art||Film||Installation||Photography||Sculpture,Architecture||Contemporary,Divorced,Hamburg University of Fine Arts||Berlin University of the Arts||Arts Academy Düsseldorf||University of Cologne,1,0
584,Manuel Neri,American,Bay Area Figurative Movement,1930/4/12,,,,Aries,United States,Sanger,North America,,,Ceramics||Sculpture,Figurative,,San Francisco City College||California College of Arts and Crafts||California School of Fine Arts,1,7
585,Anita Catarina Malfatti,Brazilian,Expressionism||Modernism,1889/12/2,1964/11/6,74,19th-20th,Sagittarius,Brazil,S?o Paulo,Africa,,,Painting,,,Mackenzie College,0,0
586,Arshile Gorky,Armenian-American,Abstract Expressionism,1904/4/15,1948/7/21,44,20th,Aries,Ottoman Empire,Khorgom (today's Dilkaya),Asia,,,Painting,,,"New School of Design, Grand Central School of Art",0,0
587,Jiro Yoshihara,Japanese,Abstract Expressionism||Avant-garde||Surrealism||Zen,1905/1/1,1972/2/10,67,20th,,Japan,Osaka,Asia,Japan,Ashiya,Painting,Abstract||Surrealist,,,0,0
588,Graydon Parrish,,Realism,1970/4/3,,,,Pisces,USA,Phoenix,North America,,,Painting,Allegorical||Nude,,Booker T. Washington High School for the Performing and Visual Arts||New York Academy of Art||Amherst College,0,0
589,Red Grooms,American,Pop Art,1937/6/7,,,,Gemini,United States,Nashville,North America,,,Digital Art||Painting||Sculpture,Landscape,,Art Institute of Chicago||Nashville's Peabody College||New School for Social Research||Hans Hofmann School of Fine Arts,0,0
590,Alfred Otto Wolfgang Schulze,German,Lyrical Abstraction||Tachisme,1913/5/27,1951/9/1,37,20th,Gemini,Germany,Berlin,Europe,France,Paris,Painting||Photography,Landscape||Portrait,,Reiman-Schule,0,0
591,Dan Christensen,American,Abstract expressionism||Color field painting||Lyrical Abstraction,1942/10/6,2007/1/20,64,20th-21st,Libra,America,Cozad,North America,America,Easthampton,Painting,Abstract,Married,Kansas City Art Institute,0,0
592,Rainer Fetting,German,Neue Wilde,1949/12/31,,,,,Germany,Wilhelmshaven,Europe,,,Painting||Sculpture,Figurative||Landscape||Portrait,,Berlin Art Academy,0,0
593,Robert Irwin,American,Light and Space,1928/9/12,2023/10/25,95,20th-21st,Virgo,America,Long Beach,North America,,,Installation||Painting,,,Otis Art Institute||Jepson Art Institute||Chouinard Art Institute,1,3
594,John Nelson Shanks,American,Realism,1937/12/23,2015/8/28,77,20th-21st,,United States,Rochester,North America,United States,"Andalusia, Pennsylvania",Painting,Portrait,,Kansas City Art Institute||National Academy of Design||Art Students League of New York||Accademia de Belle Arti,1,0
595,Jannis Kounellis,Greek||Italian,Arte Povera,1936/3/23,2017/2/16,80,20th-21st,Aries,Greece,Piraeus,Europe,Italy,Rome,Painting||Performance||Sculpture,,,Accademia di Belle Arti,0,0
596,Joyce Kozloff,American,Feminist Art||Pattern and Decoration,1942/12/14,,,,Sagittarius,United States,Somerville,North America,,,Decorative||Painting,Avant Garde Experimental,Married,Art Students League||Rutgers University||University of Florence||Carnegie Institute of Technology||Columbia University,1,0
597,Lynda Benglis,Greek||American,Minimalism,1941/10/25,,,,Scorpio,United States,Lake Charles,North America,,,Painting||Sculpture||Visual,Illustration||Political,Married,McNeese State University||Newcomb College,1,0
598,Howardena Pindell,American,Minimalism||Pointillism,1943/4/4,,,,Aries,United States,Philadelphia,North America,,,MixedMedia||Painting,Abstract,,Philadelphia High School for Girls||Boston University||Yale University,1,0
599,Mark Tansey,American,,1949/1/1,,,,,United States,San Jose,North America,,,Painting,History,,San Francisco Art Institute||Art Center College of Design||Hunter College,1,0
600,Nicola Perscheid,German,,1864/12/3,1930/5/12,66,19th-20th,Pisces,Germany,Moselwei?,Europe,,,Photography,Portrait,,"Photographic Society of Vienna, Danish college for photography",0,0
601,Luigi Veronesi,Italian,Abstract Art||Constructivism||Movimento Arte Concreta,1908/5/28,1998/2/25,89,20th,Gemini,Italy,Milan,Europe,,,Film||Graphic Design||Painting||Photography,Abstract,,Accademia Carrara,0,0
602,Lili Ilse Elvenes||Einar Magnus Andreas Wegener,Danish,,1882/12/28,1931/9/13,48,19th-20th,,Denmark,Vejle,Europe,,,Painting,Landscape,,Royal Danish Academy of Fine Arts,0,0
603,Pushpamala N.,Indian,Contemporary Art,1905/5/9,,,,Taurus,India,Bangalore,Asia,,,Photography||Sculpture,Film||Illustration,,Bangalore University||Maharaja Sayajirao University of Baroda,0,5
604,Neo Rauch,German,New Leipzig School,1960/4/18,,,,Aries,East Germany,Leipzig,Europe,,,Painting,,,Hochschule für Grafik und Buchkunst Leipzig,0,0
605,Ellsworth Kelly,American,Color Field painting||Hard-edge painting||Minimalism,1923/5/31,2015/12/27,92,20th-21st,Gemini,United States,Newburgh,North America,United States,Spencertown,Painting||Printmaking||Sculpture,,,Pratt Institute||School of the Museum of Fine Arts||Boston||Ecole nationale superieure des Beaux-Arts,0,0
606,Frank Lobdell,American,Bay Area Abstract Expressionism||Bay Area Figurative Movement,1921/8/23,2013/12/14,92,20th-21st,Virgo,United States,Kansas City,North America,United States,Palo Alto,Drawing||Others||Painting,Abstract,,St. Paul School of Fine Arts||California School of Fine Arts||Acad茅mie de la Grande Chaumi猫re,1,5
607,Imi Knoebel,German,Abstract Art||Minimalism,1940/3/1,,,,Pisces,Germany,Dessau,Europe,,Dusseldorf,Painting||Sculpture,,,Darmstadt Werkkunstschule||Kunstakademie Dusseldorf,1,0
608,Karl Otto G?tz,German,Art Informel,1914/2/22,2017/8/19,103,20th-21st,Pisces,Germany,Aachen,Europe,,,Drawing||Film||Literature||Painting||Printmaking,Abstract||Landscape||Surrealist,,School of Applied Arts,0,0
609,Harmony Hammond,American,,1944/2/8,,,,Leo,United States,Chicago,North America,,,Painting||Sculpture,Abstract,,University of Minnesota||New York Feminist Art Institute,0,0
610,Paul Allen Reed,American,Color Field Painting||Washington Color School,1919/3/28,2015/9/26,96,20th-21st,Aries,USA,"Washington, DC",North America,,,Graphic Design||Painting,Abstract,,Corcoran School of Art,0,0
611,Wen-Ying Tsai,Chinese||American,Cybernetic||Kinetic Art,1928/10/13,2013/1/2,84,20th-21st,Libra,China,Xiamen,Asia,United States,New York,Conceptual||Sculpture,,Married,University of Michigan,0,2
612,Pat Lipsky,American,Color Field Painting||Geometric abstraction||Lyrical Abstraction,,,,,,,New York City,,,,Painting,Abstract,,Cornell University||Hunter College,0,0
613,Giulio Paolini,Italian,Arte Povera||Conceptual Art,1940/11/5,,,,Taurus,Italy,Genoa,Europe,,,Painting||Photography,Abstract,,Giambattista Bodoni State Industrial Technical School of Graphics and Photography,0,0
614,Dominique Gonzalez-Foerster,French,Contemporary,1965/6/30,,,,Cancer,France,Strasbourg,Europe,,,Digital Art||Environment||Film||Graphic Design||Installation||Literature||Photography,Abstract||Fantasy||Surrealist,,Ecole du Magasin,0,3
615,Maria Pryimachenko,Ukrainian,Folk Art||Na?ve Art,1908/1/1,1997/1/1,89,20th,,Ukraine,Bolotnya,Europe,Ukraine,,Ceramics||Drawing||Painting||Textile Art,Cultural and Regional Themes||Pop Art,,,0,0
616,Lorna Simpson,American,Conceptual Photography,1960/8/13,,,,Leo,United States,Brooklyn,North America,,,Digital Art||Drawing||Film||Music||Painting||Photography||Sculpture,Abstract||Illustration,,,0,1
617,Gebre Kristos Desta||Gebrekristos Desta,Ethiopian,Abstract Expressionism,,1905/6/3,,,,Ethiopia,Harrar,Africa,,,Literature||Painting,Abstract||Religious,,Haile Sellassie School||General Wingate High School||Art School in Cologne||Addis Ababa University,0,0
618,Giulio Cesare Andrea Evola,Italian,Dadaism||Futurism,1898/5/19,1974/6/11,76,19th-20th,Taurus,Italy,Rome,Europe,Italy,,Painting||Professional||Theory,,,,0,0
619,Agnes Bernice Martin,Canadian||American,Abstract Expressionism||Minimalism,1912/3/22,2004/12/16,92,20th-21st,Aries,Canada,Macklin,North America,United States,Tao,Painting,Abstract,,Western Washington University,1,0
620,Julian Rossi Ashton,English||Australian,Australian Impressionism||Heidelberg School,1851/1/27,1942/4/27,91,19th-20th,Aquarius,England,Addlestone,Europe,,,Education||Painting,,,Sydney Art School||Académie Julian,0,0
621,Ronald Bladen,American,Minimal Art,1918/7/13,1905/6/10,-14,20th,Cancer,Canada,Vancouver,North America,United States,New York,Painting||Sculpture,,Separated,Brata Gallery,0,1
622,Paula Rego,Portuguese,,1935/1/26,,,,Aquarius,Portugal,Lisbon,Europe,,,Painting||Printmaking,,,Slade School of Fine Art,0,0
623,Alexander Bazhbeuk-Melikyan,Georgian,Avant-garde,1891/9/11,1966/7/20,74,19th-20th,Virgo,Georgia,Tbilisi,Asia,Soviet Union,Tbilisi,Graphic Design||Painting||Sculpture,Fantasy||Figurative,Remarried,Georgian Academy of Arts,1,1
624,Roy Fox Lichtenstein,American,Pop Art,1923/10/27,1997/9/29,73,20th,Scorpio,United States,New York,North America,,,Painting,Fantasy||Narrative,,Art Students League of New York||Ohio State University,0,0
625,Marisol Escobar,French-Venezuelan,Pop Art,1930/5/22,2016/4/30,85,20th-21st,Gemini,France,Paris,Europe,United States,New York,Sculpture,Political||Portrait,,Ecole des Beaux-Arts||Art Students League,0,0
626,Ben Shahn,Lithuanian-American,Abstract Expressionism,1898/9/12,1969/3/14,70,19th-20th,Virgo,Lithuania,Kaunas,Europe,United States,New York,Painting,Abstract||Social Realism,Remarried,City College||National Academy of Design,0,0
627,Paul Feeley,American,Color Field,1910/7/27,1966/6/10,55,20th,Leo,United States,,North America,United States,,Painting,Abstract,Married,Bennnington College,1,0
628,William Eggleston,American,,1939/7/27,,,,Leo,United States,Memphis,North America,,,Photography,,,Ole Miss,1,0
629,Luc Tuymans,Belgian,,1958/1/1,,,,,Belgium,Mortsel,Europe,,,Digital Art||Film||Painting,Figurative||History,,Multiple Institutions,1,0
630,Ivan Kenneth Eyre,Canadian,,1935/4/15,,,,Aries,Canada,Tullymet,North America,,,Drawing||Painting||Sculpture,Abstract||Figurative||Landscape,,Saskatoon Technical Collegiate||University of Saskatchewan||University of Manitoba School of Art||University of North Dakota,0,0
631,Dan Flavin,American,Minimalism,1933/4/1,1996/11/29,63,20th,Aries,United States,Jamaica,North America,United States,Riverhead,Installation||Sculpture,,Widowed,Multiple Institutions,0,0
632,Houria Niati,Algerian,Contemporary,1905/5/1,,,,,Algeria,Khemis Miliana,Africa,,,MixedMedia,,,Camden Arts Centre||Croydon College of Art||Middlesex University,0,0
633,Marcel Broodthaers,Belgian,Institutional Critique||Surrealism,1924/1/28,1976/1/28,52,20th,Aquarius,Belgium,Brussels,Europe,Belgium,,Film||Literature||Others,Abstract||Avant Garde Experimental,,,0,0
634,Nicolas de Sta?l,French,Abstraction,1914/1/5,1955/3/16,41,20th,,Russia,Saint Petersburg,Europe,France,Paris,Collage||Illustration||Painting||Textile Art,Abstract||Landscape,Married,Brussels Acad茅mie Royale des Beaux-Arts,0,0
635,Sigmar Polke,German,Capitalist realism,1941/2/13,2010/6/10,69,20th-21st,Aquarius,Germany,Oels,Europe,Germany,Cologne,Film||Painting||Performance||Photography,Abstract,,Kunstakademie Dusseldorf,1,0
636,Rodrigo Franz?o,Brazilian,Constructivist art||Geometric abstraction,1982/4/27,,,,Taurus,Brazil,San Paulo,South America,,,MixedMedia||Textile Art,Abstract,,University of Sao Marcos,1,0
637,Mary Joan Jay DeFeo,,Abstract Expressionism,1929/3/31,1989/11/11,60,20th,Aries,United States,Hanover,North America,,,Visual,,,"University of California, Berkeley",0,0
638,Lalla A. Essaydi,Moroccan,Contemporary Art,1905/5/9,Living,,,,Morocco,Marrakesh,Africa,United States,New York,Painting||Photography,,Divorced,Tufts University,0,0
639,Varnette Patricia Honeywood,American,,1950/12/27,2010/9/12,59,20th-21st,,United States,Los Angeles,North America,United States,Los Angeles,Literature||Painting||Professional,Portrait,,Spelman College,0,0
640,Sōen Nakagawa,Japanese,,1907/3/19,1984/3/11,76,20th,Pisces,China,Keelung,Asia,Japan,Tokyo,Literature||Spiritual,Literature,Unmarried,Tokyo Imperial University,0,0
641,Allan D'Arcangelo,American,Hard-Edge painting||Minimalism||Pop Art||Precisionism||Surrealism,1930/6/16,1998/12/17,68,20th,Gemini,United States,Buffalo,North America,United States,New York City,Painting||Printmaking,Cultural and Regional Themes||Other,,University of Buffalo,0,0
642,Will Barnet,American,Abstract Expressionism||Modernism||Representational Minimalism||Social Realism,1911/5/25,2012/11/13,101,20th-21st,Gemini,United States,Beverly,North America,United States,New York City,Drawing||Painting||Printmaking,Abstract||Figurative||Portrait,Remarried,Art Students League,1,0
643,Lothar Baumgarten,German,Conceptual,1905/4/27,,,,Taurus,Germany,Rheinsberg,Europe,,,Film||Installation,,,Staatlichen Akademie fur bildende Kunste Karlsruhe||Kunstakademie D眉sseldorf,0,0
644,Jürgen Partenheimer,German,Metaphysical Realism||Post-Minimalism,1947/5/14,,,,Taurus,Germany,Munich,Europe,,,Drawing||Painting||Sculpture,Abstract,,Ludwig Maximilian University of Munich||University of Arizona||University of California at Davis,0,4
645,Willem van Genk,Dutch,Outsider Art,1927/4/2,2005/5/2,78,20th-21st,Aries,Netherlands,Voorburg,Europe,Netherlands,The Hague,Graphic Design||Painting,Abstract||Landscape,,,0,0
646,"George Clair Tooker, Jr.",American,Magic realism||Photorealism||Social realism||Surrealism,1920/8/5,2011/3/5,90,20th-21st,Leo,United States,Brooklyn,North America,United States,New York,Painting,Figurative,,National Academy of Design||American Academy of Arts and Letters,0,1
647,Takao Iijima,Japanese,Fluxus,1931/5/19,,,,Taurus,Japan,,Asia,,,Painting||Performance,Abstract,,Fluxus,0,0
648,Wolfgang Robert Paalen,German||Austrian||Mexican,Surrealism,1905/7/22,1959/9/24,54,20th,Cancer,Austria,Vienna,Europe,Mexico,Taxco,Painting||Sculpture||Theory,,,Surrealist movement,0,0
649,Josephine Gail Baer,American,Minimalism,1929/8/7,,,,Leo,United States,,North America,,,Painting,,Separated,Minimalist movement,0,0
650,JonOne,French||American,Graffiti,1905/5/16,,,,Taurus,United States,New York,North America,,,Conceptual||Painting,,Divorced,,0,0
651,Paul Cézanne,French,Post-Impressionism,1839/1/19,1906/10/22,67,19th-20th,,France,Aix-en-Provence,Europe,France,Aix-en-Provence,Painting,,,,0,0
652,Agnes Lawrence Pelton,American||German,Modernism,1905/2/23,1905/5/14,0,20th,Pisces,Germany,Stuttgart,Europe,United States,Cathedral City,Drawing||Painting,Abstract||Landscape||Portrait||Still Life,,Pratt College,0,0
653,George Dawe,British,,1781/2/6,1829/10/15,48,,Aquarius,United Kingdom,London,Europe,United Kingdom,,Painting,Portrait,,Royal Academy of Arts,0,0
654,Ramon Casas i Carbó,Spanish||Catalan,Modernisme,1866/1/4,1932/2/29,66,19th-20th,,Spain,Barcelona,Europe,Spain,,Graphic Design||Painting,Narrative||Portrait,,Carolus Duran Academy||Gervex Academy,0,0
655,Valentine Hugo,French,Surrealism,1905/3/1,1905/5/21,0,20th,Pisces,France,Boulogne-sur-Mer,Europe,France,Paris,Literature||Painting,Portrait,Widowed,Ecole des Beaux-Arts,0,0
656,Thomas Girtin,British,Romanticism,1775/2/18,1802/11/9,27,,Aquarius,United Kingdom,London,Europe,United Kingdom,,Painting||Printmaking,Environmental||Landscape,Married,,0,0
657,William James Glackens,American,Ashcan school||Realism,1870/3/13,1938/5/22,68,19th-20th,Pisces,United States,Philadelphia,North America,United States,Westport,Illustration||Painting,Narrative,,Pennsylvania Academy of the Fine Arts||Art Students League of New York,0,0
658,Hishida Shunsō,Japanese,Nihonga,1874/12/21,1911/9/16,36,19th-20th,Sagittarius,Japan,Iida,Asia,Japan,Tokyo,Painting,Animal||Cultural and Regional Themes,,Tokyo Academy of Fine Arts,1,0
659,Thomas Stuart Smith,Scottish||British,,1904/12/19,1869/12/31,-35,20th,Sagittarius,United Kingdom,Stirling,Europe,France,Avignon,Painting,Portrait,,,1,0
660,Helen Beatrix Potter,British,,1866/7/28,1943/12/22,77,19th-20th,Leo,United Kingdom,,Europe,United Kingdom,Near Sawrey,Illustration||Literature||Others||Science,Illustration,Married,,0,0
661,Rembrandt Peale,American,Neoclassicism,1778/2/20,1860/10/3,82,,Pisces,United States,Bucks,North America,United States,Philadelphia,Painting,Portrait,Married,,1,0
662,Ivan Grohar,Slovenian,Impressionism,1867/6/15,1911/4/19,43,19th-20th,Gemini,Slovenia,Upper Carniolan,Europe,Slovenia,Ljubljana,Music||Painting,Landscape||Portrait,,Anton Azbe's Art School,0,0
663,Victor Elpidiforovich Borisov-Musatov,Russian,Post-Impressionism||Symbolism,1870/4/14,1905/11/8,35,19th-20th,Aries,Russian Federation,Saratov,Europe,Russian Federation,Tarusa,Painting,Other||Pop Art,Married,"Moscow Academy of Painting, Sculpture and Architecture||Imperial Academy of Arts in St. Petersburg",0,0
664,Louis Comfort Tiffany,American,Aesthetic||Art Nouveau,1848/2/18,1933/1/17,84,19th-20th,Aquarius,United States,New York City,North America,United States,New York City,Decorative,,,"Pennsylvania Military Academy||Eagleswood Military Academy||National Institute of Design, New York City",0,0
665,Jean-édouard Vuillard,French,Nabis,1868/11/11,1940/6/21,71,19th-20th,Scorpio,France,Cuiseaux,Europe,France,La Baule,Painting||Printmaking,Architecture||Environmental||Nature and Botanical,,Academie des Beaux-Arts||Academie Julian||Ecole des Beaux-Arts,0,0
666,Mstislav Valerianovich Dobuzhinsky,Russian||Lithuanian,Expressionism||Jugendstil||Mir Iskusstva,1875/8/14,1957/10/20,82,19th-20th,Leo,Russian Federation,Novgorod,Europe,United States,New York City,Illustration||Painting||Performance,Landscape,,"Zvantseva School of Drawing and Painting, St. Petersburg, Russia||Vitebsk Art School, Vitebsk, Belarus",1,0
667,David Garshen Bomberg,British,Cubism||Expressionism||Futurism,1890/12/5,1957/8/19,66,19th-20th,Sagittarius,United Kingdom,Birmingham,Europe,United Kingdom,London,Painting,Landscape||Portrait,,Slade School of Art,1,0
668,Samuel Finley Breese Morse,American,,1791/4/27,1872/4/2,80,,Taurus,United States,Boston,North America,United States,New York City,Painting,Portrait,,"Phillips College in Andover, Massachusetts||National Academy Museum and School (National Academy of Design), New York City, NY, US||Yale College",0,0
669,Silvestro Lega,Italian,Macchiaioli||Realism,1826/12/8,1895/9/21,68,19th,Sagittarius,Italy,Modigliana (FC),Europe,Italy,Florence,Painting,Landscape,,Academy of Fine Arts in Florence,0,1
670,"James Francis ""Frank"" Hurley",Australian,,1885/10/15,1962/1/16,76,19th-20th,Libra,Australia,,Oceania,Australia,,Photography,,Married,,0,0
671,Albert Marquet,French,Fauvism,1875/3/27,1947/6/14,72,19th-20th,Aries,France,Bordeaux,Europe,France,La Frette-sur-Seine,Painting,Landscape||Portrait,,Ecole des Arts Decoratifs,0,0
672,Niko Pirosmani,Georgian,Primitivism,1905/2/4,1918/5/5,13,20th,Aquarius,Georgia,Mirzaany,Asia,Georgia,Tbilisi,Painting,Animal||Landscape||Portrait,,,0,0
673,Constant Permeke,Flemish,Flemish Expressionism,1886/7/31,1952/1/4,65,19th-20th,Leo,Belgium,Antwerp,Europe,,,Painting||Sculpture,,Widowed,the Bruges Academy||the Academy in Ghent,0,0
674,Giuseppe Pellizza da Volpedo,Italian,Divisionism,1868/7/28,1907/6/14,38,19th-20th,Leo,Italy,Volpedo,Europe,Italy,Volpedo,Painting,Other,Married,the Accademia di San Luca||the life drawing school of the French Academy||Brera Academy||the technical school of Castelnuovo Scrivia||Accademia di Belle Arti||the Accademia Carrara||the Accademia Ligustica di Belle Arti,0,0
675,Nandalal Bose,Indian,Contextual Modernism,1882/12/3,1966/4/16,83,19th-20th,Sagittarius,India,Bihar,Asia,India,Kolkata,Painting,Environmental||Mythological||Narrative||Political,,Calcutta's School of Art,1,0
676,Henryk Berlewi,French||Polish||Jewish,Constructivism,1894/10/20,1967/8/2,72,19th-20th,Libra,Poland,Warsaw,Europe,France,Paris,Graphic Design||Painting,Abstract||Portrait,,the school of design,0,0
677,Paul Delaroche,French,Academicism||Neoclassicism||Romanticism,1797/7/17,1856/11/4,59,,Cancer,France,Paris,Europe,France,Paris,Painting,History||Religious,,,1,0
678,Alice Boughton,American,Photo-Secession,1866/5/14,1943/6/21,77,19th-20th,Taurus,United States,New York City,North America,United States,,Photography,Landscape||Nude||Portrait,,the Pratt School of Art and Design,0,1
679,Katsushika Hokusai,Japanese,Ukiyo-e,1760/10/31,1849/5/10,88,,Scorpio,Japan,Tokyo,Asia,Japan,Tokyo,Painting||Printmaking,,Widowed,,0,0
680,Odilon Redon,French,Symbolism,1840/4/20,1916/7/6,76,19th-20th,Taurus,France,Bordeaux,Europe,France,Paris,Drawing||Painting||Printmaking,,Married,,0,0
681,Maurice Utrillo,French,,1883/12/26,1955/11/5,71,19th-20th,,France,Paris,Europe,France,Paris,Painting,Landscape,Married,Self-taught,0,1
682,André Derain,French,Cubism||Fauvism,1880/6/10,1854/9/8,-26,19th,Gemini,France,Chatou,Europe,France,Garches,Painting||Sculpture,,,Academie Julian,0,0
683,Kay Rasmus Nielsen,Danish,,1886/3/12,1957/6/21,71,19th-20th,Pisces,Denmark,Copenhagen,Europe,United States,Los Angeles,Illustration,Fantasy||Illustration,,Academie Julian||Academie Colarossi,0,0
684,John Frederick Lewis,British,Orientalism,1804/7/14,1876/8/15,72,19th,Cancer,United Kingdom,London,Europe,,,Painting||Printmaking,Cultural and Regional Themes||Genre,,,0,0
685,Franz Stuck,German,Symbolism,1863/2/24,1928/8/30,65,19th-20th,Pisces,Germany,Tettenweis,Europe,Germany,Munich,Architecture||Painting||Printmaking||Sculpture,Mythological,Married,Munich Academy,1,3
686,Henryk Hektor Siemiradzki,Polish,Academic art,1843/11/15,1902/8/23,58,19th-20th,Scorpio,Ukraine,Pechenegi,Europe,Strza?kiow,Poland,Painting,History||Landscape||Portrait,,Kharkiv Gymnasium||the Imperial Academy of Arts,0,4
687,John William Waterhouse,British,Pre-Raphaelite Brotherhood,1849/4/6,1917/2/10,67,19th-20th,Aries,Italy,Rome,Europe,United Kingdom,London,Painting,,Married,the Royal Academy of Arts,1,0
688,Jean Fautrier,French,Tachisme,1898/5/16,1964/7/21,66,19th-20th,Taurus,France,Paris,Europe,France,Chatenay-Malabry,Illustration||Painting||Printmaking||Sculpture,Abstract||Landscape||Nude||Still Life,,"the Royal Academy of Arts||the Slade School,",0,2
689,Charles Willson Peale,American,,1741/4/15,1827/2/22,85,,Aries,United States,Chester,North America,United States,Philadelphia,Others||Painting,Portrait,Married,,0,0
690,Adolf Hirémy-Hirschl,Hungarian,,1860/1/31,1905/4/16,45,19th-20th,Aquarius,Hungary,Temesvar,Europe,Italy,Roma,Painting,History||Mythological,,"Akademie der Bildenden Kunste Wien, Vienna, Austria",0,4
691,István Farkas,Hungarian,Ecole de Paris,1887/10/20,1944/7/1,156,19th,Libra,Hungary,Budapest,Europe,Poland,Auschwitz,Painting||Social,,Married,,0,0
692,William Collins,British,,1788/9/8,1847/2/17,58,,Virgo,United States,Croydon,Europe,United Kingdom,London,Painting,Genre||Landscape,Married,the Royal Academy,0,1
693,William Hart,American,Hudson River School,1823/3/31,1894/6/17,71,19th,Aries,United Kingdom,Kilmarnock,Europe,United States,Mount Vernon,Painting,Animal||Landscape,,,0,0
694,émilie Charmy,French,Fauvism||Impressionism||Post-Impressionism||School of Paris,1878/4/2,1974/6/7,96,19th-20th,Aries,France,Saint-Etienne,Europe,France,,Painting,Figurative||Landscape||Portrait||Still Life,,,1,1
695,Roberto Montenegro Nervo,Mexican,Mexican muralism,1885/2/19,1968/10/13,83,19th-20th,Pisces,Mexico,Guadalajara,North America,Mexico,Mexico City,Illustration||Others||Painting||Social,Portrait,,"Academia de San Carlos, Mexico City, Mexico",0,0
696,Rosa Bonheur,French,Realism,1822/3/16,1899/5/25,77,19th,Pisces,France,Bordeaux,Europe,France,Thomery (By),Painting||Sculpture,Animal,,,0,0
697,Richard Gerstl,Austrian,Expressionism,1883/9/14,1908/11/4,25,19th-20th,Virgo,Austria,Vienna,Oceania,Austria,Vienna,Drawing||Painting,Portrait,Unmarried,the Academy of Fine Arts Vienna,0,0
698,Edward Alexander Wadsworth,British,Vorticism,1889/10/29,1949/6/21,59,19th-20th,Scorpio,United Kingdom,London,Europe,,,Painting||Printmaking,Abstract||Landscape||Portrait||Still Life,,"the Knirr School||the Slade School of Art, London||Bradford School of Art",0,1
699,David Cox,British,Birmingham School||Impressionism,1783/4/29,1859/6/7,76,,Taurus,United Kingdom,Birmingham,Europe,United Kingdom,Birmingham,Painting,Landscape,Married,the academy of Joseph Barber,1,0
700,Utagawa Kuniyoshi,Japanese,Ukiyo-e,1798/1/1,1861/4/14,63,,,Japan,Edo (now Tokyo),Asia,Japan,Edo (now Tokyo),Others||Painting,Landscape||Mythological||Portrait,,the Utagawa school||Toyokuni's studio,0,0
701,Thomas Hill,American,Hudson River School,1829/9/11,1908/6/30,78,19th-20th,Virgo,United Kingdom,Birmingham,Europe,United States,Raymond,Painting,Landscape,Divorced,the Pennsylvania Academy of the Fine Arts (PAFA),0,0
702,John Gibson,British,Neoclassical,1790/6/19,1866/1/27,75,,Gemini,United Kingdom,Conwy,Europe,Italy,Rome,Sculpture,Portrait||Sculpture,,the Royal Academy,0,0
703,Sir Stanley Spencer,British,Post-Impressionism,1891/6/30,1959/12/14,68,19th-20th,Cancer,United Kingdom,Cookham,Europe,,,Painting,Landscape||Religious,,"the Slade School of Art||UCL Slade School of Fine Art (University College London), London, UK",0,0
704,Nicolae Vermont,Jewish||Romanian,Post-Impressionism||Realism,1866/10/10,1932/6/14,65,19th-20th,Libra,Romania,Bacau,Europe,Romania,,Graphic Design||Others||Painting,Other,,the Academy of Fine Arts in Bucharest (graduated 1886)||the Munich Akademie der Bildenden Künste (1893),0,0
705,Pavel Andreyevich Fedotov,Russian,,1815/6/22,1852/11/14,37,19th,Cancer,Russian Federation,Moscow,Europe,Russian Federation,Saint Petersburg,Painting,Narrative||Portrait,Unmarried,the Academy of Fine Arts,0,0
706,Newell Convers Wyeth,American,,1882/10/22,1945/10/19,62,19th-20th,Libra,United States,Needham,North America,United States,Chadds Ford,Illustration||Painting,Other,,Mechanics Arts School||Massachusetts Normal Art School||Massachusetts College of Art and Design,0,0
707,Richard Caton Woodville,American,Düsseldorf school of painting,1825/4/30,1855/8/13,30,19th,Taurus,United States,Baltimore,Europe,United Kingdom,London,Painting,Architecture,Remarried,"Kunstakademie Dusseldorf, Dusseldorf, Germany||the National Academy of Design in New York",0,0
708,Tomioka Tessai,Japanese,Bunjinga||Nihonga,1837/1/27,1924/12/31,87,19th-20th,Aquarius,Japan,Kyoto,Asia,,,Calligraphy||Painting,History||Landscape||Literature,Married,,1,0
709,Lilla Cabot Perry,American,German Social Realism||Impressionism||Realism||Symbolism,1848/1/13,1933/2/28,85,19th-20th,,United States,Boston,North America,United States,Hancock,Painting,Landscape||Portrait,Married,,0,0
710,Florine Stettheimer,American,,1871/8/29,1944/5/11,72,19th-20th,Virgo,United States,New York,North America,,,Graphic Design||Literature||Painting,,,Art Students League of New York,0,0
711,Vadym Meller,Ukrainian,Constructivism||Cubism||Expressionism,1884/4/15,1962/5/4,78,19th-20th,Aries,Russian Federation,Saint Petersburg,Europe,Ukraine,Kyiv,Architecture||Graphic Design||Illustration||Painting,Illustration,Married,"private school of Franz Roubaud||private art school of drawing and painting of Heinrich Knirr in Munich, Germany||Akademie der Bildenden Kunste Munchen (Munich Academy), Munich, Germany",1,1
712,Louise Abbéma,French,Impressionism,1853/10/30,1927/7/10,73,19th-20th,Scorpio,France,Etampes,Europe,France,Paris,Graphic Design||Literature||Painting||Printmaking||Sculpture,Nature and Botanical||Portrait,,,0,4
713,George Benjamin Luks,American,Ashcan School,1867/8/13,1933/10/29,66,19th-20th,Leo,United States,Williamsport,North America,United States,New York,Graphic Design||Illustration||Painting,Genre,,Pennsylvania Academy of the Fine Arts||Düsseldorf School of Art,0,0
714,Lotz Károly Antal Pál,German||Hungarian,Romanticism,1833/12/16,1904/10/13,70,19th-20th,Sagittarius,Germany,Bad Homburg,Europe,Hungary,Budapest,Painting,Architecture||Nude||Other||Portrait,Married,academy of the Venetian master Jakab Marastoni,1,0
715,"Thomas William ""Tom"" Roberts",Australian,Australian Impressionism||Heidelberg School,1856/3/9,1931/9/14,75,19th-20th,Pisces,United Kingdom,Dorchester,Europe,Australia,Kallista,Others||Painting,Landscape||Narrative||Portrait,Remarried,"England Royal Academy Schools||National Gallery of Victoria Art School, Melbourne, Victoria, Australia",0,0
716,Walter Crane,British,Arts and Crafts,1845/8/15,1915/5/14,69,19th-20th,Leo,United Kingdom,Liverpool,Europe,United Kingdom,Horsham,Ceramics||Decorative||Illustration||Painting,Illustration,,,0,0
717,Edwin Austin Abbey,American,,1852/4/1,1911/8/1,59,19th-20th,Aries,United States,Philadelphia,North America,United Kingdom,London,Illustration||Others||Painting,Cultural and Regional Themes||Literature,,Pennsylvania Academy of the Fine Arts,0,0
718,Robert Carpenter Spencer,American,Pennsylvania impressionists,1879/12/1,1931/7/11,51,19th-20th,Sagittarius,United States,Harvard,North America,United States,New Hope,Painting,Architecture||Social Realism,Married,National Academy of Design in New York||New York School of Art,0,0
719,Giorgio de Chirico,Italian,Pittura Metafisica||Scuola Metafisica,1888/7/10,1978/11/20,90,19th-20th,Cancer,Greece,Volos,Europe,,,Literature||Painting,Abstract,,"Akademie der Bildenden Kunste Munchen (Munich Academy), Munich, Germany||Athens School of Fine Arts (ASFA), Athens, Greece",0,0
720,Alexandre Nikolayevich Benois,Russian,Aesthetic Movement||Art Nouveau||Mir iskusstva,1870/5/3,1960/2/9,89,19th-20th,Taurus,Russian Federation,St. Petersburg,Europe,France,Paris,Graphic Design||Others||Theory,Illustration,,"Imperial Academy of Arts, Saint Petersburg, Russia",0,0
721,José María Velasco,Mexican,Landscape,1840/7/2,1912/8/26,72,19th-20th,Cancer,Mexico,Temascalcingo,North America,Mexico,Mexico City,Environment||Painting,Landscape||Political,,Academy of San Carlos,0,4
722,Hilma af Klint,Swedish,Abstract art,1862/10/26,1944/10/21,81,19th-20th,Scorpio,Sweden,Stockholm,Europe,Sweden,,Painting,Abstract||Landscape||Portrait,,Academy of Fine Arts of Stockholm||Royal Academy of Fine Arts,0,0
723,Jean-Auguste-Dominique Ingres,French,Neoclassicism,1780/8/29,1867/1/14,86,,Virgo,France,Montauban,Europe,France,Paris,Painting,Portrait,Married,studio of David,1,1
724,Ethel Carrick,British||Australian,Impressionism||Post-Impressionism,1872/2/7,1952/6/17,80,19th-20th,Aquarius,United Kingdom,Uxbridge,Europe,Australia,Melbourne,Painting||Printmaking,Landscape||Nature and Botanical,Widowed,Guildhall School of Music||Slade School of Fine Art,0,0
725,Alexander Helwig Wyant,American,Hudson River School||Tonalism,1836/1/11,1892/11/29,56,19th,,United States,Port Washington,North America,United States,New York City,Painting,Landscape,Married,,0,0
726,Nasreddine Dinet,French,Orientalism,1861/3/28,1929/12/24,68,19th-20th,Aries,France,Paris,Europe,France,Paris,Painting||Translation,Genre||Religious,Married,Ecole nationale superieure des Beaux-Arts||Academie Julian,0,2
727,élisabeth Louise Vigée Le Brun,French,Neoclassicism||Rococo,1755/4/16,1842/3/30,86,,Aries,France,Paris,Europe,France,Paris,Painting,Portrait,Married,,0,0
728,Alfred émile Léopold Stevens,Belgian,,1823/5/11,1906/8/24,83,19th-20th,Taurus,Belgium,Brussels,Europe,,,Painting,Genre,Married,Academie Royale des Beaux-Arts in Brussels||Ecole des Beaux-Arts,0,2
729,Hale Aspacio Woodruff,American,Cubism||Post-Impressionism,1900/8/26,1980/9/6,80,20th,Virgo,United States,Cairo,North America,United States,New York,Others||Painting||Printmaking,,Married,Herron School of Art and Design in Indianapolis||Chicago Institute of Art||Harvard Fogg Art Museum||Academie Scandinave Maison Watteau [sv]||the Academie Moderne,1,1
730,Eduard Theodor Ritter von Grützner,German,,1846/5/26,1925/4/2,78,19th-20th,Gemini,Germany,Grob-Karlowitz,Europe,Germany,Munich,Painting,Genre,Remarried,private school of Hermann Dyck in Munich||Munich Academy,1,1
731,Peder Severin Kr?yer,Danish,Impressionism,1851/7/23,1909/11/21,58,19th-20th,Leo,Norway,Stavanger,Europe,Denmark,Skagen,Painting,,Divorced,Royal Danish Academy of Art,0,2
732,Mary Stevenson Cassatt,American,Impressionism,1844/5/22,1926/6/14,82,19th-20th,Gemini,United States,Allegheny City,North America,France,Chateau de Beaufresne,Painting||Printmaking,Figurative||Social Realism,,"Ecole des Beaux-Arts, Paris, France||Pennsylvania Academy of the Fine Arts, Philadelphia, PA, US",0,0
733,Marsden Hartley,American,Modernism,1877/1/4,1943/9/2,66,19th-20th,,United States,Lewiston,North America,United States,Ellsworth,Literature||Painting,Abstract,,Cleveland School of Art||New York School of Art||National Academy of Design,0,1
734,Paul Gustave Louis Christophe Doré,French,,1832/1/6,1883/1/23,51,19th,,France,Strasbourg,Europe,France,Paris,Graphic Design||Illustration||Printmaking||Sculpture,,,,0,0
735,Leon Dabo,French||American,Tonalism,1864/7/9,1960/11/7,96,19th-20th,Cancer,France,Saverne,Europe,United States,New York,Painting||Sculpture,Landscape,Remarried,Ecole nationale superieure des arts decoratifs||Academie Colarossi||Ecole des Beaux-Arts||Academy of Fine Arts Munich,0,0
736,Thomas Wilmer Dewing,American,Tonalism,1851/5/4,1938/11/5,87,19th-20th,Taurus,United States,Newton Lower Falls,North America,United States,New York City,Painting,Environmental,Widowed,"Art Students League of New York, New York City, NY, US||Academie Julian, Paris, France",1,0
737,Kanae Yamamoto,Japanese,Sōsaku-hanga,1882/10/24,1946/10/8,63,19th-20th,Scorpio,Japan,Okazaki,Asia,,,Painting||Printmaking,,,,0,0
738,Edmund Dulac,French||British,,1882/10/22,1953/5/25,70,19th-20th,Libra,France,Toulouse,Europe,London,United Kingdom,Graphic Design||Illustration||Painting,,Married,Ecole des Beaux Arts||Academie Julian,0,0
739,Francis Joseph O'Meara,Irish,Impressionism,1853/3/30,1888/10/15,35,19th,Aries,Ireland,Carlow,Europe,Ireland,Carlow,Painting,Landscape,,,0,0
740,Hasui Kawase,Japanese,Shin-hanga,1883/5/18,1957/11/7,74,19th-20th,Taurus,,,,,,Painting||Printmaking,Landscape,,,0,0
741,Knut Magnus Enckell,Finnish,Post Impressionism||Symbolism,1870/11/9,1925/11/27,55,19th-20th,Scorpio,Finland,Hamina,Europe,Sweden,Stockholm,Painting,Symbolic,,"drawing school of the Finnish Art Society||Academie Julian, Paris, France",0,0
742,Charles Ephraim Burchfield,American,,1893/4/9,1967/1/10,73,19th-20th,Aries,United States,Ashtabula,North America,United States,,Painting,Environmental||Landscape,Married,"National Academy Museum and School (National Academy of Design), New York City, NY, US||Cleveland Institute of Art, Cleveland, OH, US",0,0
743,William Michael Harnett,American||Irish,Trompe-l'?il,1848/8/10,1892/10/29,44,19th,Leo,Ireland,Clonakilty,Europe,United States,New York,Painting,Still Life,,night classes at the Pennsylvania Academy of the Fine Arts||Cooper Union and at the National Academy of Design,0,0
744,Charles Marion Russell,American,,1864/3/19,1926/10/24,62,19th-20th,Pisces,,,,,,Painting||Sculpture,,,,0,0
745,William Newenham Montague Orpen,British||Irish,,1878/11/27,1931/9/29,52,19th-20th,Sagittarius,Ireland,Stillorgan,Europe,United Kingdom,London,Painting,Portrait,,"Dublin Metropolitan School of Art||UCL Slade School of Fine Art (University College London), London, UK",0,2
746,Kitagawa Utamaro,Japanese,Ukiyo-e,1904/10/18,1806/10/31,-98,20th,Libra,Japan,Tokyo,Asia,Japan,Tokyo,Painting||Printmaking,Illustration,,,0,0
747,Léon Bakst,Russian||Jewish||Belarusian,World of Art,1866/5/10,1924/12/28,58,19th-20th,Taurus,Belarus,Grodno,Europe,France,Paris,Graphic Design||Painting,,,"Academie Julian, Paris, France||Zvantseva School of Drawing and Painting, St. Petersburg, Russia",1,0
748,Maxfield Parrish,American,Neo-classicism,1870/7/25,1966/3/30,95,19th-20th,Leo,United States,Philadelphia,North America,United States,,Illustration||Painting,Architecture,,"Pennsylvania Academy of the Fine Arts, Philadelphia, PA, US||Art Students League of New York, New York City, NY, US||Drexel Institute of Art, Science & Industry",0,0
749,Théodore Chassériau,French||Dominican,Orientalism||Romanticism,1819/9/20,1856/10/8,37,19th,Virgo,Dominican Republic,Samana,North America,France,Paris,Drawing||Others||Painting,Allegorical||History||Portrait||Religious,,studio of Jean-Auguste-Dominique Ingres,0,1
750,Julius Mordecai Pincas,French||Bulgarian||Jewish,School of Paris,1885/3/31,1930/6/5,45,19th-20th,Aries,Bulgaria,Vidin,Europe,France,Paris,Drawing||Painting,Nude||Portrait,,Moritz Heymann's academy||Academie Colarossi,0,0
751,John Frederick Kensett,American,Hudson River School||Luminism,1816/3/22,1872/12/14,56,19th,Aries,United States,Cheshire,North America,United States,New York City,Painting||Printmaking,Landscape,,,0,0
752,Frederick Carl Frieseke,American,Impressionism,1874/4/7,1939/8/24,65,19th-20th,Aries,United States,Owosso,North America,France,Le Mesnil-sur-blangy,Painting,,,"School of the Art Institute of Chicago (SAIC), Chicago, IL, US||Art Students League of New York, New York City, NY, US||Academie Julian, Paris, France||Academie Carmen",0,0
753,Philipp Otto Runge,German,Romanticism,1777/7/23,1810/12/2,33,,Leo,Germany,Wolgast,Europe,Germany,Hamburg,Drawing||Painting,Landscape,Married,Copenhagen Academy,0,0
754,Abbott Handerson Thayer,American,,1849/8/12,1921/5/29,71,19th-20th,Leo,United States,Boston,North America,United States,Dublin,Education||Painting,Animal||Landscape||Portrait,Widowed,"National Academy Museum and School (National Academy of Design), New York City, NY, US||Ecole des Beaux-Arts, Paris, France",1,0
755,Margaret Macdonald Mackintosh,British||Scottish,Glasgow Style,1864/11/5,1933/1/7,68,19th-20th,Scorpio,United Kingdom,Tipton,Europe,United Kingdom,Chelsea,Decorative||Graphic Design||Textile Art,,Married,Glasgow School of Art,0,0
756,Utagawa Toyokuni,Japanese,Ukiyo-e,1904/11/3,1825/2/24,-80,20th,Scorpio,Japan,Tokyo,Asia,Japan,Tokyo,Printmaking,Cultural and Regional Themes||Erotic||Illustration||Other,,,1,0
757,Anders Leonard Zorn,Swedish,,1860/2/18,1920/8/22,60,19th-20th,Aquarius,Sweden,Mora,Europe,Sweden,Stockholm,Painting||Printmaking||Sculpture,Portrait,Married,Royal Swedish Academy of Arts in Stockholm,0,1
758,Maynard Dixon,American,Modernism||Tonalism,1875/1/24,1946/11/11,71,19th-20th,Aquarius,United States,Fresno,North America,United States,Tucson,Illustration||Painting,History,Divorced,California School of Design,0,0
759,Albert Bierstadt,American||German,Hudson River School||Rocky Mountain School,1830/1/7,1902/2/18,72,19th-20th,,Germany,Solingen,Europe,United States,New York City,Painting,Landscape,Married,,0,0
760,Olga Vladimirovna Rozanova,Russian,Cubo-Futurism||Neo-Primitivism||Suprematism,1886/6/21,1918/11/7,32,19th-20th,Cancer,Russian Federation,Melenki,Europe,Russian Federation,Moscow,Drawing||Painting,Abstract,Married,Bolshakov Art School,0,0
761,Boris Mikhaylovich Kustodiev,Russian,Mir Iskusstva,1878/5/7,1927/5/28,49,19th-20th,Taurus,Russian Federation,Astrakhan,Europe,Russian Federation,Saint-Petersburg,Painting||Performance,Portrait,Married,Imperial Academy of Arts in St. Petersburg||private studio of Rene Menard in Paris,0,0
762,Clarice Cliff,British,,1899/1/20,1972/10/23,73,19th-20th,Aquarius,United Kingdom,Tunstall,Europe,United Kingdom,Clayton,Ceramics,,Married,,0,0
763,Tarsila do Amaral,Brazilian,Antropofagia||Modernism,1886/9/1,1973/1/17,86,19th-20th,Virgo,Brazil,Capivari,South America,Brazil,Sao Paulo,Drawing||Painting,,,"Academie Julian, Paris, France",0,0
764,"Joseph, Baron Ducreux",French,,1735/6/26,1802/7/24,67,,Cancer,France,Nancy,Europe,France,near Saint-Denis,Decorative||Drawing||Painting||Printmaking,Portrait,Married,,0,0
765,édouard De Bièfve,Belgian,Romanticism,1808/12/14,1882/2/7,73,19th,Sagittarius,Belgium,Brussels,Europe,Belgium,Brussels,Painting||Sculpture,History||Portrait,,Academy of Fine Arts of Brussels||school of the Belgian history painter Joseph Paelinck,0,0
766,Anna Ancher,Danish,Skagen Painters,1859/8/18,1935/4/15,75,19th-20th,Leo,Denmark,Skagen,Europe,Denmark,Skagen,Painting,Architecture||Narrative,Married,Vilhelm Kyhn College of Painting in Copenhagen||atelier of Pierre Puvis de Chavannes,0,2
767,Zinaida Yevgenyevna Serebriakova,Russian||Ukrainian,Mir iskusstva,1884/12/10,1967/9/19,82,19th-20th,Sagittarius,Ukraine,Kharkiv,Europe,France,Paris,Painting,Environmental||Portrait,Married,art school founded by Princess Maria Tenisheva||Academie de la Grande Chaumiere,0,0
768,Elenore Plaisted Abbott,United States,,1905/2/17,1905/4/18,0,20th,Aquarius,United States,Lincoln,North America,United States,,Illustration||Painting||Performance,Illustration||Landscape||Portrait,Married,"Pennsylvania Academy of the Fine Arts, Philadelphia, PA, US, Académie des Beaux-Arts, Paris,",0,0
769,Fedor Grigoryevich Solntsev,United Kingdom,Modern Russian icon painting,1904/12/5,1905/3/6,0,20th,Sagittarius,Russian Federation,Yaroslavl Governorate,Europe,Russian Federation,Saint Petersburg,Education||Painting,,Married,"Imperial Academy of Arts, Saint Petersburg, Russia",1,1
770,Frederick Horsman Varley,United Kingdom,Group of Seven,1881/1/2,1969/9/8,88,19th-20th,,United Kingdom,Sheffield,Europe,Canada,Toronto,Painting,Landscape||Portrait,Married,"Royal Academy of Fine Arts, Antwerp, Belgium",1,0
771,Martin Johnson Heade,American,,1819/8/11,1904/9/4,85,19th-20th,Leo,United States,Lumberville,North America,United States,St. Augustine,Painting,Landscape||Portrait||Still Life,Unmarried,Seascapes,0,0
772,Francisco Oller,Puerto Rico,Impressionism,1833/6/17,1917/5/17,83,19th-20th,Gemini,Puerto Rico,Puerto Rico,North America,Puerto Rico,San Juan,Painting||Visual,Landscape||Portrait||Still Life,Unmarried,Royal Academy of San Fernando,1,0
773,Asher Brown Durand,United States,Hudson River School,1796/8/21,1886/9/17,90,,Leo,United States,Maplewood,North America,United States,Maplewood,Painting||Printmaking,Landscape,Unmarried,Urban Genre Scenes,0,0
774,John French Sloan,United States,Ashcan School,1871/8/2,1951/9/7,80,19th-20th,Leo,United States,Lock Haven,North America,United States,Hanover,Painting||Printmaking,Landscape,Unmarried,Landscape,0,0
775,Karl Schmidt-Rottluff,Germany,Expressionism,1884/12/1,1905/5/29,20,19th-20th,Sagittarius,Germany,Rottluff,Europe,Germany,Berlin,Painting||Printmaking,,Married,Expressionism,1,0
776,Ralph Hedley,British,Realism,1848/12/31,1913/6/14,64,19th-20th,,United Kingdom,Richmond Upon Thames,Europe,United Kingdom,,Illustration||Painting||Sculpture,Narrative,Unmarried,'Government school' in Newcastle,0,1
777,Juan Gris,Spanish,Cubism,1887/3/23,1927/5/11,,,,Spain,Madrid,Europe,France,Paris,Painting||Sculpture,Abstract,Unmarried,Cubism,0,0
778,Jean Désiré Gustave Courbet,Gustave Courbet,Realism,1819/6/10,1877/12/31,58,19th,Gemini,France,Orans,Europe,Switzerland,,Painting,Landscape||Narrative||Nude||Still Life,Unmarried,Realism,0,0
779,Adolphe Joseph Thomas Monticelli,French,Romanticism,1824/10/14,1886/6/29,61,19th,Libra,France,Marseille,Europe,France,,Painting,Landscape||Portrait||Still Life,Unmarried,école des Beaux-Arts.,0,0
780,Alfred Concanen,British,Pre-Raphaelite,1905/1/8,1886/12/10,-19,20th,,United Kingdom,Nottingham,Europe,United Kingdom,Marylebone,Printmaking,Portrait,Unmarried,Illustration,0,0
781,Paul Nash,United Kingdom,Modernism||Surrealism,1889/5/11,1946/7/11,57,19th-20th,Taurus,United Kingdom,London,Europe,United Kingdom,Boscombe,Graphic Design||Literature||Painting||Photography,Landscape||Surrealist,Unmarried,"UCL Slade School of Fine Art (University College London), London, UK",0,0
782,John Heartfield,German,Dada,1891/6/19,1968/4/26,76,19th-20th,Gemini,Germany,Berlin,Europe,Germany,Berlin,Performance||Photography||Visual,Illustration||Political,Married,Royal Bavarian Arts and Crafts School,0,1
783,Marià Fortuny,Spanish,Romantic,1838/6/11,1874/11/21,36,19th,Gemini,Spain,Reus,Europe,Italy,Rome,Painting,Cultural and Regional Themes||History||War,Married,Academy of Barcelona (La Llotja school of art),0,0
784,Yasuo Kuniyoshi,Japanese-American,Cubism,1893/9/1,1953/5/14,59,19th-20th,Virgo,Japan,Okayama,Asia,United States,New York,Painting||Photography||Printmaking,Figurative||Still Life,Remarried,Art Students League of New York,1,1
785,Martín Rico y Ortega,Spanish,Realism||Romanticism,1833/12/11,1908/4/13,74,19th-20th,Sagittarius,Spain,Madrid,Europe,France,Venice,Painting,Landscape,Unmarried,Real Academia de Bellas Artes de San Fernando,1,1
786,Charles-édouard Jeanneret,Swiss-French,Modern architecture||Urban planning,1887/10/6,1965/8/27,77,19th-20th,Libra,Switzerland,La Chaux-de-Fonds,Europe,France,Roquebrune-Cap-Martin,Architecture||Graphic Design||Literature||Painting,,Married,Pioneering Modernist Architecture,0,0
787,Anne-Louis Girodet,French,Romanticism,1767/1/29,1824/12/9,57,,Aquarius,France,Montargis,Europe,France,Paris,Painting,Erotic||Portrait,Unmarried,Académie des Beaux-Arts,1,2
788,Alexander Porfyrovych Archipenko,Ukrainian,Avant-garde||Cubism,1887/5/30,1964/2/25,76,19th-20th,Gemini,Ukraine,Kyiv,Europe,United States,New York,Graphic Design||Sculpture,,Married,Académie de la Palette,1,0
789,Thomas Jones,Welsh,Landscape,1742/9/26,1803/4/29,60,,Libra,United Kingdom,Trefonnen,Europe,United Kingdom,Pencerrig,Painting,Landscape,Married,Royal Academy of Arts,0,0
790,Paul Revere,American,,1735/1/1,1818/5/10,83,,,United States,Boston,North America,United States,Boston,Printmaking||Professional,,Married,Self-taught; prominent figure in the Sons of Liberty,0,0
791,Kuzma Sergeevich Petrov-Vodkin,Russian,,1878/10/24,1939/2/15,60,19th-20th,Scorpio,Russia,Khvalynsk,Europe,Russia,Leningrad,Literature||Painting,,Married,St. Petersburg Academy of Arts,1,0
792,Lawren Stewart Harris,Canadian,Group of Seven,1885/10/23,1970/1/29,84,19th-20th,Scorpio,Canada,Brantford,North America,Canada,Vancouver,Painting,Abstract||Landscape,Married,Group of Seven,1,0
793,Thomas Sully,American,,1783/6/19,1872/11/5,89,,Gemini,United Kingdom,Horncastle,Europe,United States,Philadelphia,Painting,History||Landscape||Portrait,Married,"Academy of Fine Arts, Philadelphia",1,0
794,János Mattis-Teutsch,Hungarian,Art nouveau||Der Blaue Reiter||Die Brücke||Expressionist||Post-Impressionist||avant-garde||modern art,1884/8/13,1960/3/17,75,19th-20th,Leo,Hungary,Bra?ov,Europe,Romania,Bra?ov,Graphic Design||Painting||Sculpture,,Unmarried,Associated with Hungarian avant-garde movements,1,0
795,Wilhelm Kotarbiński,Polish,Symbolism,1849/11/30,1921/4/9,71,19th-20th,Sagittarius,Poland,Nieborów,Europe,Ukraine,Kiev,Painting,Fantasy||History,Unmarried,Warsaw School of Art,0,0
796,Martin Munkácsi,Hungarian,,1896/5/18,1963/7/13,67,19th-20th,Taurus,Hungary,Kolozsvár,Europe,United States,New York City,Literature||Photography,Other||Portrait,Unmarried,,0,0
797,Gino Severini,Italian,Divisionism||Futurism,1883/4/7,1966/2/26,82,19th-20th,Aries,Italy,Cortona,Europe,France,Paris,Painting,,Unmarried,Italian Futurist School,0,0
798,Sir Thomas Lawrence,British,Romanticism,1769/4/13,1830/1/7,60,,Aries,United Kingdom,Bristol,Europe,United Kingdom,London,Painting,Portrait,Unmarried,Royal Academy of Arts,0,0
799,Pavel Nikolayevich Filonov,Russian,Analytical Realism,1883/1/8,1941/3/12,58,19th-20th,,Russia,Moscow,Europe,Russia,Leningrad,Literature||Painting||Theory,Avant Garde Experimental||Conceptual,Unmarried,Imperial Academy of Arts,1,0
800,Amédée Ozenfant,French,Cubism||Purism,1986/4/15,1966/5/4,-20,20th,Aries,France,Saint-Quentin,Europe,France,Paris,Literature||Painting,,Unmarried,Académie de La Palette,1,0
801,William Blake,British,Pre-Romantic||Romantic,1757/11/28,1827/8/12,69,,Sagittarius,United Kingdom,London,Europe,United Kingdom,London,Literature||Painting||Printmaking,,Married,Royal Academy of Arts,0,0
802,Shinsui Itō,Japanese,Shin-hanga,1898/2/4,1972/5/8,74,19th-20th,Aquarius,Japan,Tokyo,Asia,Japan,Tokyo,Painting||Printmaking,Illustration||Landscape,Unmarried,"Self-taught, associated with Watanabe Print Shop",0,0
803,Carl Clemens Moritz Rungius,German-American,,1869/8/18,1959/10/21,90,19th-20th,Leo,Germany,"Rixdorf, Berlin",Europe,United States,New York,Painting,Animal,Married,Berlin Art Academy,1,0
804,Arkhip Ivanovich Kuindzhi,Russian,Realism,1842/1/27,1910/7/24,68,19th-20th,Aquarius,Russia,Mariupol,Europe,Russia,Saint Petersburg,Painting,Landscape,Married,Imperial Academy of Arts,1,0
805,Dame Laura Knight,British,English Impressionism,1877/8/4,1970/7/7,92,19th-20th,Leo,United Kingdom,Long Eaton,Europe,United Kingdom,London,Painting||Printmaking,Figurative||Other,Married,Nottingham School of Art,1,0
806,Philip Wilson Steer,British,Impressionism,1860/12/28,1942/3/21,81,19th-20th,,United Kingdom,Birkenhead,Europe,United Kingdom,London,Painting,Landscape||Portrait,Unmarried,Slade School of Fine Art,0,0
807,Auguste Herbin,French,Abstract Art||Cubism,1882/4/29,1960/1/31,77,19th-20th,Taurus,France,Quiévy,Europe,France,Paris,Painting,Figurative,Unmarried,Académie Julian,0,0
808,John Ruskin,British,Pre-Raphaelitism,1819/2/8,1900/1/20,80,19th-20th,Aquarius,United Kingdom,London,Europe,United Kingdom,Brantwood,Literature||Painting||Social||Theory,Architecture||Environmental||Landscape,Married,No specific art institution; influential critic and thinker,1,0
809,Cuno Amiet,Swiss,Expressionism||Pont-Aven School,1868/3/28,1961/7/6,93,19th-20th,Aries,Switzerland,Solothurn,Europe,Switzerland,Oschwand,Graphic Design||Illustration||Painting||Sculpture,Landscape||Portrait,Married,Associated with école des Beaux-Arts,1,1
810,Ivan Yakovlevich Bilibin,Russian,Art Nouveau||Mir iskusstva,1876/8/16,1942/2/7,65,19th-20th,Leo,Russia,Saint Petersburg,Europe,Russia,Leningrad,Illustration||Performance,Cultural and Regional Themes||Fantasy,Married,Imperial Academy of Arts,1,0
811,Honoré-Victorin Daumier,French,,1808/2/26,1879/2/10,70,19th,Pisces,France,Marseille,Europe,France,Valmondois,Graphic Design||Painting||Printmaking||Sculpture,Political||Social Realism,Married,Académie Suisse,0,0
812,Anna Katarina Boberg,Swedish,,1864/12/3,1935/1/27,70,19th-20th,Sagittarius,Sweden,Stockholm,Europe,Sweden,Stockholm,Ceramics||Graphic Design||Literature||Painting||Textile Art,Landscape,Married,Swedish Academy of Arts,0,0
813,Augusta Savage,American,Harlem Renaissance,1892/2/29,1962/3/27,70,19th-20th,Pisces,United States,Green Cove Springs,North America,United States,New York City,Sculpture,,Married,"Cooper Union, Harlem Community Arts Center",1,3
814,Ernst Ludwig Kirchner,German,Expressionism,1880/5/6,1938/6/15,58,19th-20th,Taurus,Germany,Aschaffenburg,Europe,Switzerland,Davos,Painting||Printmaking,,Unmarried,Die Brücke (The Bridge) group,0,0
815,James Ward,British,Romanticism,1769/10/23,1859/11/17,90,,Scorpio,United Kingdom,London,Europe,United Kingdom,Cheshunt,Painting||Printmaking,Animal||Landscape||Portrait,Married,Royal Academy of Arts,0,0
816,Jean-Jules-Antoine Lecomte du Nou?,French,Orientalism,1842/6/10,1923/2/19,80,19th-20th,Gemini,France,Paris,Europe,France,Monaco,Painting||Sculpture,Architecture||Figurative||History||Religious,Unmarried,école des Beaux-Arts,0,1
817,Maurits Cornelis Escher,Dutch,,1898/6/17,1972/3/27,73,19th-20th,Gemini,Netherlands,Leeuwarden,Europe,Netherlands,Laren,Graphic Design,,Married,Haarlem School of Architecture and Decorative Arts,0,0
818,John Leech,British,,1817/8/29,1864/10/29,47,19th,Virgo,United Kingdom,London,Europe,United Kingdom,London,Graphic Design||Illustration,Political||Social Realism,Married,Self-taught with formal education at Charterhouse School,0,0
819,Andrei Petrovich Ryabushkin,Russian,Peredvizhniki,186110/17,1904/5/10,,,,Russia,Stanichnaya Sloboda,Europe,Russia,Lubvino,Painting,Narrative,Unmarried,"Moscow School of Painting, Sculpture and Architecture",0,1
820,Franti?ek Kupka,Czech,Abstract Art||Orphism,1871/9/23,1957/6/24,85,19th-20th,Libra,Czech Republic,Opo?no,Europe,France,Puteaux,Graphic Design||Painting,Abstract,Unmarried,"Academy of Fine Arts, Prague",0,0
821,Armandro Reverón,Venezuelan,Arte Povera,1889/5/10,1954/9/18,65,19th-20th,Taurus,Venezuela,Caracas,South America,Venezuela,Macuto,Painting||Sculpture,Figurative||Landscape,Unmarried,"Academia de Bellas Artes, Caracas",0,0
822,Allan Randall Freelon Sr.,American,Impressionism,1895/9/2,1960/8/6,64,19th-20th,Virgo,United States,Philadelphia,North America,United States,Philadelphia,Painting,Portrait,Married,"University of Pennsylvania, Pennsylvania Academy of the Fine Arts",1,0
823,Albrecht Samuel Anker,Swiss,Realism,1831/4/1,1910/7/16,79,19th-20th,Aries,Switzerland,Ins,Europe,Switzerland,Ins,Illustration||Painting,Illustration||Portrait||Still Life,Married,"Academy of Fine Arts, Paris",0,0
824,Eugène Fredrik Jansson,Swedish,,1862/3/18,1915/6/15,53,19th-20th,Pisces,Sweden,Stockholm,Europe,Sweden,Stockholm,Painting,Landscape,Unmarried,Royal Swedish Academy of Fine Arts,0,0
825,Gaspard-Félix Tournachon,French,,1820/4/6,1910/3/20,89,19th-20th,Aries,France,Paris,Europe,France,Paris,Graphic Design||Literature||Others||Photography,Film||Portrait,Unmarried,,0,0
826,Mohammad Ghaffari,Iranian,,1905/1/20,1905/4/23,0,20th,Aquarius,Iran,Kashan,Asia,Iran,Nishapur,Calligraphy||Painting,Landscape||Portrait,Unmarried,Dar ul-Funun,1,0
827,Percy Wyndham Lewis,British,Vorticism,1882/11/18,1957/3/7,74,19th-20th,Scorpio,Canada,Nova Scotia,North America,United Kingdom,London,Literature||Painting||Theory,,Married,,0,0
828,Robert William Buss,British,Victorian,1804/8/4,1875/2/26,70,19th,Leo,United Kingdom,London,Europe,United Kingdom,London,Illustration||Painting||Printmaking,History||Narrative||Portrait,Married,,0,0
829,Ivan Me?trovi?,Croatian,Secession,1883/8/15,1962/1/16,78,19th-20th,Leo,Croatia,Vrpolje,Europe,United States,Indiana,Architecture||Literature||Sculpture,Portrait||Sculpture,Married,,0,1
830,George Inness,American,Tonalism,1825/5/1,1894/8/3,69,19th,Taurus,United States,New York,North America,United Kingdom,Scotland,Painting,Landscape,,"National Academy Museum and School (National Academy of Design), New York City, NY, US",0,0
831,Edward Lear,British,,1812/3/12,1888/1/29,75,19th,Pisces,United Kingdom,England,Europe,Italy,Sanremo,Drawing||Illustration||Literature||Music||Painting,Illustration||Landscape||Other,,,0,0
832,Vincenzo Camuccini,Italian,Neoclassicism,1771/2/22,1844/9/2,73,,Pisces,Italy,Rome,Europe,Italy,Papal States,Painting,History||Portrait||Religious,,,0,0
833,Joaquín Sorolla y Bastida,Spanish,Modern Spanish school,1863/2/27,1923/8/10,60,19th-20th,Pisces,Spain,Valencia,Europe,Spain,Cercedilla,Painting,History||Landscape||Portrait||Social Realism,,,0,0
834,Thomas Cowperthwait Eakins,American,Realism,1844/7/25,1916/6/25,71,19th-20th,Leo,United States,Philadelphia,North America,United States,Philadelphia,Education||Painting||Photography||Sculpture,Film||Portrait,,,1,1
835,Fyodor Alexandrovich Vasilyev,Russian,Lyrical Landscape||Peredvizhniki,1850/2/10,1873/9/24,23,19th,Aquarius,Russia,Gatchina,Europe,Ukraine,Yalta,Painting,Landscape,,,0,0
836,Alexej Georgewitsch von Jawlensky,"Russian, German",Der Blaue Reiter||Die Blaue Vier||Expressionism,1864/3/13,1941/3/15,77,19th-20th,Pisces,Russia,Torzhok,Europe,Germany,Weisbaden,Painting,Abstract||Landscape||Portrait,Married,,0,0
837,Lyubov Sergeyevna Popova,Russian,Constructivism||Cubism||Cubo-Futurism||Suprematism,1889/4/24,1924/5/25,35,19th-20th,Taurus,Russia,Ivanovskoe,Europe,Russia,Moscow,Graphic Design||Painting,Abstract,,"Académie de La Palette, Paris, France",0,0
838,Jean-Honoré Fragonard,French,Rococo,1732/4/5,1806/8/22,74,,Aries,France,Grasse,Europe,France,Paris,Painting||Printmaking,Avant Garde Experimental||Erotic||Genre,Married,"école des Beaux-Arts, Paris, France",0,1
839,Sir Samuel Luke Fildes,British,Social Realism,1843/10/3,1927/2/28,83,19th-20th,Libra,United Kingdom,Liverpool,Europe,United Kingdom,London,Illustration||Painting,Social Realism,,"Royal Academy of Arts (RA), London, UK",0,0
840,Sophie Henriette Gertrude Taeuber-Arp,"Swiss, French",Concrete art||Dada||Geometric abstraction,1889/1/19,1943/1/13,53,19th-20th,,Switzerland,Davos,Europe,Switzerland,Zurich,Architecture||Painting||Performance||Sculpture||Textile Art,Abstract||Conceptual,Married,,0,0
841,Raden Saleh Sjarif Boestaman,Indonesian,Romanticism,1904/12/15,1880/4/23,-25,20th,Sagittarius,Indonesia,Semarang,Asia,Indonesia,Bogor,Painting,Landscape||Portrait,,,0,0
842,Félix Edouard Vallotton,"Swiss, French",Les Nabis||Post-Impressionism||Symbolism,1865/12/28,1925/12/29,60,19th-20th,,Switzerland,Lausanne,Europe,France,Paris,Painting||Printmaking,Genre||Nude||Portrait,,"Académie Julian, Paris, France",1,0
843,Léopold Frédéric Léopoldowitsch Survage,"French, Russian, Finnish",Cubism||Neo-classical||Russian avant-garde,1829/7/31,1968/10/31,139,19th-20th,Leo,Finland,Vilmanstrand,Europe,France,Paris,Decorative||Painting||Performance||Textile Art,Abstract||Other,,,0,0
844,Anni Albers,"American, German, Jewish",Bauhaus,1899/6/12,1994/5/9,94,19th-20th,Gemini,Germany,Berlin,Europe,United States,Connecticut,Printmaking||Textile Art,,Married,,0,0
845,Akseli Gallen-Kallela,Finnish,Expressionism||Symbolism,1865/4/26,1931/3/7,65,19th-20th,Taurus,Finland,Pori,Europe,Sweden,Stockholm,Painting,History||Landscape,,,0,0
846,Séraphine Louis,French,Na?ve,1864/9/3,1942/12/11,78,19th-20th,Virgo,France,Arsy (Oise),Europe,France,Villers-sous-Erquery (Oise),Painting,Nature and Botanical,,,0,0
847,Christen Schiellerup K?bke,Danish,Golden Age of Danish Painting,1810/5/26,1848/2/7,37,19th,Gemini,Denmark,Copenhagen,Europe,Denmark,Copenhagen,Painting,Landscape||Portrait,,,0,0
848,Wilhelm von Kaulbach,German,Düsseldorf school of painting,1805/10/15,1874/4/7,68,19th,Libra,Germany,Waldeck,Europe,Germany,Munich,Illustration||Others||Painting,Allegorical||Symbolic,,"Akademie der Bildenden Künste München (Munich Academy), Munich, Germany",0,0
849,Gustave Moreau,French,Symbolism,1826/4/6,1898/4/18,72,19th,Aries,France,Paris,Europe,France,Paris,Painting,Mythological||Religious,,"école des Beaux-Arts, Paris, France",0,0
850,édouard Manet,French,Impressionism||Realism,1832/1/23,1883/4/30,51,19th,Aquarius,France,Paris,Europe,France,Paris,Painting,Contemporary||Other,Married,,0,0
851,Jacek Malczewski,Polish,Symbolism||Young Poland,1854/7/15,1929/10/8,75,19th-20th,Cancer,Poland,Radom,Europe,Poland,Krakow,Painting,Symbolic,Married,,0,0
852,Jean-Louis Ernest Meissonier,French,Classicism,1815/2/21,1891/1/31,75,19th,Pisces,France,Lyon,Europe,France,Paris,Painting||Sculpture,History||War,Married,,0,0
853,Frederick Sandys,British,Norwich School||Pre-Raphaelite,1829/5/1,1904/6/25,75,19th-20th,Taurus,United Kingdom,Norwich,Europe,United Kingdom,London,Drawing||Illustration||Painting,Mythological||Portrait,,,1,0
854,Thomas Pollock Anshutz,American,Naturalism,1851/10/5,1912/6/16,60,19th-20th,Libra,United States,Kentucky,North America,United States,Philadelphia,Education||Painting,Portrait,,"Pennsylvania Academy of the Fine Arts, Philadelphia, PA, US",1,3
855,Philip Alexius de László,"Jewish, Hungarian",,1869/4/30,1937/11/22,68,19th-20th,Taurus,Hungary,Budapest,Europe,United Kingdom,London,Painting,Portrait,Married,,0,2
856,Jan Alojzy Matejko,Polish,Historical Painting,1838/6/24,1893/11/1,55,19th,Cancer,Poland,Krakow,Europe,Poland,Krakow,Painting,History,Married,,0,3
857,Rufino del Carmen Arellanes Tamayo,Mexican,Figurative abstraction||Surrealism,1899/8/26,1991/6/24,91,19th-20th,Virgo,Mexico,Oaxaca de Juarez,North America,Mexico,Mexico City,Painting,Abstract,Married,,0,0
858,Aubrey Vincent Beardsley,British,Aestheticism||Art Nouveau,1872/8/21,1898/3/16,25,19th,Leo,United Kingdom,Brighton,Europe,France,Menton,Illustration||Literature,Erotic||Fantasy||Other,,,0,0
859,Dorothea Lange,American,Documentary Photography,1895/5/26,1965/10/11,70,19th-20th,Gemini,United States,New Jersey,North America,California,San Francisco,Photography,Narrative,Married,,0,1
860,Willard Leroy Metcalf,American,American Impressionism,1858/7/1,1925/3/9,66,19th-20th,Cancer,United States,Massachusetts,North America,United States,New York,Illustration||Painting,Landscape||Portrait,,"Art Students League of New York, New York City, NY, US",0,1
861,Camille Claudel,French,,1864/12/8,1943/10/19,78,19th-20th,Sagittarius,France,,Europe,France,,Sculpture,,,"Académie Colarossi, Paris, France",0,0
862,Hiroshi Yoshida,Japanese,Shin-hanga,1876/9/16,1950/4/5,73,19th-20th,Virgo,Japan,Kyushu,Asia,Japan,,Painting||Printmaking,Landscape,,,0,0
863,Itō Jakuchū,Japanese,Edo period,1716/3/2,1800/10/27,84,,Pisces,Japan,,Asia,Japan,Kyoto,Painting,Animal||Cultural and Regional Themes,,,0,0
864,Stanis?aw Ignacy Witkiewicz,Polish,Formism,1885/2/24,1939/8/18,54,19th-20th,Pisces,Poland,Warsaw,Europe,Poland,Jeziora,Literature||Painting||Performance||Photography||Theory,Fantasy||Portrait,Married,"Jan Matejko Academy of Fine Arts, Krakow, Poland",0,0
865,Arno Breker,German,Neoclassicism,1900/7/19,1991/2/13,90,20th,Cancer,Germany,"Elberfeld, now a part of Wuppertal",Europe,Germany,Düsseldorf,Architecture||Sculpture,,Married,,0,0
866,Constantin Daniel Rosenthal,"Jewish, Austrian, Romanian",Romantic,1904/12/24,1851/7/22,-54,20th,,Hungary,Pest,Europe,Hungary,Pest,Painting||Sculpture,Portrait,,,0,0
867,Thomas Fearnley,,Romantic Nationalism||Romanticism,1802/12/27,1842/1/16,39,19th,,Norway,,Europe,,,Painting,Landscape,,,0,0
868,Ion Theodorescu-Sion,Romanian,Cubism||Divisionism||Fauvism||Impressionism||Neo-traditionalist||Post-Impressionism||Realism||Symbolism||Synthetism,1882/1/2,1929/3/31,47,19th-20th,,Romania,Br?ila,Europe,Romania,Bucharest,Drawing||Graphic Design||Painting,Cultural and Regional Themes||Religious,,,0,3
869,Jean Dominique Antony Metzinger,French,Crystal Cubism||Cubism||Divisionism||Fauvism||Neo-impressionism,1883/6/24,1956/11/3,73,19th-20th,Cancer,France,Nantes,Europe,France,Paris,Literature||Painting||Theory,,,"Académie de La Palette, Paris, France",0,0
870,James Barry,Irish,Neoclassical||Romanticism,1741/10/11,1806/2/22,64,,Libra,Ireland,Cork,Europe,United Kingdom,London,Painting,,,"Royal Academy of Arts (RA), London, UK",0,0
871,Henri Marie Raymond de Toulouse-Lautrec-Monfa,French,Post-Impressionism,1864/11/24,1901/9/9,36,19th-20th,Sagittarius,France,Tarn,Europe,France,Chateau Malromé,Drawing||Graphic Design||Illustration||Painting||Printmaking,,,,1,0
872,Emanuel Gottlieb Leutze,"German, American",Düsseldorf school of painting,1816/5/24,1868/7/18,52,19th,Gemini,Germany,Schw?bisch Gmünd,Europe,United States,"Washington, D.C.",Painting,History,,,0,0
873,Charles Angrand,French,Neo-Impressionism,1854/4/19,1926/4/1,71,19th-20th,Aries,France,Normandy,Europe,France,Rouen,Drawing||Painting,Narrative||Portrait,,,0,0
874,Anton A?be,Slovenian,Realism,1862/5/30,1905/8/5,43,19th-20th,Gemini,Slovenia,Dolen?ice,Europe,,,Painting,,,,0,0
875,Xavier Martínez,"American, Mexican",Tonalism,1869/2/7,1943/1/13,73,19th-20th,Aquarius,Mexico,Jalisco,North America,United States,California,Drawing||Painting||Printmaking,,,"école des Beaux-Arts, Paris, France",0,0
876,Giacomo Quarenghi,"Italian, Russian",Neoclassicism,1744/10/20,1817/3/2,72,,Libra,Italy,Bergamo,Europe,Russia,Saint Petersburg,Architecture||Painting,,,,0,0
877,Sophie Gengembre Anderson,"French, British",,1904/12/27,1903/3/10,-2,20th,,France,Paris,Europe,United Kingdom,Falmouth,Painting||Printmaking,Genre,Married,,1,0
878,David Roberts,British,Orientalism,1796/10/24,1864/11/25,68,,Scorpio,United Kingdom,Edinburgh,Europe,United Kingdom,London,Painting,,,,0,0
879,Joseph Urbania,"Austrian, Slovenian",Neo-baroque||Neo-classical,1877/2/16,1943/6/10,66,19th-20th,Aquarius,Slovenia,Ljubljana,Europe,Austria,Wien,Painting||Sculpture,History||Mythological||Narrative||Other||Religious,,"Akademie der Bildenden Künste Wien, Vienna, Austria",0,0
880,Sir David Wilkie,British,,1785/11/18,1841/6/1,55,,Scorpio,United Kingdom,Fife,Europe,Gibraltar,Gibraltar,Painting,Genre||History||Portrait,,,0,0
881,Paul Jacoulet,"French, Japanese",,1905/3/10,1905/5/13,0,20th,Pisces,France,Paris,Europe,Japan,,Printmaking,Figurative||Portrait,,,0,0
882,Augustus Edwin Mulready,British,Genre,1844/2/23,1904/3/15,60,19th-20th,Pisces,United Kingdom,London,Europe,United Kingdom,London,Painting,Genre,,"Royal Academy of Arts (RA), London, UK",0,0
883,Grace W. Pailthorpe,British,Surrealism,1883/7/29,1971/7/19,87,19th-20th,Leo,United Kingdom,Sussex,Europe,England,Sussex,Painting||Professional||Science,Surrealist,Married,,0,0
884,Oscar Agustín Alejandro Schulz Solari,Argentinean,Avant-garde||Futurism,1887/12/14,1963/4/9,75,19th-20th,Sagittarius,Argentina,San Fernando,South America,Argentina,Tigre,Literature||Painting||Sculpture,,,,0,0
885,Francis Hans Johnston,Canadian,Group of Seven,1888/6/19,1949/7/19,61,19th-20th,Gemini,Canada,Toronto,North America,Canada,Toronto,Painting,Landscape,,,0,0
886,Winston Leonard Spencer-Churchill,British,,1874/11/30,1965/1/24,90,19th-20th,Sagittarius,United Kingdom,Woodstock,Europe,United Kingdom,Hyde Park Gate,Literature,,,,0,0
887,Gabriel Charles Dante Rossetti,British,Aestheticism||Pre-Raphaelite Brotherhood,1828/5/12,1882/4/12,53,19th,Taurus,United Kingdom,London,Europe,United Kingdom,Birchington-on-Sea,Illustration||Literature||Painting||Translation,Cultural and Regional Themes||Literature,Married,,0,0
888,"Théophile ""Théo"" van Rysselberghe",Belgian,Neo-Impressionism,1862/11/23,1926/12/14,64,19th-20th,Sagittarius,Belgian,Ghent,Europe,France,Saint-Clair,Painting,Portrait,,,0,0
889,Norman Percevel Rockwell,American,,1894/2/3,1978/11/8,84,19th-20th,Aquarius,United States,New York,North America,United States,Massachusetts,Illustration||Literature||Painting,Cultural and Regional Themes||Narrative||Portrait,Married,"Art Students League of New York, New York City, NY, US, Parsons School of Design (Chase School, New York School of Art)||New York City||NY, US",0,1
890,Leonetto Cappiello,Italian||French,,1875/4/9,1942/2/2,66,19th-20th,Aries,Italy,Livorno,Europe,France,Cannes,Graphic Design||Painting,,,,0,1
891,Henri Julien Félix Rousseau,French,Na?ve Art||Post-Impressionism,1844/5/21,1910/9/2,66,19th-20th,Gemini,France,Laval,Europe,France,Paris,Painting,,,Self-taught,0,0
892,Maximilien Luce,French,Impressionism||Neo-impressionism||Pointillism,1858/3/13,1941/2/6,82,19th-20th,Pisces,France,,Europe,France,,Graphic Design||Illustration||Painting||Printmaking,Landscape,,,0,0
893,Robert Demachy,French,Pictorialism,1859/7/7,1936/12/29,77,19th-20th,Cancer,France,Paris,Europe,France,Normandy,Photography,,Married,,0,0
894,Victor Meirelles de Lima,Brazilian,,1832/8/18,1903/2/20,70,19th-20th,Leo,Brazil,Nossa Senhora do Desterro,South America,Brazil,Rio de Janeiro,Painting,,,Accademia di San Luca,1,1
895,George Catlin,American,,1796/7/26,1872/12/23,76,,Leo,United States,Pennsylvania,North America,United States,New Jersey,Painting||Social,Portrait,,,0,1
896,Albert Gleizes,French,Cubism,1881/12/8,1953/6/23,71,19th-20th,Sagittarius,France,Paris,Europe,France,Avignon,Painting,Landscape,,Self-taught,0,1
897,Jan Hendrik Weissenbruch,Dutch,Dutch Romanticism||Hague School,1824/6/19,1903/3/24,78,19th-20th,Gemini,Netherlands,The Hague,Europe,Netherlands,The Hague,Painting||Visual,Landscape,,Hague School,0,0
898,Felice Casorati,Italian,Metaphysical||Neoclassical,1883/12/4,1963/3/1,79,19th-20th,Sagittarius,Italy,Novara,Europe,Italy,Turin,Painting||Printmaking||Sculpture,Figurative||Portrait||Still Life,Married,,1,0
899,Aaron Douglas,American,Harlem Renaissance,1899/5/26,1979/2/3,79,19th-20th,Gemini,United States,Topeka,North America,United States,Nashville,Education||Illustration||Painting,,,,1,0
900,James Edward Hervey MacDonald,British||Canadian,Canadian national art movement||Group of Seven,1873/5/12,1932/11/26,59,19th-20th,Taurus,United Kingdom,Durham,Europe,Canada,Toronto,Environment||Painting,Landscape,Married,Central Ontario School of Art and Design,0,1
901,John Martin,British,Romantic,1789/7/19,1854/2/17,64,,Cancer,United Kingdom,Haydon Bridge,Europe,United Kingdom,Isle of Man,Illustration||Painting||Printmaking,Landscape||Religious,Married,,0,1
902,George Morland,British,,1763/6/23,1804/10/29,41,,Cancer,United Kingdom,London,Europe,United Kingdom,Brighton,Painting,Animal||Narrative,,,0,0
903,Alexis Gritchenko,Ukrainian,Cubism,1883/4/2,1977/1/28,93,19th-20th,Aries,Ukraine,Krolevets,Europe,France,Vence,Painting||Theory,,,,0,0
904,Alma Woodsey Thomas,American,Abstract Expressionism||Color Field||Expressionism||Washington Color School,1891/9/20,1978/2/24,86,19th-20th,Virgo,United States,Columbus,North America,United Kingdom,"Washington, D.C.",Education||Painting,Abstract,,,0,1
905,Richard Dadd,British,,1817/8/1,1886/1/7,68,19th,Leo,United Kingdom,Chatham,Europe,United Kingdom,Broadmoor Hospital,Painting,Cultural and Regional Themes||Fantasy||Genre,,Royal Academy of Arts||William Dadson's Academy of Art,0,1
906,Lajos Kassák,Hungarian,Avant-garde||Dadaism||Expressionism||Futurism,1887/3/21,1967/7/22,80,19th-20th,Aries,Slovakia,Ersekujvar,Europe,,,Film||Literature||Painting,Avant Garde Experimental,,,0,0
907,Paul Victor Jules Signac,French,Neo-Impressionism,1863/11/11,1935/8/15,71,19th-20th,Scorpio,France,Paris,Europe,France,Paris,Painting,Landscape,,,0,0
908,Howard Pyle,American,,1853/3/5,1911/11/9,58,19th-20th,Pisces,United States,Wilmington,North America,Italy,Florence,Illustration||Social,Fantasy||History,,"Pennsylvania Academy of the Fine Arts, Philadelphia, PA, US",1,3
909,Arshak Abrahami Fetvadjian,Armenian,,1866/10/6,1947/10/10,81,19th-20th,Libra,Ottoman Empire,Trebizond,,,,Graphic Design||Painting,Architecture||Portrait,,State Fine Arts School (Imperial Academy of Art)||San Luca Art Academy,0,1
910,Theodore Clement Steele,American,Impressionism,1847/9/11,1926/7/24,78,19th-20th,Virgo,United States,Owen County,North America,United States,Brown County,Painting,Landscape,Remarried,Waveland Collegiate Institute (Waveland Academy)||Asbury College (now DePauw University),0,0
911,Vilhelm Hammersh?i,Danes,,1864/5/15,1916/2/13,51,19th-20th,Taurus,Denmark,Copenhagen,Europe,Denmark,Copenhagen,Painting,Architecture||Landscape||Portrait,Married,Royal Danish Academy of Fine Arts.,0,1
912,Charles Courtney Curran,American,Impressionism||Naturalism||Symbolism||Tonalism,1905/2/3,1905/4/25,0,20th,Aquarius,United States,Hartford,North America,United States,,Painting,Landscape||Portrait,Married,"Art Students League of New York, New York City, NY, US||Academie Julian, Paris, France",0,1
913,Giovanni Fattori,Italian,Macchiaioli||Plein-air,1825/9/6,1908/8/30,82,19th-20th,Virgo,Italy,Livorno,Europe,Italy,Florence,Painting||Printmaking,Environmental||History||Landscape||War,,,0,0
914,Toyohara Chikanobu,Japanese,Ukiyo-e,1905/1/11,1905/3/26,0,20th,,Japan,,Asia,,,Painting||Printmaking,Cultural and Regional Themes||Illustration,,,0,0
915,"William ""Bill"" Traylor",American,Modern||Self-taught,1854/4/1,1949/10/23,95,19th-20th,Aries,United States,Benton,North America,United States,,Others,Cultural and Regional Themes||Other,Remarried,,0,0
916,émile Friant,French,Realism,1863/4/16,1932/6/9,69,19th-20th,Aries,France,,Europe,France,Paris,Painting,Landscape||Still Life,,"Ecole des Beaux-Arts, Paris, France",0,0
917,Shibata Zeshin,Japanese,,1807/3/15,1891/7/13,84,19th,Pisces,Japan,Edo (now Tokyo),Asia,,,Decorative||Painting,,,,1,0
918,Cyril Edward Power,British,,1872/12/17,1951/5/25,78,19th-20th,Sagittarius,United Kingdom,Chelsea,Europe,United Kingdom,,Architecture||Painting,,Married,,1,1
919,Nicholas Roerich,Russian,World of Art,1874/10/9,1947/12/13,73,19th-20th,Libra,Russian Federation,Saint Petersburg,Europe,India,Punjab,Literature||Painting||Science,Illustration,,"Imperial Academy of Arts, Saint Petersburg, Russia",1,0
920,Sulpice Guillaume Chevalier,French,,1804/1/13,1866/11/24,62,19th,,France,Paris,Europe,,,Graphic Design||Illustration,,,,0,0
921,Charles Edward Conder,Australian,Heidelberg School,1868/10/24,1909/2/9,40,19th-20th,Scorpio,United Kingdom,London,Europe,,,Graphic Design||Painting||Printmaking,,,,0,0
922,William Henry Hunt,British,,1790/3/28,1864/2/10,73,,Aries,United Kingdom,London,Europe,United Kingdom,London,Painting||Visual,Genre||Narrative||Still Life,,Royal Academy Schools,0,0
923,Vardges Sureniants,Armenian,,1860/2/27,1921/4/6,61,19th-20th,Pisces,Russian Empire,Georgia,Europe,Federation,Yalta,Illustration||Painting||Performance||Sculpture||Theory||Translation,Fantasy||History,,Armenian Lazarian School,0,0
924,Gustav Klimt,Austrian,Symbolism||Vienna Secession,1862/7/14,1918/2/6,55,19th-20th,Cancer,Austria,Baumgarten,Europe,Austria,Vienna,Painting,Allegorical||Landscape||Portrait,,"Universitat fur angewandte Kunst Wien (Kunstgewerbeschule), Vienna, Austria",0,0
925,Alfons Maria Mucha,Czech,Art Nouveau,1860/7/24,1939/7/14,78,19th-20th,Leo,Czech Republic,?Ivancice,Europe,Czech Republic,Prague,Decorative||Painting,,,"Academie Julian, Paris, France||Akademie der Bildenden Kunste Munchen (Munich Academy), Munich, Germany||Academie Colarossi, Paris, France||Pennsylvania Academy of the Fine Arts, Philadelphia, PA, US",0,0
926,Caspar David Friedrich,German,Romanticism,1774/9/5,1840/5/7,65,,Virgo,Germany,Greifswald,Europe,Germany,Dresden,Painting,Landscape,,"University of Greifswald, Greifswald, Germany||Royal Danish Academy of Fine Arts, Copenhagen, Denmark||Dresden Academy of Fine Arts, Dresden, Germany||Akademie der Kunste Berlin, Berlin, Germany",0,0
927,Pierre Bonnard,French,Impressionism||Post-Impressionism,1867/10/3,1947/1/23,79,19th-20th,Libra,France,Fontenay-aux-Roses,Europe,France,Le Cannet,Illustration||Painting||Printmaking,Landscape||Narrative||Still Life,,"Academie Julian, Paris, France||Ecole des Beaux-Arts, Paris, France",0,0
928,Alfred Stieglitz,American,Modern Art,1864/1/1,1946/7/13,82,19th-20th,,United States,Hoboken,North America,United States,New York City,Photography||Professional,,Married,,0,2
929,Jacques Joseph Tissot,French,Japonisme,1836/10/15,1902/8/8,65,19th-20th,Libra,France,Nantes,Europe,France,Doubs,Illustration||Painting,Genre||Other||Religious,,Ecole des Beaux-Arts,0,1
930,Oda Krohg,Norwegian,Romantic,1860/6/11,1935/10/19,75,19th-20th,Gemini,Norway,,Europe,Norway,Osls,Painting,Landscape||Portrait,Remarried,,0,0
931,Alfred William Parsons,British,,1847/12/2,1920/1/16,72,19th-20th,Sagittarius,United Kingdom,Laverton,Europe,,,Graphic Design||Illustration||Painting,Illustration||Landscape,,Kensington School of Art||Grosvenor Gallery||Royal Academy,0,1
932,Azim Aslan oglu Azimzade,Azerbaijani,Satirical graphics,1880/5/7,1943/6/14,63,19th-20th,Taurus,Azerbaijin,Baku,Asia,Azerbaijin,Baku,Graphic Design,Illustration||Narrative,,,0,1
933,Sir Jacob Epstein,American||British||Jewish,Modern Sculpture,1880/11/10,1959/8/19,78,19th-20th,Scorpio,United States,Lower East Side,North America,United Kingdom,London,Drawing||Painting||Sculpture,,,"Academie Julian, Paris, France||Ecole des Beaux-Arts, Paris, France",0,0
934,Kurt Hermann Eduard Karl Julius Schwitters,German,Constructivism||Dadaism||Surrealism,1887/6/20,1948/1/8,60,19th-20th,Gemini,Germany,Hanover,Europe,United Kingdom,Kendal,Graphic Design||Installation||Literature||Music||Painting||Sculpture,Abstract||Other,,,0,0
935,Henry Spencer Moore,British,Modernism,1898/7/30,1986/8/31,88,19th-20th,Leo,United Kingdom,Castleford,Europe,United Kingdom,Much Hadham,Drawing||Graphic Design||Sculpture,Abstract,,Castleford Grammar School,1,0
936,Hans Hofmann,American||German,Abstract Expressionism,1880/3/21,1966/2/17,85,19th-20th,Aries,Germany,Weibenburg,Europe,United States,,Painting,Abstract,,,0,0
937,Antonietta Rapha?l,Italian||Lithuanian||Jewish,Scuola Romana,1905/3/9,1975/9/5,70,20th,Pisces,Lithuania,,Europe,Italy,Rome,Painting||Sculpture,,Married,Royal Academy of Music,1,0
938,John James Audubon,French||American,,1785/4/26,1851/1/27,65,,Taurus,Haiti,Les Cayes,North America,United States,New York City,Others||Painting||Science,,,"American Academy of Arts and Sciences, Cambridge, MA, US",0,0
939,Léon Joseph Florentin Bonnat,French,Academic art,1833/6/20,1922/9/8,89,19th-20th,Gemini,France,Bayonne,Europe,France,Monchy-Saint-Eloi,Painting,Genre||Portrait||Religious,,Self-taught,1,2
940,Lorser Feitelson,American,American abstract painting||Hard Edge,1905/3/12,1905/5/31,0,20th,Pisces,United States,New York,North America,United States,Los Angeles,Painting,Abstract||Figurative,Married,,0,0
941,Saturnino Herrán Guinchard,Mexican,Catalan modernism,1887/7/9,1918/10/8,31,19th-20th,Cancer,Mexico,Aguascaliente,North America,Mexico,Mexico City,Drawing||Painting,Allegorical||Architecture||Portrait,Married,"Academia de San Carlos, Mexico City, Mexico",1,0
942,James Merritt Ives,American,,,,,,,,,,,,Printmaking,,,,0,0
943,Maurice Denis,French,Impressionism||Les Nabis||Neo-Classicism||Symbolism,1870/11/25,1943/11/1,72,19th-20th,Sagittarius,France,Granville,Europe,France,Paris,Decorative||Literature||Painting,Other||Religious||Symbolic,,"Academie Julian, Paris, France",0,0
944,Hovsep Pushman,Armenian,,1877/5/9,1966/2/13,88,19th-20th,Taurus,Turkey,Dikranagerd,Europe,United States,New York,Painting,Portrait||Still Life,Married,Istanbul's Imperial School of Fine Arts,0,1
945,Léon Cogniet,French,,1794/8/29,1880/11/20,86,,Virgo,France,Paris,Europe,France,Paris,Painting,History||Portrait,Married,"Ecole des Beaux-Arts, Paris, France",0,0
946,Utagawa Kunisada,Japanese,Ukiyo-e,1904/11/20,1865/1/12,-40,20th,Scorpio,Japan,Edo (now Tokyo),Asia,Japan,Edo (now Tokyo),Painting||Printmaking,Landscape||Portrait,,"Milan Futurist Group, Lacerba",0,0
947,Umberto Boccioni,Italian,Futurism,1882/10/19,1916/8/17,33,19th-20th,Libra,Italy,Reggio Calabri,Europe,Italy,Verona,Painting||Sculpture,,Unmarried,Accademia di Belle Arti di Roma,0,0
948,Maurice Brazil Prendergast,American,Post-Impressionism,1858/10/10,1924/2/1,65,19th-20th,Libra,Canada,"St. John's, Newfoundland and Labrador",North America,United States,New York,Painting||Printmaking,,Unmarried,Eight,0,0
949,Christoffer Wilhelm Eckersberg,,Golden Age of Danish Painting,1783/1/2,1853/7/22,70,,,Denmark,Blakrog,Europe,Denmark,Copenhagen,Painting,History||Landscape||Portrait,Widowed,Royal Danish Academy of Art,0,0
950,Oswald Achenbach,German,Düsseldorf school of painting,1786/4/16,1862/8/28,76,,Aries,Germany,,Europe,Germany,Munich,Painting,Landscape,,,0,0
951,Oswald Achenbach,German,Düsseldorf school of painting,1827/2/2,1905/2/1,77,19th-20th,Aquarius,Germany,,Europe,Germany,,Painting,Landscape,,,0,0
952,Louis Valtat,French,Fauvism,1869/8/8,1905/5/5,35,19th-20th,Leo,France,"Dieppe, Seine-Maritime",Europe,France,Paris,Painting||Printmaking,Environmental||Landscape,,,0,0
953,Anne Vallayer-Coster,French,,1744/12/21,1818/2/28,73,,Sagittarius,France,Bièvre,Europe,France,,Painting,Genre||Portrait||Still Life,,,0,0
954,Arthur Eric Rowton Gill,British,Arts and Crafts,1882/2/22,1940/11/17,58,19th-20th,Pisces,United Kingdom,Brighton,Europe,United Kingdom,Middlesex,Graphic Design||Printmaking||Sculpture,,,,0,0
955,Victor Marie Hugo,French,Romantic,1802/2/26,1885/5/22,83,19th,Pisces,France,"Besancon, Franche-Comte",Europe,France,Paris,Film||Literature,,,,0,0
956,Abanindranath Tagore,Indian,Bengal School of Art,1871/8/7,1951/12/5,80,19th-20th,Leo,India,Calcutta,Asia,India,Calcutta,Literature||Painting,Narrative,,,0,0
957,Fernand Edmond Jean Marie Khnopff,Belgian,Symbolism,1858/9/12,1921/11/12,63,19th-20th,Virgo,Belgium,Grembergen,Europe,Belgium,Brussels,Painting,,,,0,0
958,Jessie Willcox Smith,American,,1863/9/6,1935/5/3,71,19th-20th,Virgo,United States,Philadelphia,North America,United States,Philadelphia,Illustration,Illustration,,,0,0
959,Max Weber,"American, Jewish",Cubism,1881/4/18,1961/10/4,80,19th-20th,Aries,Poland,Bia?ystok,Europe,United States,New York,Painting,,,,0,0
960,Owen Jones,British,,1809/2/15,1874/4/19,65,19th,Aquarius,United Kingdom,London,Europe,United Kingdom,London,Architecture||Graphic Design||Theory,,,,0,0
961,Pierre Dubreuil,French,Modernism||Pictorialism,1905/2/14,1905/4/27,0,20th,Aquarius,France,Lilie,Europe,France,Grenoble,Photography,,,,0,0
962,Suzanne Valadon,French,,1865/9/23,1938/4/7,72,19th-20th,Libra,France,Bessines-sur-Gartempe,Europe,France,Paris,Painting,Landscape||Portrait||Still Life,,,0,0
963,Ivan Konstantinovich Aivazovsky,"Russian, Armenian",Romanticism,1817/7/29,1900/5/5,82,19th-20th,Leo,Russian Federation,,Europe,Russian Federation,,Painting,Environmental||Landscape||Portrait||War,,,0,0
964,Osman Hamdi Bey,Turkish,Orientalism,1905/1/15,1910/2/24,5,20th,,Turkey,Istanbul,,Turkey,Istanbul,Painting||Science||Sculpture,,,,0,0
965,Medardo Rosso,Italian,Post-Impressionism,1858/6/21,1928/3/31,69,19th-20th,Cancer,Italy,Turin,Europe,Italy,Milan,Photography||Sculpture,Other,,,0,0
966,Charles Rennie Mackintosh,British,Art Nouveau||Glasgow Style||Secessionism,1868/6/7,1928/12/10,60,19th-20th,Gemini,United Kingdom,Glasgow,Europe,United Kingdom,London,Architecture||Graphic Design||Visual,,,,0,0
967,Georges Braque,French,Cubism||Fauvism,1882/5/13,1963/8/31,81,19th-20th,Taurus,,,Europe,,,Collage||Drawing||Painting||Printmaking||Sculpture,Abstract,,,0,0
968,"Elizabeth Southerden Thompson, Lady Butler",British,,1846/11/3,1933/10/2,86,19th-20th,Scorpio,Switzerland,Lausanne,Europe,Ireland,"Gormanston Castle, County Meath",Painting,History||War,,,0,0
969,Max Ernst,German,Dada||Surrealism,1891/4/2,1976/4/1,84,19th-20th,Aries,Germany,Bruhl,Europe,France,Paris,Graphic Design||Literature||Painting||Sculpture,,,,0,0
970,Mildred Anne Butler,Irish,Newlyn School,1858/1/11,1941/10/11,83,19th-20th,,Ireland,Thomastown,Europe,Ireland,Thomastown,Painting,Animal||Genre||Landscape,,,0,0
971,Charles Henry Buckius Demuth,American,Precisionism,1883/11/8,1935/10/23,51,19th-20th,Scorpio,,,,,,Painting,Abstract||Nature and Botanical,,,0,0
972,Raja Ravi Varma,Indian,,1848/4/29,1906/10/2,58,19th-20th,Taurus,India,"Kilimanoor, Trivandrum, Travancore",Asia,India,"Kilimanoor, Trivandrum, Travancore",Others||Painting,,,,0,0
973,Mario Sironi,Italian,Divisionism||Futurism||Modernism||Novecento Italiano,1885/5/12,1961/8/13,76,19th-20th,Taurus,Italy,"Sassari, Sardinia",Europe,Italy,Milan,Graphic Design||Illustration||Painting||Sculpture,Portrait,,,0,0
974,William Morris,British,Arts and Crafts Movement,1834/3/24,1896/10/3,62,19th,Aries,United Kingdom,Walthamstow,Europe,United Kingdom,London,Literature||Social||Textile Art||Translation,Fantasy,,,0,0
975,Natalia Sergeevna Goncharova,Russian,Avant-garde||Futurism||Primitivism||Rayonism,1881/6/16,1962/10/17,81,19th-20th,Gemini,Russian Federation,Tula,Europe,France,Paris,Graphic Design||Illustration||Literature||Painting||Sculpture,Avant Garde Experimental||Cultural and Regional Themes||Other,,,0,0
976,Charles Méryon,French,,1821/11/23,1868/2/13,46,19th,Sagittarius,France,Paris,Europe,France,Charenton,Printmaking,Landscape,,,0,0
977,Sir John Everett Millais,British,Pre-Raphaelite Brotherhood,1829/6/8,1896/8/13,67,19th,Gemini,United Kingdom,Southampton,Europe,United Kingdom,London,Illustration||Painting,,,"Royal Academy of Arts (RA), London, UK",0,0
978,Benjamin Lauder Nicholson,British,Abstract Art||Constructivism||Cubism||Neoplasticism||Synthetic Cubism,1894/4/10,1982/2/6,87,19th-20th,Aries,United Kingdom,Buckinghamshire,Europe,United Kingdom,London,Painting,Abstract||Landscape||Still Life,,,0,0
979,Winslow Homer,American,Realism,1836/2/24,1910/9/29,74,19th-20th,Pisces,United States,Boston,North America,United States,Prouts Neck,Painting||Printmaking,Environmental||Landscape,,"National Academy Museum and School (National Academy of Design), New York City, NY, US, Art Students League of New York, New York City, NY, US",0,0
980,Oscar-Claude Monet,French,Impressionism,1840/11/14,1926/12/5,86,19th-20th,Scorpio,France,Paris,Europe,France,Giverny,Painting,Landscape,,,0,0
981,Gerda Marie Fredrikke Wegener,Danish,Art Deco||Art Nouveau,1886/3/15,1940/7/28,54,19th-20th,Pisces,Denmark,Hammelev,Europe,Denmark,,Illustration||Painting,Erotic||Other||Portrait,,,0,0
982,"Pavle ""Paja"" Jovanovi?",Serbian,Realism,1859/6/16,1957/11/30,98,19th-20th,Gemini,Serbia,Vrsac,Europe,Serbia,Wien,Painting,Cultural and Regional Themes||Genre||History||Portrait,,,0,0
983,Taras Hryhorovych Shevchenko,Ukrainian,,1814/3/9,1861/3/10,47,19th,Pisces,Ukraine,Moryntsi,Europe,Russian Federation,Saint Petersburg,Illustration||Literature||Painting,,,"Imperial Academy of Arts, Saint Petersburg, Russia",0,0
984,Lucio Fontana,"Italian, Argentinean",Abstraction-Création||Expressionism||Spatialism,1899/2/19,1968/9/7,69,19th-20th,Pisces,Argentina,Santa Fe,South America,Italy,Comabbio,Painting||Sculpture,Abstract,,"Accademia di Belle Arti di Brera (Brera Academy), Milan, Italy",0,0
985,Maurice de Vlaminck,French,Fauvism,1876/4/4,1958/10/11,82,19th-20th,Aries,,,,,,Painting,,,Self-taught,0,0
986,Joseph Stella,"Italian, American",American Precisionism||Futurism,1877/6/13,1946/11/5,69,19th-20th,Gemini,Italy,Muro Lucano,Europe,United States,New York,Painting,Other,,,0,0
987,Nade?da Petrovi?,Serbian,Fauvism||Impressionism,1873/10/11,1915/4/3,41,19th-20th,Libra,Serbia,Cacak,Europe,Serbia,Valjevo,Painting||Photography,,,,0,0
988,Max Beckmann,German,New Objectivity,1884/2/12,1950/12/28,66,19th-20th,Aquarius,Germany,Leipzig,Europe,United States,New York,Drawing||Literature||Painting||Printmaking||Sculpture,Portrait,,"Stadelschule (Academy of Fine Art), Frankfurt, Germany",0,0
989,Eugène Burnand,Swiss,Realism,1850/8/30,1921/2/4,70,19th-20th,Virgo,Switzerland,Moudon,Europe,France,Paris,Illustration||Painting,Animal||Environmental||Portrait,,,0,0
990,Sir Arthur Ernest Streeton,Australian,Australian Impressionism,1867/4/8,1943/9/1,76,19th-20th,Aries,Australia,Mount Duneed,Oceania,Australia,Olinda,Painting,Landscape,,"National Gallery of Victoria Art School, Melbourne, Victoria, Australia",0,0
991,Alexander Young Jackson,Canadian,Impressionism||Neo-Impressionism,1882/10/3,1974/4/5,91,19th-20th,Libra,Canada,Montreal,North America,Canada,Klienburg,Painting,Landscape,,,0,0
992,Pedro Figari,Uruguayan,Modernism,1861/6/29,1938/7/24,77,19th-20th,Cancer,Uruguay,Montevideo,South America,Uruguay,Montevideo,Painting,Figurative,,,0,0
993,Marie Bashkirtseff,"Ukrainian, Russian, French",Naturalism||Realism,1858/11/24,1884/10/31,25,19th,Sagittarius,Ukraine,Poltava,Europe,France,Paris,Painting||Sculpture,Portrait,,"Académie Julian, Paris, France",0,0
994,Sir Henry Raeburn,British,,1756/3/4,1823/7/8,67,,Pisces,United Kingdom,Edinburgh,Europe,United Kingdom,Edinburgh,Painting,Portrait,,"Royal Academy of Arts (RA), London, UK",0,0
995,Eugène Atget,French,Surrealism,1857/2/12,1927/8/4,70,19th-20th,Aquarius,France,Libourne,Europe,France,Paris,Photography,Narrative,,,0,0
996,Gabriele Münter,German,Expressionism,1877/2/19,1962/5/19,85,19th-20th,Pisces,Germany,Berlin,Europe,Germany,Murnau am Staffelsee,Painting||Printmaking||Sculpture,Landscape,,,0,0
997,Ben Shahn,"American, Lithuanian, Jewish",Social Realism,1898/9/12,1969/3/14,70,19th-20th,Virgo,Lithuania,Kaunas,Europe,United States,New York,Graphic Design||Painting||Photography,Social Realism,,"Black Mountain College, Black Mountain, NC, US, Art Students League of New York, New York City, NY, US",0,0
998,John Singleton Copley,American,,1738/7/3,1815/9/9,77,,Cancer,United States,Boston,North America,United Kingdom,London,Painting,Portrait,,"Royal Academy of Arts (RA), London, UK",0,0
999,Claude Cahun,"French, Jewish",Surrealism,1894/10/25,1954/12/8,60,19th-20th,Scorpio,France,Nantes,Europe,,,Literature||Performance||Photography||Sculpture,Portrait,,,0,0
1000,Anne Wardrope (Nott) Brigman,American,Photo-Secession,1869/12/3,1950/2/8,80,19th-20th,Sagittarius,United States,Honolulu,Europe,United States,El Monte,Photography,,,,0,0